ISO-10303-21;
HEADER;
FILE_DESCRIPTION((''),'2; 1');
FILE_NAME('','2026-09-16T20:35:42',(''),(''),'CST STEP Exporter V1.0','Unknown','');
FILE_SCHEMA(('CONFIG_CONTROL_DESIGN'));
ENDSEC;
DATA;
#1=APPLICATION_CONTEXT('core data for automotive mechanical design processes');
#2=APPLICATION_PROTOCOL_DEFINITION('international standard','automotive_design',2000,#1);
#3=ADVANCED_BREP_SHAPE_REPRESENTATION('',(#18188),#14);
#4=PRODUCT_RELATED_PRODUCT_CATEGORY('','part',(#6));
#5=PRODUCT_CONTEXT('',#1,'mechanical');
#6=PRODUCT('','','',(#5));
#7=PRODUCT_DEFINITION_FORMATION('','',#6);
#8=PRODUCT_DEFINITION_CONTEXT('part definition',#1,'design');
#9=PRODUCT_DEFINITION('design','',#7,#8);
#10=PRODUCT_DEFINITION_SHAPE('','',#9);
#11=(LENGTH_UNIT()
  NAMED_UNIT(*)
  SI_UNIT($,.METRE.));
#12=UNCERTAINTY_MEASURE_WITH_UNIT(LENGTH_MEASURE(1.E-7),#11,'','maximum tolerance');
#13=(NAMED_UNIT(*)
  PLANE_ANGLE_UNIT()
  SI_UNIT($,.RADIAN.));
#14=(GEOMETRIC_REPRESENTATION_CONTEXT(3)
  GLOBAL_UNCERTAINTY_ASSIGNED_CONTEXT((#12))
  GLOBAL_UNIT_ASSIGNED_CONTEXT((#11,#13))
  REPRESENTATION_CONTEXT('',''));
#15=CARTESIAN_POINT('',(-0.0635,0.0008,0.0402480484547512));
#16=DIRECTION('',(0.,1.,0.));
#17=DIRECTION('',(0.,0.,1.));
#18=AXIS2_PLACEMENT_3D('',#15,#16,#17);
#19=PLANE('',#18);
#20=CARTESIAN_POINT('',(-0.0643021174217683,0.0008,-0.0391998266896455));
#21=DIRECTION('',(0.,1.,0.));
#22=DIRECTION('',(0.,0.,1.));
#23=AXIS2_PLACEMENT_3D('',#20,#21,#22);
#24=CIRCLE('',#23,0.0130369265471719);
#25=CARTESIAN_POINT('',(-0.0643021174217683,0.0008,-0.0261629001424736));
#26=VERTEX_POINT('',#25);
#27=CARTESIAN_POINT('',(-0.0550836182544321,0.0008,-0.0299813275223093));
#28=VERTEX_POINT('',#27);
#29=EDGE_CURVE('',#26,#28,#24,.T.);
#30=ORIENTED_EDGE('',*,*,#29,.F.);
#31=CARTESIAN_POINT('',(0.,0.0008,-0.0261629001424736));
#32=DIRECTION('',(1.,0.,0.));
#33=VECTOR('',#32,1.);
#34=LINE('',#31,#33);
#35=CARTESIAN_POINT('',(-0.0852129942314911,0.0008,-0.0261629001424736));
#36=VERTEX_POINT('',#35);
#37=EDGE_CURVE('',#36,#26,#34,.T.);
#38=ORIENTED_EDGE('',*,*,#37,.F.);
#39=CARTESIAN_POINT('',(-0.0556879471869824,0.0008,-0.0556879471869823));
#40=DIRECTION('',(0.707106781186547,0.,-0.707106781186548));
#41=VECTOR('',#40,1.);
#42=LINE('',#39,#41);
#43=CARTESIAN_POINT('',(-0.0891,0.0008,-0.0222758943739647));
#44=VERTEX_POINT('',#43);
#45=EDGE_CURVE('',#44,#36,#42,.T.);
#46=ORIENTED_EDGE('',*,*,#45,.F.);
#47=CARTESIAN_POINT('',(-0.0891,0.0008,0.));
#48=DIRECTION('',(0.,0.,-1.));
#49=VECTOR('',#48,1.);
#50=LINE('',#47,#49);
#51=CARTESIAN_POINT('',(-0.0891,0.0008,0.0231500940890175));
#52=VERTEX_POINT('',#51);
#53=EDGE_CURVE('',#52,#44,#50,.T.);
#54=ORIENTED_EDGE('',*,*,#53,.F.);
#55=CARTESIAN_POINT('',(-0.0561250470445088,0.0008,0.0561250470445088));
#56=DIRECTION('',(-0.707106781186547,0.,-0.707106781186548));
#57=VECTOR('',#56,1.);
#58=LINE('',#55,#57);
#59=CARTESIAN_POINT('',(-0.0852129942314911,0.0008,0.0270370998575264));
#60=VERTEX_POINT('',#59);
#61=EDGE_CURVE('',#60,#52,#58,.T.);
#62=ORIENTED_EDGE('',*,*,#61,.F.);
#63=CARTESIAN_POINT('',(4.32016803810106E-18,0.0008,0.0270370998575264));
#64=DIRECTION('',(1.,0.,-1.59786665761729E-16));
#65=VECTOR('',#64,1.);
#66=LINE('',#63,#65);
#67=CARTESIAN_POINT('',(-0.0635,0.0008,0.0270370998575264));
#68=VERTEX_POINT('',#67);
#69=EDGE_CURVE('',#60,#68,#66,.T.);
#70=ORIENTED_EDGE('',*,*,#69,.T.);
#71=CARTESIAN_POINT('',(-0.0635,0.0008,0.0402480484547512));
#72=DIRECTION('',(0.,1.,0.));
#73=DIRECTION('',(0.,0.,1.));
#74=AXIS2_PLACEMENT_3D('',#71,#72,#73);
#75=CIRCLE('',#74,0.0132109485972248);
#76=CARTESIAN_POINT('',(-0.0541584486609954,0.0008,0.0309064971157467));
#77=VERTEX_POINT('',#76);
#78=EDGE_CURVE('',#77,#68,#75,.T.);
#79=ORIENTED_EDGE('',*,*,#78,.F.);
#80=CARTESIAN_POINT('',(-0.0425324728883711,0.0008,0.0425324728883711));
#81=DIRECTION('',(-0.707106781186548,0.,-0.707106781186548));
#82=VECTOR('',#81,1.);
#83=LINE('',#80,#82);
#84=CARTESIAN_POINT('',(-0.0311332279552794,0.0008,0.0539317178214627));
#85=VERTEX_POINT('',#84);
#86=EDGE_CURVE('',#85,#77,#83,.T.);
#87=ORIENTED_EDGE('',*,*,#86,.F.);
#88=CARTESIAN_POINT('',(-0.0270727750166819,0.0008,0.0558982849352794));
#89=DIRECTION('',(-0.899999999999991,0.,-0.435889894354085));
#90=VECTOR('',#89,1.);
#91=LINE('',#88,#90);
#92=CARTESIAN_POINT('',(-0.0273141101056459,0.0008,0.0557814010170211));
#93=VERTEX_POINT('',#92);
#94=EDGE_CURVE('',#93,#85,#91,.T.);
#95=ORIENTED_EDGE('',*,*,#94,.F.);
#96=CARTESIAN_POINT('',(0.,0.0008,0.0557814010170211));
#97=DIRECTION('',(1.,0.,0.));
#98=VECTOR('',#97,1.);
#99=LINE('',#96,#98);
#100=CARTESIAN_POINT('',(0.0273141101056459,0.0008,0.0557814010170211));
#101=VERTEX_POINT('',#100);
#102=EDGE_CURVE('',#93,#101,#99,.T.);
#103=ORIENTED_EDGE('',*,*,#102,.T.);
#104=CARTESIAN_POINT('',(0.0270727750166811,0.0008,0.0558982849352798));
#105=DIRECTION('',(0.899999999999998,0.,-0.435889894354072));
#106=VECTOR('',#105,1.);
#107=LINE('',#104,#106);
#108=CARTESIAN_POINT('',(0.0311332279552788,0.0008,0.0539317178214631));
#109=VERTEX_POINT('',#108);
#110=EDGE_CURVE('',#101,#109,#107,.T.);
#111=ORIENTED_EDGE('',*,*,#110,.T.);
#112=CARTESIAN_POINT('',(0.0425324728883707,0.0008,0.0425324728883713));
#113=DIRECTION('',(0.707106781186553,0.,-0.707106781186542));
#114=VECTOR('',#113,1.);
#115=LINE('',#112,#114);
#116=CARTESIAN_POINT('',(0.0541584486609943,0.0008,0.0309064971157479));
#117=VERTEX_POINT('',#116);
#118=EDGE_CURVE('',#109,#117,#115,.T.);
#119=ORIENTED_EDGE('',*,*,#118,.T.);
#120=CARTESIAN_POINT('',(0.0635000000000013,0.0008,0.0402480484547549));
#121=DIRECTION('',(0.,1.,0.));
#122=DIRECTION('',(0.,0.,1.));
#123=AXIS2_PLACEMENT_3D('',#120,#121,#122);
#124=CIRCLE('',#123,0.0132109485972282);
#125=CARTESIAN_POINT('',(0.0635000000000013,0.0008,0.0270370998575267));
#126=VERTEX_POINT('',#125);
#127=EDGE_CURVE('',#126,#117,#124,.T.);
#128=ORIENTED_EDGE('',*,*,#127,.F.);
#129=CARTESIAN_POINT('',(0.,0.0008,0.0270370998575267));
#130=DIRECTION('',(1.,0.,0.));
#131=VECTOR('',#130,1.);
#132=LINE('',#129,#131);
#133=CARTESIAN_POINT('',(0.0852129942314921,0.0008,0.0270370998575267));
#134=VERTEX_POINT('',#133);
#135=EDGE_CURVE('',#126,#134,#132,.T.);
#136=ORIENTED_EDGE('',*,*,#135,.T.);
#137=CARTESIAN_POINT('',(0.0561250470445094,0.0008,0.0561250470445094));
#138=DIRECTION('',(0.707106781186547,0.,-0.707106781186548));
#139=VECTOR('',#138,1.);
#140=LINE('',#137,#139);
#141=CARTESIAN_POINT('',(0.0890999999999998,0.0008,0.023150094089019));
#142=VERTEX_POINT('',#141);
#143=EDGE_CURVE('',#134,#142,#140,.T.);
#144=ORIENTED_EDGE('',*,*,#143,.T.);
#145=CARTESIAN_POINT('',(0.0890999999999998,0.0008,0.));
#146=DIRECTION('',(0.,0.,1.));
#147=VECTOR('',#146,1.);
#148=LINE('',#145,#147);
#149=CARTESIAN_POINT('',(0.0890999999999998,0.0008,-0.0222758943739647));
#150=VERTEX_POINT('',#149);
#151=EDGE_CURVE('',#150,#142,#148,.T.);
#152=ORIENTED_EDGE('',*,*,#151,.F.);
#153=CARTESIAN_POINT('',(0.0556879471869824,0.0008,-0.0556879471869822));
#154=DIRECTION('',(0.707106781186547,0.,0.707106781186548));
#155=VECTOR('',#154,1.);
#156=LINE('',#153,#155);
#157=CARTESIAN_POINT('',(0.0852129942314911,0.0008,-0.0261629001424734));
#158=VERTEX_POINT('',#157);
#159=EDGE_CURVE('',#158,#150,#156,.T.);
#160=ORIENTED_EDGE('',*,*,#159,.F.);
#161=CARTESIAN_POINT('',(0.,0.0008,-0.0261629001424734));
#162=DIRECTION('',(1.,0.,0.));
#163=VECTOR('',#162,1.);
#164=LINE('',#161,#163);
#165=CARTESIAN_POINT('',(0.064302117421768,0.0008,-0.0261629001424734));
#166=VERTEX_POINT('',#165);
#167=EDGE_CURVE('',#166,#158,#164,.T.);
#168=ORIENTED_EDGE('',*,*,#167,.F.);
#169=CARTESIAN_POINT('',(0.064302117421768,0.0008,-0.0391998266896455));
#170=DIRECTION('',(0.,1.,0.));
#171=DIRECTION('',(0.,0.,1.));
#172=AXIS2_PLACEMENT_3D('',#169,#170,#171);
#173=CIRCLE('',#172,0.0130369265471721);
#174=CARTESIAN_POINT('',(0.0550836182544317,0.0008,-0.0299813275223092));
#175=VERTEX_POINT('',#174);
#176=EDGE_CURVE('',#175,#166,#173,.T.);
#177=ORIENTED_EDGE('',*,*,#176,.F.);
#178=CARTESIAN_POINT('',(0.0425324728883705,0.0008,-0.0425324728883705));
#179=DIRECTION('',(-0.707106781186548,0.,-0.707106781186547));
#180=VECTOR('',#179,1.);
#181=LINE('',#178,#180);
#182=CARTESIAN_POINT('',(0.0352846283812084,0.0008,-0.0497803173955325));
#183=VERTEX_POINT('',#182);
#184=EDGE_CURVE('',#175,#183,#181,.T.);
#185=ORIENTED_EDGE('',*,*,#184,.T.);
#186=CARTESIAN_POINT('',(0.0144299718171981,0.0008,-0.0289256608315222));
#187=DIRECTION('',(0.,1.,0.));
#188=DIRECTION('',(0.,0.,1.));
#189=AXIS2_PLACEMENT_3D('',#186,#187,#188);
#190=CIRCLE('',#189,0.0294929381514566);
#191=CARTESIAN_POINT('',(0.0144299718171981,0.0008,-0.0584185989829789));
#192=VERTEX_POINT('',#191);
#193=EDGE_CURVE('',#183,#192,#190,.T.);
#194=ORIENTED_EDGE('',*,*,#193,.T.);
#195=CARTESIAN_POINT('',(0.,0.0008,-0.0584185989829789));
#196=DIRECTION('',(1.,0.,0.));
#197=VECTOR('',#196,1.);
#198=LINE('',#195,#197);
#199=CARTESIAN_POINT('',(-0.0144299718171983,0.0008,-0.0584185989829789));
#200=VERTEX_POINT('',#199);
#201=EDGE_CURVE('',#200,#192,#198,.T.);
#202=ORIENTED_EDGE('',*,*,#201,.F.);
#203=CARTESIAN_POINT('',(-0.0144299718171983,0.0008,-0.0289256608315223));
#204=DIRECTION('',(0.,1.,0.));
#205=DIRECTION('',(0.,0.,1.));
#206=AXIS2_PLACEMENT_3D('',#203,#204,#205);
#207=CIRCLE('',#206,0.0294929381514566);
#208=CARTESIAN_POINT('',(-0.0352846283812094,0.0008,-0.049780317395532));
#209=VERTEX_POINT('',#208);
#210=EDGE_CURVE('',#200,#209,#207,.T.);
#211=ORIENTED_EDGE('',*,*,#210,.T.);
#212=CARTESIAN_POINT('',(-0.0425324728883707,0.0008,-0.0425324728883707));
#213=DIRECTION('',(0.707106781186547,0.,-0.707106781186548));
#214=VECTOR('',#213,1.);
#215=LINE('',#212,#214);
#216=EDGE_CURVE('',#28,#209,#215,.T.);
#217=ORIENTED_EDGE('',*,*,#216,.F.);
#218=EDGE_LOOP('',(#30,#38,#46,#54,#62,#70,#79,#87,#95,#103,#111,#119,#128,#136,#144,#152,#160,#168,#177,#185,#194,#202,#211,#217));
#219=FACE_BOUND('',#218,.T.);
#220=CARTESIAN_POINT('',(0.0277892965006302,0.0008,0.0348603643124979));
#221=DIRECTION('',(0.707106781186552,0.,0.707106781186543));
#222=VECTOR('',#221,1.);
#223=LINE('',#220,#222);
#224=CARTESIAN_POINT('',(0.0277892965006302,0.0008,0.0348603643124979));
#225=VERTEX_POINT('',#224);
#226=CARTESIAN_POINT('',(0.035213917703089,0.0008,0.0422849855149566));
#227=VERTEX_POINT('',#226);
#228=EDGE_CURVE('',#225,#227,#223,.T.);
#229=ORIENTED_EDGE('',*,*,#228,.F.);
#230=CARTESIAN_POINT('',(0.0290267333677067,0.0008,0.0336229274454215));
#231=DIRECTION('',(0.,1.,0.));
#232=DIRECTION('',(0.,0.,1.));
#233=AXIS2_PLACEMENT_3D('',#230,#231,#232);
#234=CIRCLE('',#233,0.00174999999999998);
#235=CARTESIAN_POINT('',(0.0277892965006308,0.0008,0.0323854905783445));
#236=VERTEX_POINT('',#235);
#237=EDGE_CURVE('',#236,#225,#234,.T.);
#238=ORIENTED_EDGE('',*,*,#237,.F.);
#239=CARTESIAN_POINT('',(0.0277892965006308,0.0008,0.0323854905783445));
#240=DIRECTION('',(-0.707106781186534,0.,0.707106781186561));
#241=VECTOR('',#240,1.);
#242=LINE('',#239,#241);
#243=CARTESIAN_POINT('',(0.032385490578344,0.0008,0.0277892965006311));
#244=VERTEX_POINT('',#243);
#245=EDGE_CURVE('',#244,#236,#242,.T.);
#246=ORIENTED_EDGE('',*,*,#245,.F.);
#247=CARTESIAN_POINT('',(0.0336229274454192,0.0008,0.0290267333677089));
#248=DIRECTION('',(0.,1.,0.));
#249=DIRECTION('',(0.,0.,1.));
#250=AXIS2_PLACEMENT_3D('',#247,#248,#249);
#251=CIRCLE('',#250,0.00175000000000001);
#252=CARTESIAN_POINT('',(0.0348603643124957,0.0008,0.0277892965006324));
#253=VERTEX_POINT('',#252);
#254=EDGE_CURVE('',#253,#244,#251,.T.);
#255=ORIENTED_EDGE('',*,*,#254,.F.);
#256=CARTESIAN_POINT('',(0.0348603643124957,0.0008,0.0277892965006324));
#257=DIRECTION('',(-0.707106781186552,0.,-0.707106781186543));
#258=VECTOR('',#257,1.);
#259=LINE('',#256,#258);
#260=CARTESIAN_POINT('',(0.0422849855149544,0.0008,0.0352139177030911));
#261=VERTEX_POINT('',#260);
#262=EDGE_CURVE('',#261,#253,#259,.T.);
#263=ORIENTED_EDGE('',*,*,#262,.F.);
#264=CARTESIAN_POINT('',(0.041047548647878,0.0008,0.0364513545701675));
#265=DIRECTION('',(0.,1.,0.));
#266=DIRECTION('',(0.,0.,1.));
#267=AXIS2_PLACEMENT_3D('',#264,#265,#266);
#268=CIRCLE('',#267,0.00175000000000001);
#269=CARTESIAN_POINT('',(0.0422849855149544,0.0008,0.037688791437244));
#270=VERTEX_POINT('',#269);
#271=EDGE_CURVE('',#270,#261,#268,.T.);
#272=ORIENTED_EDGE('',*,*,#271,.F.);
#273=CARTESIAN_POINT('',(0.0376887914372419,0.0008,0.0422849855149566));
#274=DIRECTION('',(0.707106781186542,0.,-0.707106781186553));
#275=VECTOR('',#274,1.);
#276=LINE('',#273,#275);
#277=CARTESIAN_POINT('',(0.0376887914372419,0.0008,0.0422849855149566));
#278=VERTEX_POINT('',#277);
#279=EDGE_CURVE('',#278,#270,#276,.T.);
#280=ORIENTED_EDGE('',*,*,#279,.F.);
#281=CARTESIAN_POINT('',(0.0364513545701654,0.0008,0.0410475486478802));
#282=DIRECTION('',(0.,1.,0.));
#283=DIRECTION('',(0.,0.,1.));
#284=AXIS2_PLACEMENT_3D('',#281,#282,#283);
#285=CIRCLE('',#284,0.00175000000000001);
#286=EDGE_CURVE('',#227,#278,#285,.T.);
#287=ORIENTED_EDGE('',*,*,#286,.F.);
#288=EDGE_LOOP('',(#229,#238,#246,#255,#263,#272,#280,#287));
#289=FACE_BOUND('',#288,.T.);
#290=CARTESIAN_POINT('',(-0.0422849855149545,0.0008,0.0376887914372427));
#291=DIRECTION('',(0.707106781186552,0.,0.707106781186543));
#292=VECTOR('',#291,1.);
#293=LINE('',#290,#292);
#294=CARTESIAN_POINT('',(-0.0422849855149545,0.0008,0.0376887914372427));
#295=VERTEX_POINT('',#294);
#296=CARTESIAN_POINT('',(-0.0376887914372418,0.0008,0.0422849855149553));
#297=VERTEX_POINT('',#296);
#298=EDGE_CURVE('',#295,#297,#293,.T.);
#299=ORIENTED_EDGE('',*,*,#298,.F.);
#300=CARTESIAN_POINT('',(-0.0410475486478781,0.0008,0.0364513545701662));
#301=DIRECTION('',(0.,1.,0.));
#302=DIRECTION('',(0.,0.,1.));
#303=AXIS2_PLACEMENT_3D('',#300,#301,#302);
#304=CIRCLE('',#303,0.0017499999999999);
#305=CARTESIAN_POINT('',(-0.0422849855149559,0.0008,0.0352139177030912));
#306=VERTEX_POINT('',#305);
#307=EDGE_CURVE('',#306,#295,#304,.T.);
#308=ORIENTED_EDGE('',*,*,#307,.F.);
#309=CARTESIAN_POINT('',(-0.0422849855149559,0.0008,0.0352139177030912));
#310=DIRECTION('',(-0.707106781186542,0.,0.707106781186553));
#311=VECTOR('',#310,1.);
#312=LINE('',#309,#311);
#313=CARTESIAN_POINT('',(-0.0348603643124972,0.0008,0.0277892965006324));
#314=VERTEX_POINT('',#313);
#315=EDGE_CURVE('',#314,#306,#312,.T.);
#316=ORIENTED_EDGE('',*,*,#315,.F.);
#317=CARTESIAN_POINT('',(-0.0336229274454195,0.0008,0.0290267333677074));
#318=DIRECTION('',(0.,1.,0.));
#319=DIRECTION('',(0.,0.,1.));
#320=AXIS2_PLACEMENT_3D('',#317,#318,#319);
#321=CIRCLE('',#320,0.00174999999999986);
#322=CARTESIAN_POINT('',(-0.032385490578343,0.0008,0.0277892965006311));
#323=VERTEX_POINT('',#322);
#324=EDGE_CURVE('',#323,#314,#321,.T.);
#325=ORIENTED_EDGE('',*,*,#324,.F.);
#326=CARTESIAN_POINT('',(-0.032385490578343,0.0008,0.0277892965006311));
#327=DIRECTION('',(-0.707106781186552,0.,-0.707106781186543));
#328=VECTOR('',#327,1.);
#329=LINE('',#326,#328);
#330=CARTESIAN_POINT('',(-0.0277892965006303,0.0008,0.0323854905783437));
#331=VERTEX_POINT('',#330);
#332=EDGE_CURVE('',#331,#323,#329,.T.);
#333=ORIENTED_EDGE('',*,*,#332,.F.);
#334=CARTESIAN_POINT('',(-0.0290267333677066,0.0008,0.0336229274454202));
#335=DIRECTION('',(0.,1.,0.));
#336=DIRECTION('',(0.,0.,1.));
#337=AXIS2_PLACEMENT_3D('',#334,#335,#336);
#338=CIRCLE('',#337,0.00174999999999986);
#339=CARTESIAN_POINT('',(-0.0277892965006316,0.0008,0.0348603643124979));
#340=VERTEX_POINT('',#339);
#341=EDGE_CURVE('',#340,#331,#338,.T.);
#342=ORIENTED_EDGE('',*,*,#341,.F.);
#343=CARTESIAN_POINT('',(-0.0352139177030903,0.0008,0.0422849855149566));
#344=DIRECTION('',(0.707106781186542,0.,-0.707106781186553));
#345=VECTOR('',#344,1.);
#346=LINE('',#343,#345);
#347=CARTESIAN_POINT('',(-0.0352139177030903,0.0008,0.0422849855149566));
#348=VERTEX_POINT('',#347);
#349=EDGE_CURVE('',#348,#340,#346,.T.);
#350=ORIENTED_EDGE('',*,*,#349,.F.);
#351=CARTESIAN_POINT('',(-0.0364513545701653,0.0008,0.0410475486478789));
#352=DIRECTION('',(0.,1.,0.));
#353=DIRECTION('',(0.,0.,1.));
#354=AXIS2_PLACEMENT_3D('',#351,#352,#353);
#355=CIRCLE('',#354,0.00174999999999991);
#356=EDGE_CURVE('',#297,#348,#355,.T.);
#357=ORIENTED_EDGE('',*,*,#356,.F.);
#358=EDGE_LOOP('',(#299,#308,#316,#325,#333,#342,#350,#357));
#359=FACE_BOUND('',#358,.T.);
#360=CARTESIAN_POINT('',(-0.0422849855149545,0.0008,-0.0352139177030883));
#361=DIRECTION('',(0.707106781186553,0.,0.707106781186542));
#362=VECTOR('',#361,1.);
#363=LINE('',#360,#362);
#364=CARTESIAN_POINT('',(-0.0422849855149545,0.0008,-0.0352139177030883));
#365=VERTEX_POINT('',#364);
#366=CARTESIAN_POINT('',(-0.0348603643124963,0.0008,-0.0277892965006293));
#367=VERTEX_POINT('',#366);
#368=EDGE_CURVE('',#365,#367,#363,.T.);
#369=ORIENTED_EDGE('',*,*,#368,.F.);
#370=CARTESIAN_POINT('',(-0.0410475486478777,0.0008,-0.0364513545701651));
#371=DIRECTION('',(0.,1.,0.));
#372=DIRECTION('',(0.,0.,1.));
#373=AXIS2_PLACEMENT_3D('',#370,#371,#372);
#374=CIRCLE('',#373,0.00175000000000015);
#375=CARTESIAN_POINT('',(-0.0422849855149553,0.0008,-0.0376887914372402));
#376=VERTEX_POINT('',#375);
#377=EDGE_CURVE('',#376,#365,#374,.T.);
#378=ORIENTED_EDGE('',*,*,#377,.F.);
#379=CARTESIAN_POINT('',(-0.0422849855149553,0.0008,-0.0376887914372402));
#380=DIRECTION('',(-0.707106781186543,0.,0.707106781186552));
#381=VECTOR('',#380,1.);
#382=LINE('',#379,#381);
#383=CARTESIAN_POINT('',(-0.0376887914372427,0.0008,-0.0422849855149529));
#384=VERTEX_POINT('',#383);
#385=EDGE_CURVE('',#384,#376,#382,.T.);
#386=ORIENTED_EDGE('',*,*,#385,.F.);
#387=CARTESIAN_POINT('',(-0.0364513545701662,0.0008,-0.0410475486478767));
#388=DIRECTION('',(0.,1.,0.));
#389=DIRECTION('',(0.,0.,1.));
#390=AXIS2_PLACEMENT_3D('',#387,#388,#389);
#391=CIRCLE('',#390,0.00175000000000053);
#392=CARTESIAN_POINT('',(-0.0352139177030894,0.0008,-0.0422849855149536));
#393=VERTEX_POINT('',#392);
#394=EDGE_CURVE('',#393,#384,#391,.T.);
#395=ORIENTED_EDGE('',*,*,#394,.F.);
#396=CARTESIAN_POINT('',(-0.0352139177030889,0.0008,-0.042284985514954));
#397=DIRECTION('',(-0.707106781186553,0.,-0.707106781186542));
#398=VECTOR('',#397,1.);
#399=LINE('',#396,#398);
#400=CARTESIAN_POINT('',(-0.0277892965006302,0.0008,-0.0348603643124955));
#401=VERTEX_POINT('',#400);
#402=EDGE_CURVE('',#401,#393,#399,.T.);
#403=ORIENTED_EDGE('',*,*,#402,.F.);
#404=CARTESIAN_POINT('',(-0.0290267333677075,0.0008,-0.0336229274454181));
#405=DIRECTION('',(0.,1.,0.));
#406=DIRECTION('',(0.,0.,1.));
#407=AXIS2_PLACEMENT_3D('',#404,#405,#406);
#408=CIRCLE('',#407,0.00175000000000058);
#409=CARTESIAN_POINT('',(-0.0277892965006308,0.0008,-0.0323854905783411));
#410=VERTEX_POINT('',#409);
#411=EDGE_CURVE('',#410,#401,#408,.T.);
#412=ORIENTED_EDGE('',*,*,#411,.F.);
#413=CARTESIAN_POINT('',(-0.0323854905783439,0.0008,-0.0277892965006289));
#414=DIRECTION('',(0.707106781186542,0.,-0.707106781186553));
#415=VECTOR('',#414,1.);
#416=LINE('',#413,#415);
#417=CARTESIAN_POINT('',(-0.0323854905783439,0.0008,-0.0277892965006289));
#418=VERTEX_POINT('',#417);
#419=EDGE_CURVE('',#418,#410,#416,.T.);
#420=ORIENTED_EDGE('',*,*,#419,.F.);
#421=CARTESIAN_POINT('',(-0.0336229274454204,0.0008,-0.0290267333677051));
#422=DIRECTION('',(0.,1.,0.));
#423=DIRECTION('',(0.,0.,1.));
#424=AXIS2_PLACEMENT_3D('',#421,#422,#423);
#425=CIRCLE('',#424,0.00174999999999917);
#426=EDGE_CURVE('',#367,#418,#425,.T.);
#427=ORIENTED_EDGE('',*,*,#426,.F.);
#428=EDGE_LOOP('',(#369,#378,#386,#395,#403,#412,#420,#427));
#429=FACE_BOUND('',#428,.T.);
#430=CARTESIAN_POINT('',(0.0277892965006316,0.0008,-0.034860364312497));
#431=DIRECTION('',(-0.707106781186543,0.,0.707106781186552));
#432=VECTOR('',#431,1.);
#433=LINE('',#430,#432);
#434=CARTESIAN_POINT('',(0.0352139177030904,0.0008,-0.0422849855149559));
#435=VERTEX_POINT('',#434);
#436=CARTESIAN_POINT('',(0.0277892965006321,0.0008,-0.0348603643124965));
#437=VERTEX_POINT('',#436);
#438=EDGE_CURVE('',#435,#437,#433,.T.);
#439=ORIENTED_EDGE('',*,*,#438,.F.);
#440=CARTESIAN_POINT('',(0.0364513545701649,0.0008,-0.0410475486478815));
#441=DIRECTION('',(0.,1.,0.));
#442=DIRECTION('',(0.,0.,1.));
#443=AXIS2_PLACEMENT_3D('',#440,#441,#442);
#444=CIRCLE('',#443,0.00174999999999808);
#445=CARTESIAN_POINT('',(0.0376887914372426,0.0008,-0.0422849855149552));
#446=VERTEX_POINT('',#445);
#447=EDGE_CURVE('',#446,#435,#444,.T.);
#448=ORIENTED_EDGE('',*,*,#447,.F.);
#449=CARTESIAN_POINT('',(0.0376887914372426,0.0008,-0.0422849855149552));
#450=DIRECTION('',(-0.707106781186552,0.,-0.707106781186543));
#451=VECTOR('',#450,1.);
#452=LINE('',#449,#451);
#453=CARTESIAN_POINT('',(0.042284985514955,0.0008,-0.0376887914372428));
#454=VERTEX_POINT('',#453);
#455=EDGE_CURVE('',#454,#446,#452,.T.);
#456=ORIENTED_EDGE('',*,*,#455,.F.);
#457=CARTESIAN_POINT('',(0.0410475486478812,0.0008,-0.0364513545701651));
#458=DIRECTION('',(0.,1.,0.));
#459=DIRECTION('',(0.,0.,1.));
#460=AXIS2_PLACEMENT_3D('',#457,#458,#459);
#461=CIRCLE('',#460,0.00174999999999815);
#462=CARTESIAN_POINT('',(0.0422849855149564,0.0008,-0.03521391770309));
#463=VERTEX_POINT('',#462);
#464=EDGE_CURVE('',#463,#454,#461,.T.);
#465=ORIENTED_EDGE('',*,*,#464,.F.);
#466=CARTESIAN_POINT('',(0.034860364312497,0.0008,-0.0277892965006317));
#467=DIRECTION('',(0.707106781186543,0.,-0.707106781186553));
#468=VECTOR('',#467,1.);
#469=LINE('',#466,#468);
#470=CARTESIAN_POINT('',(0.034860364312497,0.0008,-0.0277892965006317));
#471=VERTEX_POINT('',#470);
#472=EDGE_CURVE('',#471,#463,#469,.T.);
#473=ORIENTED_EDGE('',*,*,#472,.F.);
#474=CARTESIAN_POINT('',(0.0336229274454186,0.0008,-0.02902673336771));
#475=DIRECTION('',(0.,1.,0.));
#476=DIRECTION('',(0.,0.,1.));
#477=AXIS2_PLACEMENT_3D('',#474,#475,#476);
#478=CIRCLE('',#477,0.00175000000000187);
#479=CARTESIAN_POINT('',(0.0323854905783428,0.0008,-0.0277892965006303));
#480=VERTEX_POINT('',#479);
#481=EDGE_CURVE('',#480,#471,#478,.T.);
#482=ORIENTED_EDGE('',*,*,#481,.F.);
#483=CARTESIAN_POINT('',(0.0277892965006308,0.0008,-0.0323854905783433));
#484=DIRECTION('',(0.707106781186553,0.,0.707106781186542));
#485=VECTOR('',#484,1.);
#486=LINE('',#483,#485);
#487=CARTESIAN_POINT('',(0.0277892965006308,0.0008,-0.0323854905783433));
#488=VERTEX_POINT('',#487);
#489=EDGE_CURVE('',#488,#480,#486,.T.);
#490=ORIENTED_EDGE('',*,*,#489,.F.);
#491=CARTESIAN_POINT('',(0.0290267333677098,0.0008,-0.0336229274454188));
#492=DIRECTION('',(0.,1.,0.));
#493=DIRECTION('',(0.,0.,1.));
#494=AXIS2_PLACEMENT_3D('',#491,#492,#493);
#495=CIRCLE('',#494,0.00175000000000184);
#496=EDGE_CURVE('',#437,#488,#495,.T.);
#497=ORIENTED_EDGE('',*,*,#496,.F.);
#498=EDGE_LOOP('',(#439,#448,#456,#465,#473,#482,#490,#497));
#499=FACE_BOUND('',#498,.T.);
#500=CARTESIAN_POINT('',(-0.016,0.0008,-0.0488185989829789));
#501=DIRECTION('',(1.7347234759768E-15,0.,1.));
#502=VECTOR('',#501,1.);
#503=LINE('',#500,#502);
#504=CARTESIAN_POINT('',(-0.016,0.0008,-0.0488185989829789));
#505=VERTEX_POINT('',#504);
#506=CARTESIAN_POINT('',(-0.016,0.0008,-0.0428185989829789));
#507=VERTEX_POINT('',#506);
#508=EDGE_CURVE('',#505,#507,#503,.T.);
#509=ORIENTED_EDGE('',*,*,#508,.F.);
#510=CARTESIAN_POINT('',(-0.013,0.0008,-0.0488185989829789));
#511=DIRECTION('',(0.,1.,0.));
#512=DIRECTION('',(0.,0.,1.));
#513=AXIS2_PLACEMENT_3D('',#510,#511,#512);
#514=CIRCLE('',#513,0.00299999999999997);
#515=CARTESIAN_POINT('',(-0.013,0.0008,-0.0518185989829789));
#516=VERTEX_POINT('',#515);
#517=EDGE_CURVE('',#516,#505,#514,.T.);
#518=ORIENTED_EDGE('',*,*,#517,.F.);
#519=CARTESIAN_POINT('',(-0.013,0.0008,-0.0518185989829789));
#520=DIRECTION('',(-1.,0.,0.));
#521=VECTOR('',#520,1.);
#522=LINE('',#519,#521);
#523=CARTESIAN_POINT('',(0.013,0.0008,-0.0518185989829789));
#524=VERTEX_POINT('',#523);
#525=EDGE_CURVE('',#524,#516,#522,.T.);
#526=ORIENTED_EDGE('',*,*,#525,.F.);
#527=CARTESIAN_POINT('',(0.013,0.0008,-0.0488185989829789));
#528=DIRECTION('',(0.,1.,0.));
#529=DIRECTION('',(0.,0.,1.));
#530=AXIS2_PLACEMENT_3D('',#527,#528,#529);
#531=CIRCLE('',#530,0.00299999999999999);
#532=CARTESIAN_POINT('',(0.016,0.0008,-0.0488185989829789));
#533=VERTEX_POINT('',#532);
#534=EDGE_CURVE('',#533,#524,#531,.T.);
#535=ORIENTED_EDGE('',*,*,#534,.F.);
#536=CARTESIAN_POINT('',(0.016,0.0008,-0.0488185989829789));
#537=DIRECTION('',(5.78241158658933E-16,0.,-1.));
#538=VECTOR('',#537,1.);
#539=LINE('',#536,#538);
#540=CARTESIAN_POINT('',(0.016,0.0008,-0.0428185989829789));
#541=VERTEX_POINT('',#540);
#542=EDGE_CURVE('',#541,#533,#539,.T.);
#543=ORIENTED_EDGE('',*,*,#542,.F.);
#544=CARTESIAN_POINT('',(0.013,0.0008,-0.0428185989829789));
#545=DIRECTION('',(0.,1.,0.));
#546=DIRECTION('',(0.,0.,1.));
#547=AXIS2_PLACEMENT_3D('',#544,#545,#546);
#548=CIRCLE('',#547,0.00299999999999997);
#549=CARTESIAN_POINT('',(0.013,0.0008,-0.0398185989829789));
#550=VERTEX_POINT('',#549);
#551=EDGE_CURVE('',#550,#541,#548,.T.);
#552=ORIENTED_EDGE('',*,*,#551,.F.);
#553=CARTESIAN_POINT('',(-0.013,0.0008,-0.0398185989829789));
#554=DIRECTION('',(1.,0.,0.));
#555=VECTOR('',#554,1.);
#556=LINE('',#553,#555);
#557=CARTESIAN_POINT('',(-0.013,0.0008,-0.0398185989829789));
#558=VERTEX_POINT('',#557);
#559=EDGE_CURVE('',#558,#550,#556,.T.);
#560=ORIENTED_EDGE('',*,*,#559,.F.);
#561=CARTESIAN_POINT('',(-0.013,0.0008,-0.0428185989829789));
#562=DIRECTION('',(0.,1.,0.));
#563=DIRECTION('',(0.,0.,1.));
#564=AXIS2_PLACEMENT_3D('',#561,#562,#563);
#565=CIRCLE('',#564,0.00299999999999996);
#566=EDGE_CURVE('',#507,#558,#565,.T.);
#567=ORIENTED_EDGE('',*,*,#566,.F.);
#568=EDGE_LOOP('',(#509,#518,#526,#535,#543,#552,#560,#567));
#569=FACE_BOUND('',#568,.T.);
#570=CARTESIAN_POINT('',(-0.0125,0.0008,0.0106814010170211));
#571=DIRECTION('',(1.,0.,-1.38777878078144E-16));
#572=VECTOR('',#571,1.);
#573=LINE('',#570,#572);
#574=CARTESIAN_POINT('',(-0.0125,0.0008,0.0106814010170211));
#575=VERTEX_POINT('',#574);
#576=CARTESIAN_POINT('',(0.0125,0.0008,0.0106814010170211));
#577=VERTEX_POINT('',#576);
#578=EDGE_CURVE('',#575,#577,#573,.T.);
#579=ORIENTED_EDGE('',*,*,#578,.F.);
#580=CARTESIAN_POINT('',(-0.0125,0.0008,0.00918140101702114));
#581=DIRECTION('',(0.,1.,0.));
#582=DIRECTION('',(0.,0.,1.));
#583=AXIS2_PLACEMENT_3D('',#580,#581,#582);
#584=CIRCLE('',#583,0.00149999999999999);
#585=CARTESIAN_POINT('',(-0.0125,0.0008,0.00768140101702115));
#586=VERTEX_POINT('',#585);
#587=EDGE_CURVE('',#586,#575,#584,.T.);
#588=ORIENTED_EDGE('',*,*,#587,.F.);
#589=CARTESIAN_POINT('',(-0.0125,0.0008,0.00768140101702115));
#590=DIRECTION('',(-1.,0.,1.38777878078144E-16));
#591=VECTOR('',#590,1.);
#592=LINE('',#589,#591);
#593=CARTESIAN_POINT('',(0.0125,0.0008,0.00768140101702115));
#594=VERTEX_POINT('',#593);
#595=EDGE_CURVE('',#594,#586,#592,.T.);
#596=ORIENTED_EDGE('',*,*,#595,.F.);
#597=CARTESIAN_POINT('',(0.0125,0.0008,0.00918140101702114));
#598=DIRECTION('',(0.,1.,0.));
#599=DIRECTION('',(0.,0.,1.));
#600=AXIS2_PLACEMENT_3D('',#597,#598,#599);
#601=CIRCLE('',#600,0.00149999999999999);
#602=EDGE_CURVE('',#577,#594,#601,.T.);
#603=ORIENTED_EDGE('',*,*,#602,.F.);
#604=EDGE_LOOP('',(#579,#588,#596,#603));
#605=FACE_BOUND('',#604,.T.);
#606=CARTESIAN_POINT('',(-0.0175,0.0008,0.00168140101702114));
#607=DIRECTION('',(1.,0.,-1.23908819712629E-16));
#608=VECTOR('',#607,1.);
#609=LINE('',#606,#608);
#610=CARTESIAN_POINT('',(-0.0175,0.0008,0.00168140101702114));
#611=VERTEX_POINT('',#610);
#612=CARTESIAN_POINT('',(0.0175,0.0008,0.00168140101702114));
#613=VERTEX_POINT('',#612);
#614=EDGE_CURVE('',#611,#613,#609,.T.);
#615=ORIENTED_EDGE('',*,*,#614,.F.);
#616=CARTESIAN_POINT('',(-0.0175,0.0008,0.000181401017021149));
#617=DIRECTION('',(0.,1.,0.));
#618=DIRECTION('',(0.,0.,1.));
#619=AXIS2_PLACEMENT_3D('',#616,#617,#618);
#620=CIRCLE('',#619,0.0015);
#621=CARTESIAN_POINT('',(-0.0175,0.0008,-0.00131859898297885));
#622=VERTEX_POINT('',#621);
#623=EDGE_CURVE('',#622,#611,#620,.T.);
#624=ORIENTED_EDGE('',*,*,#623,.F.);
#625=CARTESIAN_POINT('',(-0.0175,0.0008,-0.00131859898297885));
#626=DIRECTION('',(-1.,0.,1.23908819712629E-16));
#627=VECTOR('',#626,1.);
#628=LINE('',#625,#627);
#629=CARTESIAN_POINT('',(0.0175,0.0008,-0.00131859898297885));
#630=VERTEX_POINT('',#629);
#631=EDGE_CURVE('',#630,#622,#628,.T.);
#632=ORIENTED_EDGE('',*,*,#631,.F.);
#633=CARTESIAN_POINT('',(0.0175,0.0008,0.000181401017021143));
#634=DIRECTION('',(0.,1.,0.));
#635=DIRECTION('',(0.,0.,1.));
#636=AXIS2_PLACEMENT_3D('',#633,#634,#635);
#637=CIRCLE('',#636,0.0015);
#638=EDGE_CURVE('',#613,#630,#637,.T.);
#639=ORIENTED_EDGE('',*,*,#638,.F.);
#640=EDGE_LOOP('',(#615,#624,#632,#639));
#641=FACE_BOUND('',#640,.T.);
#642=CARTESIAN_POINT('',(-0.0125,0.0008,-0.00731859898297885));
#643=DIRECTION('',(1.,0.,-1.38777878078144E-16));
#644=VECTOR('',#643,1.);
#645=LINE('',#642,#644);
#646=CARTESIAN_POINT('',(-0.0125,0.0008,-0.00731859898297885));
#647=VERTEX_POINT('',#646);
#648=CARTESIAN_POINT('',(0.0125,0.0008,-0.00731859898297886));
#649=VERTEX_POINT('',#648);
#650=EDGE_CURVE('',#647,#649,#645,.T.);
#651=ORIENTED_EDGE('',*,*,#650,.F.);
#652=CARTESIAN_POINT('',(-0.0125,0.0008,-0.00881859898297885));
#653=DIRECTION('',(0.,1.,0.));
#654=DIRECTION('',(0.,0.,1.));
#655=AXIS2_PLACEMENT_3D('',#652,#653,#654);
#656=CIRCLE('',#655,0.0015);
#657=CARTESIAN_POINT('',(-0.0125,0.0008,-0.0103185989829788));
#658=VERTEX_POINT('',#657);
#659=EDGE_CURVE('',#658,#647,#656,.T.);
#660=ORIENTED_EDGE('',*,*,#659,.F.);
#661=CARTESIAN_POINT('',(-0.0125,0.0008,-0.0103185989829788));
#662=DIRECTION('',(-1.,0.,1.38777878078144E-16));
#663=VECTOR('',#662,1.);
#664=LINE('',#661,#663);
#665=CARTESIAN_POINT('',(0.0125,0.0008,-0.0103185989829789));
#666=VERTEX_POINT('',#665);
#667=EDGE_CURVE('',#666,#658,#664,.T.);
#668=ORIENTED_EDGE('',*,*,#667,.F.);
#669=CARTESIAN_POINT('',(0.0125,0.0008,-0.00881859898297885));
#670=DIRECTION('',(0.,1.,0.));
#671=DIRECTION('',(0.,0.,1.));
#672=AXIS2_PLACEMENT_3D('',#669,#670,#671);
#673=CIRCLE('',#672,0.0015);
#674=EDGE_CURVE('',#649,#666,#673,.T.);
#675=ORIENTED_EDGE('',*,*,#674,.F.);
#676=EDGE_LOOP('',(#651,#660,#668,#675));
#677=FACE_BOUND('',#676,.T.);
#678=CARTESIAN_POINT('',(-0.052,0.0008,-0.0125629001424736));
#679=DIRECTION('',(0.,0.,1.));
#680=VECTOR('',#679,1.);
#681=LINE('',#678,#680);
#682=CARTESIAN_POINT('',(-0.052,0.0008,-0.0125629001424736));
#683=VERTEX_POINT('',#682);
#684=CARTESIAN_POINT('',(-0.052,0.0008,0.0134370998575264));
#685=VERTEX_POINT('',#684);
#686=EDGE_CURVE('',#683,#685,#681,.T.);
#687=ORIENTED_EDGE('',*,*,#686,.F.);
#688=CARTESIAN_POINT('',(-0.049,0.0008,-0.0125629001424736));
#689=DIRECTION('',(0.,1.,0.));
#690=DIRECTION('',(0.,0.,1.));
#691=AXIS2_PLACEMENT_3D('',#688,#689,#690);
#692=CIRCLE('',#691,0.003);
#693=CARTESIAN_POINT('',(-0.049,0.0008,-0.0155629001424736));
#694=VERTEX_POINT('',#693);
#695=EDGE_CURVE('',#694,#683,#692,.T.);
#696=ORIENTED_EDGE('',*,*,#695,.F.);
#697=CARTESIAN_POINT('',(-0.049,0.0008,-0.0155629001424736));
#698=DIRECTION('',(-1.,0.,0.));
#699=VECTOR('',#698,1.);
#700=LINE('',#697,#699);
#701=CARTESIAN_POINT('',(-0.043,0.0008,-0.0155629001424736));
#702=VERTEX_POINT('',#701);
#703=EDGE_CURVE('',#702,#694,#700,.T.);
#704=ORIENTED_EDGE('',*,*,#703,.F.);
#705=CARTESIAN_POINT('',(-0.043,0.0008,-0.0125629001424736));
#706=DIRECTION('',(0.,1.,0.));
#707=DIRECTION('',(0.,0.,1.));
#708=AXIS2_PLACEMENT_3D('',#705,#706,#707);
#709=CIRCLE('',#708,0.003);
#710=CARTESIAN_POINT('',(-0.04,0.0008,-0.0125629001424736));
#711=VERTEX_POINT('',#710);
#712=EDGE_CURVE('',#711,#702,#709,.T.);
#713=ORIENTED_EDGE('',*,*,#712,.F.);
#714=CARTESIAN_POINT('',(-0.04,0.0008,-0.0125629001424736));
#715=DIRECTION('',(0.,0.,-1.));
#716=VECTOR('',#715,1.);
#717=LINE('',#714,#716);
#718=CARTESIAN_POINT('',(-0.04,0.0008,0.0134370998575264));
#719=VERTEX_POINT('',#718);
#720=EDGE_CURVE('',#719,#711,#717,.T.);
#721=ORIENTED_EDGE('',*,*,#720,.F.);
#722=CARTESIAN_POINT('',(-0.043,0.0008,0.0134370998575264));
#723=DIRECTION('',(0.,1.,0.));
#724=DIRECTION('',(0.,0.,1.));
#725=AXIS2_PLACEMENT_3D('',#722,#723,#724);
#726=CIRCLE('',#725,0.003);
#727=CARTESIAN_POINT('',(-0.043,0.0008,0.0164370998575264));
#728=VERTEX_POINT('',#727);
#729=EDGE_CURVE('',#728,#719,#726,.T.);
#730=ORIENTED_EDGE('',*,*,#729,.F.);
#731=CARTESIAN_POINT('',(-0.049,0.0008,0.0164370998575264));
#732=DIRECTION('',(1.,0.,5.78241158658936E-16));
#733=VECTOR('',#732,1.);
#734=LINE('',#731,#733);
#735=CARTESIAN_POINT('',(-0.049,0.0008,0.0164370998575264));
#736=VERTEX_POINT('',#735);
#737=EDGE_CURVE('',#736,#728,#734,.T.);
#738=ORIENTED_EDGE('',*,*,#737,.F.);
#739=CARTESIAN_POINT('',(-0.049,0.0008,0.0134370998575264));
#740=DIRECTION('',(0.,1.,0.));
#741=DIRECTION('',(0.,0.,1.));
#742=AXIS2_PLACEMENT_3D('',#739,#740,#741);
#743=CIRCLE('',#742,0.003);
#744=EDGE_CURVE('',#685,#736,#743,.T.);
#745=ORIENTED_EDGE('',*,*,#744,.F.);
#746=EDGE_LOOP('',(#687,#696,#704,#713,#721,#730,#738,#745));
#747=FACE_BOUND('',#746,.T.);
#748=CARTESIAN_POINT('',(0.043,0.0008,-0.0155629001424735));
#749=DIRECTION('',(-1.,0.,0.));
#750=VECTOR('',#749,1.);
#751=LINE('',#748,#750);
#752=CARTESIAN_POINT('',(0.049,0.0008,-0.0155629001424735));
#753=VERTEX_POINT('',#752);
#754=CARTESIAN_POINT('',(0.043,0.0008,-0.0155629001424735));
#755=VERTEX_POINT('',#754);
#756=EDGE_CURVE('',#753,#755,#751,.T.);
#757=ORIENTED_EDGE('',*,*,#756,.F.);
#758=CARTESIAN_POINT('',(0.049,0.0008,-0.0125629001424735));
#759=DIRECTION('',(0.,1.,0.));
#760=DIRECTION('',(0.,0.,1.));
#761=AXIS2_PLACEMENT_3D('',#758,#759,#760);
#762=CIRCLE('',#761,0.00299999999999999);
#763=CARTESIAN_POINT('',(0.052,0.0008,-0.0125629001424736));
#764=VERTEX_POINT('',#763);
#765=EDGE_CURVE('',#764,#753,#762,.T.);
#766=ORIENTED_EDGE('',*,*,#765,.F.);
#767=CARTESIAN_POINT('',(0.052,0.0008,-0.0125629001424736));
#768=DIRECTION('',(-2.66880534765662E-16,0.,-1.));
#769=VECTOR('',#768,1.);
#770=LINE('',#767,#769);
#771=CARTESIAN_POINT('',(0.052,0.0008,0.0134370998575264));
#772=VERTEX_POINT('',#771);
#773=EDGE_CURVE('',#772,#764,#770,.T.);
#774=ORIENTED_EDGE('',*,*,#773,.F.);
#775=CARTESIAN_POINT('',(0.049,0.0008,0.0134370998575265));
#776=DIRECTION('',(0.,1.,0.));
#777=DIRECTION('',(0.,0.,1.));
#778=AXIS2_PLACEMENT_3D('',#775,#776,#777);
#779=CIRCLE('',#778,0.00300000000000001);
#780=CARTESIAN_POINT('',(0.049,0.0008,0.0164370998575265));
#781=VERTEX_POINT('',#780);
#782=EDGE_CURVE('',#781,#772,#779,.T.);
#783=ORIENTED_EDGE('',*,*,#782,.F.);
#784=CARTESIAN_POINT('',(0.043,0.0008,0.0164370998575265));
#785=DIRECTION('',(1.,0.,0.));
#786=VECTOR('',#785,1.);
#787=LINE('',#784,#786);
#788=CARTESIAN_POINT('',(0.043,0.0008,0.0164370998575265));
#789=VERTEX_POINT('',#788);
#790=EDGE_CURVE('',#789,#781,#787,.T.);
#791=ORIENTED_EDGE('',*,*,#790,.F.);
#792=CARTESIAN_POINT('',(0.043,0.0008,0.0134370998575265));
#793=DIRECTION('',(0.,1.,0.));
#794=DIRECTION('',(0.,0.,1.));
#795=AXIS2_PLACEMENT_3D('',#792,#793,#794);
#796=CIRCLE('',#795,0.00300000000000001);
#797=CARTESIAN_POINT('',(0.04,0.0008,0.0134370998575265));
#798=VERTEX_POINT('',#797);
#799=EDGE_CURVE('',#798,#789,#796,.T.);
#800=ORIENTED_EDGE('',*,*,#799,.F.);
#801=CARTESIAN_POINT('',(0.04,0.0008,-0.0125629001424735));
#802=DIRECTION('',(0.,0.,1.));
#803=VECTOR('',#802,1.);
#804=LINE('',#801,#803);
#805=CARTESIAN_POINT('',(0.04,0.0008,-0.0125629001424735));
#806=VERTEX_POINT('',#805);
#807=EDGE_CURVE('',#806,#798,#804,.T.);
#808=ORIENTED_EDGE('',*,*,#807,.F.);
#809=CARTESIAN_POINT('',(0.043,0.0008,-0.0125629001424735));
#810=DIRECTION('',(0.,1.,0.));
#811=DIRECTION('',(0.,0.,1.));
#812=AXIS2_PLACEMENT_3D('',#809,#810,#811);
#813=CIRCLE('',#812,0.00300000000000001);
#814=EDGE_CURVE('',#755,#806,#813,.T.);
#815=ORIENTED_EDGE('',*,*,#814,.F.);
#816=EDGE_LOOP('',(#757,#766,#774,#783,#791,#800,#808,#815));
#817=FACE_BOUND('',#816,.T.);
#818=CARTESIAN_POINT('',(-0.0830000000000001,0.0008,-0.0145629001424735));
#819=DIRECTION('',(1.,0.,6.72373440301086E-17));
#820=VECTOR('',#819,1.);
#821=LINE('',#818,#820);
#822=CARTESIAN_POINT('',(-0.0830000000000001,0.0008,-0.0145629001424735));
#823=VERTEX_POINT('',#822);
#824=CARTESIAN_POINT('',(-0.0572,0.0008,-0.0145629001424735));
#825=VERTEX_POINT('',#824);
#826=EDGE_CURVE('',#823,#825,#821,.T.);
#827=ORIENTED_EDGE('',*,*,#826,.F.);
#828=CARTESIAN_POINT('',(-0.0830000000000001,0.0008,-0.0165629001424735));
#829=DIRECTION('',(0.,1.,0.));
#830=DIRECTION('',(0.,0.,1.));
#831=AXIS2_PLACEMENT_3D('',#828,#829,#830);
#832=CIRCLE('',#831,0.00199999999999999);
#833=CARTESIAN_POINT('',(-0.0830000000000001,0.0008,-0.0185629001424735));
#834=VERTEX_POINT('',#833);
#835=EDGE_CURVE('',#834,#823,#832,.T.);
#836=ORIENTED_EDGE('',*,*,#835,.F.);
#837=CARTESIAN_POINT('',(-0.0830000000000001,0.0008,-0.0185629001424735));
#838=DIRECTION('',(-1.,0.,5.37898752240869E-16));
#839=VECTOR('',#838,1.);
#840=LINE('',#837,#839);
#841=CARTESIAN_POINT('',(-0.0572,0.0008,-0.0185629001424735));
#842=VERTEX_POINT('',#841);
#843=EDGE_CURVE('',#842,#834,#840,.T.);
#844=ORIENTED_EDGE('',*,*,#843,.F.);
#845=CARTESIAN_POINT('',(-0.0572,0.0008,-0.0165629001424735));
#846=DIRECTION('',(0.,1.,0.));
#847=DIRECTION('',(0.,0.,1.));
#848=AXIS2_PLACEMENT_3D('',#845,#846,#847);
#849=CIRCLE('',#848,0.002);
#850=EDGE_CURVE('',#825,#842,#849,.T.);
#851=ORIENTED_EDGE('',*,*,#850,.F.);
#852=EDGE_LOOP('',(#827,#836,#844,#851));
#853=FACE_BOUND('',#852,.T.);
#854=CARTESIAN_POINT('',(-0.0830000000000001,0.0008,0.0194370998575264));
#855=DIRECTION('',(1.,0.,-2.68949376120435E-16));
#856=VECTOR('',#855,1.);
#857=LINE('',#854,#856);
#858=CARTESIAN_POINT('',(-0.0830000000000001,0.0008,0.0194370998575264));
#859=VERTEX_POINT('',#858);
#860=CARTESIAN_POINT('',(-0.0572,0.0008,0.0194370998575264));
#861=VERTEX_POINT('',#860);
#862=EDGE_CURVE('',#859,#861,#857,.T.);
#863=ORIENTED_EDGE('',*,*,#862,.F.);
#864=CARTESIAN_POINT('',(-0.0830000000000001,0.0008,0.0174370998575264));
#865=DIRECTION('',(0.,1.,0.));
#866=DIRECTION('',(0.,0.,1.));
#867=AXIS2_PLACEMENT_3D('',#864,#865,#866);
#868=CIRCLE('',#867,0.002);
#869=CARTESIAN_POINT('',(-0.0830000000000001,0.0008,0.0154370998575264));
#870=VERTEX_POINT('',#869);
#871=EDGE_CURVE('',#870,#859,#868,.T.);
#872=ORIENTED_EDGE('',*,*,#871,.F.);
#873=CARTESIAN_POINT('',(-0.0830000000000001,0.0008,0.0154370998575264));
#874=DIRECTION('',(-1.,0.,2.01712032090326E-16));
#875=VECTOR('',#874,1.);
#876=LINE('',#873,#875);
#877=CARTESIAN_POINT('',(-0.0572,0.0008,0.0154370998575264));
#878=VERTEX_POINT('',#877);
#879=EDGE_CURVE('',#878,#870,#876,.T.);
#880=ORIENTED_EDGE('',*,*,#879,.F.);
#881=CARTESIAN_POINT('',(-0.0572,0.0008,0.0174370998575265));
#882=DIRECTION('',(0.,1.,0.));
#883=DIRECTION('',(0.,0.,1.));
#884=AXIS2_PLACEMENT_3D('',#881,#882,#883);
#885=CIRCLE('',#884,0.002);
#886=EDGE_CURVE('',#861,#878,#885,.T.);
#887=ORIENTED_EDGE('',*,*,#886,.F.);
#888=EDGE_LOOP('',(#863,#872,#880,#887));
#889=FACE_BOUND('',#888,.T.);
#890=CARTESIAN_POINT('',(0.0572000000000001,0.0008,0.0194370998575264));
#891=DIRECTION('',(1.,0.,-1.34474688060217E-16));
#892=VECTOR('',#891,1.);
#893=LINE('',#890,#892);
#894=CARTESIAN_POINT('',(0.0572000000000001,0.0008,0.0194370998575264));
#895=VERTEX_POINT('',#894);
#896=CARTESIAN_POINT('',(0.0830000000000001,0.0008,0.0194370998575264));
#897=VERTEX_POINT('',#896);
#898=EDGE_CURVE('',#895,#897,#893,.T.);
#899=ORIENTED_EDGE('',*,*,#898,.F.);
#900=CARTESIAN_POINT('',(0.0572000000000001,0.0008,0.0174370998575264));
#901=DIRECTION('',(0.,1.,0.));
#902=DIRECTION('',(0.,0.,1.));
#903=AXIS2_PLACEMENT_3D('',#900,#901,#902);
#904=CIRCLE('',#903,0.002);
#905=CARTESIAN_POINT('',(0.0572000000000001,0.0008,0.0154370998575264));
#906=VERTEX_POINT('',#905);
#907=EDGE_CURVE('',#906,#895,#904,.T.);
#908=ORIENTED_EDGE('',*,*,#907,.F.);
#909=CARTESIAN_POINT('',(0.0572000000000001,0.0008,0.0154370998575264));
#910=DIRECTION('',(-1.,0.,-1.34474688060217E-16));
#911=VECTOR('',#910,1.);
#912=LINE('',#909,#911);
#913=CARTESIAN_POINT('',(0.0830000000000001,0.0008,0.0154370998575264));
#914=VERTEX_POINT('',#913);
#915=EDGE_CURVE('',#914,#906,#912,.T.);
#916=ORIENTED_EDGE('',*,*,#915,.F.);
#917=CARTESIAN_POINT('',(0.0830000000000001,0.0008,0.0174370998575264));
#918=DIRECTION('',(0.,1.,0.));
#919=DIRECTION('',(0.,0.,1.));
#920=AXIS2_PLACEMENT_3D('',#917,#918,#919);
#921=CIRCLE('',#920,0.002);
#922=EDGE_CURVE('',#897,#914,#921,.T.);
#923=ORIENTED_EDGE('',*,*,#922,.F.);
#924=EDGE_LOOP('',(#899,#908,#916,#923));
#925=FACE_BOUND('',#924,.T.);
#926=CARTESIAN_POINT('',(0.0572000000000001,0.0008,-0.0145629001424735));
#927=DIRECTION('',(1.,0.,0.));
#928=VECTOR('',#927,1.);
#929=LINE('',#926,#928);
#930=CARTESIAN_POINT('',(0.0572000000000001,0.0008,-0.0145629001424735));
#931=VERTEX_POINT('',#930);
#932=CARTESIAN_POINT('',(0.0830000000000001,0.0008,-0.0145629001424736));
#933=VERTEX_POINT('',#932);
#934=EDGE_CURVE('',#931,#933,#929,.T.);
#935=ORIENTED_EDGE('',*,*,#934,.F.);
#936=CARTESIAN_POINT('',(0.0572000000000001,0.0008,-0.0165629001424735));
#937=DIRECTION('',(0.,1.,0.));
#938=DIRECTION('',(0.,0.,1.));
#939=AXIS2_PLACEMENT_3D('',#936,#937,#938);
#940=CIRCLE('',#939,0.00199999999999999);
#941=CARTESIAN_POINT('',(0.0572000000000001,0.0008,-0.0185629001424735));
#942=VERTEX_POINT('',#941);
#943=EDGE_CURVE('',#942,#931,#940,.T.);
#944=ORIENTED_EDGE('',*,*,#943,.F.);
#945=CARTESIAN_POINT('',(0.0572000000000001,0.0008,-0.0185629001424735));
#946=DIRECTION('',(-1.,0.,0.));
#947=VECTOR('',#946,1.);
#948=LINE('',#945,#947);
#949=CARTESIAN_POINT('',(0.0830000000000001,0.0008,-0.0185629001424735));
#950=VERTEX_POINT('',#949);
#951=EDGE_CURVE('',#950,#942,#948,.T.);
#952=ORIENTED_EDGE('',*,*,#951,.F.);
#953=CARTESIAN_POINT('',(0.0830000000000001,0.0008,-0.0165629001424735));
#954=DIRECTION('',(0.,1.,0.));
#955=DIRECTION('',(0.,0.,1.));
#956=AXIS2_PLACEMENT_3D('',#953,#954,#955);
#957=CIRCLE('',#956,0.00199999999999999);
#958=EDGE_CURVE('',#933,#950,#957,.T.);
#959=ORIENTED_EDGE('',*,*,#958,.F.);
#960=EDGE_LOOP('',(#935,#944,#952,#959));
#961=FACE_BOUND('',#960,.T.);
#962=CARTESIAN_POINT('',(-0.0320319371877506,0.0008,0.046527626202077));
#963=DIRECTION('',(0.,1.,0.));
#964=DIRECTION('',(0.,0.,1.));
#965=AXIS2_PLACEMENT_3D('',#962,#963,#964);
#966=CIRCLE('',#965,0.003);
#967=CARTESIAN_POINT('',(-0.0320319371877506,0.0008,0.043527626202077));
#968=VERTEX_POINT('',#967);
#969=EDGE_CURVE('',#968,#968,#966,.T.);
#970=ORIENTED_EDGE('',*,*,#969,.F.);
#971=EDGE_LOOP('',(#970));
#972=FACE_BOUND('',#971,.T.);
#973=CARTESIAN_POINT('',(-0.0465276262020768,0.0008,0.0320319371877508));
#974=DIRECTION('',(0.,1.,0.));
#975=DIRECTION('',(0.,0.,1.));
#976=AXIS2_PLACEMENT_3D('',#973,#974,#975);
#977=CIRCLE('',#976,0.003);
#978=CARTESIAN_POINT('',(-0.0465276262020768,0.0008,0.0290319371877508));
#979=VERTEX_POINT('',#978);
#980=EDGE_CURVE('',#979,#979,#977,.T.);
#981=ORIENTED_EDGE('',*,*,#980,.F.);
#982=EDGE_LOOP('',(#981));
#983=FACE_BOUND('',#982,.T.);
#984=CARTESIAN_POINT('',(-0.0465276262020768,0.0008,-0.0320319371877484));
#985=DIRECTION('',(0.,1.,0.));
#986=DIRECTION('',(0.,0.,1.));
#987=AXIS2_PLACEMENT_3D('',#984,#985,#986);
#988=CIRCLE('',#987,0.003);
#989=CARTESIAN_POINT('',(-0.0465276262020768,0.0008,-0.0350319371877484));
#990=VERTEX_POINT('',#989);
#991=EDGE_CURVE('',#990,#990,#988,.T.);
#992=ORIENTED_EDGE('',*,*,#991,.F.);
#993=EDGE_LOOP('',(#992));
#994=FACE_BOUND('',#993,.T.);
#995=CARTESIAN_POINT('',(-0.0320319371877506,0.0008,-0.0465276262020745));
#996=DIRECTION('',(0.,1.,0.));
#997=DIRECTION('',(0.,0.,1.));
#998=AXIS2_PLACEMENT_3D('',#995,#996,#997);
#999=CIRCLE('',#998,0.003);
#1000=CARTESIAN_POINT('',(-0.0320319371877506,0.0008,-0.0495276262020745));
#1001=VERTEX_POINT('',#1000);
#1002=EDGE_CURVE('',#1001,#1001,#999,.T.);
#1003=ORIENTED_EDGE('',*,*,#1002,.F.);
#1004=EDGE_LOOP('',(#1003));
#1005=FACE_BOUND('',#1004,.T.);
#1006=CARTESIAN_POINT('',(0.0320319371877486,0.0008,-0.0465276262020746));
#1007=DIRECTION('',(0.,1.,0.));
#1008=DIRECTION('',(0.,0.,1.));
#1009=AXIS2_PLACEMENT_3D('',#1006,#1007,#1008);
#1010=CIRCLE('',#1009,0.003);
#1011=CARTESIAN_POINT('',(0.0320319371877486,0.0008,-0.0495276262020746));
#1012=VERTEX_POINT('',#1011);
#1013=EDGE_CURVE('',#1012,#1012,#1010,.T.);
#1014=ORIENTED_EDGE('',*,*,#1013,.F.);
#1015=EDGE_LOOP('',(#1014));
#1016=FACE_BOUND('',#1015,.T.);
#1017=CARTESIAN_POINT('',(0.0465276262020748,0.0008,-0.0320319371877484));
#1018=DIRECTION('',(0.,1.,0.));
#1019=DIRECTION('',(0.,0.,1.));
#1020=AXIS2_PLACEMENT_3D('',#1017,#1018,#1019);
#1021=CIRCLE('',#1020,0.003);
#1022=CARTESIAN_POINT('',(0.0465276262020748,0.0008,-0.0350319371877484));
#1023=VERTEX_POINT('',#1022);
#1024=EDGE_CURVE('',#1023,#1023,#1021,.T.);
#1025=ORIENTED_EDGE('',*,*,#1024,.F.);
#1026=EDGE_LOOP('',(#1025));
#1027=FACE_BOUND('',#1026,.T.);
#1028=CARTESIAN_POINT('',(0.0465276262020748,0.0008,0.0320319371877509));
#1029=DIRECTION('',(0.,1.,0.));
#1030=DIRECTION('',(0.,0.,1.));
#1031=AXIS2_PLACEMENT_3D('',#1028,#1029,#1030);
#1032=CIRCLE('',#1031,0.003);
#1033=CARTESIAN_POINT('',(0.0465276262020748,0.0008,0.0290319371877509));
#1034=VERTEX_POINT('',#1033);
#1035=EDGE_CURVE('',#1034,#1034,#1032,.T.);
#1036=ORIENTED_EDGE('',*,*,#1035,.F.);
#1037=EDGE_LOOP('',(#1036));
#1038=FACE_BOUND('',#1037,.T.);
#1039=CARTESIAN_POINT('',(0.0320319371877486,0.0008,0.046527626202077));
#1040=DIRECTION('',(0.,1.,0.));
#1041=DIRECTION('',(0.,0.,1.));
#1042=AXIS2_PLACEMENT_3D('',#1039,#1040,#1041);
#1043=CIRCLE('',#1042,0.003);
#1044=CARTESIAN_POINT('',(0.0320319371877486,0.0008,0.043527626202077));
#1045=VERTEX_POINT('',#1044);
#1046=EDGE_CURVE('',#1045,#1045,#1043,.T.);
#1047=ORIENTED_EDGE('',*,*,#1046,.F.);
#1048=EDGE_LOOP('',(#1047));
#1049=FACE_BOUND('',#1048,.T.);
#1050=CARTESIAN_POINT('',(0.,0.0008,0.0336314010170212));
#1051=DIRECTION('',(1.,0.,0.));
#1052=VECTOR('',#1051,1.);
#1053=LINE('',#1050,#1052);
#1054=CARTESIAN_POINT('',(-0.013,0.0008,0.0336314010170212));
#1055=VERTEX_POINT('',#1054);
#1056=CARTESIAN_POINT('',(0.013,0.0008,0.0336314010170212));
#1057=VERTEX_POINT('',#1056);
#1058=EDGE_CURVE('',#1055,#1057,#1053,.T.);
#1059=ORIENTED_EDGE('',*,*,#1058,.T.);
#1060=CARTESIAN_POINT('',(0.013,0.0008,0.0386814010170211));
#1061=DIRECTION('',(0.,1.,0.));
#1062=DIRECTION('',(0.,0.,1.));
#1063=AXIS2_PLACEMENT_3D('',#1060,#1061,#1062);
#1064=CIRCLE('',#1063,0.00504999999999996);
#1065=CARTESIAN_POINT('',(0.01805,0.0008,0.0386814010170211));
#1066=VERTEX_POINT('',#1065);
#1067=EDGE_CURVE('',#1066,#1057,#1064,.T.);
#1068=ORIENTED_EDGE('',*,*,#1067,.F.);
#1069=CARTESIAN_POINT('',(0.0180499999999997,0.0008,-1.14809782051729E-16));
#1070=DIRECTION('',(-6.36065274524826E-15,0.,-1.));
#1071=VECTOR('',#1070,1.);
#1072=LINE('',#1069,#1071);
#1073=CARTESIAN_POINT('',(0.01805,0.0008,0.0446814010170212));
#1074=VERTEX_POINT('',#1073);
#1075=EDGE_CURVE('',#1074,#1066,#1072,.T.);
#1076=ORIENTED_EDGE('',*,*,#1075,.F.);
#1077=CARTESIAN_POINT('',(0.013,0.0008,0.0446814010170212));
#1078=DIRECTION('',(0.,1.,0.));
#1079=DIRECTION('',(0.,0.,1.));
#1080=AXIS2_PLACEMENT_3D('',#1077,#1078,#1079);
#1081=CIRCLE('',#1080,0.00504999999999996);
#1082=CARTESIAN_POINT('',(0.013,0.0008,0.0497314010170211));
#1083=VERTEX_POINT('',#1082);
#1084=EDGE_CURVE('',#1083,#1074,#1081,.T.);
#1085=ORIENTED_EDGE('',*,*,#1084,.F.);
#1086=CARTESIAN_POINT('',(0.,0.0008,0.0497314010170211));
#1087=DIRECTION('',(1.,0.,0.));
#1088=VECTOR('',#1087,1.);
#1089=LINE('',#1086,#1088);
#1090=CARTESIAN_POINT('',(-0.013,0.0008,0.0497314010170211));
#1091=VERTEX_POINT('',#1090);
#1092=EDGE_CURVE('',#1091,#1083,#1089,.T.);
#1093=ORIENTED_EDGE('',*,*,#1092,.F.);
#1094=CARTESIAN_POINT('',(-0.013,0.0008,0.0446814010170211));
#1095=DIRECTION('',(0.,1.,0.));
#1096=DIRECTION('',(0.,0.,1.));
#1097=AXIS2_PLACEMENT_3D('',#1094,#1095,#1096);
#1098=CIRCLE('',#1097,0.00504999999999998);
#1099=CARTESIAN_POINT('',(-0.0180499999999999,0.0008,0.0446814010170211));
#1100=VERTEX_POINT('',#1099);
#1101=EDGE_CURVE('',#1100,#1091,#1098,.T.);
#1102=ORIENTED_EDGE('',*,*,#1101,.F.);
#1103=CARTESIAN_POINT('',(-0.0180499999999999,0.0008,-1.04372529137938E-17));
#1104=DIRECTION('',(-5.78241158658937E-16,0.,1.));
#1105=VECTOR('',#1104,1.);
#1106=LINE('',#1103,#1105);
#1107=CARTESIAN_POINT('',(-0.0180499999999999,0.0008,0.0386814010170211));
#1108=VERTEX_POINT('',#1107);
#1109=EDGE_CURVE('',#1108,#1100,#1106,.T.);
#1110=ORIENTED_EDGE('',*,*,#1109,.F.);
#1111=CARTESIAN_POINT('',(-0.013,0.0008,0.0386814010170211));
#1112=DIRECTION('',(0.,1.,0.));
#1113=DIRECTION('',(0.,0.,1.));
#1114=AXIS2_PLACEMENT_3D('',#1111,#1112,#1113);
#1115=CIRCLE('',#1114,0.00504999999999996);
#1116=EDGE_CURVE('',#1055,#1108,#1115,.T.);
#1117=ORIENTED_EDGE('',*,*,#1116,.F.);
#1118=EDGE_LOOP('',(#1059,#1068,#1076,#1085,#1093,#1102,#1110,#1117));
#1119=FACE_BOUND('',#1118,.T.);
#1120=CARTESIAN_POINT('',(0.035744247788979,0.0008,0.0272589664147426));
#1121=DIRECTION('',(0.707106781186549,0.,-0.707106781186546));
#1122=VECTOR('',#1121,1.);
#1123=LINE('',#1120,#1122);
#1124=CARTESIAN_POINT('',(0.035744247788979,0.0008,0.0272589664147426));
#1125=VERTEX_POINT('',#1124);
#1126=CARTESIAN_POINT('',(0.0364513545701656,0.0008,0.026551859633556));
#1127=VERTEX_POINT('',#1126);
#1128=EDGE_CURVE('',#1125,#1127,#1123,.T.);
#1129=ORIENTED_EDGE('',*,*,#1128,.F.);
#1130=CARTESIAN_POINT('',(0.0350371410077925,0.0008,0.026551859633556));
#1131=DIRECTION('',(0.707106781186546,0.,0.707106781186549));
#1132=VECTOR('',#1131,1.);
#1133=LINE('',#1130,#1132);
#1134=CARTESIAN_POINT('',(0.0350371410077925,0.0008,0.026551859633556));
#1135=VERTEX_POINT('',#1134);
#1136=EDGE_CURVE('',#1135,#1125,#1133,.T.);
#1137=ORIENTED_EDGE('',*,*,#1136,.F.);
#1138=CARTESIAN_POINT('',(0.0350371410077925,0.0008,0.026551859633556));
#1139=DIRECTION('',(-0.707106781186546,0.,0.707106781186549));
#1140=VECTOR('',#1139,1.);
#1141=LINE('',#1138,#1140);
#1142=CARTESIAN_POINT('',(0.035744247788979,0.0008,0.0258447528523695));
#1143=VERTEX_POINT('',#1142);
#1144=EDGE_CURVE('',#1143,#1135,#1141,.T.);
#1145=ORIENTED_EDGE('',*,*,#1144,.F.);
#1146=CARTESIAN_POINT('',(0.0350371410077925,0.0008,0.0251376460711829));
#1147=DIRECTION('',(0.707106781186548,0.,0.707106781186548));
#1148=VECTOR('',#1147,1.);
#1149=LINE('',#1146,#1148);
#1150=CARTESIAN_POINT('',(0.0350371410077925,0.0008,0.0251376460711829));
#1151=VERTEX_POINT('',#1150);
#1152=EDGE_CURVE('',#1151,#1143,#1149,.T.);
#1153=ORIENTED_EDGE('',*,*,#1152,.F.);
#1154=CARTESIAN_POINT('',(0.0350371410077925,0.0008,0.0251376460711829));
#1155=DIRECTION('',(-0.707106781186546,0.,0.707106781186549));
#1156=VECTOR('',#1155,1.);
#1157=LINE('',#1154,#1156);
#1158=CARTESIAN_POINT('',(0.035744247788979,0.0008,0.0244305392899964));
#1159=VERTEX_POINT('',#1158);
#1160=EDGE_CURVE('',#1159,#1151,#1157,.T.);
#1161=ORIENTED_EDGE('',*,*,#1160,.F.);
#1162=CARTESIAN_POINT('',(0.035744247788979,0.0008,0.0244305392899964));
#1163=DIRECTION('',(-0.707106781186549,0.,-0.707106781186546));
#1164=VECTOR('',#1163,1.);
#1165=LINE('',#1162,#1164);
#1166=CARTESIAN_POINT('',(0.0364513545701656,0.0008,0.0251376460711829));
#1167=VERTEX_POINT('',#1166);
#1168=EDGE_CURVE('',#1167,#1159,#1165,.T.);
#1169=ORIENTED_EDGE('',*,*,#1168,.F.);
#1170=CARTESIAN_POINT('',(0.0364513545701656,0.0008,0.0251376460711829));
#1171=DIRECTION('',(-0.707106781186546,0.,0.707106781186549));
#1172=VECTOR('',#1171,1.);
#1173=LINE('',#1170,#1172);
#1174=CARTESIAN_POINT('',(0.0371584613513521,0.0008,0.0244305392899964));
#1175=VERTEX_POINT('',#1174);
#1176=EDGE_CURVE('',#1175,#1167,#1173,.T.);
#1177=ORIENTED_EDGE('',*,*,#1176,.F.);
#1178=CARTESIAN_POINT('',(0.0371584613513521,0.0008,0.0244305392899964));
#1179=DIRECTION('',(-0.707106781186546,0.,-0.707106781186549));
#1180=VECTOR('',#1179,1.);
#1181=LINE('',#1178,#1180);
#1182=CARTESIAN_POINT('',(0.0378655681325387,0.0008,0.0251376460711829));
#1183=VERTEX_POINT('',#1182);
#1184=EDGE_CURVE('',#1183,#1175,#1181,.T.);
#1185=ORIENTED_EDGE('',*,*,#1184,.F.);
#1186=CARTESIAN_POINT('',(0.0371584613513521,0.0008,0.0258447528523695));
#1187=DIRECTION('',(0.707106781186548,0.,-0.707106781186548));
#1188=VECTOR('',#1187,1.);
#1189=LINE('',#1186,#1188);
#1190=CARTESIAN_POINT('',(0.0371584613513521,0.0008,0.0258447528523695));
#1191=VERTEX_POINT('',#1190);
#1192=EDGE_CURVE('',#1191,#1183,#1189,.T.);
#1193=ORIENTED_EDGE('',*,*,#1192,.F.);
#1194=CARTESIAN_POINT('',(0.0371584613513521,0.0008,0.0258447528523695));
#1195=DIRECTION('',(-0.707106781186546,0.,-0.707106781186549));
#1196=VECTOR('',#1195,1.);
#1197=LINE('',#1194,#1196);
#1198=CARTESIAN_POINT('',(0.0378655681325387,0.0008,0.026551859633556));
#1199=VERTEX_POINT('',#1198);
#1200=EDGE_CURVE('',#1199,#1191,#1197,.T.);
#1201=ORIENTED_EDGE('',*,*,#1200,.F.);
#1202=CARTESIAN_POINT('',(0.0371584613513521,0.0008,0.0272589664147426));
#1203=DIRECTION('',(0.707106781186548,0.,-0.707106781186548));
#1204=VECTOR('',#1203,1.);
#1205=LINE('',#1202,#1204);
#1206=CARTESIAN_POINT('',(0.0371584613513521,0.0008,0.0272589664147426));
#1207=VERTEX_POINT('',#1206);
#1208=EDGE_CURVE('',#1207,#1199,#1205,.T.);
#1209=ORIENTED_EDGE('',*,*,#1208,.F.);
#1210=CARTESIAN_POINT('',(0.0364513545701656,0.0008,0.026551859633556));
#1211=DIRECTION('',(0.707106781186548,0.,0.707106781186548));
#1212=VECTOR('',#1211,1.);
#1213=LINE('',#1210,#1212);
#1214=EDGE_CURVE('',#1127,#1207,#1213,.T.);
#1215=ORIENTED_EDGE('',*,*,#1214,.F.);
#1216=EDGE_LOOP('',(#1129,#1137,#1145,#1153,#1161,#1169,#1177,#1185,#1193,#1201,#1209,#1215));
#1217=FACE_BOUND('',#1216,.T.);
#1218=CARTESIAN_POINT('',(0.0290267333677068,0.0008,0.0212485587746569));
#1219=DIRECTION('',(0.707106781186548,0.,0.707106781186547));
#1220=VECTOR('',#1219,1.);
#1221=LINE('',#1218,#1220);
#1222=CARTESIAN_POINT('',(0.0290267333677068,0.0008,0.0212485587746569));
#1223=VERTEX_POINT('',#1222);
#1224=CARTESIAN_POINT('',(0.031855160492453,0.0008,0.0240769858994031));
#1225=VERTEX_POINT('',#1224);
#1226=EDGE_CURVE('',#1223,#1225,#1221,.T.);
#1227=ORIENTED_EDGE('',*,*,#1226,.F.);
#1228=CARTESIAN_POINT('',(0.0297338401488934,0.0008,0.0205414519934703));
#1229=DIRECTION('',(0.,1.,0.));
#1230=DIRECTION('',(0.,0.,1.));
#1231=AXIS2_PLACEMENT_3D('',#1228,#1229,#1230);
#1232=CIRCLE('',#1231,0.00100000000000002);
#1233=CARTESIAN_POINT('',(0.0290267333677068,0.0008,0.0198343452122838));
#1234=VERTEX_POINT('',#1233);
#1235=EDGE_CURVE('',#1234,#1223,#1232,.T.);
#1236=ORIENTED_EDGE('',*,*,#1235,.F.);
#1237=CARTESIAN_POINT('',(0.0290267333677068,0.0008,0.0198343452122838));
#1238=DIRECTION('',(-0.707106781186548,0.,0.707106781186548));
#1239=VECTOR('',#1238,1.);
#1240=LINE('',#1237,#1239);
#1241=CARTESIAN_POINT('',(0.0304409469300799,0.0008,0.0184201316499107));
#1242=VERTEX_POINT('',#1241);
#1243=EDGE_CURVE('',#1242,#1234,#1240,.T.);
#1244=ORIENTED_EDGE('',*,*,#1243,.F.);
#1245=CARTESIAN_POINT('',(0.0311480537112664,0.0008,0.0191272384310973));
#1246=DIRECTION('',(0.,1.,0.));
#1247=DIRECTION('',(0.,0.,1.));
#1248=AXIS2_PLACEMENT_3D('',#1245,#1246,#1247);
#1249=CIRCLE('',#1248,0.00100000000000002);
#1250=CARTESIAN_POINT('',(0.031855160492453,0.0008,0.0184201316499107));
#1251=VERTEX_POINT('',#1250);
#1252=EDGE_CURVE('',#1251,#1242,#1249,.T.);
#1253=ORIENTED_EDGE('',*,*,#1252,.F.);
#1254=CARTESIAN_POINT('',(0.031855160492453,0.0008,0.0184201316499107));
#1255=DIRECTION('',(-0.707106781186547,0.,-0.707106781186548));
#1256=VECTOR('',#1255,1.);
#1257=LINE('',#1254,#1256);
#1258=CARTESIAN_POINT('',(0.0346835876171992,0.0008,0.0212485587746569));
#1259=VERTEX_POINT('',#1258);
#1260=EDGE_CURVE('',#1259,#1251,#1257,.T.);
#1261=ORIENTED_EDGE('',*,*,#1260,.F.);
#1262=CARTESIAN_POINT('',(0.0339764808360126,0.0008,0.0219556655558434));
#1263=DIRECTION('',(0.,1.,0.));
#1264=DIRECTION('',(0.,0.,1.));
#1265=AXIS2_PLACEMENT_3D('',#1262,#1263,#1264);
#1266=CIRCLE('',#1265,0.00100000000000001);
#1267=CARTESIAN_POINT('',(0.0346835876171992,0.0008,0.02266277233703));
#1268=VERTEX_POINT('',#1267);
#1269=EDGE_CURVE('',#1268,#1259,#1266,.T.);
#1270=ORIENTED_EDGE('',*,*,#1269,.F.);
#1271=CARTESIAN_POINT('',(0.0332693740548261,0.0008,0.0240769858994031));
#1272=DIRECTION('',(0.707106781186548,0.,-0.707106781186547));
#1273=VECTOR('',#1272,1.);
#1274=LINE('',#1271,#1273);
#1275=CARTESIAN_POINT('',(0.0332693740548261,0.0008,0.0240769858994031));
#1276=VERTEX_POINT('',#1275);
#1277=EDGE_CURVE('',#1276,#1268,#1274,.T.);
#1278=ORIENTED_EDGE('',*,*,#1277,.F.);
#1279=CARTESIAN_POINT('',(0.0325622672736396,0.0008,0.0233698791182165));
#1280=DIRECTION('',(0.,1.,0.));
#1281=DIRECTION('',(0.,0.,1.));
#1282=AXIS2_PLACEMENT_3D('',#1279,#1280,#1281);
#1283=CIRCLE('',#1282,0.001);
#1284=EDGE_CURVE('',#1225,#1276,#1283,.T.);
#1285=ORIENTED_EDGE('',*,*,#1284,.F.);
#1286=EDGE_LOOP('',(#1227,#1236,#1244,#1253,#1261,#1270,#1278,#1285));
#1287=FACE_BOUND('',#1286,.T.);
#1288=CARTESIAN_POINT('',(0.0244305392899942,0.0008,0.0371584613513543));
#1289=DIRECTION('',(0.707106781186546,0.,0.707106781186549));
#1290=VECTOR('',#1289,1.);
#1291=LINE('',#1288,#1290);
#1292=CARTESIAN_POINT('',(0.0244305392899942,0.0008,0.0371584613513543));
#1293=VERTEX_POINT('',#1292);
#1294=CARTESIAN_POINT('',(0.0251376460711807,0.0008,0.0378655681325409));
#1295=VERTEX_POINT('',#1294);
#1296=EDGE_CURVE('',#1293,#1295,#1291,.T.);
#1297=ORIENTED_EDGE('',*,*,#1296,.F.);
#1298=CARTESIAN_POINT('',(0.0244305392899942,0.0008,0.0371584613513543));
#1299=DIRECTION('',(-0.707106781186548,0.,0.707106781186548));
#1300=VECTOR('',#1299,1.);
#1301=LINE('',#1298,#1300);
#1302=CARTESIAN_POINT('',(0.0265518596335538,0.0008,0.0350371410077947));
#1303=VERTEX_POINT('',#1302);
#1304=EDGE_CURVE('',#1303,#1293,#1301,.T.);
#1305=ORIENTED_EDGE('',*,*,#1304,.F.);
#1306=CARTESIAN_POINT('',(0.0265518596335538,0.0008,0.0350371410077947));
#1307=DIRECTION('',(-0.707106781186549,0.,-0.707106781186546));
#1308=VECTOR('',#1307,1.);
#1309=LINE('',#1306,#1308);
#1310=CARTESIAN_POINT('',(0.0272589664147404,0.0008,0.0357442477889812));
#1311=VERTEX_POINT('',#1310);
#1312=EDGE_CURVE('',#1311,#1303,#1309,.T.);
#1313=ORIENTED_EDGE('',*,*,#1312,.F.);
#1314=CARTESIAN_POINT('',(0.0251376460711807,0.0008,0.0378655681325409));
#1315=DIRECTION('',(0.707106781186546,0.,-0.707106781186549));
#1316=VECTOR('',#1315,1.);
#1317=LINE('',#1314,#1316);
#1318=EDGE_CURVE('',#1295,#1311,#1317,.T.);
#1319=ORIENTED_EDGE('',*,*,#1318,.F.);
#1320=EDGE_LOOP('',(#1297,#1305,#1313,#1319));
#1321=FACE_BOUND('',#1320,.T.);
#1322=CARTESIAN_POINT('',(-0.0265518596335584,0.0008,0.0364513545701678));
#1323=DIRECTION('',(-0.707106781186548,0.,0.707106781186548));
#1324=VECTOR('',#1323,1.);
#1325=LINE('',#1322,#1324);
#1326=CARTESIAN_POINT('',(-0.0265518596335584,0.0008,0.0364513545701678));
#1327=VERTEX_POINT('',#1326);
#1328=CARTESIAN_POINT('',(-0.027258966414745,0.0008,0.0371584613513543));
#1329=VERTEX_POINT('',#1328);
#1330=EDGE_CURVE('',#1327,#1329,#1325,.T.);
#1331=ORIENTED_EDGE('',*,*,#1330,.F.);
#1332=CARTESIAN_POINT('',(-0.027258966414745,0.0008,0.0357442477889812));
#1333=DIRECTION('',(0.707106781186548,0.,0.707106781186548));
#1334=VECTOR('',#1333,1.);
#1335=LINE('',#1332,#1334);
#1336=CARTESIAN_POINT('',(-0.027258966414745,0.0008,0.0357442477889812));
#1337=VERTEX_POINT('',#1336);
#1338=EDGE_CURVE('',#1337,#1327,#1335,.T.);
#1339=ORIENTED_EDGE('',*,*,#1338,.F.);
#1340=CARTESIAN_POINT('',(-0.0265518596335584,0.0008,0.0350371410077947));
#1341=DIRECTION('',(-0.707106781186541,0.,0.707106781186554));
#1342=VECTOR('',#1341,1.);
#1343=LINE('',#1340,#1342);
#1344=CARTESIAN_POINT('',(-0.0265518596335584,0.0008,0.0350371410077947));
#1345=VERTEX_POINT('',#1344);
#1346=EDGE_CURVE('',#1345,#1337,#1343,.T.);
#1347=ORIENTED_EDGE('',*,*,#1346,.F.);
#1348=CARTESIAN_POINT('',(-0.0265518596335584,0.0008,0.0350371410077947));
#1349=DIRECTION('',(-0.707106781186542,0.,-0.707106781186553));
#1350=VECTOR('',#1349,1.);
#1351=LINE('',#1348,#1350);
#1352=CARTESIAN_POINT('',(-0.0258447528523719,0.0008,0.0357442477889812));
#1353=VERTEX_POINT('',#1352);
#1354=EDGE_CURVE('',#1353,#1345,#1351,.T.);
#1355=ORIENTED_EDGE('',*,*,#1354,.F.);
#1356=CARTESIAN_POINT('',(-0.0251376460711853,0.0008,0.0350371410077947));
#1357=DIRECTION('',(-0.707106781186546,0.,0.707106781186549));
#1358=VECTOR('',#1357,1.);
#1359=LINE('',#1356,#1358);
#1360=CARTESIAN_POINT('',(-0.0251376460711853,0.0008,0.0350371410077947));
#1361=VERTEX_POINT('',#1360);
#1362=EDGE_CURVE('',#1361,#1353,#1359,.T.);
#1363=ORIENTED_EDGE('',*,*,#1362,.F.);
#1364=CARTESIAN_POINT('',(-0.0251376460711853,0.0008,0.0350371410077947));
#1365=DIRECTION('',(-0.707106781186548,0.,-0.707106781186548));
#1366=VECTOR('',#1365,1.);
#1367=LINE('',#1364,#1366);
#1368=CARTESIAN_POINT('',(-0.0244305392899988,0.0008,0.0357442477889812));
#1369=VERTEX_POINT('',#1368);
#1370=EDGE_CURVE('',#1369,#1361,#1367,.T.);
#1371=ORIENTED_EDGE('',*,*,#1370,.F.);
#1372=CARTESIAN_POINT('',(-0.0244305392899988,0.0008,0.0357442477889812));
#1373=DIRECTION('',(0.707106781186548,0.,-0.707106781186548));
#1374=VECTOR('',#1373,1.);
#1375=LINE('',#1372,#1374);
#1376=CARTESIAN_POINT('',(-0.0251376460711853,0.0008,0.0364513545701678));
#1377=VERTEX_POINT('',#1376);
#1378=EDGE_CURVE('',#1377,#1369,#1375,.T.);
#1379=ORIENTED_EDGE('',*,*,#1378,.F.);
#1380=CARTESIAN_POINT('',(-0.0251376460711853,0.0008,0.0364513545701678));
#1381=DIRECTION('',(-0.707106781186548,0.,-0.707106781186548));
#1382=VECTOR('',#1381,1.);
#1383=LINE('',#1380,#1382);
#1384=CARTESIAN_POINT('',(-0.0244305392899988,0.0008,0.0371584613513543));
#1385=VERTEX_POINT('',#1384);
#1386=EDGE_CURVE('',#1385,#1377,#1383,.T.);
#1387=ORIENTED_EDGE('',*,*,#1386,.F.);
#1388=CARTESIAN_POINT('',(-0.0244305392899988,0.0008,0.0371584613513543));
#1389=DIRECTION('',(0.707106781186554,0.,-0.707106781186541));
#1390=VECTOR('',#1389,1.);
#1391=LINE('',#1388,#1390);
#1392=CARTESIAN_POINT('',(-0.0251376460711853,0.0008,0.0378655681325408));
#1393=VERTEX_POINT('',#1392);
#1394=EDGE_CURVE('',#1393,#1385,#1391,.T.);
#1395=ORIENTED_EDGE('',*,*,#1394,.F.);
#1396=CARTESIAN_POINT('',(-0.0258447528523719,0.0008,0.0371584613513543));
#1397=DIRECTION('',(0.707106781186548,0.,0.707106781186548));
#1398=VECTOR('',#1397,1.);
#1399=LINE('',#1396,#1398);
#1400=CARTESIAN_POINT('',(-0.0258447528523719,0.0008,0.0371584613513543));
#1401=VERTEX_POINT('',#1400);
#1402=EDGE_CURVE('',#1401,#1393,#1399,.T.);
#1403=ORIENTED_EDGE('',*,*,#1402,.F.);
#1404=CARTESIAN_POINT('',(-0.0258447528523719,0.0008,0.0371584613513543));
#1405=DIRECTION('',(0.707106781186548,0.,-0.707106781186548));
#1406=VECTOR('',#1405,1.);
#1407=LINE('',#1404,#1406);
#1408=CARTESIAN_POINT('',(-0.0265518596335584,0.0008,0.0378655681325408));
#1409=VERTEX_POINT('',#1408);
#1410=EDGE_CURVE('',#1409,#1401,#1407,.T.);
#1411=ORIENTED_EDGE('',*,*,#1410,.F.);
#1412=CARTESIAN_POINT('',(-0.027258966414745,0.0008,0.0371584613513543));
#1413=DIRECTION('',(0.707106781186548,0.,0.707106781186548));
#1414=VECTOR('',#1413,1.);
#1415=LINE('',#1412,#1414);
#1416=EDGE_CURVE('',#1329,#1409,#1415,.T.);
#1417=ORIENTED_EDGE('',*,*,#1416,.F.);
#1418=EDGE_LOOP('',(#1331,#1339,#1347,#1355,#1363,#1371,#1379,#1387,#1395,#1403,#1411,#1417));
#1419=FACE_BOUND('',#1418,.T.);
#1420=CARTESIAN_POINT('',(-0.0371584613513567,0.0008,0.0244305392899964));
#1421=DIRECTION('',(-0.707106781186548,0.,-0.707106781186547));
#1422=VECTOR('',#1421,1.);
#1423=LINE('',#1420,#1422);
#1424=CARTESIAN_POINT('',(-0.0350371410077971,0.0008,0.026551859633556));
#1425=VERTEX_POINT('',#1424);
#1426=CARTESIAN_POINT('',(-0.0371584613513567,0.0008,0.0244305392899964));
#1427=VERTEX_POINT('',#1426);
#1428=EDGE_CURVE('',#1425,#1427,#1423,.T.);
#1429=ORIENTED_EDGE('',*,*,#1428,.F.);
#1430=CARTESIAN_POINT('',(-0.0350371410077971,0.0008,0.026551859633556));
#1431=DIRECTION('',(0.707106781186544,0.,-0.707106781186551));
#1432=VECTOR('',#1431,1.);
#1433=LINE('',#1430,#1432);
#1434=CARTESIAN_POINT('',(-0.0357442477889836,0.0008,0.0272589664147426));
#1435=VERTEX_POINT('',#1434);
#1436=EDGE_CURVE('',#1435,#1425,#1433,.T.);
#1437=ORIENTED_EDGE('',*,*,#1436,.F.);
#1438=CARTESIAN_POINT('',(-0.0378655681325433,0.0008,0.0251376460711829));
#1439=DIRECTION('',(0.707106781186549,0.,0.707106781186546));
#1440=VECTOR('',#1439,1.);
#1441=LINE('',#1438,#1440);
#1442=CARTESIAN_POINT('',(-0.0378655681325433,0.0008,0.0251376460711829));
#1443=VERTEX_POINT('',#1442);
#1444=EDGE_CURVE('',#1443,#1435,#1441,.T.);
#1445=ORIENTED_EDGE('',*,*,#1444,.F.);
#1446=CARTESIAN_POINT('',(-0.0371584613513567,0.0008,0.0244305392899964));
#1447=DIRECTION('',(-0.707106781186549,0.,0.707106781186546));
#1448=VECTOR('',#1447,1.);
#1449=LINE('',#1446,#1448);
#1450=EDGE_CURVE('',#1427,#1443,#1449,.T.);
#1451=ORIENTED_EDGE('',*,*,#1450,.F.);
#1452=EDGE_LOOP('',(#1429,#1437,#1445,#1451));
#1453=FACE_BOUND('',#1452,.T.);
#1454=CARTESIAN_POINT('',(-0.0364513545701702,0.0008,-0.0265518596335562));
#1455=DIRECTION('',(-0.707106781186548,0.,-0.707106781186548));
#1456=VECTOR('',#1455,1.);
#1457=LINE('',#1454,#1456);
#1458=CARTESIAN_POINT('',(-0.0364513545701702,0.0008,-0.0265518596335562));
#1459=VERTEX_POINT('',#1458);
#1460=CARTESIAN_POINT('',(-0.0371584613513567,0.0008,-0.0272589664147428));
#1461=VERTEX_POINT('',#1460);
#1462=EDGE_CURVE('',#1459,#1461,#1457,.T.);
#1463=ORIENTED_EDGE('',*,*,#1462,.F.);
#1464=CARTESIAN_POINT('',(-0.0357442477889836,0.0008,-0.0272589664147428));
#1465=DIRECTION('',(-0.707106781186548,0.,0.707106781186548));
#1466=VECTOR('',#1465,1.);
#1467=LINE('',#1464,#1466);
#1468=CARTESIAN_POINT('',(-0.0357442477889836,0.0008,-0.0272589664147428));
#1469=VERTEX_POINT('',#1468);
#1470=EDGE_CURVE('',#1469,#1459,#1467,.T.);
#1471=ORIENTED_EDGE('',*,*,#1470,.F.);
#1472=CARTESIAN_POINT('',(-0.0350371410077971,0.0008,-0.0265518596335562));
#1473=DIRECTION('',(-0.707106781186558,0.,-0.707106781186537));
#1474=VECTOR('',#1473,1.);
#1475=LINE('',#1472,#1474);
#1476=CARTESIAN_POINT('',(-0.0350371410077971,0.0008,-0.0265518596335562));
#1477=VERTEX_POINT('',#1476);
#1478=EDGE_CURVE('',#1477,#1469,#1475,.T.);
#1479=ORIENTED_EDGE('',*,*,#1478,.F.);
#1480=CARTESIAN_POINT('',(-0.0350371410077971,0.0008,-0.0265518596335562));
#1481=DIRECTION('',(0.707106781186551,0.,-0.707106781186544));
#1482=VECTOR('',#1481,1.);
#1483=LINE('',#1480,#1482);
#1484=CARTESIAN_POINT('',(-0.0357442477889836,0.0008,-0.0258447528523697));
#1485=VERTEX_POINT('',#1484);
#1486=EDGE_CURVE('',#1485,#1477,#1483,.T.);
#1487=ORIENTED_EDGE('',*,*,#1486,.F.);
#1488=CARTESIAN_POINT('',(-0.0350371410077971,0.0008,-0.0251376460711832));
#1489=DIRECTION('',(-0.707106781186548,0.,-0.707106781186548));
#1490=VECTOR('',#1489,1.);
#1491=LINE('',#1488,#1490);
#1492=CARTESIAN_POINT('',(-0.0350371410077971,0.0008,-0.0251376460711832));
#1493=VERTEX_POINT('',#1492);
#1494=EDGE_CURVE('',#1493,#1485,#1491,.T.);
#1495=ORIENTED_EDGE('',*,*,#1494,.F.);
#1496=CARTESIAN_POINT('',(-0.0350371410077971,0.0008,-0.0251376460711832));
#1497=DIRECTION('',(0.707106781186548,0.,-0.707106781186548));
#1498=VECTOR('',#1497,1.);
#1499=LINE('',#1496,#1498);
#1500=CARTESIAN_POINT('',(-0.0357442477889836,0.0008,-0.0244305392899966));
#1501=VERTEX_POINT('',#1500);
#1502=EDGE_CURVE('',#1501,#1493,#1499,.T.);
#1503=ORIENTED_EDGE('',*,*,#1502,.F.);
#1504=CARTESIAN_POINT('',(-0.0357442477889836,0.0008,-0.0244305392899966));
#1505=DIRECTION('',(0.707106781186548,0.,0.707106781186548));
#1506=VECTOR('',#1505,1.);
#1507=LINE('',#1504,#1506);
#1508=CARTESIAN_POINT('',(-0.0364513545701702,0.0008,-0.0251376460711832));
#1509=VERTEX_POINT('',#1508);
#1510=EDGE_CURVE('',#1509,#1501,#1507,.T.);
#1511=ORIENTED_EDGE('',*,*,#1510,.F.);
#1512=CARTESIAN_POINT('',(-0.0364513545701702,0.0008,-0.0251376460711832));
#1513=DIRECTION('',(0.707106781186544,0.,-0.707106781186551));
#1514=VECTOR('',#1513,1.);
#1515=LINE('',#1512,#1514);
#1516=CARTESIAN_POINT('',(-0.0371584613513567,0.0008,-0.0244305392899966));
#1517=VERTEX_POINT('',#1516);
#1518=EDGE_CURVE('',#1517,#1509,#1515,.T.);
#1519=ORIENTED_EDGE('',*,*,#1518,.F.);
#1520=CARTESIAN_POINT('',(-0.0371584613513567,0.0008,-0.0244305392899966));
#1521=DIRECTION('',(0.707106781186544,0.,0.707106781186551));
#1522=VECTOR('',#1521,1.);
#1523=LINE('',#1520,#1522);
#1524=CARTESIAN_POINT('',(-0.0378655681325433,0.0008,-0.0251376460711832));
#1525=VERTEX_POINT('',#1524);
#1526=EDGE_CURVE('',#1525,#1517,#1523,.T.);
#1527=ORIENTED_EDGE('',*,*,#1526,.F.);
#1528=CARTESIAN_POINT('',(-0.0371584613513567,0.0008,-0.0258447528523697));
#1529=DIRECTION('',(-0.707106781186548,0.,0.707106781186548));
#1530=VECTOR('',#1529,1.);
#1531=LINE('',#1528,#1530);
#1532=CARTESIAN_POINT('',(-0.0371584613513567,0.0008,-0.0258447528523697));
#1533=VERTEX_POINT('',#1532);
#1534=EDGE_CURVE('',#1533,#1525,#1531,.T.);
#1535=ORIENTED_EDGE('',*,*,#1534,.F.);
#1536=CARTESIAN_POINT('',(-0.0371584613513567,0.0008,-0.0258447528523697));
#1537=DIRECTION('',(0.707106781186548,0.,0.707106781186548));
#1538=VECTOR('',#1537,1.);
#1539=LINE('',#1536,#1538);
#1540=CARTESIAN_POINT('',(-0.0378655681325433,0.0008,-0.0265518596335562));
#1541=VERTEX_POINT('',#1540);
#1542=EDGE_CURVE('',#1541,#1533,#1539,.T.);
#1543=ORIENTED_EDGE('',*,*,#1542,.F.);
#1544=CARTESIAN_POINT('',(-0.0371584613513567,0.0008,-0.0272589664147428));
#1545=DIRECTION('',(-0.707106781186548,0.,0.707106781186548));
#1546=VECTOR('',#1545,1.);
#1547=LINE('',#1544,#1546);
#1548=EDGE_CURVE('',#1461,#1541,#1547,.T.);
#1549=ORIENTED_EDGE('',*,*,#1548,.F.);
#1550=EDGE_LOOP('',(#1463,#1471,#1479,#1487,#1495,#1503,#1511,#1519,#1527,#1535,#1543,#1549));
#1551=FACE_BOUND('',#1550,.T.);
#1552=CARTESIAN_POINT('',(-0.0244305392899988,0.0008,-0.0371584613513545));
#1553=DIRECTION('',(0.707106781186546,0.,-0.707106781186549));
#1554=VECTOR('',#1553,1.);
#1555=LINE('',#1552,#1554);
#1556=CARTESIAN_POINT('',(-0.0265518596335584,0.0008,-0.0350371410077949));
#1557=VERTEX_POINT('',#1556);
#1558=CARTESIAN_POINT('',(-0.0244305392899988,0.0008,-0.0371584613513545));
#1559=VERTEX_POINT('',#1558);
#1560=EDGE_CURVE('',#1557,#1559,#1555,.T.);
#1561=ORIENTED_EDGE('',*,*,#1560,.F.);
#1562=CARTESIAN_POINT('',(-0.0265518596335584,0.0008,-0.0350371410077949));
#1563=DIRECTION('',(0.707106781186546,0.,0.707106781186549));
#1564=VECTOR('',#1563,1.);
#1565=LINE('',#1562,#1564);
#1566=CARTESIAN_POINT('',(-0.027258966414745,0.0008,-0.0357442477889814));
#1567=VERTEX_POINT('',#1566);
#1568=EDGE_CURVE('',#1567,#1557,#1565,.T.);
#1569=ORIENTED_EDGE('',*,*,#1568,.F.);
#1570=CARTESIAN_POINT('',(-0.0251376460711853,0.0008,-0.0378655681325411));
#1571=DIRECTION('',(-0.707106781186546,0.,0.707106781186549));
#1572=VECTOR('',#1571,1.);
#1573=LINE('',#1570,#1572);
#1574=CARTESIAN_POINT('',(-0.0251376460711853,0.0008,-0.0378655681325411));
#1575=VERTEX_POINT('',#1574);
#1576=EDGE_CURVE('',#1575,#1567,#1573,.T.);
#1577=ORIENTED_EDGE('',*,*,#1576,.F.);
#1578=CARTESIAN_POINT('',(-0.0244305392899988,0.0008,-0.0371584613513545));
#1579=DIRECTION('',(-0.707106781186546,0.,-0.707106781186549));
#1580=VECTOR('',#1579,1.);
#1581=LINE('',#1578,#1580);
#1582=EDGE_CURVE('',#1559,#1575,#1581,.T.);
#1583=ORIENTED_EDGE('',*,*,#1582,.F.);
#1584=EDGE_LOOP('',(#1561,#1569,#1577,#1583));
#1585=FACE_BOUND('',#1584,.T.);
#1586=CARTESIAN_POINT('',(0.0265518596335538,0.0008,-0.036451354570168));
#1587=DIRECTION('',(0.707106781186548,0.,-0.707106781186548));
#1588=VECTOR('',#1587,1.);
#1589=LINE('',#1586,#1588);
#1590=CARTESIAN_POINT('',(0.0265518596335538,0.0008,-0.036451354570168));
#1591=VERTEX_POINT('',#1590);
#1592=CARTESIAN_POINT('',(0.0272589664147404,0.0008,-0.0371584613513545));
#1593=VERTEX_POINT('',#1592);
#1594=EDGE_CURVE('',#1591,#1593,#1589,.T.);
#1595=ORIENTED_EDGE('',*,*,#1594,.F.);
#1596=CARTESIAN_POINT('',(0.0272589664147404,0.0008,-0.0357442477889814));
#1597=DIRECTION('',(-0.707106781186548,0.,-0.707106781186548));
#1598=VECTOR('',#1597,1.);
#1599=LINE('',#1596,#1598);
#1600=CARTESIAN_POINT('',(0.0272589664147404,0.0008,-0.0357442477889814));
#1601=VERTEX_POINT('',#1600);
#1602=EDGE_CURVE('',#1601,#1591,#1599,.T.);
#1603=ORIENTED_EDGE('',*,*,#1602,.F.);
#1604=CARTESIAN_POINT('',(0.0265518596335538,0.0008,-0.0350371410077949));
#1605=DIRECTION('',(0.707106781186541,0.,-0.707106781186554));
#1606=VECTOR('',#1605,1.);
#1607=LINE('',#1604,#1606);
#1608=CARTESIAN_POINT('',(0.0265518596335538,0.0008,-0.0350371410077949));
#1609=VERTEX_POINT('',#1608);
#1610=EDGE_CURVE('',#1609,#1601,#1607,.T.);
#1611=ORIENTED_EDGE('',*,*,#1610,.F.);
#1612=CARTESIAN_POINT('',(0.0265518596335538,0.0008,-0.0350371410077949));
#1613=DIRECTION('',(0.707106781186548,0.,0.707106781186548));
#1614=VECTOR('',#1613,1.);
#1615=LINE('',#1612,#1614);
#1616=CARTESIAN_POINT('',(0.0258447528523673,0.0008,-0.0357442477889814));
#1617=VERTEX_POINT('',#1616);
#1618=EDGE_CURVE('',#1617,#1609,#1615,.T.);
#1619=ORIENTED_EDGE('',*,*,#1618,.F.);
#1620=CARTESIAN_POINT('',(0.0251376460711807,0.0008,-0.0350371410077949));
#1621=DIRECTION('',(0.707106781186548,0.,-0.707106781186548));
#1622=VECTOR('',#1621,1.);
#1623=LINE('',#1620,#1622);
#1624=CARTESIAN_POINT('',(0.0251376460711807,0.0008,-0.0350371410077949));
#1625=VERTEX_POINT('',#1624);
#1626=EDGE_CURVE('',#1625,#1617,#1623,.T.);
#1627=ORIENTED_EDGE('',*,*,#1626,.F.);
#1628=CARTESIAN_POINT('',(0.0251376460711807,0.0008,-0.0350371410077949));
#1629=DIRECTION('',(0.707106781186548,0.,0.707106781186548));
#1630=VECTOR('',#1629,1.);
#1631=LINE('',#1628,#1630);
#1632=CARTESIAN_POINT('',(0.0244305392899942,0.0008,-0.0357442477889814));
#1633=VERTEX_POINT('',#1632);
#1634=EDGE_CURVE('',#1633,#1625,#1631,.T.);
#1635=ORIENTED_EDGE('',*,*,#1634,.F.);
#1636=CARTESIAN_POINT('',(0.0244305392899942,0.0008,-0.0357442477889814));
#1637=DIRECTION('',(-0.707106781186548,0.,0.707106781186548));
#1638=VECTOR('',#1637,1.);
#1639=LINE('',#1636,#1638);
#1640=CARTESIAN_POINT('',(0.0251376460711807,0.0008,-0.036451354570168));
#1641=VERTEX_POINT('',#1640);
#1642=EDGE_CURVE('',#1641,#1633,#1639,.T.);
#1643=ORIENTED_EDGE('',*,*,#1642,.F.);
#1644=CARTESIAN_POINT('',(0.0251376460711807,0.0008,-0.036451354570168));
#1645=DIRECTION('',(0.707106781186548,0.,0.707106781186548));
#1646=VECTOR('',#1645,1.);
#1647=LINE('',#1644,#1646);
#1648=CARTESIAN_POINT('',(0.0244305392899942,0.0008,-0.0371584613513545));
#1649=VERTEX_POINT('',#1648);
#1650=EDGE_CURVE('',#1649,#1641,#1647,.T.);
#1651=ORIENTED_EDGE('',*,*,#1650,.F.);
#1652=CARTESIAN_POINT('',(0.0244305392899942,0.0008,-0.0371584613513545));
#1653=DIRECTION('',(-0.707106781186554,0.,0.707106781186541));
#1654=VECTOR('',#1653,1.);
#1655=LINE('',#1652,#1654);
#1656=CARTESIAN_POINT('',(0.0251376460711807,0.0008,-0.0378655681325411));
#1657=VERTEX_POINT('',#1656);
#1658=EDGE_CURVE('',#1657,#1649,#1655,.T.);
#1659=ORIENTED_EDGE('',*,*,#1658,.F.);
#1660=CARTESIAN_POINT('',(0.0258447528523673,0.0008,-0.0371584613513545));
#1661=DIRECTION('',(-0.707106781186548,0.,-0.707106781186548));
#1662=VECTOR('',#1661,1.);
#1663=LINE('',#1660,#1662);
#1664=CARTESIAN_POINT('',(0.0258447528523673,0.0008,-0.0371584613513545));
#1665=VERTEX_POINT('',#1664);
#1666=EDGE_CURVE('',#1665,#1657,#1663,.T.);
#1667=ORIENTED_EDGE('',*,*,#1666,.F.);
#1668=CARTESIAN_POINT('',(0.0258447528523673,0.0008,-0.0371584613513545));
#1669=DIRECTION('',(-0.707106781186548,0.,0.707106781186548));
#1670=VECTOR('',#1669,1.);
#1671=LINE('',#1668,#1670);
#1672=CARTESIAN_POINT('',(0.0265518596335538,0.0008,-0.0378655681325411));
#1673=VERTEX_POINT('',#1672);
#1674=EDGE_CURVE('',#1673,#1665,#1671,.T.);
#1675=ORIENTED_EDGE('',*,*,#1674,.F.);
#1676=CARTESIAN_POINT('',(0.0272589664147404,0.0008,-0.0371584613513545));
#1677=DIRECTION('',(-0.707106781186548,0.,-0.707106781186548));
#1678=VECTOR('',#1677,1.);
#1679=LINE('',#1676,#1678);
#1680=EDGE_CURVE('',#1593,#1673,#1679,.T.);
#1681=ORIENTED_EDGE('',*,*,#1680,.F.);
#1682=EDGE_LOOP('',(#1595,#1603,#1611,#1619,#1627,#1635,#1643,#1651,#1659,#1667,#1675,#1681));
#1683=FACE_BOUND('',#1682,.T.);
#1684=CARTESIAN_POINT('',(0.0371584613513521,0.0008,-0.0244305392899966));
#1685=DIRECTION('',(0.707106781186548,0.,0.707106781186548));
#1686=VECTOR('',#1685,1.);
#1687=LINE('',#1684,#1686);
#1688=CARTESIAN_POINT('',(0.0350371410077925,0.0008,-0.0265518596335563));
#1689=VERTEX_POINT('',#1688);
#1690=CARTESIAN_POINT('',(0.0371584613513521,0.0008,-0.0244305392899966));
#1691=VERTEX_POINT('',#1690);
#1692=EDGE_CURVE('',#1689,#1691,#1687,.T.);
#1693=ORIENTED_EDGE('',*,*,#1692,.F.);
#1694=CARTESIAN_POINT('',(0.0350371410077925,0.0008,-0.0265518596335563));
#1695=DIRECTION('',(-0.707106781186546,0.,0.707106781186549));
#1696=VECTOR('',#1695,1.);
#1697=LINE('',#1694,#1696);
#1698=CARTESIAN_POINT('',(0.035744247788979,0.0008,-0.0272589664147428));
#1699=VERTEX_POINT('',#1698);
#1700=EDGE_CURVE('',#1699,#1689,#1697,.T.);
#1701=ORIENTED_EDGE('',*,*,#1700,.F.);
#1702=CARTESIAN_POINT('',(0.0378655681325387,0.0008,-0.0251376460711832));
#1703=DIRECTION('',(-0.707106781186549,0.,-0.707106781186546));
#1704=VECTOR('',#1703,1.);
#1705=LINE('',#1702,#1704);
#1706=CARTESIAN_POINT('',(0.0378655681325387,0.0008,-0.0251376460711832));
#1707=VERTEX_POINT('',#1706);
#1708=EDGE_CURVE('',#1707,#1699,#1705,.T.);
#1709=ORIENTED_EDGE('',*,*,#1708,.F.);
#1710=CARTESIAN_POINT('',(0.0371584613513521,0.0008,-0.0244305392899966));
#1711=DIRECTION('',(0.707106781186549,0.,-0.707106781186546));
#1712=VECTOR('',#1711,1.);
#1713=LINE('',#1710,#1712);
#1714=EDGE_CURVE('',#1691,#1707,#1713,.T.);
#1715=ORIENTED_EDGE('',*,*,#1714,.F.);
#1716=EDGE_LOOP('',(#1693,#1701,#1709,#1715));
#1717=FACE_BOUND('',#1716,.T.);
#1718=CARTESIAN_POINT('',(-0.0212485587746569,0.0008,0.0290267333677089));
#1719=DIRECTION('',(-0.707106781186547,0.,0.707106781186548));
#1720=VECTOR('',#1719,1.);
#1721=LINE('',#1718,#1720);
#1722=CARTESIAN_POINT('',(-0.0212485587746569,0.0008,0.0290267333677089));
#1723=VERTEX_POINT('',#1722);
#1724=CARTESIAN_POINT('',(-0.0240769858994031,0.0008,0.0318551604924551));
#1725=VERTEX_POINT('',#1724);
#1726=EDGE_CURVE('',#1723,#1725,#1721,.T.);
#1727=ORIENTED_EDGE('',*,*,#1726,.F.);
#1728=CARTESIAN_POINT('',(-0.0205414519934704,0.0008,0.0297338401488955));
#1729=DIRECTION('',(0.,1.,0.));
#1730=DIRECTION('',(0.,0.,1.));
#1731=AXIS2_PLACEMENT_3D('',#1728,#1729,#1730);
#1732=CIRCLE('',#1731,0.00100000000000002);
#1733=CARTESIAN_POINT('',(-0.0198343452122838,0.0008,0.0290267333677089));
#1734=VERTEX_POINT('',#1733);
#1735=EDGE_CURVE('',#1734,#1723,#1732,.T.);
#1736=ORIENTED_EDGE('',*,*,#1735,.F.);
#1737=CARTESIAN_POINT('',(-0.0198343452122838,0.0008,0.0290267333677089));
#1738=DIRECTION('',(-0.707106781186548,0.,-0.707106781186548));
#1739=VECTOR('',#1738,1.);
#1740=LINE('',#1737,#1739);
#1741=CARTESIAN_POINT('',(-0.0184201316499107,0.0008,0.030440946930082));
#1742=VERTEX_POINT('',#1741);
#1743=EDGE_CURVE('',#1742,#1734,#1740,.T.);
#1744=ORIENTED_EDGE('',*,*,#1743,.F.);
#1745=CARTESIAN_POINT('',(-0.0191272384310973,0.0008,0.0311480537112686));
#1746=DIRECTION('',(0.,1.,0.));
#1747=DIRECTION('',(0.,0.,1.));
#1748=AXIS2_PLACEMENT_3D('',#1745,#1746,#1747);
#1749=CIRCLE('',#1748,0.00100000000000002);
#1750=CARTESIAN_POINT('',(-0.0184201316499107,0.0008,0.0318551604924551));
#1751=VERTEX_POINT('',#1750);
#1752=EDGE_CURVE('',#1751,#1742,#1749,.T.);
#1753=ORIENTED_EDGE('',*,*,#1752,.F.);
#1754=CARTESIAN_POINT('',(-0.0184201316499107,0.0008,0.0318551604924551));
#1755=DIRECTION('',(0.707106781186548,0.,-0.707106781186547));
#1756=VECTOR('',#1755,1.);
#1757=LINE('',#1754,#1756);
#1758=CARTESIAN_POINT('',(-0.0212485587746569,0.0008,0.0346835876172013));
#1759=VERTEX_POINT('',#1758);
#1760=EDGE_CURVE('',#1759,#1751,#1757,.T.);
#1761=ORIENTED_EDGE('',*,*,#1760,.F.);
#1762=CARTESIAN_POINT('',(-0.0219556655558435,0.0008,0.0339764808360147));
#1763=DIRECTION('',(0.,1.,0.));
#1764=DIRECTION('',(0.,0.,1.));
#1765=AXIS2_PLACEMENT_3D('',#1762,#1763,#1764);
#1766=CIRCLE('',#1765,0.00100000000000001);
#1767=CARTESIAN_POINT('',(-0.02266277233703,0.0008,0.0346835876172013));
#1768=VERTEX_POINT('',#1767);
#1769=EDGE_CURVE('',#1768,#1759,#1766,.T.);
#1770=ORIENTED_EDGE('',*,*,#1769,.F.);
#1771=CARTESIAN_POINT('',(-0.0240769858994031,0.0008,0.0332693740548282));
#1772=DIRECTION('',(0.707106781186547,0.,0.707106781186548));
#1773=VECTOR('',#1772,1.);
#1774=LINE('',#1771,#1773);
#1775=CARTESIAN_POINT('',(-0.0240769858994031,0.0008,0.0332693740548282));
#1776=VERTEX_POINT('',#1775);
#1777=EDGE_CURVE('',#1776,#1768,#1774,.T.);
#1778=ORIENTED_EDGE('',*,*,#1777,.F.);
#1779=CARTESIAN_POINT('',(-0.0233698791182166,0.0008,0.0325622672736417));
#1780=DIRECTION('',(0.,1.,0.));
#1781=DIRECTION('',(0.,0.,1.));
#1782=AXIS2_PLACEMENT_3D('',#1779,#1780,#1781);
#1783=CIRCLE('',#1782,0.001);
#1784=EDGE_CURVE('',#1725,#1776,#1783,.T.);
#1785=ORIENTED_EDGE('',*,*,#1784,.F.);
#1786=EDGE_LOOP('',(#1727,#1736,#1744,#1753,#1761,#1770,#1778,#1785));
#1787=FACE_BOUND('',#1786,.T.);
#1788=CARTESIAN_POINT('',(0.0184201316499086,0.0008,0.0318551604924551));
#1789=DIRECTION('',(0.707106781186548,0.,0.707106781186547));
#1790=VECTOR('',#1789,1.);
#1791=LINE('',#1788,#1790);
#1792=CARTESIAN_POINT('',(0.0184201316499086,0.0008,0.0318551604924551));
#1793=VERTEX_POINT('',#1792);
#1794=CARTESIAN_POINT('',(0.0212485587746548,0.0008,0.0346835876172013));
#1795=VERTEX_POINT('',#1794);
#1796=EDGE_CURVE('',#1793,#1795,#1791,.T.);
#1797=ORIENTED_EDGE('',*,*,#1796,.F.);
#1798=CARTESIAN_POINT('',(0.0191272384310951,0.0008,0.0311480537112685));
#1799=DIRECTION('',(0.,1.,0.));
#1800=DIRECTION('',(0.,0.,1.));
#1801=AXIS2_PLACEMENT_3D('',#1798,#1799,#1800);
#1802=CIRCLE('',#1801,0.00100000000000001);
#1803=CARTESIAN_POINT('',(0.0184201316499086,0.0008,0.030440946930082));
#1804=VERTEX_POINT('',#1803);
#1805=EDGE_CURVE('',#1804,#1793,#1802,.T.);
#1806=ORIENTED_EDGE('',*,*,#1805,.F.);
#1807=CARTESIAN_POINT('',(0.0184201316499086,0.0008,0.030440946930082));
#1808=DIRECTION('',(-0.707106781186553,0.,0.707106781186542));
#1809=VECTOR('',#1808,1.);
#1810=LINE('',#1807,#1809);
#1811=CARTESIAN_POINT('',(0.0198343452122817,0.0008,0.029026733367709));
#1812=VERTEX_POINT('',#1811);
#1813=EDGE_CURVE('',#1812,#1804,#1810,.T.);
#1814=ORIENTED_EDGE('',*,*,#1813,.F.);
#1815=CARTESIAN_POINT('',(0.0205414519934682,0.0008,0.0297338401488955));
#1816=DIRECTION('',(0.,1.,0.));
#1817=DIRECTION('',(0.,0.,1.));
#1818=AXIS2_PLACEMENT_3D('',#1815,#1816,#1817);
#1819=CIRCLE('',#1818,0.00100000000000002);
#1820=CARTESIAN_POINT('',(0.0212485587746548,0.0008,0.0290267333677089));
#1821=VERTEX_POINT('',#1820);
#1822=EDGE_CURVE('',#1821,#1812,#1819,.T.);
#1823=ORIENTED_EDGE('',*,*,#1822,.F.);
#1824=CARTESIAN_POINT('',(0.0212485587746548,0.0008,0.029026733367709));
#1825=DIRECTION('',(-0.707106781186548,0.,-0.707106781186547));
#1826=VECTOR('',#1825,1.);
#1827=LINE('',#1824,#1826);
#1828=CARTESIAN_POINT('',(0.0240769858994009,0.0008,0.0318551604924551));
#1829=VERTEX_POINT('',#1828);
#1830=EDGE_CURVE('',#1829,#1821,#1827,.T.);
#1831=ORIENTED_EDGE('',*,*,#1830,.F.);
#1832=CARTESIAN_POINT('',(0.0233698791182144,0.0008,0.0325622672736417));
#1833=DIRECTION('',(0.,1.,0.));
#1834=DIRECTION('',(0.,0.,1.));
#1835=AXIS2_PLACEMENT_3D('',#1832,#1833,#1834);
#1836=CIRCLE('',#1835,0.00100000000000002);
#1837=CARTESIAN_POINT('',(0.0240769858994009,0.0008,0.0332693740548282));
#1838=VERTEX_POINT('',#1837);
#1839=EDGE_CURVE('',#1838,#1829,#1836,.T.);
#1840=ORIENTED_EDGE('',*,*,#1839,.F.);
#1841=CARTESIAN_POINT('',(0.0226627723370279,0.0008,0.0346835876172013));
#1842=DIRECTION('',(0.707106781186551,0.,-0.707106781186544));
#1843=VECTOR('',#1842,1.);
#1844=LINE('',#1841,#1843);
#1845=CARTESIAN_POINT('',(0.0226627723370279,0.0008,0.0346835876172013));
#1846=VERTEX_POINT('',#1845);
#1847=EDGE_CURVE('',#1846,#1838,#1844,.T.);
#1848=ORIENTED_EDGE('',*,*,#1847,.F.);
#1849=CARTESIAN_POINT('',(0.0219556655558413,0.0008,0.0339764808360147));
#1850=DIRECTION('',(0.,1.,0.));
#1851=DIRECTION('',(0.,0.,1.));
#1852=AXIS2_PLACEMENT_3D('',#1849,#1850,#1851);
#1853=CIRCLE('',#1852,0.001);
#1854=EDGE_CURVE('',#1795,#1846,#1853,.T.);
#1855=ORIENTED_EDGE('',*,*,#1854,.F.);
#1856=EDGE_LOOP('',(#1797,#1806,#1814,#1823,#1831,#1840,#1848,#1855));
#1857=FACE_BOUND('',#1856,.T.);
#1858=CARTESIAN_POINT('',(-0.0318551604924551,0.0008,0.0184201316499107));
#1859=DIRECTION('',(-0.707106781186548,0.,0.707106781186547));
#1860=VECTOR('',#1859,1.);
#1861=LINE('',#1858,#1860);
#1862=CARTESIAN_POINT('',(-0.0318551604924551,0.0008,0.0184201316499107));
#1863=VERTEX_POINT('',#1862);
#1864=CARTESIAN_POINT('',(-0.0346835876172013,0.0008,0.0212485587746569));
#1865=VERTEX_POINT('',#1864);
#1866=EDGE_CURVE('',#1863,#1865,#1861,.T.);
#1867=ORIENTED_EDGE('',*,*,#1866,.F.);
#1868=CARTESIAN_POINT('',(-0.0311480537112686,0.0008,0.0191272384310972));
#1869=DIRECTION('',(0.,1.,0.));
#1870=DIRECTION('',(0.,0.,1.));
#1871=AXIS2_PLACEMENT_3D('',#1868,#1869,#1870);
#1872=CIRCLE('',#1871,0.000999999999999995);
#1873=CARTESIAN_POINT('',(-0.030440946930082,0.0008,0.0184201316499107));
#1874=VERTEX_POINT('',#1873);
#1875=EDGE_CURVE('',#1874,#1863,#1872,.T.);
#1876=ORIENTED_EDGE('',*,*,#1875,.F.);
#1877=CARTESIAN_POINT('',(-0.030440946930082,0.0008,0.0184201316499107));
#1878=DIRECTION('',(-0.707106781186548,0.,-0.707106781186547));
#1879=VECTOR('',#1878,1.);
#1880=LINE('',#1877,#1879);
#1881=CARTESIAN_POINT('',(-0.0290267333677089,0.0008,0.0198343452122838));
#1882=VERTEX_POINT('',#1881);
#1883=EDGE_CURVE('',#1882,#1874,#1880,.T.);
#1884=ORIENTED_EDGE('',*,*,#1883,.F.);
#1885=CARTESIAN_POINT('',(-0.0297338401488955,0.0008,0.0205414519934703));
#1886=DIRECTION('',(0.,1.,0.));
#1887=DIRECTION('',(0.,0.,1.));
#1888=AXIS2_PLACEMENT_3D('',#1885,#1886,#1887);
#1889=CIRCLE('',#1888,0.000999999999999999);
#1890=CARTESIAN_POINT('',(-0.0290267333677089,0.0008,0.0212485587746569));
#1891=VERTEX_POINT('',#1890);
#1892=EDGE_CURVE('',#1891,#1882,#1889,.T.);
#1893=ORIENTED_EDGE('',*,*,#1892,.F.);
#1894=CARTESIAN_POINT('',(-0.0290267333677089,0.0008,0.0212485587746569));
#1895=DIRECTION('',(0.707106781186547,0.,-0.707106781186548));
#1896=VECTOR('',#1895,1.);
#1897=LINE('',#1894,#1896);
#1898=CARTESIAN_POINT('',(-0.0318551604924551,0.0008,0.0240769858994031));
#1899=VERTEX_POINT('',#1898);
#1900=EDGE_CURVE('',#1899,#1891,#1897,.T.);
#1901=ORIENTED_EDGE('',*,*,#1900,.F.);
#1902=CARTESIAN_POINT('',(-0.0325622672736417,0.0008,0.0233698791182165));
#1903=DIRECTION('',(0.,1.,0.));
#1904=DIRECTION('',(0.,0.,1.));
#1905=AXIS2_PLACEMENT_3D('',#1902,#1903,#1904);
#1906=CIRCLE('',#1905,0.00100000000000004);
#1907=CARTESIAN_POINT('',(-0.0332693740548282,0.0008,0.0240769858994031));
#1908=VERTEX_POINT('',#1907);
#1909=EDGE_CURVE('',#1908,#1899,#1906,.T.);
#1910=ORIENTED_EDGE('',*,*,#1909,.F.);
#1911=CARTESIAN_POINT('',(-0.0346835876172013,0.0008,0.02266277233703));
#1912=DIRECTION('',(0.707106781186547,0.,0.707106781186548));
#1913=VECTOR('',#1912,1.);
#1914=LINE('',#1911,#1913);
#1915=CARTESIAN_POINT('',(-0.0346835876172013,0.0008,0.02266277233703));
#1916=VERTEX_POINT('',#1915);
#1917=EDGE_CURVE('',#1916,#1908,#1914,.T.);
#1918=ORIENTED_EDGE('',*,*,#1917,.F.);
#1919=CARTESIAN_POINT('',(-0.0339764808360148,0.0008,0.0219556655558434));
#1920=DIRECTION('',(0.,1.,0.));
#1921=DIRECTION('',(0.,0.,1.));
#1922=AXIS2_PLACEMENT_3D('',#1919,#1920,#1921);
#1923=CIRCLE('',#1922,0.00100000000000001);
#1924=EDGE_CURVE('',#1865,#1916,#1923,.T.);
#1925=ORIENTED_EDGE('',*,*,#1924,.F.);
#1926=EDGE_LOOP('',(#1867,#1876,#1884,#1893,#1901,#1910,#1918,#1925));
#1927=FACE_BOUND('',#1926,.T.);
#1928=CARTESIAN_POINT('',(-0.0290267333677089,0.0008,-0.0212485587746548));
#1929=DIRECTION('',(-0.707106781186548,0.,-0.707106781186548));
#1930=VECTOR('',#1929,1.);
#1931=LINE('',#1928,#1930);
#1932=CARTESIAN_POINT('',(-0.0290267333677089,0.0008,-0.0212485587746548));
#1933=VERTEX_POINT('',#1932);
#1934=CARTESIAN_POINT('',(-0.0318551604924551,0.0008,-0.024076985899401));
#1935=VERTEX_POINT('',#1934);
#1936=EDGE_CURVE('',#1933,#1935,#1931,.T.);
#1937=ORIENTED_EDGE('',*,*,#1936,.F.);
#1938=CARTESIAN_POINT('',(-0.0297338401488955,0.0008,-0.0205414519934682));
#1939=DIRECTION('',(0.,1.,0.));
#1940=DIRECTION('',(0.,0.,1.));
#1941=AXIS2_PLACEMENT_3D('',#1938,#1939,#1940);
#1942=CIRCLE('',#1941,0.00100000000000002);
#1943=CARTESIAN_POINT('',(-0.0290267333677089,0.0008,-0.0198343452122817));
#1944=VERTEX_POINT('',#1943);
#1945=EDGE_CURVE('',#1944,#1933,#1942,.T.);
#1946=ORIENTED_EDGE('',*,*,#1945,.F.);
#1947=CARTESIAN_POINT('',(-0.0290267333677089,0.0008,-0.0198343452122817));
#1948=DIRECTION('',(0.707106781186547,0.,-0.707106781186548));
#1949=VECTOR('',#1948,1.);
#1950=LINE('',#1947,#1949);
#1951=CARTESIAN_POINT('',(-0.030440946930082,0.0008,-0.0184201316499086));
#1952=VERTEX_POINT('',#1951);
#1953=EDGE_CURVE('',#1952,#1944,#1950,.T.);
#1954=ORIENTED_EDGE('',*,*,#1953,.F.);
#1955=CARTESIAN_POINT('',(-0.0311480537112686,0.0008,-0.0191272384310952));
#1956=DIRECTION('',(0.,1.,0.));
#1957=DIRECTION('',(0.,0.,1.));
#1958=AXIS2_PLACEMENT_3D('',#1955,#1956,#1957);
#1959=CIRCLE('',#1958,0.00100000000000002);
#1960=CARTESIAN_POINT('',(-0.0318551604924551,0.0008,-0.0184201316499086));
#1961=VERTEX_POINT('',#1960);
#1962=EDGE_CURVE('',#1961,#1952,#1959,.T.);
#1963=ORIENTED_EDGE('',*,*,#1962,.F.);
#1964=CARTESIAN_POINT('',(-0.0318551604924551,0.0008,-0.0184201316499086));
#1965=DIRECTION('',(0.707106781186548,0.,0.707106781186548));
#1966=VECTOR('',#1965,1.);
#1967=LINE('',#1964,#1966);
#1968=CARTESIAN_POINT('',(-0.0346835876172013,0.0008,-0.0212485587746548));
#1969=VERTEX_POINT('',#1968);
#1970=EDGE_CURVE('',#1969,#1961,#1967,.T.);
#1971=ORIENTED_EDGE('',*,*,#1970,.F.);
#1972=CARTESIAN_POINT('',(-0.0339764808360148,0.0008,-0.0219556655558414));
#1973=DIRECTION('',(0.,1.,0.));
#1974=DIRECTION('',(0.,0.,1.));
#1975=AXIS2_PLACEMENT_3D('',#1972,#1973,#1974);
#1976=CIRCLE('',#1975,0.00100000000000001);
#1977=CARTESIAN_POINT('',(-0.0346835876172013,0.0008,-0.0226627723370279));
#1978=VERTEX_POINT('',#1977);
#1979=EDGE_CURVE('',#1978,#1969,#1976,.T.);
#1980=ORIENTED_EDGE('',*,*,#1979,.F.);
#1981=CARTESIAN_POINT('',(-0.0332693740548282,0.0008,-0.024076985899401));
#1982=DIRECTION('',(-0.707106781186549,0.,0.707106781186546));
#1983=VECTOR('',#1982,1.);
#1984=LINE('',#1981,#1983);
#1985=CARTESIAN_POINT('',(-0.0332693740548282,0.0008,-0.024076985899401));
#1986=VERTEX_POINT('',#1985);
#1987=EDGE_CURVE('',#1986,#1978,#1984,.T.);
#1988=ORIENTED_EDGE('',*,*,#1987,.F.);
#1989=CARTESIAN_POINT('',(-0.0325622672736417,0.0008,-0.0233698791182144));
#1990=DIRECTION('',(0.,1.,0.));
#1991=DIRECTION('',(0.,0.,1.));
#1992=AXIS2_PLACEMENT_3D('',#1989,#1990,#1991);
#1993=CIRCLE('',#1992,0.001);
#1994=EDGE_CURVE('',#1935,#1986,#1993,.T.);
#1995=ORIENTED_EDGE('',*,*,#1994,.F.);
#1996=EDGE_LOOP('',(#1937,#1946,#1954,#1963,#1971,#1980,#1988,#1995));
#1997=FACE_BOUND('',#1996,.T.);
#1998=CARTESIAN_POINT('',(-0.0184201316499107,0.0008,-0.031855160492453));
#1999=DIRECTION('',(-0.70710678118655,0.,-0.707106781186545));
#2000=VECTOR('',#1999,1.);
#2001=LINE('',#1998,#2000);
#2002=CARTESIAN_POINT('',(-0.0184201316499107,0.0008,-0.031855160492453));
#2003=VERTEX_POINT('',#2002);
#2004=CARTESIAN_POINT('',(-0.0212485587746568,0.0008,-0.0346835876171991));
#2005=VERTEX_POINT('',#2004);
#2006=EDGE_CURVE('',#2003,#2005,#2001,.T.);
#2007=ORIENTED_EDGE('',*,*,#2006,.F.);
#2008=CARTESIAN_POINT('',(-0.0191272384310973,0.0008,-0.0311480537112665));
#2009=DIRECTION('',(0.,1.,0.));
#2010=DIRECTION('',(0.,0.,1.));
#2011=AXIS2_PLACEMENT_3D('',#2008,#2009,#2010);
#2012=CIRCLE('',#2011,0.000999999999999998);
#2013=CARTESIAN_POINT('',(-0.0184201316499107,0.0008,-0.0304409469300799));
#2014=VERTEX_POINT('',#2013);
#2015=EDGE_CURVE('',#2014,#2003,#2012,.T.);
#2016=ORIENTED_EDGE('',*,*,#2015,.F.);
#2017=CARTESIAN_POINT('',(-0.0184201316499107,0.0008,-0.0304409469300799));
#2018=DIRECTION('',(0.707106781186546,0.,-0.707106781186549));
#2019=VECTOR('',#2018,1.);
#2020=LINE('',#2017,#2019);
#2021=CARTESIAN_POINT('',(-0.0198343452122838,0.0008,-0.0290267333677068));
#2022=VERTEX_POINT('',#2021);
#2023=EDGE_CURVE('',#2022,#2014,#2020,.T.);
#2024=ORIENTED_EDGE('',*,*,#2023,.F.);
#2025=CARTESIAN_POINT('',(-0.0205414519934703,0.0008,-0.0297338401488934));
#2026=DIRECTION('',(0.,1.,0.));
#2027=DIRECTION('',(0.,0.,1.));
#2028=AXIS2_PLACEMENT_3D('',#2025,#2026,#2027);
#2029=CIRCLE('',#2028,0.001);
#2030=CARTESIAN_POINT('',(-0.0212485587746569,0.0008,-0.0290267333677068));
#2031=VERTEX_POINT('',#2030);
#2032=EDGE_CURVE('',#2031,#2022,#2029,.T.);
#2033=ORIENTED_EDGE('',*,*,#2032,.F.);
#2034=CARTESIAN_POINT('',(-0.0212485587746569,0.0008,-0.0290267333677068));
#2035=DIRECTION('',(0.707106781186547,0.,0.707106781186548));
#2036=VECTOR('',#2035,1.);
#2037=LINE('',#2034,#2036);
#2038=CARTESIAN_POINT('',(-0.0240769858994031,0.0008,-0.031855160492453));
#2039=VERTEX_POINT('',#2038);
#2040=EDGE_CURVE('',#2039,#2031,#2037,.T.);
#2041=ORIENTED_EDGE('',*,*,#2040,.F.);
#2042=CARTESIAN_POINT('',(-0.0233698791182165,0.0008,-0.0325622672736396));
#2043=DIRECTION('',(0.,1.,0.));
#2044=DIRECTION('',(0.,0.,1.));
#2045=AXIS2_PLACEMENT_3D('',#2042,#2043,#2044);
#2046=CIRCLE('',#2045,0.00100000000000004);
#2047=CARTESIAN_POINT('',(-0.0240769858994031,0.0008,-0.0332693740548261));
#2048=VERTEX_POINT('',#2047);
#2049=EDGE_CURVE('',#2048,#2039,#2046,.T.);
#2050=ORIENTED_EDGE('',*,*,#2049,.F.);
#2051=CARTESIAN_POINT('',(-0.02266277233703,0.0008,-0.0346835876171992));
#2052=DIRECTION('',(-0.707106781186548,0.,0.707106781186547));
#2053=VECTOR('',#2052,1.);
#2054=LINE('',#2051,#2053);
#2055=CARTESIAN_POINT('',(-0.02266277233703,0.0008,-0.0346835876171992));
#2056=VERTEX_POINT('',#2055);
#2057=EDGE_CURVE('',#2056,#2048,#2054,.T.);
#2058=ORIENTED_EDGE('',*,*,#2057,.F.);
#2059=CARTESIAN_POINT('',(-0.0219556655558435,0.0008,-0.0339764808360127));
#2060=DIRECTION('',(0.,1.,0.));
#2061=DIRECTION('',(0.,0.,1.));
#2062=AXIS2_PLACEMENT_3D('',#2059,#2060,#2061);
#2063=CIRCLE('',#2062,0.001);
#2064=EDGE_CURVE('',#2005,#2056,#2063,.T.);
#2065=ORIENTED_EDGE('',*,*,#2064,.F.);
#2066=EDGE_LOOP('',(#2007,#2016,#2024,#2033,#2041,#2050,#2058,#2065));
#2067=FACE_BOUND('',#2066,.T.);
#2068=CARTESIAN_POINT('',(0.0212485587746548,0.0008,-0.0290267333677068));
#2069=DIRECTION('',(0.707106781186547,0.,-0.707106781186548));
#2070=VECTOR('',#2069,1.);
#2071=LINE('',#2068,#2070);
#2072=CARTESIAN_POINT('',(0.0212485587746548,0.0008,-0.0290267333677068));
#2073=VERTEX_POINT('',#2072);
#2074=CARTESIAN_POINT('',(0.024076985899401,0.0008,-0.031855160492453));
#2075=VERTEX_POINT('',#2074);
#2076=EDGE_CURVE('',#2073,#2075,#2071,.T.);
#2077=ORIENTED_EDGE('',*,*,#2076,.F.);
#2078=CARTESIAN_POINT('',(0.0205414519934682,0.0008,-0.0297338401488934));
#2079=DIRECTION('',(0.,1.,0.));
#2080=DIRECTION('',(0.,0.,1.));
#2081=AXIS2_PLACEMENT_3D('',#2078,#2079,#2080);
#2082=CIRCLE('',#2081,0.00100000000000002);
#2083=CARTESIAN_POINT('',(0.0198343452122817,0.0008,-0.0290267333677068));
#2084=VERTEX_POINT('',#2083);
#2085=EDGE_CURVE('',#2084,#2073,#2082,.T.);
#2086=ORIENTED_EDGE('',*,*,#2085,.F.);
#2087=CARTESIAN_POINT('',(0.0198343452122817,0.0008,-0.0290267333677068));
#2088=DIRECTION('',(0.707106781186548,0.,0.707106781186547));
#2089=VECTOR('',#2088,1.);
#2090=LINE('',#2087,#2089);
#2091=CARTESIAN_POINT('',(0.0184201316499086,0.0008,-0.0304409469300799));
#2092=VERTEX_POINT('',#2091);
#2093=EDGE_CURVE('',#2092,#2084,#2090,.T.);
#2094=ORIENTED_EDGE('',*,*,#2093,.F.);
#2095=CARTESIAN_POINT('',(0.0191272384310951,0.0008,-0.0311480537112665));
#2096=DIRECTION('',(0.,1.,0.));
#2097=DIRECTION('',(0.,0.,1.));
#2098=AXIS2_PLACEMENT_3D('',#2095,#2096,#2097);
#2099=CIRCLE('',#2098,0.00100000000000001);
#2100=CARTESIAN_POINT('',(0.0184201316499086,0.0008,-0.031855160492453));
#2101=VERTEX_POINT('',#2100);
#2102=EDGE_CURVE('',#2101,#2092,#2099,.T.);
#2103=ORIENTED_EDGE('',*,*,#2102,.F.);
#2104=CARTESIAN_POINT('',(0.0184201316499086,0.0008,-0.031855160492453));
#2105=DIRECTION('',(-0.707106781186547,0.,0.707106781186548));
#2106=VECTOR('',#2105,1.);
#2107=LINE('',#2104,#2106);
#2108=CARTESIAN_POINT('',(0.0212485587746548,0.0008,-0.0346835876171992));
#2109=VERTEX_POINT('',#2108);
#2110=EDGE_CURVE('',#2109,#2101,#2107,.T.);
#2111=ORIENTED_EDGE('',*,*,#2110,.F.);
#2112=CARTESIAN_POINT('',(0.0219556655558413,0.0008,-0.0339764808360127));
#2113=DIRECTION('',(0.,1.,0.));
#2114=DIRECTION('',(0.,0.,1.));
#2115=AXIS2_PLACEMENT_3D('',#2112,#2113,#2114);
#2116=CIRCLE('',#2115,0.00100000000000001);
#2117=CARTESIAN_POINT('',(0.0226627723370279,0.0008,-0.0346835876171992));
#2118=VERTEX_POINT('',#2117);
#2119=EDGE_CURVE('',#2118,#2109,#2116,.T.);
#2120=ORIENTED_EDGE('',*,*,#2119,.F.);
#2121=CARTESIAN_POINT('',(0.024076985899401,0.0008,-0.0332693740548261));
#2122=DIRECTION('',(-0.707106781186546,0.,-0.707106781186549));
#2123=VECTOR('',#2122,1.);
#2124=LINE('',#2121,#2123);
#2125=CARTESIAN_POINT('',(0.024076985899401,0.0008,-0.0332693740548261));
#2126=VERTEX_POINT('',#2125);
#2127=EDGE_CURVE('',#2126,#2118,#2124,.T.);
#2128=ORIENTED_EDGE('',*,*,#2127,.F.);
#2129=CARTESIAN_POINT('',(0.0233698791182144,0.0008,-0.0325622672736396));
#2130=DIRECTION('',(0.,1.,0.));
#2131=DIRECTION('',(0.,0.,1.));
#2132=AXIS2_PLACEMENT_3D('',#2129,#2130,#2131);
#2133=CIRCLE('',#2132,0.001);
#2134=EDGE_CURVE('',#2075,#2126,#2133,.T.);
#2135=ORIENTED_EDGE('',*,*,#2134,.F.);
#2136=EDGE_LOOP('',(#2077,#2086,#2094,#2103,#2111,#2120,#2128,#2135));
#2137=FACE_BOUND('',#2136,.T.);
#2138=CARTESIAN_POINT('',(0.031855160492453,0.0008,-0.0184201316499086));
#2139=DIRECTION('',(0.707106781186547,0.,-0.707106781186548));
#2140=VECTOR('',#2139,1.);
#2141=LINE('',#2138,#2140);
#2142=CARTESIAN_POINT('',(0.031855160492453,0.0008,-0.0184201316499086));
#2143=VERTEX_POINT('',#2142);
#2144=CARTESIAN_POINT('',(0.0346835876171992,0.0008,-0.0212485587746548));
#2145=VERTEX_POINT('',#2144);
#2146=EDGE_CURVE('',#2143,#2145,#2141,.T.);
#2147=ORIENTED_EDGE('',*,*,#2146,.F.);
#2148=CARTESIAN_POINT('',(0.0311480537112664,0.0008,-0.0191272384310952));
#2149=DIRECTION('',(0.,1.,0.));
#2150=DIRECTION('',(0.,0.,1.));
#2151=AXIS2_PLACEMENT_3D('',#2148,#2149,#2150);
#2152=CIRCLE('',#2151,0.000999999999999995);
#2153=CARTESIAN_POINT('',(0.0304409469300799,0.0008,-0.0184201316499086));
#2154=VERTEX_POINT('',#2153);
#2155=EDGE_CURVE('',#2154,#2143,#2152,.T.);
#2156=ORIENTED_EDGE('',*,*,#2155,.F.);
#2157=CARTESIAN_POINT('',(0.0304409469300799,0.0008,-0.0184201316499086));
#2158=DIRECTION('',(0.707106781186548,0.,0.707106781186548));
#2159=VECTOR('',#2158,1.);
#2160=LINE('',#2157,#2159);
#2161=CARTESIAN_POINT('',(0.0290267333677068,0.0008,-0.0198343452122817));
#2162=VERTEX_POINT('',#2161);
#2163=EDGE_CURVE('',#2162,#2154,#2160,.T.);
#2164=ORIENTED_EDGE('',*,*,#2163,.F.);
#2165=CARTESIAN_POINT('',(0.0297338401488934,0.0008,-0.0205414519934682));
#2166=DIRECTION('',(0.,1.,0.));
#2167=DIRECTION('',(0.,0.,1.));
#2168=AXIS2_PLACEMENT_3D('',#2165,#2166,#2167);
#2169=CIRCLE('',#2168,0.001);
#2170=CARTESIAN_POINT('',(0.0290267333677068,0.0008,-0.0212485587746548));
#2171=VERTEX_POINT('',#2170);
#2172=EDGE_CURVE('',#2171,#2162,#2169,.T.);
#2173=ORIENTED_EDGE('',*,*,#2172,.F.);
#2174=CARTESIAN_POINT('',(0.0290267333677068,0.0008,-0.0212485587746548));
#2175=DIRECTION('',(-0.707106781186547,0.,0.707106781186548));
#2176=VECTOR('',#2175,1.);
#2177=LINE('',#2174,#2176);
#2178=CARTESIAN_POINT('',(0.031855160492453,0.0008,-0.024076985899401));
#2179=VERTEX_POINT('',#2178);
#2180=EDGE_CURVE('',#2179,#2171,#2177,.T.);
#2181=ORIENTED_EDGE('',*,*,#2180,.F.);
#2182=CARTESIAN_POINT('',(0.0325622672736395,0.0008,-0.0233698791182144));
#2183=DIRECTION('',(0.,1.,0.));
#2184=DIRECTION('',(0.,0.,1.));
#2185=AXIS2_PLACEMENT_3D('',#2182,#2183,#2184);
#2186=CIRCLE('',#2185,0.00100000000000004);
#2187=CARTESIAN_POINT('',(0.0332693740548261,0.0008,-0.024076985899401));
#2188=VERTEX_POINT('',#2187);
#2189=EDGE_CURVE('',#2188,#2179,#2186,.T.);
#2190=ORIENTED_EDGE('',*,*,#2189,.F.);
#2191=CARTESIAN_POINT('',(0.0346835876171992,0.0008,-0.0226627723370279));
#2192=DIRECTION('',(-0.707106781186547,0.,-0.707106781186548));
#2193=VECTOR('',#2192,1.);
#2194=LINE('',#2191,#2193);
#2195=CARTESIAN_POINT('',(0.0346835876171992,0.0008,-0.0226627723370279));
#2196=VERTEX_POINT('',#2195);
#2197=EDGE_CURVE('',#2196,#2188,#2194,.T.);
#2198=ORIENTED_EDGE('',*,*,#2197,.F.);
#2199=CARTESIAN_POINT('',(0.0339764808360126,0.0008,-0.0219556655558414));
#2200=DIRECTION('',(0.,1.,0.));
#2201=DIRECTION('',(0.,0.,1.));
#2202=AXIS2_PLACEMENT_3D('',#2199,#2200,#2201);
#2203=CIRCLE('',#2202,0.001);
#2204=EDGE_CURVE('',#2145,#2196,#2203,.T.);
#2205=ORIENTED_EDGE('',*,*,#2204,.F.);
#2206=EDGE_LOOP('',(#2147,#2156,#2164,#2173,#2181,#2190,#2198,#2205));
#2207=FACE_BOUND('',#2206,.T.);
#2208=CARTESIAN_POINT('',(0.009,0.0008,-0.0395685989829789));
#2209=DIRECTION('',(-1.,0.,0.));
#2210=VECTOR('',#2209,1.);
#2211=LINE('',#2208,#2210);
#2212=CARTESIAN_POINT('',(0.009,0.0008,-0.0395685989829789));
#2213=VERTEX_POINT('',#2212);
#2214=CARTESIAN_POINT('',(0.007,0.0008,-0.0395685989829789));
#2215=VERTEX_POINT('',#2214);
#2216=EDGE_CURVE('',#2213,#2215,#2211,.T.);
#2217=ORIENTED_EDGE('',*,*,#2216,.F.);
#2218=CARTESIAN_POINT('',(0.009,0.0008,-0.0385685989829789));
#2219=DIRECTION('',(0.,1.,0.));
#2220=DIRECTION('',(0.,0.,1.));
#2221=AXIS2_PLACEMENT_3D('',#2218,#2219,#2220);
#2222=CIRCLE('',#2221,0.000999999999999998);
#2223=CARTESIAN_POINT('',(0.01,0.0008,-0.0385685989829789));
#2224=VERTEX_POINT('',#2223);
#2225=EDGE_CURVE('',#2224,#2213,#2222,.T.);
#2226=ORIENTED_EDGE('',*,*,#2225,.F.);
#2227=CARTESIAN_POINT('',(0.01,0.0008,-0.0385685989829789));
#2228=DIRECTION('',(0.,0.,-1.));
#2229=VECTOR('',#2228,1.);
#2230=LINE('',#2227,#2229);
#2231=CARTESIAN_POINT('',(0.00999999999999999,0.0008,-0.0345685989829789));
#2232=VERTEX_POINT('',#2231);
#2233=EDGE_CURVE('',#2232,#2224,#2230,.T.);
#2234=ORIENTED_EDGE('',*,*,#2233,.F.);
#2235=CARTESIAN_POINT('',(0.009,0.0008,-0.0345685989829789));
#2236=DIRECTION('',(0.,1.,0.));
#2237=DIRECTION('',(0.,0.,1.));
#2238=AXIS2_PLACEMENT_3D('',#2235,#2236,#2237);
#2239=CIRCLE('',#2238,0.000999999999999997);
#2240=CARTESIAN_POINT('',(0.009,0.0008,-0.0335685989829789));
#2241=VERTEX_POINT('',#2240);
#2242=EDGE_CURVE('',#2241,#2232,#2239,.T.);
#2243=ORIENTED_EDGE('',*,*,#2242,.F.);
#2244=CARTESIAN_POINT('',(0.009,0.0008,-0.0335685989829789));
#2245=DIRECTION('',(1.,0.,0.));
#2246=VECTOR('',#2245,1.);
#2247=LINE('',#2244,#2246);
#2248=CARTESIAN_POINT('',(0.007,0.0008,-0.0335685989829789));
#2249=VERTEX_POINT('',#2248);
#2250=EDGE_CURVE('',#2249,#2241,#2247,.T.);
#2251=ORIENTED_EDGE('',*,*,#2250,.F.);
#2252=CARTESIAN_POINT('',(0.007,0.0008,-0.0345685989829789));
#2253=DIRECTION('',(0.,1.,0.));
#2254=DIRECTION('',(0.,0.,1.));
#2255=AXIS2_PLACEMENT_3D('',#2252,#2253,#2254);
#2256=CIRCLE('',#2255,0.000999999999999995);
#2257=CARTESIAN_POINT('',(0.006,0.0008,-0.0345685989829789));
#2258=VERTEX_POINT('',#2257);
#2259=EDGE_CURVE('',#2258,#2249,#2256,.T.);
#2260=ORIENTED_EDGE('',*,*,#2259,.F.);
#2261=CARTESIAN_POINT('',(0.006,0.0008,-0.0345685989829789));
#2262=DIRECTION('',(4.33680868994201E-16,0.,1.));
#2263=VECTOR('',#2262,1.);
#2264=LINE('',#2261,#2263);
#2265=CARTESIAN_POINT('',(0.006,0.0008,-0.0385685989829789));
#2266=VERTEX_POINT('',#2265);
#2267=EDGE_CURVE('',#2266,#2258,#2264,.T.);
#2268=ORIENTED_EDGE('',*,*,#2267,.F.);
#2269=CARTESIAN_POINT('',(0.007,0.0008,-0.0385685989829789));
#2270=DIRECTION('',(0.,1.,0.));
#2271=DIRECTION('',(0.,0.,1.));
#2272=AXIS2_PLACEMENT_3D('',#2269,#2270,#2271);
#2273=CIRCLE('',#2272,0.000999999999999996);
#2274=EDGE_CURVE('',#2215,#2266,#2273,.T.);
#2275=ORIENTED_EDGE('',*,*,#2274,.F.);
#2276=EDGE_LOOP('',(#2217,#2226,#2234,#2243,#2251,#2260,#2268,#2275));
#2277=FACE_BOUND('',#2276,.T.);
#2278=CARTESIAN_POINT('',(-0.007,0.0008,-0.0395685989829789));
#2279=DIRECTION('',(-1.,0.,0.));
#2280=VECTOR('',#2279,1.);
#2281=LINE('',#2278,#2280);
#2282=CARTESIAN_POINT('',(-0.007,0.0008,-0.0395685989829789));
#2283=VERTEX_POINT('',#2282);
#2284=CARTESIAN_POINT('',(-0.009,0.0008,-0.0395685989829789));
#2285=VERTEX_POINT('',#2284);
#2286=EDGE_CURVE('',#2283,#2285,#2281,.T.);
#2287=ORIENTED_EDGE('',*,*,#2286,.F.);
#2288=CARTESIAN_POINT('',(-0.00700000000000001,0.0008,-0.0385685989829789));
#2289=DIRECTION('',(0.,1.,0.));
#2290=DIRECTION('',(0.,0.,1.));
#2291=AXIS2_PLACEMENT_3D('',#2288,#2289,#2290);
#2292=CIRCLE('',#2291,0.000999999999999995);
#2293=CARTESIAN_POINT('',(-0.00600000000000001,0.0008,-0.0385685989829789));
#2294=VERTEX_POINT('',#2293);
#2295=EDGE_CURVE('',#2294,#2283,#2292,.T.);
#2296=ORIENTED_EDGE('',*,*,#2295,.F.);
#2297=CARTESIAN_POINT('',(-0.00600000000000001,0.0008,-0.0385685989829789));
#2298=DIRECTION('',(-4.33680868994203E-16,0.,-1.));
#2299=VECTOR('',#2298,1.);
#2300=LINE('',#2297,#2299);
#2301=CARTESIAN_POINT('',(-0.006,0.0008,-0.0345685989829789));
#2302=VERTEX_POINT('',#2301);
#2303=EDGE_CURVE('',#2302,#2294,#2300,.T.);
#2304=ORIENTED_EDGE('',*,*,#2303,.F.);
#2305=CARTESIAN_POINT('',(-0.007,0.0008,-0.0345685989829789));
#2306=DIRECTION('',(0.,1.,0.));
#2307=DIRECTION('',(0.,0.,1.));
#2308=AXIS2_PLACEMENT_3D('',#2305,#2306,#2307);
#2309=CIRCLE('',#2308,0.000999999999999981);
#2310=CARTESIAN_POINT('',(-0.007,0.0008,-0.0335685989829789));
#2311=VERTEX_POINT('',#2310);
#2312=EDGE_CURVE('',#2311,#2302,#2309,.T.);
#2313=ORIENTED_EDGE('',*,*,#2312,.F.);
#2314=CARTESIAN_POINT('',(-0.007,0.0008,-0.0335685989829789));
#2315=DIRECTION('',(1.,0.,0.));
#2316=VECTOR('',#2315,1.);
#2317=LINE('',#2314,#2316);
#2318=CARTESIAN_POINT('',(-0.009,0.0008,-0.0335685989829789));
#2319=VERTEX_POINT('',#2318);
#2320=EDGE_CURVE('',#2319,#2311,#2317,.T.);
#2321=ORIENTED_EDGE('',*,*,#2320,.F.);
#2322=CARTESIAN_POINT('',(-0.009,0.0008,-0.0345685989829789));
#2323=DIRECTION('',(0.,1.,0.));
#2324=DIRECTION('',(0.,0.,1.));
#2325=AXIS2_PLACEMENT_3D('',#2322,#2323,#2324);
#2326=CIRCLE('',#2325,0.000999999999999995);
#2327=CARTESIAN_POINT('',(-0.00999999999999999,0.0008,-0.0345685989829789));
#2328=VERTEX_POINT('',#2327);
#2329=EDGE_CURVE('',#2328,#2319,#2326,.T.);
#2330=ORIENTED_EDGE('',*,*,#2329,.F.);
#2331=CARTESIAN_POINT('',(-0.00999999999999999,0.0008,-0.0345685989829789));
#2332=DIRECTION('',(0.,0.,1.));
#2333=VECTOR('',#2332,1.);
#2334=LINE('',#2331,#2333);
#2335=CARTESIAN_POINT('',(-0.00999999999999999,0.0008,-0.0385685989829789));
#2336=VERTEX_POINT('',#2335);
#2337=EDGE_CURVE('',#2336,#2328,#2334,.T.);
#2338=ORIENTED_EDGE('',*,*,#2337,.F.);
#2339=CARTESIAN_POINT('',(-0.009,0.0008,-0.0385685989829789));
#2340=DIRECTION('',(0.,1.,0.));
#2341=DIRECTION('',(0.,0.,1.));
#2342=AXIS2_PLACEMENT_3D('',#2339,#2340,#2341);
#2343=CIRCLE('',#2342,0.000999999999999995);
#2344=EDGE_CURVE('',#2285,#2336,#2343,.T.);
#2345=ORIENTED_EDGE('',*,*,#2344,.F.);
#2346=EDGE_LOOP('',(#2287,#2296,#2304,#2313,#2321,#2330,#2338,#2345));
#2347=FACE_BOUND('',#2346,.T.);
#2348=CARTESIAN_POINT('',(-0.000500000000000006,0.0008,-0.0370685989829789));
#2349=DIRECTION('',(2.16840434497102E-16,0.,-1.));
#2350=VECTOR('',#2349,1.);
#2351=LINE('',#2348,#2350);
#2352=CARTESIAN_POINT('',(-0.000500000000000006,0.0008,-0.0360685989829789));
#2353=VERTEX_POINT('',#2352);
#2354=CARTESIAN_POINT('',(-0.000500000000000006,0.0008,-0.0370685989829789));
#2355=VERTEX_POINT('',#2354);
#2356=EDGE_CURVE('',#2353,#2355,#2351,.T.);
#2357=ORIENTED_EDGE('',*,*,#2356,.F.);
#2358=CARTESIAN_POINT('',(-0.000500000000000006,0.0008,-0.0360685989829789));
#2359=DIRECTION('',(1.,0.,-2.31296463463574E-15));
#2360=VECTOR('',#2359,1.);
#2361=LINE('',#2358,#2360);
#2362=CARTESIAN_POINT('',(-0.00350000000000001,0.0008,-0.0360685989829789));
#2363=VERTEX_POINT('',#2362);
#2364=EDGE_CURVE('',#2363,#2353,#2361,.T.);
#2365=ORIENTED_EDGE('',*,*,#2364,.F.);
#2366=CARTESIAN_POINT('',(-0.00350000000000001,0.0008,-0.0360685989829789));
#2367=DIRECTION('',(0.,0.,1.));
#2368=VECTOR('',#2367,1.);
#2369=LINE('',#2366,#2368);
#2370=CARTESIAN_POINT('',(-0.0035,0.0008,-0.0370685989829789));
#2371=VERTEX_POINT('',#2370);
#2372=EDGE_CURVE('',#2371,#2363,#2369,.T.);
#2373=ORIENTED_EDGE('',*,*,#2372,.F.);
#2374=CARTESIAN_POINT('',(-0.00350000000000001,0.0008,-0.0370685989829789));
#2375=DIRECTION('',(-1.,0.,0.));
#2376=VECTOR('',#2375,1.);
#2377=LINE('',#2374,#2376);
#2378=EDGE_CURVE('',#2355,#2371,#2377,.T.);
#2379=ORIENTED_EDGE('',*,*,#2378,.F.);
#2380=EDGE_LOOP('',(#2357,#2365,#2373,#2379));
#2381=FACE_BOUND('',#2380,.T.);
#2382=CARTESIAN_POINT('',(0.01125,0.0008,-0.0360685989829789));
#2383=DIRECTION('',(0.,0.,1.));
#2384=VECTOR('',#2383,1.);
#2385=LINE('',#2382,#2384);
#2386=CARTESIAN_POINT('',(0.01125,0.0008,-0.0370685989829789));
#2387=VERTEX_POINT('',#2386);
#2388=CARTESIAN_POINT('',(0.01125,0.0008,-0.0360685989829789));
#2389=VERTEX_POINT('',#2388);
#2390=EDGE_CURVE('',#2387,#2389,#2385,.T.);
#2391=ORIENTED_EDGE('',*,*,#2390,.F.);
#2392=CARTESIAN_POINT('',(0.01125,0.0008,-0.0370685989829789));
#2393=DIRECTION('',(-1.,0.,-6.93889390390723E-15));
#2394=VECTOR('',#2393,1.);
#2395=LINE('',#2392,#2394);
#2396=CARTESIAN_POINT('',(0.01225,0.0008,-0.0370685989829789));
#2397=VERTEX_POINT('',#2396);
#2398=EDGE_CURVE('',#2397,#2387,#2395,.T.);
#2399=ORIENTED_EDGE('',*,*,#2398,.F.);
#2400=CARTESIAN_POINT('',(0.01225,0.0008,-0.0370685989829789));
#2401=DIRECTION('',(0.,0.,1.));
#2402=VECTOR('',#2401,1.);
#2403=LINE('',#2400,#2402);
#2404=CARTESIAN_POINT('',(0.01225,0.0008,-0.0380685989829789));
#2405=VERTEX_POINT('',#2404);
#2406=EDGE_CURVE('',#2405,#2397,#2403,.T.);
#2407=ORIENTED_EDGE('',*,*,#2406,.F.);
#2408=CARTESIAN_POINT('',(0.01325,0.0008,-0.0380685989829789));
#2409=DIRECTION('',(-1.,0.,0.));
#2410=VECTOR('',#2409,1.);
#2411=LINE('',#2408,#2410);
#2412=CARTESIAN_POINT('',(0.01325,0.0008,-0.0380685989829789));
#2413=VERTEX_POINT('',#2412);
#2414=EDGE_CURVE('',#2413,#2405,#2411,.T.);
#2415=ORIENTED_EDGE('',*,*,#2414,.F.);
#2416=CARTESIAN_POINT('',(0.01325,0.0008,-0.0370685989829789));
#2417=DIRECTION('',(0.,0.,-1.));
#2418=VECTOR('',#2417,1.);
#2419=LINE('',#2416,#2418);
#2420=CARTESIAN_POINT('',(0.01325,0.0008,-0.0370685989829789));
#2421=VERTEX_POINT('',#2420);
#2422=EDGE_CURVE('',#2421,#2413,#2419,.T.);
#2423=ORIENTED_EDGE('',*,*,#2422,.F.);
#2424=CARTESIAN_POINT('',(0.01325,0.0008,-0.0370685989829789));
#2425=DIRECTION('',(-1.,0.,6.93889390390723E-15));
#2426=VECTOR('',#2425,1.);
#2427=LINE('',#2424,#2426);
#2428=CARTESIAN_POINT('',(0.01425,0.0008,-0.0370685989829789));
#2429=VERTEX_POINT('',#2428);
#2430=EDGE_CURVE('',#2429,#2421,#2427,.T.);
#2431=ORIENTED_EDGE('',*,*,#2430,.F.);
#2432=CARTESIAN_POINT('',(0.01425,0.0008,-0.0370685989829789));
#2433=DIRECTION('',(-1.73472347597681E-15,0.,-1.));
#2434=VECTOR('',#2433,1.);
#2435=LINE('',#2432,#2434);
#2436=CARTESIAN_POINT('',(0.01425,0.0008,-0.0360685989829789));
#2437=VERTEX_POINT('',#2436);
#2438=EDGE_CURVE('',#2437,#2429,#2435,.T.);
#2439=ORIENTED_EDGE('',*,*,#2438,.F.);
#2440=CARTESIAN_POINT('',(0.01425,0.0008,-0.0360685989829789));
#2441=DIRECTION('',(1.,0.,6.93889390390722E-15));
#2442=VECTOR('',#2441,1.);
#2443=LINE('',#2440,#2442);
#2444=CARTESIAN_POINT('',(0.01325,0.0008,-0.0360685989829789));
#2445=VERTEX_POINT('',#2444);
#2446=EDGE_CURVE('',#2445,#2437,#2443,.T.);
#2447=ORIENTED_EDGE('',*,*,#2446,.F.);
#2448=CARTESIAN_POINT('',(0.01325,0.0008,-0.0350685989829789));
#2449=DIRECTION('',(-1.73472347597679E-15,0.,-1.));
#2450=VECTOR('',#2449,1.);
#2451=LINE('',#2448,#2450);
#2452=CARTESIAN_POINT('',(0.01325,0.0008,-0.0350685989829789));
#2453=VERTEX_POINT('',#2452);
#2454=EDGE_CURVE('',#2453,#2445,#2451,.T.);
#2455=ORIENTED_EDGE('',*,*,#2454,.F.);
#2456=CARTESIAN_POINT('',(0.01325,0.0008,-0.0350685989829789));
#2457=DIRECTION('',(1.,0.,0.));
#2458=VECTOR('',#2457,1.);
#2459=LINE('',#2456,#2458);
#2460=CARTESIAN_POINT('',(0.01225,0.0008,-0.0350685989829789));
#2461=VERTEX_POINT('',#2460);
#2462=EDGE_CURVE('',#2461,#2453,#2459,.T.);
#2463=ORIENTED_EDGE('',*,*,#2462,.F.);
#2464=CARTESIAN_POINT('',(0.01225,0.0008,-0.0350685989829789));
#2465=DIRECTION('',(1.73472347597679E-15,0.,1.));
#2466=VECTOR('',#2465,1.);
#2467=LINE('',#2464,#2466);
#2468=CARTESIAN_POINT('',(0.01225,0.0008,-0.0360685989829789));
#2469=VERTEX_POINT('',#2468);
#2470=EDGE_CURVE('',#2469,#2461,#2467,.T.);
#2471=ORIENTED_EDGE('',*,*,#2470,.F.);
#2472=CARTESIAN_POINT('',(0.01225,0.0008,-0.0360685989829789));
#2473=DIRECTION('',(1.,0.,-6.93889390390723E-15));
#2474=VECTOR('',#2473,1.);
#2475=LINE('',#2472,#2474);
#2476=EDGE_CURVE('',#2389,#2469,#2475,.T.);
#2477=ORIENTED_EDGE('',*,*,#2476,.F.);
#2478=EDGE_LOOP('',(#2391,#2399,#2407,#2415,#2423,#2431,#2439,#2447,#2455,#2463,#2471,#2477));
#2479=FACE_BOUND('',#2478,.T.);
#2480=ADVANCED_FACE('',(#219,#289,#359,#429,#499,#569,#605,#641,#677,#747,#817,#853,#889,#925,#961,#972,#983,#994,#1005,#1016,#1027,#1038,#1049,#1119,#1217,#1287,#1321,#1419,#1453,#1551,#1585,#1683,#1717,#1787,#1857,#1927,#1997,#2067,#2137,#2207,#2277,#2347,#2381,#2479),#19,.T.);
#2481=CARTESIAN_POINT('',(-0.0635,-0.0008,0.0402480484547512));
#2482=DIRECTION('',(0.,1.,0.));
#2483=DIRECTION('',(0.,0.,1.));
#2484=AXIS2_PLACEMENT_3D('',#2481,#2482,#2483);
#2485=PLANE('',#2484);
#2486=CARTESIAN_POINT('',(-0.016,-0.0008,0.0386814010170212));
#2487=DIRECTION('',(0.,0.,1.));
#2488=VECTOR('',#2487,1.);
#2489=LINE('',#2486,#2488);
#2490=CARTESIAN_POINT('',(-0.016,-0.0008,0.0386814010170212));
#2491=VERTEX_POINT('',#2490);
#2492=CARTESIAN_POINT('',(-0.016,-0.0008,0.0446814010170211));
#2493=VERTEX_POINT('',#2492);
#2494=EDGE_CURVE('',#2491,#2493,#2489,.T.);
#2495=ORIENTED_EDGE('',*,*,#2494,.T.);
#2496=CARTESIAN_POINT('',(-0.013,-0.0008,0.0446814010170211));
#2497=DIRECTION('',(0.,1.,0.));
#2498=DIRECTION('',(0.,0.,1.));
#2499=AXIS2_PLACEMENT_3D('',#2496,#2497,#2498);
#2500=CIRCLE('',#2499,0.003);
#2501=CARTESIAN_POINT('',(-0.013,-0.0008,0.0476814010170211));
#2502=VERTEX_POINT('',#2501);
#2503=EDGE_CURVE('',#2493,#2502,#2500,.T.);
#2504=ORIENTED_EDGE('',*,*,#2503,.T.);
#2505=CARTESIAN_POINT('',(-0.013,-0.0008,0.0476814010170211));
#2506=DIRECTION('',(1.,0.,0.));
#2507=VECTOR('',#2506,1.);
#2508=LINE('',#2505,#2507);
#2509=CARTESIAN_POINT('',(0.013,-0.0008,0.0476814010170211));
#2510=VERTEX_POINT('',#2509);
#2511=EDGE_CURVE('',#2502,#2510,#2508,.T.);
#2512=ORIENTED_EDGE('',*,*,#2511,.T.);
#2513=CARTESIAN_POINT('',(0.013,-0.0008,0.0446814010170212));
#2514=DIRECTION('',(0.,1.,0.));
#2515=DIRECTION('',(0.,0.,1.));
#2516=AXIS2_PLACEMENT_3D('',#2513,#2514,#2515);
#2517=CIRCLE('',#2516,0.00299999999999997);
#2518=CARTESIAN_POINT('',(0.016,-0.0008,0.0446814010170211));
#2519=VERTEX_POINT('',#2518);
#2520=EDGE_CURVE('',#2510,#2519,#2517,.T.);
#2521=ORIENTED_EDGE('',*,*,#2520,.T.);
#2522=CARTESIAN_POINT('',(0.016,-0.0008,0.0386814010170211));
#2523=DIRECTION('',(0.,0.,-1.));
#2524=VECTOR('',#2523,1.);
#2525=LINE('',#2522,#2524);
#2526=CARTESIAN_POINT('',(0.016,-0.0008,0.0386814010170211));
#2527=VERTEX_POINT('',#2526);
#2528=EDGE_CURVE('',#2519,#2527,#2525,.T.);
#2529=ORIENTED_EDGE('',*,*,#2528,.T.);
#2530=CARTESIAN_POINT('',(0.013,-0.0008,0.0386814010170211));
#2531=DIRECTION('',(0.,1.,0.));
#2532=DIRECTION('',(0.,0.,1.));
#2533=AXIS2_PLACEMENT_3D('',#2530,#2531,#2532);
#2534=CIRCLE('',#2533,0.003);
#2535=CARTESIAN_POINT('',(0.013,-0.0008,0.0356814010170211));
#2536=VERTEX_POINT('',#2535);
#2537=EDGE_CURVE('',#2527,#2536,#2534,.T.);
#2538=ORIENTED_EDGE('',*,*,#2537,.T.);
#2539=CARTESIAN_POINT('',(-0.013,-0.0008,0.0356814010170211));
#2540=DIRECTION('',(-1.,0.,0.));
#2541=VECTOR('',#2540,1.);
#2542=LINE('',#2539,#2541);
#2543=CARTESIAN_POINT('',(-0.013,-0.0008,0.0356814010170211));
#2544=VERTEX_POINT('',#2543);
#2545=EDGE_CURVE('',#2536,#2544,#2542,.T.);
#2546=ORIENTED_EDGE('',*,*,#2545,.T.);
#2547=CARTESIAN_POINT('',(-0.013,-0.0008,0.0386814010170211));
#2548=DIRECTION('',(0.,1.,0.));
#2549=DIRECTION('',(0.,0.,1.));
#2550=AXIS2_PLACEMENT_3D('',#2547,#2548,#2549);
#2551=CIRCLE('',#2550,0.003);
#2552=EDGE_CURVE('',#2544,#2491,#2551,.T.);
#2553=ORIENTED_EDGE('',*,*,#2552,.T.);
#2554=EDGE_LOOP('',(#2495,#2504,#2512,#2521,#2529,#2538,#2546,#2553));
#2555=FACE_BOUND('',#2554,.T.);
#2556=CARTESIAN_POINT('',(0.013,-0.0008,0.0446814010170212));
#2557=DIRECTION('',(0.,1.,0.));
#2558=DIRECTION('',(0.,0.,1.));
#2559=AXIS2_PLACEMENT_3D('',#2556,#2557,#2558);
#2560=CIRCLE('',#2559,0.00324999999999996);
#2561=CARTESIAN_POINT('',(0.013,-0.0008,0.0479314010170211));
#2562=VERTEX_POINT('',#2561);
#2563=CARTESIAN_POINT('',(0.01625,-0.0008,0.0446814010170212));
#2564=VERTEX_POINT('',#2563);
#2565=EDGE_CURVE('',#2562,#2564,#2560,.T.);
#2566=ORIENTED_EDGE('',*,*,#2565,.F.);
#2567=CARTESIAN_POINT('',(0.,-0.0008,0.0479314010170211));
#2568=DIRECTION('',(1.,0.,0.));
#2569=VECTOR('',#2568,1.);
#2570=LINE('',#2567,#2569);
#2571=CARTESIAN_POINT('',(-0.013,-0.0008,0.0479314010170211));
#2572=VERTEX_POINT('',#2571);
#2573=EDGE_CURVE('',#2572,#2562,#2570,.T.);
#2574=ORIENTED_EDGE('',*,*,#2573,.F.);
#2575=CARTESIAN_POINT('',(-0.013,-0.0008,0.0446814010170211));
#2576=DIRECTION('',(0.,1.,0.));
#2577=DIRECTION('',(0.,0.,1.));
#2578=AXIS2_PLACEMENT_3D('',#2575,#2576,#2577);
#2579=CIRCLE('',#2578,0.00324999999999998);
#2580=CARTESIAN_POINT('',(-0.01625,-0.0008,0.0446814010170211));
#2581=VERTEX_POINT('',#2580);
#2582=EDGE_CURVE('',#2581,#2572,#2579,.T.);
#2583=ORIENTED_EDGE('',*,*,#2582,.F.);
#2584=CARTESIAN_POINT('',(-0.0162499999999999,-0.0008,0.));
#2585=DIRECTION('',(0.,0.,1.));
#2586=VECTOR('',#2585,1.);
#2587=LINE('',#2584,#2586);
#2588=CARTESIAN_POINT('',(-0.0162499999999999,-0.0008,0.0386814010170211));
#2589=VERTEX_POINT('',#2588);
#2590=EDGE_CURVE('',#2589,#2581,#2587,.T.);
#2591=ORIENTED_EDGE('',*,*,#2590,.F.);
#2592=CARTESIAN_POINT('',(-0.013,-0.0008,0.0386814010170211));
#2593=DIRECTION('',(0.,1.,0.));
#2594=DIRECTION('',(0.,0.,1.));
#2595=AXIS2_PLACEMENT_3D('',#2592,#2593,#2594);
#2596=CIRCLE('',#2595,0.00324999999999996);
#2597=CARTESIAN_POINT('',(-0.013,-0.0008,0.0354314010170212));
#2598=VERTEX_POINT('',#2597);
#2599=EDGE_CURVE('',#2598,#2589,#2596,.T.);
#2600=ORIENTED_EDGE('',*,*,#2599,.F.);
#2601=CARTESIAN_POINT('',(9.45595125091926E-18,-0.0008,0.0354314010170212));
#2602=DIRECTION('',(1.,0.,-2.66880534765663E-16));
#2603=VECTOR('',#2602,1.);
#2604=LINE('',#2601,#2603);
#2605=CARTESIAN_POINT('',(0.013,-0.0008,0.0354314010170212));
#2606=VERTEX_POINT('',#2605);
#2607=EDGE_CURVE('',#2598,#2606,#2604,.T.);
#2608=ORIENTED_EDGE('',*,*,#2607,.T.);
#2609=CARTESIAN_POINT('',(0.013,-0.0008,0.0386814010170211));
#2610=DIRECTION('',(0.,1.,0.));
#2611=DIRECTION('',(0.,0.,1.));
#2612=AXIS2_PLACEMENT_3D('',#2609,#2610,#2611);
#2613=CIRCLE('',#2612,0.00324999999999998);
#2614=CARTESIAN_POINT('',(0.01625,-0.0008,0.0386814010170211));
#2615=VERTEX_POINT('',#2614);
#2616=EDGE_CURVE('',#2615,#2606,#2613,.T.);
#2617=ORIENTED_EDGE('',*,*,#2616,.F.);
#2618=CARTESIAN_POINT('',(0.01625,-0.0008,0.));
#2619=DIRECTION('',(0.,0.,-1.));
#2620=VECTOR('',#2619,1.);
#2621=LINE('',#2618,#2620);
#2622=EDGE_CURVE('',#2564,#2615,#2621,.T.);
#2623=ORIENTED_EDGE('',*,*,#2622,.F.);
#2624=EDGE_LOOP('',(#2566,#2574,#2583,#2591,#2600,#2608,#2617,#2623));
#2625=FACE_BOUND('',#2624,.T.);
#2626=ADVANCED_FACE('',(#2555,#2625),#2485,.F.);
#2627=CARTESIAN_POINT('',(0.0277892965006308,-0.0008,0.0323854905783445));
#2628=DIRECTION('',(-0.707106781186534,0.,0.707106781186561));
#2629=VECTOR('',#2628,1.);
#2630=LINE('',#2627,#2629);
#2631=CARTESIAN_POINT('',(0.032385490578344,-0.0008,0.0277892965006311));
#2632=VERTEX_POINT('',#2631);
#2633=CARTESIAN_POINT('',(0.0277892965006308,-0.0008,0.0323854905783445));
#2634=VERTEX_POINT('',#2633);
#2635=EDGE_CURVE('',#2632,#2634,#2630,.T.);
#2636=ORIENTED_EDGE('',*,*,#2635,.T.);
#2637=CARTESIAN_POINT('',(0.0290267333677067,-0.0008,0.0336229274454215));
#2638=DIRECTION('',(0.,1.,0.));
#2639=DIRECTION('',(0.,0.,1.));
#2640=AXIS2_PLACEMENT_3D('',#2637,#2638,#2639);
#2641=CIRCLE('',#2640,0.00174999999999998);
#2642=CARTESIAN_POINT('',(0.0277892965006302,-0.0008,0.0348603643124979));
#2643=VERTEX_POINT('',#2642);
#2644=EDGE_CURVE('',#2634,#2643,#2641,.T.);
#2645=ORIENTED_EDGE('',*,*,#2644,.T.);
#2646=CARTESIAN_POINT('',(0.0277892965006302,-0.0008,0.0348603643124979));
#2647=DIRECTION('',(0.707106781186552,0.,0.707106781186543));
#2648=VECTOR('',#2647,1.);
#2649=LINE('',#2646,#2648);
#2650=CARTESIAN_POINT('',(0.035213917703089,-0.0008,0.0422849855149566));
#2651=VERTEX_POINT('',#2650);
#2652=EDGE_CURVE('',#2643,#2651,#2649,.T.);
#2653=ORIENTED_EDGE('',*,*,#2652,.T.);
#2654=CARTESIAN_POINT('',(0.0364513545701654,-0.0008,0.0410475486478802));
#2655=DIRECTION('',(0.,1.,0.));
#2656=DIRECTION('',(0.,0.,1.));
#2657=AXIS2_PLACEMENT_3D('',#2654,#2655,#2656);
#2658=CIRCLE('',#2657,0.00175000000000001);
#2659=CARTESIAN_POINT('',(0.0376887914372419,-0.0008,0.0422849855149566));
#2660=VERTEX_POINT('',#2659);
#2661=EDGE_CURVE('',#2651,#2660,#2658,.T.);
#2662=ORIENTED_EDGE('',*,*,#2661,.T.);
#2663=CARTESIAN_POINT('',(0.0376887914372419,-0.0008,0.0422849855149566));
#2664=DIRECTION('',(0.707106781186542,0.,-0.707106781186553));
#2665=VECTOR('',#2664,1.);
#2666=LINE('',#2663,#2665);
#2667=CARTESIAN_POINT('',(0.0422849855149544,-0.0008,0.037688791437244));
#2668=VERTEX_POINT('',#2667);
#2669=EDGE_CURVE('',#2660,#2668,#2666,.T.);
#2670=ORIENTED_EDGE('',*,*,#2669,.T.);
#2671=CARTESIAN_POINT('',(0.041047548647878,-0.0008,0.0364513545701675));
#2672=DIRECTION('',(0.,1.,0.));
#2673=DIRECTION('',(0.,0.,1.));
#2674=AXIS2_PLACEMENT_3D('',#2671,#2672,#2673);
#2675=CIRCLE('',#2674,0.00175000000000001);
#2676=CARTESIAN_POINT('',(0.0422849855149544,-0.0008,0.0352139177030911));
#2677=VERTEX_POINT('',#2676);
#2678=EDGE_CURVE('',#2668,#2677,#2675,.T.);
#2679=ORIENTED_EDGE('',*,*,#2678,.T.);
#2680=CARTESIAN_POINT('',(0.0348603643124957,-0.0008,0.0277892965006324));
#2681=DIRECTION('',(-0.707106781186552,0.,-0.707106781186543));
#2682=VECTOR('',#2681,1.);
#2683=LINE('',#2680,#2682);
#2684=CARTESIAN_POINT('',(0.0348603643124957,-0.0008,0.0277892965006324));
#2685=VERTEX_POINT('',#2684);
#2686=EDGE_CURVE('',#2677,#2685,#2683,.T.);
#2687=ORIENTED_EDGE('',*,*,#2686,.T.);
#2688=CARTESIAN_POINT('',(0.0336229274454192,-0.0008,0.0290267333677089));
#2689=DIRECTION('',(0.,1.,0.));
#2690=DIRECTION('',(0.,0.,1.));
#2691=AXIS2_PLACEMENT_3D('',#2688,#2689,#2690);
#2692=CIRCLE('',#2691,0.00175000000000001);
#2693=EDGE_CURVE('',#2685,#2632,#2692,.T.);
#2694=ORIENTED_EDGE('',*,*,#2693,.T.);
#2695=EDGE_LOOP('',(#2636,#2645,#2653,#2662,#2670,#2679,#2687,#2694));
#2696=FACE_BOUND('',#2695,.T.);
#2697=CARTESIAN_POINT('',(-0.0422849855149559,-0.0008,0.0352139177030912));
#2698=DIRECTION('',(-0.707106781186542,0.,0.707106781186553));
#2699=VECTOR('',#2698,1.);
#2700=LINE('',#2697,#2699);
#2701=CARTESIAN_POINT('',(-0.0348603643124972,-0.0008,0.0277892965006324));
#2702=VERTEX_POINT('',#2701);
#2703=CARTESIAN_POINT('',(-0.0422849855149559,-0.0008,0.0352139177030912));
#2704=VERTEX_POINT('',#2703);
#2705=EDGE_CURVE('',#2702,#2704,#2700,.T.);
#2706=ORIENTED_EDGE('',*,*,#2705,.T.);
#2707=CARTESIAN_POINT('',(-0.0410475486478781,-0.0008,0.0364513545701662));
#2708=DIRECTION('',(0.,1.,0.));
#2709=DIRECTION('',(0.,0.,1.));
#2710=AXIS2_PLACEMENT_3D('',#2707,#2708,#2709);
#2711=CIRCLE('',#2710,0.0017499999999999);
#2712=CARTESIAN_POINT('',(-0.0422849855149545,-0.0008,0.0376887914372427));
#2713=VERTEX_POINT('',#2712);
#2714=EDGE_CURVE('',#2704,#2713,#2711,.T.);
#2715=ORIENTED_EDGE('',*,*,#2714,.T.);
#2716=CARTESIAN_POINT('',(-0.0422849855149545,-0.0008,0.0376887914372427));
#2717=DIRECTION('',(0.707106781186552,0.,0.707106781186543));
#2718=VECTOR('',#2717,1.);
#2719=LINE('',#2716,#2718);
#2720=CARTESIAN_POINT('',(-0.0376887914372418,-0.0008,0.0422849855149553));
#2721=VERTEX_POINT('',#2720);
#2722=EDGE_CURVE('',#2713,#2721,#2719,.T.);
#2723=ORIENTED_EDGE('',*,*,#2722,.T.);
#2724=CARTESIAN_POINT('',(-0.0364513545701653,-0.0008,0.0410475486478789));
#2725=DIRECTION('',(0.,1.,0.));
#2726=DIRECTION('',(0.,0.,1.));
#2727=AXIS2_PLACEMENT_3D('',#2724,#2725,#2726);
#2728=CIRCLE('',#2727,0.00174999999999991);
#2729=CARTESIAN_POINT('',(-0.0352139177030903,-0.0008,0.0422849855149566));
#2730=VERTEX_POINT('',#2729);
#2731=EDGE_CURVE('',#2721,#2730,#2728,.T.);
#2732=ORIENTED_EDGE('',*,*,#2731,.T.);
#2733=CARTESIAN_POINT('',(-0.0352139177030903,-0.0008,0.0422849855149566));
#2734=DIRECTION('',(0.707106781186542,0.,-0.707106781186553));
#2735=VECTOR('',#2734,1.);
#2736=LINE('',#2733,#2735);
#2737=CARTESIAN_POINT('',(-0.0277892965006316,-0.0008,0.0348603643124979));
#2738=VERTEX_POINT('',#2737);
#2739=EDGE_CURVE('',#2730,#2738,#2736,.T.);
#2740=ORIENTED_EDGE('',*,*,#2739,.T.);
#2741=CARTESIAN_POINT('',(-0.0290267333677066,-0.0008,0.0336229274454202));
#2742=DIRECTION('',(0.,1.,0.));
#2743=DIRECTION('',(0.,0.,1.));
#2744=AXIS2_PLACEMENT_3D('',#2741,#2742,#2743);
#2745=CIRCLE('',#2744,0.00174999999999986);
#2746=CARTESIAN_POINT('',(-0.0277892965006303,-0.0008,0.0323854905783437));
#2747=VERTEX_POINT('',#2746);
#2748=EDGE_CURVE('',#2738,#2747,#2745,.T.);
#2749=ORIENTED_EDGE('',*,*,#2748,.T.);
#2750=CARTESIAN_POINT('',(-0.032385490578343,-0.0008,0.0277892965006311));
#2751=DIRECTION('',(-0.707106781186552,0.,-0.707106781186543));
#2752=VECTOR('',#2751,1.);
#2753=LINE('',#2750,#2752);
#2754=CARTESIAN_POINT('',(-0.032385490578343,-0.0008,0.0277892965006311));
#2755=VERTEX_POINT('',#2754);
#2756=EDGE_CURVE('',#2747,#2755,#2753,.T.);
#2757=ORIENTED_EDGE('',*,*,#2756,.T.);
#2758=CARTESIAN_POINT('',(-0.0336229274454195,-0.0008,0.0290267333677074));
#2759=DIRECTION('',(0.,1.,0.));
#2760=DIRECTION('',(0.,0.,1.));
#2761=AXIS2_PLACEMENT_3D('',#2758,#2759,#2760);
#2762=CIRCLE('',#2761,0.00174999999999986);
#2763=EDGE_CURVE('',#2755,#2702,#2762,.T.);
#2764=ORIENTED_EDGE('',*,*,#2763,.T.);
#2765=EDGE_LOOP('',(#2706,#2715,#2723,#2732,#2740,#2749,#2757,#2764));
#2766=FACE_BOUND('',#2765,.T.);
#2767=CARTESIAN_POINT('',(-0.0422849855149553,-0.0008,-0.0376887914372402));
#2768=DIRECTION('',(-0.707106781186543,0.,0.707106781186552));
#2769=VECTOR('',#2768,1.);
#2770=LINE('',#2767,#2769);
#2771=CARTESIAN_POINT('',(-0.0376887914372427,-0.0008,-0.0422849855149529));
#2772=VERTEX_POINT('',#2771);
#2773=CARTESIAN_POINT('',(-0.0422849855149553,-0.0008,-0.0376887914372402));
#2774=VERTEX_POINT('',#2773);
#2775=EDGE_CURVE('',#2772,#2774,#2770,.T.);
#2776=ORIENTED_EDGE('',*,*,#2775,.T.);
#2777=CARTESIAN_POINT('',(-0.0410475486478777,-0.0008,-0.0364513545701651));
#2778=DIRECTION('',(0.,1.,0.));
#2779=DIRECTION('',(0.,0.,1.));
#2780=AXIS2_PLACEMENT_3D('',#2777,#2778,#2779);
#2781=CIRCLE('',#2780,0.00175000000000015);
#2782=CARTESIAN_POINT('',(-0.0422849855149545,-0.0008,-0.0352139177030883));
#2783=VERTEX_POINT('',#2782);
#2784=EDGE_CURVE('',#2774,#2783,#2781,.T.);
#2785=ORIENTED_EDGE('',*,*,#2784,.T.);
#2786=CARTESIAN_POINT('',(-0.0422849855149545,-0.0008,-0.0352139177030883));
#2787=DIRECTION('',(0.707106781186553,0.,0.707106781186542));
#2788=VECTOR('',#2787,1.);
#2789=LINE('',#2786,#2788);
#2790=CARTESIAN_POINT('',(-0.0348603643124963,-0.0008,-0.0277892965006302));
#2791=VERTEX_POINT('',#2790);
#2792=EDGE_CURVE('',#2783,#2791,#2789,.T.);
#2793=ORIENTED_EDGE('',*,*,#2792,.T.);
#2794=CARTESIAN_POINT('',(-0.0336229274454204,-0.0008,-0.0290267333677051));
#2795=DIRECTION('',(0.,1.,0.));
#2796=DIRECTION('',(0.,0.,1.));
#2797=AXIS2_PLACEMENT_3D('',#2794,#2795,#2796);
#2798=CIRCLE('',#2797,0.00174999999999917);
#2799=CARTESIAN_POINT('',(-0.0323854905783439,-0.0008,-0.0277892965006289));
#2800=VERTEX_POINT('',#2799);
#2801=EDGE_CURVE('',#2791,#2800,#2798,.T.);
#2802=ORIENTED_EDGE('',*,*,#2801,.T.);
#2803=CARTESIAN_POINT('',(-0.0323854905783439,-0.0008,-0.0277892965006289));
#2804=DIRECTION('',(0.707106781186542,0.,-0.707106781186553));
#2805=VECTOR('',#2804,1.);
#2806=LINE('',#2803,#2805);
#2807=CARTESIAN_POINT('',(-0.0277892965006308,-0.0008,-0.0323854905783411));
#2808=VERTEX_POINT('',#2807);
#2809=EDGE_CURVE('',#2800,#2808,#2806,.T.);
#2810=ORIENTED_EDGE('',*,*,#2809,.T.);
#2811=CARTESIAN_POINT('',(-0.0290267333677075,-0.0008,-0.0336229274454181));
#2812=DIRECTION('',(0.,1.,0.));
#2813=DIRECTION('',(0.,0.,1.));
#2814=AXIS2_PLACEMENT_3D('',#2811,#2812,#2813);
#2815=CIRCLE('',#2814,0.00175000000000058);
#2816=CARTESIAN_POINT('',(-0.0277892965006302,-0.0008,-0.0348603643124955));
#2817=VERTEX_POINT('',#2816);
#2818=EDGE_CURVE('',#2808,#2817,#2815,.T.);
#2819=ORIENTED_EDGE('',*,*,#2818,.T.);
#2820=CARTESIAN_POINT('',(-0.0352139177030889,-0.0008,-0.042284985514954));
#2821=DIRECTION('',(-0.707106781186553,0.,-0.707106781186542));
#2822=VECTOR('',#2821,1.);
#2823=LINE('',#2820,#2822);
#2824=CARTESIAN_POINT('',(-0.0352139177030894,-0.0008,-0.0422849855149536));
#2825=VERTEX_POINT('',#2824);
#2826=EDGE_CURVE('',#2817,#2825,#2823,.T.);
#2827=ORIENTED_EDGE('',*,*,#2826,.T.);
#2828=CARTESIAN_POINT('',(-0.0364513545701662,-0.0008,-0.0410475486478767));
#2829=DIRECTION('',(0.,1.,0.));
#2830=DIRECTION('',(0.,0.,1.));
#2831=AXIS2_PLACEMENT_3D('',#2828,#2829,#2830);
#2832=CIRCLE('',#2831,0.00175000000000053);
#2833=EDGE_CURVE('',#2825,#2772,#2832,.T.);
#2834=ORIENTED_EDGE('',*,*,#2833,.T.);
#2835=EDGE_LOOP('',(#2776,#2785,#2793,#2802,#2810,#2819,#2827,#2834));
#2836=FACE_BOUND('',#2835,.T.);
#2837=CARTESIAN_POINT('',(0.0376887914372426,-0.0008,-0.0422849855149552));
#2838=DIRECTION('',(-0.707106781186552,0.,-0.707106781186543));
#2839=VECTOR('',#2838,1.);
#2840=LINE('',#2837,#2839);
#2841=CARTESIAN_POINT('',(0.0422849855149551,-0.0008,-0.0376887914372428));
#2842=VERTEX_POINT('',#2841);
#2843=CARTESIAN_POINT('',(0.0376887914372426,-0.0008,-0.0422849855149552));
#2844=VERTEX_POINT('',#2843);
#2845=EDGE_CURVE('',#2842,#2844,#2840,.T.);
#2846=ORIENTED_EDGE('',*,*,#2845,.T.);
#2847=CARTESIAN_POINT('',(0.0364513545701649,-0.0008,-0.0410475486478815));
#2848=DIRECTION('',(0.,1.,0.));
#2849=DIRECTION('',(0.,0.,1.));
#2850=AXIS2_PLACEMENT_3D('',#2847,#2848,#2849);
#2851=CIRCLE('',#2850,0.00174999999999808);
#2852=CARTESIAN_POINT('',(0.0352139177030904,-0.0008,-0.0422849855149559));
#2853=VERTEX_POINT('',#2852);
#2854=EDGE_CURVE('',#2844,#2853,#2851,.T.);
#2855=ORIENTED_EDGE('',*,*,#2854,.T.);
#2856=CARTESIAN_POINT('',(0.0277892965006316,-0.0008,-0.034860364312497));
#2857=DIRECTION('',(-0.707106781186543,0.,0.707106781186552));
#2858=VECTOR('',#2857,1.);
#2859=LINE('',#2856,#2858);
#2860=CARTESIAN_POINT('',(0.0277892965006321,-0.0008,-0.0348603643124976));
#2861=VERTEX_POINT('',#2860);
#2862=EDGE_CURVE('',#2853,#2861,#2859,.T.);
#2863=ORIENTED_EDGE('',*,*,#2862,.T.);
#2864=CARTESIAN_POINT('',(0.0290267333677098,-0.0008,-0.0336229274454188));
#2865=DIRECTION('',(0.,1.,0.));
#2866=DIRECTION('',(0.,0.,1.));
#2867=AXIS2_PLACEMENT_3D('',#2864,#2865,#2866);
#2868=CIRCLE('',#2867,0.00175000000000184);
#2869=CARTESIAN_POINT('',(0.0277892965006308,-0.0008,-0.0323854905783433));
#2870=VERTEX_POINT('',#2869);
#2871=EDGE_CURVE('',#2861,#2870,#2868,.T.);
#2872=ORIENTED_EDGE('',*,*,#2871,.T.);
#2873=CARTESIAN_POINT('',(0.0277892965006308,-0.0008,-0.0323854905783433));
#2874=DIRECTION('',(0.707106781186553,0.,0.707106781186542));
#2875=VECTOR('',#2874,1.);
#2876=LINE('',#2873,#2875);
#2877=CARTESIAN_POINT('',(0.0323854905783428,-0.0008,-0.0277892965006303));
#2878=VERTEX_POINT('',#2877);
#2879=EDGE_CURVE('',#2870,#2878,#2876,.T.);
#2880=ORIENTED_EDGE('',*,*,#2879,.T.);
#2881=CARTESIAN_POINT('',(0.0336229274454186,-0.0008,-0.02902673336771));
#2882=DIRECTION('',(0.,1.,0.));
#2883=DIRECTION('',(0.,0.,1.));
#2884=AXIS2_PLACEMENT_3D('',#2881,#2882,#2883);
#2885=CIRCLE('',#2884,0.00175000000000187);
#2886=CARTESIAN_POINT('',(0.034860364312497,-0.0008,-0.0277892965006317));
#2887=VERTEX_POINT('',#2886);
#2888=EDGE_CURVE('',#2878,#2887,#2885,.T.);
#2889=ORIENTED_EDGE('',*,*,#2888,.T.);
#2890=CARTESIAN_POINT('',(0.034860364312497,-0.0008,-0.0277892965006317));
#2891=DIRECTION('',(0.707106781186543,0.,-0.707106781186553));
#2892=VECTOR('',#2891,1.);
#2893=LINE('',#2890,#2892);
#2894=CARTESIAN_POINT('',(0.0422849855149564,-0.0008,-0.03521391770309));
#2895=VERTEX_POINT('',#2894);
#2896=EDGE_CURVE('',#2887,#2895,#2893,.T.);
#2897=ORIENTED_EDGE('',*,*,#2896,.T.);
#2898=CARTESIAN_POINT('',(0.0410475486478812,-0.0008,-0.0364513545701651));
#2899=DIRECTION('',(0.,1.,0.));
#2900=DIRECTION('',(0.,0.,1.));
#2901=AXIS2_PLACEMENT_3D('',#2898,#2899,#2900);
#2902=CIRCLE('',#2901,0.00174999999999815);
#2903=EDGE_CURVE('',#2895,#2842,#2902,.T.);
#2904=ORIENTED_EDGE('',*,*,#2903,.T.);
#2905=EDGE_LOOP('',(#2846,#2855,#2863,#2872,#2880,#2889,#2897,#2904));
#2906=FACE_BOUND('',#2905,.T.);
#2907=CARTESIAN_POINT('',(-0.013,-0.0008,-0.0518185989829789));
#2908=DIRECTION('',(-1.,0.,0.));
#2909=VECTOR('',#2908,1.);
#2910=LINE('',#2907,#2909);
#2911=CARTESIAN_POINT('',(0.013,-0.0008,-0.0518185989829789));
#2912=VERTEX_POINT('',#2911);
#2913=CARTESIAN_POINT('',(-0.013,-0.0008,-0.0518185989829789));
#2914=VERTEX_POINT('',#2913);
#2915=EDGE_CURVE('',#2912,#2914,#2910,.T.);
#2916=ORIENTED_EDGE('',*,*,#2915,.T.);
#2917=CARTESIAN_POINT('',(-0.013,-0.0008,-0.0488185989829789));
#2918=DIRECTION('',(0.,1.,0.));
#2919=DIRECTION('',(0.,0.,1.));
#2920=AXIS2_PLACEMENT_3D('',#2917,#2918,#2919);
#2921=CIRCLE('',#2920,0.00299999999999997);
#2922=CARTESIAN_POINT('',(-0.016,-0.0008,-0.0488185989829789));
#2923=VERTEX_POINT('',#2922);
#2924=EDGE_CURVE('',#2914,#2923,#2921,.T.);
#2925=ORIENTED_EDGE('',*,*,#2924,.T.);
#2926=CARTESIAN_POINT('',(-0.016,-0.0008,-0.0488185989829789));
#2927=DIRECTION('',(1.7347234759768E-15,0.,1.));
#2928=VECTOR('',#2927,1.);
#2929=LINE('',#2926,#2928);
#2930=CARTESIAN_POINT('',(-0.016,-0.0008,-0.0428185989829789));
#2931=VERTEX_POINT('',#2930);
#2932=EDGE_CURVE('',#2923,#2931,#2929,.T.);
#2933=ORIENTED_EDGE('',*,*,#2932,.T.);
#2934=CARTESIAN_POINT('',(-0.013,-0.0008,-0.0428185989829789));
#2935=DIRECTION('',(0.,1.,0.));
#2936=DIRECTION('',(0.,0.,1.));
#2937=AXIS2_PLACEMENT_3D('',#2934,#2935,#2936);
#2938=CIRCLE('',#2937,0.00299999999999996);
#2939=CARTESIAN_POINT('',(-0.013,-0.0008,-0.0398185989829789));
#2940=VERTEX_POINT('',#2939);
#2941=EDGE_CURVE('',#2931,#2940,#2938,.T.);
#2942=ORIENTED_EDGE('',*,*,#2941,.T.);
#2943=CARTESIAN_POINT('',(-0.013,-0.0008,-0.0398185989829789));
#2944=DIRECTION('',(1.,0.,0.));
#2945=VECTOR('',#2944,1.);
#2946=LINE('',#2943,#2945);
#2947=CARTESIAN_POINT('',(0.013,-0.0008,-0.0398185989829789));
#2948=VERTEX_POINT('',#2947);
#2949=EDGE_CURVE('',#2940,#2948,#2946,.T.);
#2950=ORIENTED_EDGE('',*,*,#2949,.T.);
#2951=CARTESIAN_POINT('',(0.013,-0.0008,-0.0428185989829789));
#2952=DIRECTION('',(0.,1.,0.));
#2953=DIRECTION('',(0.,0.,1.));
#2954=AXIS2_PLACEMENT_3D('',#2951,#2952,#2953);
#2955=CIRCLE('',#2954,0.00299999999999997);
#2956=CARTESIAN_POINT('',(0.016,-0.0008,-0.0428185989829789));
#2957=VERTEX_POINT('',#2956);
#2958=EDGE_CURVE('',#2948,#2957,#2955,.T.);
#2959=ORIENTED_EDGE('',*,*,#2958,.T.);
#2960=CARTESIAN_POINT('',(0.016,-0.0008,-0.0488185989829789));
#2961=DIRECTION('',(5.78241158658933E-16,0.,-1.));
#2962=VECTOR('',#2961,1.);
#2963=LINE('',#2960,#2962);
#2964=CARTESIAN_POINT('',(0.016,-0.0008,-0.0488185989829789));
#2965=VERTEX_POINT('',#2964);
#2966=EDGE_CURVE('',#2957,#2965,#2963,.T.);
#2967=ORIENTED_EDGE('',*,*,#2966,.T.);
#2968=CARTESIAN_POINT('',(0.013,-0.0008,-0.0488185989829789));
#2969=DIRECTION('',(0.,1.,0.));
#2970=DIRECTION('',(0.,0.,1.));
#2971=AXIS2_PLACEMENT_3D('',#2968,#2969,#2970);
#2972=CIRCLE('',#2971,0.00299999999999999);
#2973=EDGE_CURVE('',#2965,#2912,#2972,.T.);
#2974=ORIENTED_EDGE('',*,*,#2973,.T.);
#2975=EDGE_LOOP('',(#2916,#2925,#2933,#2942,#2950,#2959,#2967,#2974));
#2976=FACE_BOUND('',#2975,.T.);
#2977=CARTESIAN_POINT('',(-0.0125,-0.0008,0.00768140101702115));
#2978=DIRECTION('',(-1.,0.,1.38777878078144E-16));
#2979=VECTOR('',#2978,1.);
#2980=LINE('',#2977,#2979);
#2981=CARTESIAN_POINT('',(0.0125,-0.0008,0.00768140101702114));
#2982=VERTEX_POINT('',#2981);
#2983=CARTESIAN_POINT('',(-0.0125,-0.0008,0.00768140101702115));
#2984=VERTEX_POINT('',#2983);
#2985=EDGE_CURVE('',#2982,#2984,#2980,.T.);
#2986=ORIENTED_EDGE('',*,*,#2985,.T.);
#2987=CARTESIAN_POINT('',(-0.0125,-0.0008,0.00918140101702114));
#2988=DIRECTION('',(0.,1.,0.));
#2989=DIRECTION('',(0.,0.,1.));
#2990=AXIS2_PLACEMENT_3D('',#2987,#2988,#2989);
#2991=CIRCLE('',#2990,0.00149999999999999);
#2992=CARTESIAN_POINT('',(-0.0125,-0.0008,0.0106814010170211));
#2993=VERTEX_POINT('',#2992);
#2994=EDGE_CURVE('',#2984,#2993,#2991,.T.);
#2995=ORIENTED_EDGE('',*,*,#2994,.T.);
#2996=CARTESIAN_POINT('',(-0.0125,-0.0008,0.0106814010170211));
#2997=DIRECTION('',(1.,0.,-1.38777878078144E-16));
#2998=VECTOR('',#2997,1.);
#2999=LINE('',#2996,#2998);
#3000=CARTESIAN_POINT('',(0.0125,-0.0008,0.0106814010170211));
#3001=VERTEX_POINT('',#3000);
#3002=EDGE_CURVE('',#2993,#3001,#2999,.T.);
#3003=ORIENTED_EDGE('',*,*,#3002,.T.);
#3004=CARTESIAN_POINT('',(0.0125,-0.0008,0.00918140101702114));
#3005=DIRECTION('',(0.,1.,0.));
#3006=DIRECTION('',(0.,0.,1.));
#3007=AXIS2_PLACEMENT_3D('',#3004,#3005,#3006);
#3008=CIRCLE('',#3007,0.00149999999999999);
#3009=EDGE_CURVE('',#3001,#2982,#3008,.T.);
#3010=ORIENTED_EDGE('',*,*,#3009,.T.);
#3011=EDGE_LOOP('',(#2986,#2995,#3003,#3010));
#3012=FACE_BOUND('',#3011,.T.);
#3013=CARTESIAN_POINT('',(-0.0175,-0.0008,-0.00131859898297885));
#3014=DIRECTION('',(-1.,0.,1.23908819712629E-16));
#3015=VECTOR('',#3014,1.);
#3016=LINE('',#3013,#3015);
#3017=CARTESIAN_POINT('',(0.0175,-0.0008,-0.00131859898297885));
#3018=VERTEX_POINT('',#3017);
#3019=CARTESIAN_POINT('',(-0.0175,-0.0008,-0.00131859898297885));
#3020=VERTEX_POINT('',#3019);
#3021=EDGE_CURVE('',#3018,#3020,#3016,.T.);
#3022=ORIENTED_EDGE('',*,*,#3021,.T.);
#3023=CARTESIAN_POINT('',(-0.0175,-0.0008,0.000181401017021149));
#3024=DIRECTION('',(0.,1.,0.));
#3025=DIRECTION('',(0.,0.,1.));
#3026=AXIS2_PLACEMENT_3D('',#3023,#3024,#3025);
#3027=CIRCLE('',#3026,0.0015);
#3028=CARTESIAN_POINT('',(-0.0175,-0.0008,0.00168140101702114));
#3029=VERTEX_POINT('',#3028);
#3030=EDGE_CURVE('',#3020,#3029,#3027,.T.);
#3031=ORIENTED_EDGE('',*,*,#3030,.T.);
#3032=CARTESIAN_POINT('',(-0.0175,-0.0008,0.00168140101702114));
#3033=DIRECTION('',(1.,0.,-1.23908819712629E-16));
#3034=VECTOR('',#3033,1.);
#3035=LINE('',#3032,#3034);
#3036=CARTESIAN_POINT('',(0.0175,-0.0008,0.00168140101702114));
#3037=VERTEX_POINT('',#3036);
#3038=EDGE_CURVE('',#3029,#3037,#3035,.T.);
#3039=ORIENTED_EDGE('',*,*,#3038,.T.);
#3040=CARTESIAN_POINT('',(0.0175,-0.0008,0.000181401017021143));
#3041=DIRECTION('',(0.,1.,0.));
#3042=DIRECTION('',(0.,0.,1.));
#3043=AXIS2_PLACEMENT_3D('',#3040,#3041,#3042);
#3044=CIRCLE('',#3043,0.0015);
#3045=EDGE_CURVE('',#3037,#3018,#3044,.T.);
#3046=ORIENTED_EDGE('',*,*,#3045,.T.);
#3047=EDGE_LOOP('',(#3022,#3031,#3039,#3046));
#3048=FACE_BOUND('',#3047,.T.);
#3049=CARTESIAN_POINT('',(-0.0125,-0.0008,-0.0103185989829788));
#3050=DIRECTION('',(-1.,0.,1.38777878078144E-16));
#3051=VECTOR('',#3050,1.);
#3052=LINE('',#3049,#3051);
#3053=CARTESIAN_POINT('',(0.0125,-0.0008,-0.0103185989829789));
#3054=VERTEX_POINT('',#3053);
#3055=CARTESIAN_POINT('',(-0.0125,-0.0008,-0.0103185989829788));
#3056=VERTEX_POINT('',#3055);
#3057=EDGE_CURVE('',#3054,#3056,#3052,.T.);
#3058=ORIENTED_EDGE('',*,*,#3057,.T.);
#3059=CARTESIAN_POINT('',(-0.0125,-0.0008,-0.00881859898297885));
#3060=DIRECTION('',(0.,1.,0.));
#3061=DIRECTION('',(0.,0.,1.));
#3062=AXIS2_PLACEMENT_3D('',#3059,#3060,#3061);
#3063=CIRCLE('',#3062,0.0015);
#3064=CARTESIAN_POINT('',(-0.0125,-0.0008,-0.00731859898297885));
#3065=VERTEX_POINT('',#3064);
#3066=EDGE_CURVE('',#3056,#3065,#3063,.T.);
#3067=ORIENTED_EDGE('',*,*,#3066,.T.);
#3068=CARTESIAN_POINT('',(-0.0125,-0.0008,-0.00731859898297885));
#3069=DIRECTION('',(1.,0.,-1.38777878078144E-16));
#3070=VECTOR('',#3069,1.);
#3071=LINE('',#3068,#3070);
#3072=CARTESIAN_POINT('',(0.0125,-0.0008,-0.00731859898297886));
#3073=VERTEX_POINT('',#3072);
#3074=EDGE_CURVE('',#3065,#3073,#3071,.T.);
#3075=ORIENTED_EDGE('',*,*,#3074,.T.);
#3076=CARTESIAN_POINT('',(0.0125,-0.0008,-0.00881859898297885));
#3077=DIRECTION('',(0.,1.,0.));
#3078=DIRECTION('',(0.,0.,1.));
#3079=AXIS2_PLACEMENT_3D('',#3076,#3077,#3078);
#3080=CIRCLE('',#3079,0.0015);
#3081=EDGE_CURVE('',#3073,#3054,#3080,.T.);
#3082=ORIENTED_EDGE('',*,*,#3081,.T.);
#3083=EDGE_LOOP('',(#3058,#3067,#3075,#3082));
#3084=FACE_BOUND('',#3083,.T.);
#3085=CARTESIAN_POINT('',(-0.049,-0.0008,-0.0155629001424736));
#3086=DIRECTION('',(-1.,0.,0.));
#3087=VECTOR('',#3086,1.);
#3088=LINE('',#3085,#3087);
#3089=CARTESIAN_POINT('',(-0.043,-0.0008,-0.0155629001424736));
#3090=VERTEX_POINT('',#3089);
#3091=CARTESIAN_POINT('',(-0.049,-0.0008,-0.0155629001424736));
#3092=VERTEX_POINT('',#3091);
#3093=EDGE_CURVE('',#3090,#3092,#3088,.T.);
#3094=ORIENTED_EDGE('',*,*,#3093,.T.);
#3095=CARTESIAN_POINT('',(-0.049,-0.0008,-0.0125629001424736));
#3096=DIRECTION('',(0.,1.,0.));
#3097=DIRECTION('',(0.,0.,1.));
#3098=AXIS2_PLACEMENT_3D('',#3095,#3096,#3097);
#3099=CIRCLE('',#3098,0.003);
#3100=CARTESIAN_POINT('',(-0.052,-0.0008,-0.0125629001424736));
#3101=VERTEX_POINT('',#3100);
#3102=EDGE_CURVE('',#3092,#3101,#3099,.T.);
#3103=ORIENTED_EDGE('',*,*,#3102,.T.);
#3104=CARTESIAN_POINT('',(-0.052,-0.0008,-0.0125629001424736));
#3105=DIRECTION('',(0.,0.,1.));
#3106=VECTOR('',#3105,1.);
#3107=LINE('',#3104,#3106);
#3108=CARTESIAN_POINT('',(-0.052,-0.0008,0.0134370998575264));
#3109=VERTEX_POINT('',#3108);
#3110=EDGE_CURVE('',#3101,#3109,#3107,.T.);
#3111=ORIENTED_EDGE('',*,*,#3110,.T.);
#3112=CARTESIAN_POINT('',(-0.049,-0.0008,0.0134370998575264));
#3113=DIRECTION('',(0.,1.,0.));
#3114=DIRECTION('',(0.,0.,1.));
#3115=AXIS2_PLACEMENT_3D('',#3112,#3113,#3114);
#3116=CIRCLE('',#3115,0.003);
#3117=CARTESIAN_POINT('',(-0.049,-0.0008,0.0164370998575264));
#3118=VERTEX_POINT('',#3117);
#3119=EDGE_CURVE('',#3109,#3118,#3116,.T.);
#3120=ORIENTED_EDGE('',*,*,#3119,.T.);
#3121=CARTESIAN_POINT('',(-0.049,-0.0008,0.0164370998575264));
#3122=DIRECTION('',(1.,0.,5.78241158658936E-16));
#3123=VECTOR('',#3122,1.);
#3124=LINE('',#3121,#3123);
#3125=CARTESIAN_POINT('',(-0.043,-0.0008,0.0164370998575264));
#3126=VERTEX_POINT('',#3125);
#3127=EDGE_CURVE('',#3118,#3126,#3124,.T.);
#3128=ORIENTED_EDGE('',*,*,#3127,.T.);
#3129=CARTESIAN_POINT('',(-0.043,-0.0008,0.0134370998575264));
#3130=DIRECTION('',(0.,1.,0.));
#3131=DIRECTION('',(0.,0.,1.));
#3132=AXIS2_PLACEMENT_3D('',#3129,#3130,#3131);
#3133=CIRCLE('',#3132,0.003);
#3134=CARTESIAN_POINT('',(-0.04,-0.0008,0.0134370998575264));
#3135=VERTEX_POINT('',#3134);
#3136=EDGE_CURVE('',#3126,#3135,#3133,.T.);
#3137=ORIENTED_EDGE('',*,*,#3136,.T.);
#3138=CARTESIAN_POINT('',(-0.04,-0.0008,-0.0125629001424736));
#3139=DIRECTION('',(0.,0.,-1.));
#3140=VECTOR('',#3139,1.);
#3141=LINE('',#3138,#3140);
#3142=CARTESIAN_POINT('',(-0.04,-0.0008,-0.0125629001424736));
#3143=VERTEX_POINT('',#3142);
#3144=EDGE_CURVE('',#3135,#3143,#3141,.T.);
#3145=ORIENTED_EDGE('',*,*,#3144,.T.);
#3146=CARTESIAN_POINT('',(-0.043,-0.0008,-0.0125629001424736));
#3147=DIRECTION('',(0.,1.,0.));
#3148=DIRECTION('',(0.,0.,1.));
#3149=AXIS2_PLACEMENT_3D('',#3146,#3147,#3148);
#3150=CIRCLE('',#3149,0.003);
#3151=EDGE_CURVE('',#3143,#3090,#3150,.T.);
#3152=ORIENTED_EDGE('',*,*,#3151,.T.);
#3153=EDGE_LOOP('',(#3094,#3103,#3111,#3120,#3128,#3137,#3145,#3152));
#3154=FACE_BOUND('',#3153,.T.);
#3155=CARTESIAN_POINT('',(0.052,-0.0008,-0.0125629001424736));
#3156=DIRECTION('',(-2.66880534765662E-16,0.,-1.));
#3157=VECTOR('',#3156,1.);
#3158=LINE('',#3155,#3157);
#3159=CARTESIAN_POINT('',(0.052,-0.0008,0.0134370998575264));
#3160=VERTEX_POINT('',#3159);
#3161=CARTESIAN_POINT('',(0.052,-0.0008,-0.0125629001424736));
#3162=VERTEX_POINT('',#3161);
#3163=EDGE_CURVE('',#3160,#3162,#3158,.T.);
#3164=ORIENTED_EDGE('',*,*,#3163,.T.);
#3165=CARTESIAN_POINT('',(0.049,-0.0008,-0.0125629001424735));
#3166=DIRECTION('',(0.,1.,0.));
#3167=DIRECTION('',(0.,0.,1.));
#3168=AXIS2_PLACEMENT_3D('',#3165,#3166,#3167);
#3169=CIRCLE('',#3168,0.00299999999999999);
#3170=CARTESIAN_POINT('',(0.049,-0.0008,-0.0155629001424735));
#3171=VERTEX_POINT('',#3170);
#3172=EDGE_CURVE('',#3162,#3171,#3169,.T.);
#3173=ORIENTED_EDGE('',*,*,#3172,.T.);
#3174=CARTESIAN_POINT('',(0.043,-0.0008,-0.0155629001424735));
#3175=DIRECTION('',(-1.,0.,0.));
#3176=VECTOR('',#3175,1.);
#3177=LINE('',#3174,#3176);
#3178=CARTESIAN_POINT('',(0.043,-0.0008,-0.0155629001424735));
#3179=VERTEX_POINT('',#3178);
#3180=EDGE_CURVE('',#3171,#3179,#3177,.T.);
#3181=ORIENTED_EDGE('',*,*,#3180,.T.);
#3182=CARTESIAN_POINT('',(0.043,-0.0008,-0.0125629001424735));
#3183=DIRECTION('',(0.,1.,0.));
#3184=DIRECTION('',(0.,0.,1.));
#3185=AXIS2_PLACEMENT_3D('',#3182,#3183,#3184);
#3186=CIRCLE('',#3185,0.00300000000000001);
#3187=CARTESIAN_POINT('',(0.04,-0.0008,-0.0125629001424735));
#3188=VERTEX_POINT('',#3187);
#3189=EDGE_CURVE('',#3179,#3188,#3186,.T.);
#3190=ORIENTED_EDGE('',*,*,#3189,.T.);
#3191=CARTESIAN_POINT('',(0.04,-0.0008,-0.0125629001424735));
#3192=DIRECTION('',(0.,0.,1.));
#3193=VECTOR('',#3192,1.);
#3194=LINE('',#3191,#3193);
#3195=CARTESIAN_POINT('',(0.04,-0.0008,0.0134370998575265));
#3196=VERTEX_POINT('',#3195);
#3197=EDGE_CURVE('',#3188,#3196,#3194,.T.);
#3198=ORIENTED_EDGE('',*,*,#3197,.T.);
#3199=CARTESIAN_POINT('',(0.043,-0.0008,0.0134370998575265));
#3200=DIRECTION('',(0.,1.,0.));
#3201=DIRECTION('',(0.,0.,1.));
#3202=AXIS2_PLACEMENT_3D('',#3199,#3200,#3201);
#3203=CIRCLE('',#3202,0.00300000000000001);
#3204=CARTESIAN_POINT('',(0.043,-0.0008,0.0164370998575265));
#3205=VERTEX_POINT('',#3204);
#3206=EDGE_CURVE('',#3196,#3205,#3203,.T.);
#3207=ORIENTED_EDGE('',*,*,#3206,.T.);
#3208=CARTESIAN_POINT('',(0.043,-0.0008,0.0164370998575265));
#3209=DIRECTION('',(1.,0.,0.));
#3210=VECTOR('',#3209,1.);
#3211=LINE('',#3208,#3210);
#3212=CARTESIAN_POINT('',(0.049,-0.0008,0.0164370998575265));
#3213=VERTEX_POINT('',#3212);
#3214=EDGE_CURVE('',#3205,#3213,#3211,.T.);
#3215=ORIENTED_EDGE('',*,*,#3214,.T.);
#3216=CARTESIAN_POINT('',(0.049,-0.0008,0.0134370998575265));
#3217=DIRECTION('',(0.,1.,0.));
#3218=DIRECTION('',(0.,0.,1.));
#3219=AXIS2_PLACEMENT_3D('',#3216,#3217,#3218);
#3220=CIRCLE('',#3219,0.00300000000000001);
#3221=EDGE_CURVE('',#3213,#3160,#3220,.T.);
#3222=ORIENTED_EDGE('',*,*,#3221,.T.);
#3223=EDGE_LOOP('',(#3164,#3173,#3181,#3190,#3198,#3207,#3215,#3222));
#3224=FACE_BOUND('',#3223,.T.);
#3225=CARTESIAN_POINT('',(-0.0830000000000001,-0.0008,-0.0185629001424735));
#3226=DIRECTION('',(-1.,0.,5.37898752240869E-16));
#3227=VECTOR('',#3226,1.);
#3228=LINE('',#3225,#3227);
#3229=CARTESIAN_POINT('',(-0.0572,-0.0008,-0.0185629001424735));
#3230=VERTEX_POINT('',#3229);
#3231=CARTESIAN_POINT('',(-0.0830000000000001,-0.0008,-0.0185629001424735));
#3232=VERTEX_POINT('',#3231);
#3233=EDGE_CURVE('',#3230,#3232,#3228,.T.);
#3234=ORIENTED_EDGE('',*,*,#3233,.T.);
#3235=CARTESIAN_POINT('',(-0.0830000000000001,-0.0008,-0.0165629001424735));
#3236=DIRECTION('',(0.,1.,0.));
#3237=DIRECTION('',(0.,0.,1.));
#3238=AXIS2_PLACEMENT_3D('',#3235,#3236,#3237);
#3239=CIRCLE('',#3238,0.00199999999999999);
#3240=CARTESIAN_POINT('',(-0.0830000000000001,-0.0008,-0.0145629001424735));
#3241=VERTEX_POINT('',#3240);
#3242=EDGE_CURVE('',#3232,#3241,#3239,.T.);
#3243=ORIENTED_EDGE('',*,*,#3242,.T.);
#3244=CARTESIAN_POINT('',(-0.0830000000000001,-0.0008,-0.0145629001424735));
#3245=DIRECTION('',(1.,0.,6.72373440301086E-17));
#3246=VECTOR('',#3245,1.);
#3247=LINE('',#3244,#3246);
#3248=CARTESIAN_POINT('',(-0.0572,-0.0008,-0.0145629001424735));
#3249=VERTEX_POINT('',#3248);
#3250=EDGE_CURVE('',#3241,#3249,#3247,.T.);
#3251=ORIENTED_EDGE('',*,*,#3250,.T.);
#3252=CARTESIAN_POINT('',(-0.0572,-0.0008,-0.0165629001424735));
#3253=DIRECTION('',(0.,1.,0.));
#3254=DIRECTION('',(0.,0.,1.));
#3255=AXIS2_PLACEMENT_3D('',#3252,#3253,#3254);
#3256=CIRCLE('',#3255,0.002);
#3257=EDGE_CURVE('',#3249,#3230,#3256,.T.);
#3258=ORIENTED_EDGE('',*,*,#3257,.T.);
#3259=EDGE_LOOP('',(#3234,#3243,#3251,#3258));
#3260=FACE_BOUND('',#3259,.T.);
#3261=CARTESIAN_POINT('',(-0.0830000000000001,-0.0008,0.0154370998575264));
#3262=DIRECTION('',(-1.,0.,2.01712032090326E-16));
#3263=VECTOR('',#3262,1.);
#3264=LINE('',#3261,#3263);
#3265=CARTESIAN_POINT('',(-0.0572,-0.0008,0.0154370998575265));
#3266=VERTEX_POINT('',#3265);
#3267=CARTESIAN_POINT('',(-0.0830000000000001,-0.0008,0.0154370998575264));
#3268=VERTEX_POINT('',#3267);
#3269=EDGE_CURVE('',#3266,#3268,#3264,.T.);
#3270=ORIENTED_EDGE('',*,*,#3269,.T.);
#3271=CARTESIAN_POINT('',(-0.0830000000000001,-0.0008,0.0174370998575264));
#3272=DIRECTION('',(0.,1.,0.));
#3273=DIRECTION('',(0.,0.,1.));
#3274=AXIS2_PLACEMENT_3D('',#3271,#3272,#3273);
#3275=CIRCLE('',#3274,0.002);
#3276=CARTESIAN_POINT('',(-0.0830000000000001,-0.0008,0.0194370998575264));
#3277=VERTEX_POINT('',#3276);
#3278=EDGE_CURVE('',#3268,#3277,#3275,.T.);
#3279=ORIENTED_EDGE('',*,*,#3278,.T.);
#3280=CARTESIAN_POINT('',(-0.0830000000000001,-0.0008,0.0194370998575264));
#3281=DIRECTION('',(1.,0.,-2.68949376120435E-16));
#3282=VECTOR('',#3281,1.);
#3283=LINE('',#3280,#3282);
#3284=CARTESIAN_POINT('',(-0.0572,-0.0008,0.0194370998575264));
#3285=VERTEX_POINT('',#3284);
#3286=EDGE_CURVE('',#3277,#3285,#3283,.T.);
#3287=ORIENTED_EDGE('',*,*,#3286,.T.);
#3288=CARTESIAN_POINT('',(-0.0572,-0.0008,0.0174370998575265));
#3289=DIRECTION('',(0.,1.,0.));
#3290=DIRECTION('',(0.,0.,1.));
#3291=AXIS2_PLACEMENT_3D('',#3288,#3289,#3290);
#3292=CIRCLE('',#3291,0.002);
#3293=EDGE_CURVE('',#3285,#3266,#3292,.T.);
#3294=ORIENTED_EDGE('',*,*,#3293,.T.);
#3295=EDGE_LOOP('',(#3270,#3279,#3287,#3294));
#3296=FACE_BOUND('',#3295,.T.);
#3297=CARTESIAN_POINT('',(0.0572000000000001,-0.0008,0.0154370998575264));
#3298=DIRECTION('',(-1.,0.,-1.34474688060217E-16));
#3299=VECTOR('',#3298,1.);
#3300=LINE('',#3297,#3299);
#3301=CARTESIAN_POINT('',(0.0830000000000001,-0.0008,0.0154370998575264));
#3302=VERTEX_POINT('',#3301);
#3303=CARTESIAN_POINT('',(0.0572000000000001,-0.0008,0.0154370998575264));
#3304=VERTEX_POINT('',#3303);
#3305=EDGE_CURVE('',#3302,#3304,#3300,.T.);
#3306=ORIENTED_EDGE('',*,*,#3305,.T.);
#3307=CARTESIAN_POINT('',(0.0572000000000001,-0.0008,0.0174370998575264));
#3308=DIRECTION('',(0.,1.,0.));
#3309=DIRECTION('',(0.,0.,1.));
#3310=AXIS2_PLACEMENT_3D('',#3307,#3308,#3309);
#3311=CIRCLE('',#3310,0.002);
#3312=CARTESIAN_POINT('',(0.0572000000000001,-0.0008,0.0194370998575264));
#3313=VERTEX_POINT('',#3312);
#3314=EDGE_CURVE('',#3304,#3313,#3311,.T.);
#3315=ORIENTED_EDGE('',*,*,#3314,.T.);
#3316=CARTESIAN_POINT('',(0.0572000000000001,-0.0008,0.0194370998575264));
#3317=DIRECTION('',(1.,0.,-1.34474688060217E-16));
#3318=VECTOR('',#3317,1.);
#3319=LINE('',#3316,#3318);
#3320=CARTESIAN_POINT('',(0.0830000000000001,-0.0008,0.0194370998575264));
#3321=VERTEX_POINT('',#3320);
#3322=EDGE_CURVE('',#3313,#3321,#3319,.T.);
#3323=ORIENTED_EDGE('',*,*,#3322,.T.);
#3324=CARTESIAN_POINT('',(0.0830000000000001,-0.0008,0.0174370998575264));
#3325=DIRECTION('',(0.,1.,0.));
#3326=DIRECTION('',(0.,0.,1.));
#3327=AXIS2_PLACEMENT_3D('',#3324,#3325,#3326);
#3328=CIRCLE('',#3327,0.002);
#3329=EDGE_CURVE('',#3321,#3302,#3328,.T.);
#3330=ORIENTED_EDGE('',*,*,#3329,.T.);
#3331=EDGE_LOOP('',(#3306,#3315,#3323,#3330));
#3332=FACE_BOUND('',#3331,.T.);
#3333=CARTESIAN_POINT('',(0.0572000000000001,-0.0008,-0.0185629001424735));
#3334=DIRECTION('',(-1.,0.,0.));
#3335=VECTOR('',#3334,1.);
#3336=LINE('',#3333,#3335);
#3337=CARTESIAN_POINT('',(0.0830000000000001,-0.0008,-0.0185629001424735));
#3338=VERTEX_POINT('',#3337);
#3339=CARTESIAN_POINT('',(0.0572000000000001,-0.0008,-0.0185629001424735));
#3340=VERTEX_POINT('',#3339);
#3341=EDGE_CURVE('',#3338,#3340,#3336,.T.);
#3342=ORIENTED_EDGE('',*,*,#3341,.T.);
#3343=CARTESIAN_POINT('',(0.0572000000000001,-0.0008,-0.0165629001424735));
#3344=DIRECTION('',(0.,1.,0.));
#3345=DIRECTION('',(0.,0.,1.));
#3346=AXIS2_PLACEMENT_3D('',#3343,#3344,#3345);
#3347=CIRCLE('',#3346,0.00199999999999999);
#3348=CARTESIAN_POINT('',(0.0572000000000001,-0.0008,-0.0145629001424735));
#3349=VERTEX_POINT('',#3348);
#3350=EDGE_CURVE('',#3340,#3349,#3347,.T.);
#3351=ORIENTED_EDGE('',*,*,#3350,.T.);
#3352=CARTESIAN_POINT('',(0.0572000000000001,-0.0008,-0.0145629001424735));
#3353=DIRECTION('',(1.,0.,0.));
#3354=VECTOR('',#3353,1.);
#3355=LINE('',#3352,#3354);
#3356=CARTESIAN_POINT('',(0.0830000000000001,-0.0008,-0.0145629001424735));
#3357=VERTEX_POINT('',#3356);
#3358=EDGE_CURVE('',#3349,#3357,#3355,.T.);
#3359=ORIENTED_EDGE('',*,*,#3358,.T.);
#3360=CARTESIAN_POINT('',(0.0830000000000001,-0.0008,-0.0165629001424735));
#3361=DIRECTION('',(0.,1.,0.));
#3362=DIRECTION('',(0.,0.,1.));
#3363=AXIS2_PLACEMENT_3D('',#3360,#3361,#3362);
#3364=CIRCLE('',#3363,0.00199999999999999);
#3365=EDGE_CURVE('',#3357,#3338,#3364,.T.);
#3366=ORIENTED_EDGE('',*,*,#3365,.T.);
#3367=EDGE_LOOP('',(#3342,#3351,#3359,#3366));
#3368=FACE_BOUND('',#3367,.T.);
#3369=CARTESIAN_POINT('',(-0.0556879471869824,-0.0008,-0.0556879471869823));
#3370=DIRECTION('',(0.707106781186547,0.,-0.707106781186548));
#3371=VECTOR('',#3370,1.);
#3372=LINE('',#3369,#3371);
#3373=CARTESIAN_POINT('',(-0.0891,-0.0008,-0.0222758943739647));
#3374=VERTEX_POINT('',#3373);
#3375=CARTESIAN_POINT('',(-0.0852129942314911,-0.0008,-0.0261629001424736));
#3376=VERTEX_POINT('',#3375);
#3377=EDGE_CURVE('',#3374,#3376,#3372,.T.);
#3378=ORIENTED_EDGE('',*,*,#3377,.T.);
#3379=CARTESIAN_POINT('',(0.,-0.0008,-0.0261629001424736));
#3380=DIRECTION('',(1.,0.,0.));
#3381=VECTOR('',#3380,1.);
#3382=LINE('',#3379,#3381);
#3383=CARTESIAN_POINT('',(-0.0643021174217683,-0.0008,-0.0261629001424736));
#3384=VERTEX_POINT('',#3383);
#3385=EDGE_CURVE('',#3376,#3384,#3382,.T.);
#3386=ORIENTED_EDGE('',*,*,#3385,.T.);
#3387=CARTESIAN_POINT('',(-0.0643021174217683,-0.0008,-0.0391998266896455));
#3388=DIRECTION('',(0.,1.,0.));
#3389=DIRECTION('',(0.,0.,1.));
#3390=AXIS2_PLACEMENT_3D('',#3387,#3388,#3389);
#3391=CIRCLE('',#3390,0.0130369265471719);
#3392=CARTESIAN_POINT('',(-0.0550836182544321,-0.0008,-0.0299813275223093));
#3393=VERTEX_POINT('',#3392);
#3394=EDGE_CURVE('',#3384,#3393,#3391,.T.);
#3395=ORIENTED_EDGE('',*,*,#3394,.T.);
#3396=CARTESIAN_POINT('',(-0.0425324728883707,-0.0008,-0.0425324728883707));
#3397=DIRECTION('',(0.707106781186547,0.,-0.707106781186548));
#3398=VECTOR('',#3397,1.);
#3399=LINE('',#3396,#3398);
#3400=CARTESIAN_POINT('',(-0.0352846283812094,-0.0008,-0.049780317395532));
#3401=VERTEX_POINT('',#3400);
#3402=EDGE_CURVE('',#3393,#3401,#3399,.T.);
#3403=ORIENTED_EDGE('',*,*,#3402,.T.);
#3404=CARTESIAN_POINT('',(-0.0144299718171983,-0.0008,-0.0289256608315223));
#3405=DIRECTION('',(0.,1.,0.));
#3406=DIRECTION('',(0.,0.,1.));
#3407=AXIS2_PLACEMENT_3D('',#3404,#3405,#3406);
#3408=CIRCLE('',#3407,0.0294929381514566);
#3409=CARTESIAN_POINT('',(-0.0144299718171983,-0.0008,-0.0584185989829789));
#3410=VERTEX_POINT('',#3409);
#3411=EDGE_CURVE('',#3410,#3401,#3408,.T.);
#3412=ORIENTED_EDGE('',*,*,#3411,.F.);
#3413=CARTESIAN_POINT('',(0.,-0.0008,-0.0584185989829789));
#3414=DIRECTION('',(1.,0.,0.));
#3415=VECTOR('',#3414,1.);
#3416=LINE('',#3413,#3415);
#3417=CARTESIAN_POINT('',(0.0144299718171981,-0.0008,-0.0584185989829789));
#3418=VERTEX_POINT('',#3417);
#3419=EDGE_CURVE('',#3410,#3418,#3416,.T.);
#3420=ORIENTED_EDGE('',*,*,#3419,.T.);
#3421=CARTESIAN_POINT('',(0.0144299718171981,-0.0008,-0.0289256608315222));
#3422=DIRECTION('',(0.,1.,0.));
#3423=DIRECTION('',(0.,0.,1.));
#3424=AXIS2_PLACEMENT_3D('',#3421,#3422,#3423);
#3425=CIRCLE('',#3424,0.0294929381514566);
#3426=CARTESIAN_POINT('',(0.0352846283812084,-0.0008,-0.0497803173955325));
#3427=VERTEX_POINT('',#3426);
#3428=EDGE_CURVE('',#3427,#3418,#3425,.T.);
#3429=ORIENTED_EDGE('',*,*,#3428,.F.);
#3430=CARTESIAN_POINT('',(0.0425324728883705,-0.0008,-0.0425324728883705));
#3431=DIRECTION('',(-0.707106781186548,0.,-0.707106781186547));
#3432=VECTOR('',#3431,1.);
#3433=LINE('',#3430,#3432);
#3434=CARTESIAN_POINT('',(0.0550836182544317,-0.0008,-0.0299813275223092));
#3435=VERTEX_POINT('',#3434);
#3436=EDGE_CURVE('',#3435,#3427,#3433,.T.);
#3437=ORIENTED_EDGE('',*,*,#3436,.F.);
#3438=CARTESIAN_POINT('',(0.064302117421768,-0.0008,-0.0391998266896455));
#3439=DIRECTION('',(0.,1.,0.));
#3440=DIRECTION('',(0.,0.,1.));
#3441=AXIS2_PLACEMENT_3D('',#3438,#3439,#3440);
#3442=CIRCLE('',#3441,0.0130369265471721);
#3443=CARTESIAN_POINT('',(0.064302117421768,-0.0008,-0.0261629001424734));
#3444=VERTEX_POINT('',#3443);
#3445=EDGE_CURVE('',#3435,#3444,#3442,.T.);
#3446=ORIENTED_EDGE('',*,*,#3445,.T.);
#3447=CARTESIAN_POINT('',(0.,-0.0008,-0.0261629001424734));
#3448=DIRECTION('',(1.,0.,0.));
#3449=VECTOR('',#3448,1.);
#3450=LINE('',#3447,#3449);
#3451=CARTESIAN_POINT('',(0.0852129942314911,-0.0008,-0.0261629001424734));
#3452=VERTEX_POINT('',#3451);
#3453=EDGE_CURVE('',#3444,#3452,#3450,.T.);
#3454=ORIENTED_EDGE('',*,*,#3453,.T.);
#3455=CARTESIAN_POINT('',(0.0556879471869824,-0.0008,-0.0556879471869822));
#3456=DIRECTION('',(0.707106781186547,0.,0.707106781186548));
#3457=VECTOR('',#3456,1.);
#3458=LINE('',#3455,#3457);
#3459=CARTESIAN_POINT('',(0.0890999999999998,-0.0008,-0.0222758943739647));
#3460=VERTEX_POINT('',#3459);
#3461=EDGE_CURVE('',#3452,#3460,#3458,.T.);
#3462=ORIENTED_EDGE('',*,*,#3461,.T.);
#3463=CARTESIAN_POINT('',(0.0890999999999998,-0.0008,0.));
#3464=DIRECTION('',(0.,0.,1.));
#3465=VECTOR('',#3464,1.);
#3466=LINE('',#3463,#3465);
#3467=CARTESIAN_POINT('',(0.0890999999999998,-0.0008,0.023150094089019));
#3468=VERTEX_POINT('',#3467);
#3469=EDGE_CURVE('',#3460,#3468,#3466,.T.);
#3470=ORIENTED_EDGE('',*,*,#3469,.T.);
#3471=CARTESIAN_POINT('',(0.0561250470445094,-0.0008,0.0561250470445094));
#3472=DIRECTION('',(0.707106781186547,0.,-0.707106781186548));
#3473=VECTOR('',#3472,1.);
#3474=LINE('',#3471,#3473);
#3475=CARTESIAN_POINT('',(0.0852129942314921,-0.0008,0.0270370998575267));
#3476=VERTEX_POINT('',#3475);
#3477=EDGE_CURVE('',#3476,#3468,#3474,.T.);
#3478=ORIENTED_EDGE('',*,*,#3477,.F.);
#3479=CARTESIAN_POINT('',(0.,-0.0008,0.0270370998575267));
#3480=DIRECTION('',(1.,0.,0.));
#3481=VECTOR('',#3480,1.);
#3482=LINE('',#3479,#3481);
#3483=CARTESIAN_POINT('',(0.0635000000000013,-0.0008,0.0270370998575267));
#3484=VERTEX_POINT('',#3483);
#3485=EDGE_CURVE('',#3484,#3476,#3482,.T.);
#3486=ORIENTED_EDGE('',*,*,#3485,.F.);
#3487=CARTESIAN_POINT('',(0.0635000000000013,-0.0008,0.0402480484547549));
#3488=DIRECTION('',(0.,1.,0.));
#3489=DIRECTION('',(0.,0.,1.));
#3490=AXIS2_PLACEMENT_3D('',#3487,#3488,#3489);
#3491=CIRCLE('',#3490,0.0132109485972282);
#3492=CARTESIAN_POINT('',(0.0541584486609943,-0.0008,0.0309064971157479));
#3493=VERTEX_POINT('',#3492);
#3494=EDGE_CURVE('',#3484,#3493,#3491,.T.);
#3495=ORIENTED_EDGE('',*,*,#3494,.T.);
#3496=CARTESIAN_POINT('',(0.0425324728883707,-0.0008,0.0425324728883713));
#3497=DIRECTION('',(0.707106781186553,0.,-0.707106781186542));
#3498=VECTOR('',#3497,1.);
#3499=LINE('',#3496,#3498);
#3500=CARTESIAN_POINT('',(0.0311332279552788,-0.0008,0.0539317178214631));
#3501=VERTEX_POINT('',#3500);
#3502=EDGE_CURVE('',#3501,#3493,#3499,.T.);
#3503=ORIENTED_EDGE('',*,*,#3502,.F.);
#3504=CARTESIAN_POINT('',(0.0270727750166811,-0.0008,0.0558982849352798));
#3505=DIRECTION('',(0.899999999999998,0.,-0.435889894354072));
#3506=VECTOR('',#3505,1.);
#3507=LINE('',#3504,#3506);
#3508=CARTESIAN_POINT('',(0.0273141101056459,-0.0008,0.0557814010170211));
#3509=VERTEX_POINT('',#3508);
#3510=EDGE_CURVE('',#3509,#3501,#3507,.T.);
#3511=ORIENTED_EDGE('',*,*,#3510,.F.);
#3512=CARTESIAN_POINT('',(0.,-0.0008,0.0557814010170211));
#3513=DIRECTION('',(1.,0.,0.));
#3514=VECTOR('',#3513,1.);
#3515=LINE('',#3512,#3514);
#3516=CARTESIAN_POINT('',(-0.0273141101056459,-0.0008,0.0557814010170211));
#3517=VERTEX_POINT('',#3516);
#3518=EDGE_CURVE('',#3517,#3509,#3515,.T.);
#3519=ORIENTED_EDGE('',*,*,#3518,.F.);
#3520=CARTESIAN_POINT('',(-0.0270727750166819,-0.0008,0.0558982849352794));
#3521=DIRECTION('',(-0.899999999999991,0.,-0.435889894354085));
#3522=VECTOR('',#3521,1.);
#3523=LINE('',#3520,#3522);
#3524=CARTESIAN_POINT('',(-0.0311332279552794,-0.0008,0.0539317178214627));
#3525=VERTEX_POINT('',#3524);
#3526=EDGE_CURVE('',#3517,#3525,#3523,.T.);
#3527=ORIENTED_EDGE('',*,*,#3526,.T.);
#3528=CARTESIAN_POINT('',(-0.0425324728883711,-0.0008,0.0425324728883711));
#3529=DIRECTION('',(-0.707106781186548,0.,-0.707106781186548));
#3530=VECTOR('',#3529,1.);
#3531=LINE('',#3528,#3530);
#3532=CARTESIAN_POINT('',(-0.0541584486609954,-0.0008,0.0309064971157467));
#3533=VERTEX_POINT('',#3532);
#3534=EDGE_CURVE('',#3525,#3533,#3531,.T.);
#3535=ORIENTED_EDGE('',*,*,#3534,.T.);
#3536=CARTESIAN_POINT('',(-0.0635,-0.0008,0.0402480484547512));
#3537=DIRECTION('',(0.,1.,0.));
#3538=DIRECTION('',(0.,0.,1.));
#3539=AXIS2_PLACEMENT_3D('',#3536,#3537,#3538);
#3540=CIRCLE('',#3539,0.0132109485972248);
#3541=CARTESIAN_POINT('',(-0.0635,-0.0008,0.0270370998575264));
#3542=VERTEX_POINT('',#3541);
#3543=EDGE_CURVE('',#3533,#3542,#3540,.T.);
#3544=ORIENTED_EDGE('',*,*,#3543,.T.);
#3545=CARTESIAN_POINT('',(4.32016803810106E-18,-0.0008,0.0270370998575264));
#3546=DIRECTION('',(1.,0.,-1.59786665761729E-16));
#3547=VECTOR('',#3546,1.);
#3548=LINE('',#3545,#3547);
#3549=CARTESIAN_POINT('',(-0.0852129942314911,-0.0008,0.0270370998575264));
#3550=VERTEX_POINT('',#3549);
#3551=EDGE_CURVE('',#3550,#3542,#3548,.T.);
#3552=ORIENTED_EDGE('',*,*,#3551,.F.);
#3553=CARTESIAN_POINT('',(-0.0561250470445088,-0.0008,0.0561250470445088));
#3554=DIRECTION('',(-0.707106781186547,0.,-0.707106781186548));
#3555=VECTOR('',#3554,1.);
#3556=LINE('',#3553,#3555);
#3557=CARTESIAN_POINT('',(-0.0891,-0.0008,0.0231500940890175));
#3558=VERTEX_POINT('',#3557);
#3559=EDGE_CURVE('',#3550,#3558,#3556,.T.);
#3560=ORIENTED_EDGE('',*,*,#3559,.T.);
#3561=CARTESIAN_POINT('',(-0.0891,-0.0008,0.));
#3562=DIRECTION('',(0.,0.,-1.));
#3563=VECTOR('',#3562,1.);
#3564=LINE('',#3561,#3563);
#3565=EDGE_CURVE('',#3558,#3374,#3564,.T.);
#3566=ORIENTED_EDGE('',*,*,#3565,.T.);
#3567=EDGE_LOOP('',(#3378,#3386,#3395,#3403,#3412,#3420,#3429,#3437,#3446,#3454,#3462,#3470,#3478,#3486,#3495,#3503,#3511,#3519,#3527,#3535,#3544,#3552,#3560,#3566));
#3568=FACE_BOUND('',#3567,.T.);
#3569=CARTESIAN_POINT('',(-0.0320319371877506,-0.0008,0.046527626202077));
#3570=DIRECTION('',(0.,1.,0.));
#3571=DIRECTION('',(0.,0.,1.));
#3572=AXIS2_PLACEMENT_3D('',#3569,#3570,#3571);
#3573=CIRCLE('',#3572,0.003);
#3574=CARTESIAN_POINT('',(-0.0320319371877506,-0.0008,0.043527626202077));
#3575=VERTEX_POINT('',#3574);
#3576=EDGE_CURVE('',#3575,#3575,#3573,.T.);
#3577=ORIENTED_EDGE('',*,*,#3576,.T.);
#3578=EDGE_LOOP('',(#3577));
#3579=FACE_BOUND('',#3578,.T.);
#3580=CARTESIAN_POINT('',(-0.0465276262020768,-0.0008,0.0320319371877508));
#3581=DIRECTION('',(0.,1.,0.));
#3582=DIRECTION('',(0.,0.,1.));
#3583=AXIS2_PLACEMENT_3D('',#3580,#3581,#3582);
#3584=CIRCLE('',#3583,0.003);
#3585=CARTESIAN_POINT('',(-0.0465276262020768,-0.0008,0.0290319371877508));
#3586=VERTEX_POINT('',#3585);
#3587=EDGE_CURVE('',#3586,#3586,#3584,.T.);
#3588=ORIENTED_EDGE('',*,*,#3587,.T.);
#3589=EDGE_LOOP('',(#3588));
#3590=FACE_BOUND('',#3589,.T.);
#3591=CARTESIAN_POINT('',(-0.0465276262020768,-0.0008,-0.0320319371877484));
#3592=DIRECTION('',(0.,1.,0.));
#3593=DIRECTION('',(0.,0.,1.));
#3594=AXIS2_PLACEMENT_3D('',#3591,#3592,#3593);
#3595=CIRCLE('',#3594,0.003);
#3596=CARTESIAN_POINT('',(-0.0465276262020768,-0.0008,-0.0350319371877484));
#3597=VERTEX_POINT('',#3596);
#3598=EDGE_CURVE('',#3597,#3597,#3595,.T.);
#3599=ORIENTED_EDGE('',*,*,#3598,.T.);
#3600=EDGE_LOOP('',(#3599));
#3601=FACE_BOUND('',#3600,.T.);
#3602=CARTESIAN_POINT('',(-0.0320319371877506,-0.0008,-0.0465276262020745));
#3603=DIRECTION('',(0.,1.,0.));
#3604=DIRECTION('',(0.,0.,1.));
#3605=AXIS2_PLACEMENT_3D('',#3602,#3603,#3604);
#3606=CIRCLE('',#3605,0.003);
#3607=CARTESIAN_POINT('',(-0.0320319371877506,-0.0008,-0.0495276262020745));
#3608=VERTEX_POINT('',#3607);
#3609=EDGE_CURVE('',#3608,#3608,#3606,.T.);
#3610=ORIENTED_EDGE('',*,*,#3609,.T.);
#3611=EDGE_LOOP('',(#3610));
#3612=FACE_BOUND('',#3611,.T.);
#3613=CARTESIAN_POINT('',(0.0320319371877486,-0.0008,-0.0465276262020746));
#3614=DIRECTION('',(0.,1.,0.));
#3615=DIRECTION('',(0.,0.,1.));
#3616=AXIS2_PLACEMENT_3D('',#3613,#3614,#3615);
#3617=CIRCLE('',#3616,0.003);
#3618=CARTESIAN_POINT('',(0.0320319371877486,-0.0008,-0.0495276262020746));
#3619=VERTEX_POINT('',#3618);
#3620=EDGE_CURVE('',#3619,#3619,#3617,.T.);
#3621=ORIENTED_EDGE('',*,*,#3620,.T.);
#3622=EDGE_LOOP('',(#3621));
#3623=FACE_BOUND('',#3622,.T.);
#3624=CARTESIAN_POINT('',(0.0465276262020748,-0.0008,-0.0320319371877484));
#3625=DIRECTION('',(0.,1.,0.));
#3626=DIRECTION('',(0.,0.,1.));
#3627=AXIS2_PLACEMENT_3D('',#3624,#3625,#3626);
#3628=CIRCLE('',#3627,0.003);
#3629=CARTESIAN_POINT('',(0.0465276262020748,-0.0008,-0.0350319371877484));
#3630=VERTEX_POINT('',#3629);
#3631=EDGE_CURVE('',#3630,#3630,#3628,.T.);
#3632=ORIENTED_EDGE('',*,*,#3631,.T.);
#3633=EDGE_LOOP('',(#3632));
#3634=FACE_BOUND('',#3633,.T.);
#3635=CARTESIAN_POINT('',(0.0465276262020748,-0.0008,0.0320319371877509));
#3636=DIRECTION('',(0.,1.,0.));
#3637=DIRECTION('',(0.,0.,1.));
#3638=AXIS2_PLACEMENT_3D('',#3635,#3636,#3637);
#3639=CIRCLE('',#3638,0.003);
#3640=CARTESIAN_POINT('',(0.0465276262020748,-0.0008,0.0290319371877509));
#3641=VERTEX_POINT('',#3640);
#3642=EDGE_CURVE('',#3641,#3641,#3639,.T.);
#3643=ORIENTED_EDGE('',*,*,#3642,.T.);
#3644=EDGE_LOOP('',(#3643));
#3645=FACE_BOUND('',#3644,.T.);
#3646=CARTESIAN_POINT('',(0.0320319371877486,-0.0008,0.046527626202077));
#3647=DIRECTION('',(0.,1.,0.));
#3648=DIRECTION('',(0.,0.,1.));
#3649=AXIS2_PLACEMENT_3D('',#3646,#3647,#3648);
#3650=CIRCLE('',#3649,0.003);
#3651=CARTESIAN_POINT('',(0.0320319371877486,-0.0008,0.043527626202077));
#3652=VERTEX_POINT('',#3651);
#3653=EDGE_CURVE('',#3652,#3652,#3650,.T.);
#3654=ORIENTED_EDGE('',*,*,#3653,.T.);
#3655=EDGE_LOOP('',(#3654));
#3656=FACE_BOUND('',#3655,.T.);
#3657=CARTESIAN_POINT('',(0.,-0.0008,0.0336314010170212));
#3658=DIRECTION('',(1.,0.,0.));
#3659=VECTOR('',#3658,1.);
#3660=LINE('',#3657,#3659);
#3661=CARTESIAN_POINT('',(-0.013,-0.0008,0.0336314010170212));
#3662=VERTEX_POINT('',#3661);
#3663=CARTESIAN_POINT('',(0.013,-0.0008,0.0336314010170212));
#3664=VERTEX_POINT('',#3663);
#3665=EDGE_CURVE('',#3662,#3664,#3660,.T.);
#3666=ORIENTED_EDGE('',*,*,#3665,.F.);
#3667=CARTESIAN_POINT('',(-0.013,-0.0008,0.0386814010170211));
#3668=DIRECTION('',(0.,1.,0.));
#3669=DIRECTION('',(0.,0.,1.));
#3670=AXIS2_PLACEMENT_3D('',#3667,#3668,#3669);
#3671=CIRCLE('',#3670,0.00504999999999996);
#3672=CARTESIAN_POINT('',(-0.0180499999999999,-0.0008,0.0386814010170211));
#3673=VERTEX_POINT('',#3672);
#3674=EDGE_CURVE('',#3662,#3673,#3671,.T.);
#3675=ORIENTED_EDGE('',*,*,#3674,.T.);
#3676=CARTESIAN_POINT('',(-0.0180499999999999,-0.0008,-1.04372529137938E-17));
#3677=DIRECTION('',(-5.78241158658937E-16,0.,1.));
#3678=VECTOR('',#3677,1.);
#3679=LINE('',#3676,#3678);
#3680=CARTESIAN_POINT('',(-0.0180499999999999,-0.0008,0.0446814010170211));
#3681=VERTEX_POINT('',#3680);
#3682=EDGE_CURVE('',#3673,#3681,#3679,.T.);
#3683=ORIENTED_EDGE('',*,*,#3682,.T.);
#3684=CARTESIAN_POINT('',(-0.013,-0.0008,0.0446814010170211));
#3685=DIRECTION('',(0.,1.,0.));
#3686=DIRECTION('',(0.,0.,1.));
#3687=AXIS2_PLACEMENT_3D('',#3684,#3685,#3686);
#3688=CIRCLE('',#3687,0.00504999999999998);
#3689=CARTESIAN_POINT('',(-0.013,-0.0008,0.0497314010170211));
#3690=VERTEX_POINT('',#3689);
#3691=EDGE_CURVE('',#3681,#3690,#3688,.T.);
#3692=ORIENTED_EDGE('',*,*,#3691,.T.);
#3693=CARTESIAN_POINT('',(0.,-0.0008,0.0497314010170211));
#3694=DIRECTION('',(1.,0.,0.));
#3695=VECTOR('',#3694,1.);
#3696=LINE('',#3693,#3695);
#3697=CARTESIAN_POINT('',(0.013,-0.0008,0.0497314010170211));
#3698=VERTEX_POINT('',#3697);
#3699=EDGE_CURVE('',#3690,#3698,#3696,.T.);
#3700=ORIENTED_EDGE('',*,*,#3699,.T.);
#3701=CARTESIAN_POINT('',(0.013,-0.0008,0.0446814010170212));
#3702=DIRECTION('',(0.,1.,0.));
#3703=DIRECTION('',(0.,0.,1.));
#3704=AXIS2_PLACEMENT_3D('',#3701,#3702,#3703);
#3705=CIRCLE('',#3704,0.00504999999999996);
#3706=CARTESIAN_POINT('',(0.01805,-0.0008,0.0446814010170212));
#3707=VERTEX_POINT('',#3706);
#3708=EDGE_CURVE('',#3698,#3707,#3705,.T.);
#3709=ORIENTED_EDGE('',*,*,#3708,.T.);
#3710=CARTESIAN_POINT('',(0.0180499999999997,-0.0008,-1.14809782051729E-16));
#3711=DIRECTION('',(-6.36065274524826E-15,0.,-1.));
#3712=VECTOR('',#3711,1.);
#3713=LINE('',#3710,#3712);
#3714=CARTESIAN_POINT('',(0.01805,-0.0008,0.0386814010170211));
#3715=VERTEX_POINT('',#3714);
#3716=EDGE_CURVE('',#3707,#3715,#3713,.T.);
#3717=ORIENTED_EDGE('',*,*,#3716,.T.);
#3718=CARTESIAN_POINT('',(0.013,-0.0008,0.0386814010170211));
#3719=DIRECTION('',(0.,1.,0.));
#3720=DIRECTION('',(0.,0.,1.));
#3721=AXIS2_PLACEMENT_3D('',#3718,#3719,#3720);
#3722=CIRCLE('',#3721,0.00504999999999996);
#3723=EDGE_CURVE('',#3715,#3664,#3722,.T.);
#3724=ORIENTED_EDGE('',*,*,#3723,.T.);
#3725=EDGE_LOOP('',(#3666,#3675,#3683,#3692,#3700,#3709,#3717,#3724));
#3726=FACE_BOUND('',#3725,.T.);
#3727=ADVANCED_FACE('',(#2696,#2766,#2836,#2906,#2976,#3012,#3048,#3084,#3154,#3224,#3260,#3296,#3332,#3368,#3568,#3579,#3590,#3601,#3612,#3623,#3634,#3645,#3656,#3726),#2485,.F.);
#3728=CARTESIAN_POINT('',(-0.02775,-0.0008,0.0576814010170211));
#3729=DIRECTION('',(0.899999999999991,0.,0.435889894354085));
#3730=VECTOR('',#3729,1.);
#3731=LINE('',#3728,#3730);
#3732=CARTESIAN_POINT('',(-0.03225,-0.0008,0.0555019515452507));
#3733=VERTEX_POINT('',#3732);
#3734=CARTESIAN_POINT('',(-0.02775,-0.0008,0.0576814010170211));
#3735=VERTEX_POINT('',#3734);
#3736=EDGE_CURVE('',#3733,#3735,#3731,.T.);
#3737=ORIENTED_EDGE('',*,*,#3736,.F.);
#3738=CARTESIAN_POINT('',(-0.03225,-0.0008,0.0555019515452507));
#3739=DIRECTION('',(0.707106781186552,0.,0.707106781186543));
#3740=VECTOR('',#3739,1.);
#3741=LINE('',#3738,#3740);
#3742=CARTESIAN_POINT('',(-0.05550195154525,-0.0008,0.0322500000000011));
#3743=VERTEX_POINT('',#3742);
#3744=EDGE_CURVE('',#3743,#3733,#3741,.T.);
#3745=ORIENTED_EDGE('',*,*,#3744,.F.);
#3746=CARTESIAN_POINT('',(-0.0635,-0.0008,0.0402480484547512));
#3747=DIRECTION('',(0.,-1.,0.));
#3748=DIRECTION('',(0.,0.,1.));
#3749=AXIS2_PLACEMENT_3D('',#3746,#3747,#3748);
#3750=CIRCLE('',#3749,0.0113109485972248);
#3751=CARTESIAN_POINT('',(-0.0635,-0.0008,0.0289370998575264));
#3752=VERTEX_POINT('',#3751);
#3753=EDGE_CURVE('',#3752,#3743,#3750,.T.);
#3754=ORIENTED_EDGE('',*,*,#3753,.F.);
#3755=CARTESIAN_POINT('',(-0.0635,-0.0008,0.0289370998575264));
#3756=DIRECTION('',(1.,0.,-1.54197642309049E-16));
#3757=VECTOR('',#3756,1.);
#3758=LINE('',#3755,#3757);
#3759=CARTESIAN_POINT('',(-0.086,-0.0008,0.0289370998575264));
#3760=VERTEX_POINT('',#3759);
#3761=EDGE_CURVE('',#3760,#3752,#3758,.T.);
#3762=ORIENTED_EDGE('',*,*,#3761,.F.);
#3763=CARTESIAN_POINT('',(-0.091,-0.0008,0.0239370998575264));
#3764=DIRECTION('',(0.707106781186546,0.,0.707106781186549));
#3765=VECTOR('',#3764,1.);
#3766=LINE('',#3763,#3765);
#3767=CARTESIAN_POINT('',(-0.091,-0.0008,0.0239370998575264));
#3768=VERTEX_POINT('',#3767);
#3769=EDGE_CURVE('',#3768,#3760,#3766,.T.);
#3770=ORIENTED_EDGE('',*,*,#3769,.F.);
#3771=CARTESIAN_POINT('',(-0.091,-0.0008,0.0239370998575264));
#3772=DIRECTION('',(0.,0.,1.));
#3773=VECTOR('',#3772,1.);
#3774=LINE('',#3771,#3773);
#3775=CARTESIAN_POINT('',(-0.091,-0.0008,-0.0230629001424736));
#3776=VERTEX_POINT('',#3775);
#3777=EDGE_CURVE('',#3776,#3768,#3774,.T.);
#3778=ORIENTED_EDGE('',*,*,#3777,.F.);
#3779=CARTESIAN_POINT('',(-0.091,-0.0008,-0.0230629001424736));
#3780=DIRECTION('',(-0.707106781186547,0.,0.707106781186548));
#3781=VECTOR('',#3780,1.);
#3782=LINE('',#3779,#3781);
#3783=CARTESIAN_POINT('',(-0.086,-0.0008,-0.0280629001424736));
#3784=VERTEX_POINT('',#3783);
#3785=EDGE_CURVE('',#3784,#3776,#3782,.T.);
#3786=ORIENTED_EDGE('',*,*,#3785,.F.);
#3787=CARTESIAN_POINT('',(-0.086,-0.0008,-0.0280629001424736));
#3788=DIRECTION('',(-1.,0.,1.59897950384988E-16));
#3789=VECTOR('',#3788,1.);
#3790=LINE('',#3787,#3789);
#3791=CARTESIAN_POINT('',(-0.0643021174217669,-0.0008,-0.0280629001424736));
#3792=VERTEX_POINT('',#3791);
#3793=EDGE_CURVE('',#3792,#3784,#3790,.T.);
#3794=ORIENTED_EDGE('',*,*,#3793,.F.);
#3795=CARTESIAN_POINT('',(-0.0643021174217683,-0.0008,-0.0391998266896455));
#3796=DIRECTION('',(0.,-1.,0.));
#3797=DIRECTION('',(0.,0.,1.));
#3798=AXIS2_PLACEMENT_3D('',#3795,#3796,#3797);
#3799=CIRCLE('',#3798,0.0111369265471719);
#3800=CARTESIAN_POINT('',(-0.0564271211386874,-0.0008,-0.0313248304065629));
#3801=VERTEX_POINT('',#3800);
#3802=EDGE_CURVE('',#3801,#3792,#3799,.T.);
#3803=ORIENTED_EDGE('',*,*,#3802,.F.);
#3804=CARTESIAN_POINT('',(-0.0564271211386874,-0.0008,-0.0313248304065629));
#3805=DIRECTION('',(-0.707106781186542,0.,0.707106781186553));
#3806=VECTOR('',#3805,1.);
#3807=LINE('',#3804,#3806);
#3808=CARTESIAN_POINT('',(-0.0366281312654641,-0.0008,-0.0511238202797863));
#3809=VERTEX_POINT('',#3808);
#3810=EDGE_CURVE('',#3809,#3801,#3807,.T.);
#3811=ORIENTED_EDGE('',*,*,#3810,.F.);
#3812=CARTESIAN_POINT('',(-0.0144299718171983,-0.0008,-0.0289256608315223));
#3813=DIRECTION('',(0.,1.,0.));
#3814=DIRECTION('',(0.,0.,1.));
#3815=AXIS2_PLACEMENT_3D('',#3812,#3813,#3814);
#3816=CIRCLE('',#3815,0.0313929381514567);
#3817=CARTESIAN_POINT('',(-0.0144299718171983,-0.0008,-0.0603185989829789));
#3818=VERTEX_POINT('',#3817);
#3819=EDGE_CURVE('',#3818,#3809,#3816,.T.);
#3820=ORIENTED_EDGE('',*,*,#3819,.F.);
#3821=CARTESIAN_POINT('',(-0.0144299718171983,-0.0008,-0.0603185989829789));
#3822=DIRECTION('',(-1.,0.,2.40433383786555E-16));
#3823=VECTOR('',#3822,1.);
#3824=LINE('',#3821,#3823);
#3825=CARTESIAN_POINT('',(0.0144299718171983,-0.0008,-0.0603185989829789));
#3826=VERTEX_POINT('',#3825);
#3827=EDGE_CURVE('',#3826,#3818,#3824,.T.);
#3828=ORIENTED_EDGE('',*,*,#3827,.F.);
#3829=CARTESIAN_POINT('',(0.0144299718171981,-0.0008,-0.0289256608315222));
#3830=DIRECTION('',(0.,1.,0.));
#3831=DIRECTION('',(0.,0.,1.));
#3832=AXIS2_PLACEMENT_3D('',#3829,#3830,#3831);
#3833=CIRCLE('',#3832,0.0313929381514567);
#3834=CARTESIAN_POINT('',(0.0366281312654638,-0.0008,-0.0511238202797864));
#3835=VERTEX_POINT('',#3834);
#3836=EDGE_CURVE('',#3835,#3826,#3833,.T.);
#3837=ORIENTED_EDGE('',*,*,#3836,.F.);
#3838=CARTESIAN_POINT('',(0.0366281312654638,-0.0008,-0.0511238202797864));
#3839=DIRECTION('',(-0.707106781186552,0.,-0.707106781186543));
#3840=VECTOR('',#3839,1.);
#3841=LINE('',#3838,#3840);
#3842=CARTESIAN_POINT('',(0.0564271211386874,-0.0008,-0.0313248304065628));
#3843=VERTEX_POINT('',#3842);
#3844=EDGE_CURVE('',#3843,#3835,#3841,.T.);
#3845=ORIENTED_EDGE('',*,*,#3844,.F.);
#3846=CARTESIAN_POINT('',(0.064302117421768,-0.0008,-0.0391998266896455));
#3847=DIRECTION('',(0.,-1.,0.));
#3848=DIRECTION('',(0.,0.,1.));
#3849=AXIS2_PLACEMENT_3D('',#3846,#3847,#3848);
#3850=CIRCLE('',#3849,0.0111369265471718);
#3851=CARTESIAN_POINT('',(0.064302117421767,-0.0008,-0.0280629001424736));
#3852=VERTEX_POINT('',#3851);
#3853=EDGE_CURVE('',#3852,#3843,#3850,.T.);
#3854=ORIENTED_EDGE('',*,*,#3853,.F.);
#3855=CARTESIAN_POINT('',(0.086,-0.0008,-0.0280629001424736));
#3856=DIRECTION('',(-1.,0.,-1.11928565269492E-15));
#3857=VECTOR('',#3856,1.);
#3858=LINE('',#3855,#3857);
#3859=CARTESIAN_POINT('',(0.086,-0.0008,-0.0280629001424736));
#3860=VERTEX_POINT('',#3859);
#3861=EDGE_CURVE('',#3860,#3852,#3858,.T.);
#3862=ORIENTED_EDGE('',*,*,#3861,.F.);
#3863=CARTESIAN_POINT('',(0.091,-0.0008,-0.0230629001424736));
#3864=DIRECTION('',(-0.707106781186544,0.,-0.707106781186551));
#3865=VECTOR('',#3864,1.);
#3866=LINE('',#3863,#3865);
#3867=CARTESIAN_POINT('',(0.091,-0.0008,-0.0230629001424736));
#3868=VERTEX_POINT('',#3867);
#3869=EDGE_CURVE('',#3868,#3860,#3866,.T.);
#3870=ORIENTED_EDGE('',*,*,#3869,.F.);
#3871=CARTESIAN_POINT('',(0.0910000000000001,-0.0008,0.0239370998575263));
#3872=DIRECTION('',(-2.06690456712131E-15,0.,-1.));
#3873=VECTOR('',#3872,1.);
#3874=LINE('',#3871,#3873);
#3875=CARTESIAN_POINT('',(0.0910000000000001,-0.0008,0.0239370998575263));
#3876=VERTEX_POINT('',#3875);
#3877=EDGE_CURVE('',#3876,#3868,#3874,.T.);
#3878=ORIENTED_EDGE('',*,*,#3877,.F.);
#3879=CARTESIAN_POINT('',(0.086,-0.0008,0.0289370998575264));
#3880=DIRECTION('',(0.707106781186545,0.,-0.70710678118655));
#3881=VECTOR('',#3880,1.);
#3882=LINE('',#3879,#3881);
#3883=CARTESIAN_POINT('',(0.086,-0.0008,0.0289370998575264));
#3884=VERTEX_POINT('',#3883);
#3885=EDGE_CURVE('',#3884,#3876,#3882,.T.);
#3886=ORIENTED_EDGE('',*,*,#3885,.F.);
#3887=CARTESIAN_POINT('',(0.0635,-0.0008,0.0289370998575264));
#3888=DIRECTION('',(1.,0.,-1.54197642309049E-16));
#3889=VECTOR('',#3888,1.);
#3890=LINE('',#3887,#3889);
#3891=CARTESIAN_POINT('',(0.0635,-0.0008,0.0289370998575263));
#3892=VERTEX_POINT('',#3891);
#3893=EDGE_CURVE('',#3892,#3884,#3890,.T.);
#3894=ORIENTED_EDGE('',*,*,#3893,.F.);
#3895=CARTESIAN_POINT('',(0.0635000000000013,-0.0008,0.0402480484547549));
#3896=DIRECTION('',(0.,-1.,0.));
#3897=DIRECTION('',(0.,0.,1.));
#3898=AXIS2_PLACEMENT_3D('',#3895,#3896,#3897);
#3899=CIRCLE('',#3898,0.0113109485972285);
#3900=CARTESIAN_POINT('',(0.0555019515452497,-0.0008,0.0322500000000007));
#3901=VERTEX_POINT('',#3900);
#3902=EDGE_CURVE('',#3901,#3892,#3899,.T.);
#3903=ORIENTED_EDGE('',*,*,#3902,.F.);
#3904=CARTESIAN_POINT('',(0.03225,-0.0008,0.0555019515452508));
#3905=DIRECTION('',(0.707106781186542,0.,-0.707106781186553));
#3906=VECTOR('',#3905,1.);
#3907=LINE('',#3904,#3906);
#3908=CARTESIAN_POINT('',(0.03225,-0.0008,0.0555019515452508));
#3909=VERTEX_POINT('',#3908);
#3910=EDGE_CURVE('',#3909,#3901,#3907,.T.);
#3911=ORIENTED_EDGE('',*,*,#3910,.F.);
#3912=CARTESIAN_POINT('',(0.02775,-0.0008,0.0576814010170211));
#3913=DIRECTION('',(0.899999999999997,0.,-0.435889894354073));
#3914=VECTOR('',#3913,1.);
#3915=LINE('',#3912,#3914);
#3916=CARTESIAN_POINT('',(0.02775,-0.0008,0.0576814010170211));
#3917=VERTEX_POINT('',#3916);
#3918=EDGE_CURVE('',#3917,#3909,#3915,.T.);
#3919=ORIENTED_EDGE('',*,*,#3918,.F.);
#3920=CARTESIAN_POINT('',(-0.02775,-0.0008,0.0576814010170211));
#3921=DIRECTION('',(1.,0.,0.));
#3922=VECTOR('',#3921,1.);
#3923=LINE('',#3920,#3922);
#3924=EDGE_CURVE('',#3735,#3917,#3923,.T.);
#3925=ORIENTED_EDGE('',*,*,#3924,.F.);
#3926=EDGE_LOOP('',(#3737,#3745,#3754,#3762,#3770,#3778,#3786,#3794,#3803,#3811,#3820,#3828,#3837,#3845,#3854,#3862,#3870,#3878,#3886,#3894,#3903,#3911,#3919,#3925));
#3927=FACE_BOUND('',#3926,.T.);
#3928=CARTESIAN_POINT('',(0.064302117421768,-0.0008,-0.0391998266896455));
#3929=DIRECTION('',(0.,1.,0.));
#3930=DIRECTION('',(0.,0.,1.));
#3931=AXIS2_PLACEMENT_3D('',#3928,#3929,#3930);
#3932=CIRCLE('',#3931,0.0113869265471721);
#3933=CARTESIAN_POINT('',(0.0562503444433895,-0.0008,-0.031148053711267));
#3934=VERTEX_POINT('',#3933);
#3935=CARTESIAN_POINT('',(0.064302117421768,-0.0008,-0.0278129001424734));
#3936=VERTEX_POINT('',#3935);
#3937=EDGE_CURVE('',#3934,#3936,#3932,.T.);
#3938=ORIENTED_EDGE('',*,*,#3937,.F.);
#3939=CARTESIAN_POINT('',(0.0436991990773283,-0.0008,-0.0436991990773283));
#3940=DIRECTION('',(-0.707106781186548,0.,-0.707106781186548));
#3941=VECTOR('',#3940,1.);
#3942=LINE('',#3939,#3941);
#3943=CARTESIAN_POINT('',(0.0364513545701662,-0.0008,-0.0509470435844903));
#3944=VERTEX_POINT('',#3943);
#3945=EDGE_CURVE('',#3934,#3944,#3942,.T.);
#3946=ORIENTED_EDGE('',*,*,#3945,.T.);
#3947=CARTESIAN_POINT('',(0.0144299718171981,-0.0008,-0.0289256608315222));
#3948=DIRECTION('',(0.,1.,0.));
#3949=DIRECTION('',(0.,0.,1.));
#3950=AXIS2_PLACEMENT_3D('',#3947,#3948,#3949);
#3951=CIRCLE('',#3950,0.0311429381514566);
#3952=CARTESIAN_POINT('',(0.0144299718171981,-0.0008,-0.0600685989829789));
#3953=VERTEX_POINT('',#3952);
#3954=EDGE_CURVE('',#3944,#3953,#3951,.T.);
#3955=ORIENTED_EDGE('',*,*,#3954,.T.);
#3956=CARTESIAN_POINT('',(1.44424965127953E-17,-0.0008,-0.0600685989829789));
#3957=DIRECTION('',(1.,0.,2.40433383786557E-16));
#3958=VECTOR('',#3957,1.);
#3959=LINE('',#3956,#3958);
#3960=CARTESIAN_POINT('',(-0.0144299718171983,-0.0008,-0.0600685989829789));
#3961=VERTEX_POINT('',#3960);
#3962=EDGE_CURVE('',#3961,#3953,#3959,.T.);
#3963=ORIENTED_EDGE('',*,*,#3962,.F.);
#3964=CARTESIAN_POINT('',(-0.0144299718171983,-0.0008,-0.0289256608315223));
#3965=DIRECTION('',(0.,1.,0.));
#3966=DIRECTION('',(0.,0.,1.));
#3967=AXIS2_PLACEMENT_3D('',#3964,#3965,#3966);
#3968=CIRCLE('',#3967,0.0311429381514566);
#3969=CARTESIAN_POINT('',(-0.0364513545701672,-0.0008,-0.0509470435844898));
#3970=VERTEX_POINT('',#3969);
#3971=EDGE_CURVE('',#3961,#3970,#3968,.T.);
#3972=ORIENTED_EDGE('',*,*,#3971,.T.);
#3973=CARTESIAN_POINT('',(-0.0436991990773285,-0.0008,-0.0436991990773285));
#3974=DIRECTION('',(0.707106781186547,0.,-0.707106781186548));
#3975=VECTOR('',#3974,1.);
#3976=LINE('',#3973,#3975);
#3977=CARTESIAN_POINT('',(-0.0562503444433899,-0.0008,-0.0311480537112671));
#3978=VERTEX_POINT('',#3977);
#3979=EDGE_CURVE('',#3978,#3970,#3976,.T.);
#3980=ORIENTED_EDGE('',*,*,#3979,.F.);
#3981=CARTESIAN_POINT('',(-0.0643021174217683,-0.0008,-0.0391998266896455));
#3982=DIRECTION('',(0.,1.,0.));
#3983=DIRECTION('',(0.,0.,1.));
#3984=AXIS2_PLACEMENT_3D('',#3981,#3982,#3983);
#3985=CIRCLE('',#3984,0.0113869265471719);
#3986=CARTESIAN_POINT('',(-0.0643021174217683,-0.0008,-0.0278129001424736));
#3987=VERTEX_POINT('',#3986);
#3988=EDGE_CURVE('',#3987,#3978,#3985,.T.);
#3989=ORIENTED_EDGE('',*,*,#3988,.F.);
#3990=CARTESIAN_POINT('',(-4.46855194184654E-18,-0.0008,-0.0278129001424736));
#3991=DIRECTION('',(1.,0.,-1.60664724604628E-16));
#3992=VECTOR('',#3991,1.);
#3993=LINE('',#3990,#3992);
#3994=CARTESIAN_POINT('',(-0.0858964466094067,-0.0008,-0.0278129001424736));
#3995=VERTEX_POINT('',#3994);
#3996=EDGE_CURVE('',#3995,#3987,#3993,.T.);
#3997=ORIENTED_EDGE('',*,*,#3996,.F.);
#3998=CARTESIAN_POINT('',(-0.0568546733759402,-0.0008,-0.0568546733759402));
#3999=DIRECTION('',(0.707106781186548,0.,-0.707106781186548));
#4000=VECTOR('',#3999,1.);
#4001=LINE('',#3998,#4000);
#4002=CARTESIAN_POINT('',(-0.09075,-0.0008,-0.0229593467518803));
#4003=VERTEX_POINT('',#4002);
#4004=EDGE_CURVE('',#4003,#3995,#4001,.T.);
#4005=ORIENTED_EDGE('',*,*,#4004,.F.);
#4006=CARTESIAN_POINT('',(-0.09075,-0.0008,0.));
#4007=DIRECTION('',(0.,0.,-1.));
#4008=VECTOR('',#4007,1.);
#4009=LINE('',#4006,#4008);
#4010=CARTESIAN_POINT('',(-0.09075,-0.0008,0.0238335464669331));
#4011=VERTEX_POINT('',#4010);
#4012=EDGE_CURVE('',#4011,#4003,#4009,.T.);
#4013=ORIENTED_EDGE('',*,*,#4012,.F.);
#4014=CARTESIAN_POINT('',(-0.0572917732334666,-0.0008,0.0572917732334666));
#4015=DIRECTION('',(-0.707106781186548,0.,-0.707106781186548));
#4016=VECTOR('',#4015,1.);
#4017=LINE('',#4014,#4016);
#4018=CARTESIAN_POINT('',(-0.0858964466094067,-0.0008,0.0286870998575264));
#4019=VERTEX_POINT('',#4018);
#4020=EDGE_CURVE('',#4019,#4011,#4017,.T.);
#4021=ORIENTED_EDGE('',*,*,#4020,.F.);
#4022=CARTESIAN_POINT('',(0.,-0.0008,0.0286870998575264));
#4023=DIRECTION('',(1.,0.,0.));
#4024=VECTOR('',#4023,1.);
#4025=LINE('',#4022,#4024);
#4026=CARTESIAN_POINT('',(-0.0635,-0.0008,0.0286870998575264));
#4027=VERTEX_POINT('',#4026);
#4028=EDGE_CURVE('',#4019,#4027,#4025,.T.);
#4029=ORIENTED_EDGE('',*,*,#4028,.T.);
#4030=CARTESIAN_POINT('',(-0.0635,-0.0008,0.0402480484547512));
#4031=DIRECTION('',(0.,1.,0.));
#4032=DIRECTION('',(0.,0.,1.));
#4033=AXIS2_PLACEMENT_3D('',#4030,#4031,#4032);
#4034=CIRCLE('',#4033,0.0115609485972248);
#4035=CARTESIAN_POINT('',(-0.0553251748499533,-0.0008,0.0320732233047045));
#4036=VERTEX_POINT('',#4035);
#4037=EDGE_CURVE('',#4036,#4027,#4034,.T.);
#4038=ORIENTED_EDGE('',*,*,#4037,.F.);
#4039=CARTESIAN_POINT('',(-0.0436991990773289,-0.0008,0.0436991990773289));
#4040=DIRECTION('',(-0.707106781186547,0.,-0.707106781186548));
#4041=VECTOR('',#4040,1.);
#4042=LINE('',#4039,#4041);
#4043=CARTESIAN_POINT('',(-0.0321030563099057,-0.0008,0.055295341844752));
#4044=VERTEX_POINT('',#4043);
#4045=EDGE_CURVE('',#4044,#4036,#4042,.T.);
#4046=ORIENTED_EDGE('',*,*,#4045,.F.);
#4047=CARTESIAN_POINT('',(-0.0277919933423661,-0.0008,0.0573832849352794));
#4048=DIRECTION('',(-0.899999999999992,0.,-0.435889894354084));
#4049=VECTOR('',#4048,1.);
#4050=LINE('',#4047,#4049);
#4051=CARTESIAN_POINT('',(-0.0276926460665323,-0.0008,0.0574314010170211));
#4052=VERTEX_POINT('',#4051);
#4053=EDGE_CURVE('',#4052,#4044,#4050,.T.);
#4054=ORIENTED_EDGE('',*,*,#4053,.F.);
#4055=CARTESIAN_POINT('',(0.,-0.0008,0.0574314010170211));
#4056=DIRECTION('',(1.,0.,0.));
#4057=VECTOR('',#4056,1.);
#4058=LINE('',#4055,#4057);
#4059=CARTESIAN_POINT('',(0.0276926460665323,-0.0008,0.0574314010170211));
#4060=VERTEX_POINT('',#4059);
#4061=EDGE_CURVE('',#4052,#4060,#4058,.T.);
#4062=ORIENTED_EDGE('',*,*,#4061,.T.);
#4063=CARTESIAN_POINT('',(0.0277919933423654,-0.0008,0.0573832849352797));
#4064=DIRECTION('',(0.899999999999997,0.,-0.435889894354073));
#4065=VECTOR('',#4064,1.);
#4066=LINE('',#4063,#4065);
#4067=CARTESIAN_POINT('',(0.0321030563099051,-0.0008,0.0552953418447524));
#4068=VERTEX_POINT('',#4067);
#4069=EDGE_CURVE('',#4060,#4068,#4066,.T.);
#4070=ORIENTED_EDGE('',*,*,#4069,.T.);
#4071=CARTESIAN_POINT('',(0.0436991990773285,-0.0008,0.0436991990773291));
#4072=DIRECTION('',(0.707106781186553,0.,-0.707106781186542));
#4073=VECTOR('',#4072,1.);
#4074=LINE('',#4071,#4073);
#4075=CARTESIAN_POINT('',(0.0553251748499521,-0.0008,0.0320732233047057));
#4076=VERTEX_POINT('',#4075);
#4077=EDGE_CURVE('',#4068,#4076,#4074,.T.);
#4078=ORIENTED_EDGE('',*,*,#4077,.T.);
#4079=CARTESIAN_POINT('',(0.0635000000000013,-0.0008,0.0402480484547549));
#4080=DIRECTION('',(0.,1.,0.));
#4081=DIRECTION('',(0.,0.,1.));
#4082=AXIS2_PLACEMENT_3D('',#4079,#4080,#4081);
#4083=CIRCLE('',#4082,0.0115609485972282);
#4084=CARTESIAN_POINT('',(0.0635000000000013,-0.0008,0.0286870998575267));
#4085=VERTEX_POINT('',#4084);
#4086=EDGE_CURVE('',#4085,#4076,#4083,.T.);
#4087=ORIENTED_EDGE('',*,*,#4086,.F.);
#4088=CARTESIAN_POINT('',(3.0218763525243E-16,-0.0008,0.0286870998575273));
#4089=DIRECTION('',(1.,0.,-1.05339207083751E-14));
#4090=VECTOR('',#4089,1.);
#4091=LINE('',#4088,#4090);
#4092=CARTESIAN_POINT('',(0.085896446609408,-0.0008,0.0286870998575264));
#4093=VERTEX_POINT('',#4092);
#4094=EDGE_CURVE('',#4085,#4093,#4091,.T.);
#4095=ORIENTED_EDGE('',*,*,#4094,.T.);
#4096=CARTESIAN_POINT('',(0.0572917732334671,-0.0008,0.0572917732334672));
#4097=DIRECTION('',(0.707106781186548,0.,-0.707106781186547));
#4098=VECTOR('',#4097,1.);
#4099=LINE('',#4096,#4098);
#4100=CARTESIAN_POINT('',(0.0907500000000013,-0.0008,0.0238335464669331));
#4101=VERTEX_POINT('',#4100);
#4102=EDGE_CURVE('',#4093,#4101,#4099,.T.);
#4103=ORIENTED_EDGE('',*,*,#4102,.T.);
#4104=CARTESIAN_POINT('',(0.0907500000000005,-0.0008,-2.74528318311779E-15));
#4105=DIRECTION('',(3.02510543594246E-14,0.,1.));
#4106=VECTOR('',#4105,1.);
#4107=LINE('',#4104,#4106);
#4108=CARTESIAN_POINT('',(0.0907499999999998,-0.0008,-0.0229593467518803));
#4109=VERTEX_POINT('',#4108);
#4110=EDGE_CURVE('',#4109,#4101,#4107,.T.);
#4111=ORIENTED_EDGE('',*,*,#4110,.F.);
#4112=CARTESIAN_POINT('',(0.0568546733759399,-0.0008,-0.0568546733759401));
#4113=DIRECTION('',(0.707106781186549,0.,0.707106781186546));
#4114=VECTOR('',#4113,1.);
#4115=LINE('',#4112,#4114);
#4116=CARTESIAN_POINT('',(0.0858964466094065,-0.0008,-0.0278129001424736));
#4117=VERTEX_POINT('',#4116);
#4118=EDGE_CURVE('',#4117,#4109,#4115,.T.);
#4119=ORIENTED_EDGE('',*,*,#4118,.F.);
#4120=CARTESIAN_POINT('',(-2.27896149034167E-16,-0.0008,-0.0278129001424729));
#4121=DIRECTION('',(1.,0.,-8.19390095483602E-15));
#4122=VECTOR('',#4121,1.);
#4123=LINE('',#4120,#4122);
#4124=EDGE_CURVE('',#3936,#4117,#4123,.T.);
#4125=ORIENTED_EDGE('',*,*,#4124,.F.);
#4126=EDGE_LOOP('',(#3938,#3946,#3955,#3963,#3972,#3980,#3989,#3997,#4005,#4013,#4021,#4029,#4038,#4046,#4054,#4062,#4070,#4078,#4087,#4095,#4103,#4111,#4119,#4125));
#4127=FACE_BOUND('',#4126,.T.);
#4128=ADVANCED_FACE('',(#3927,#4127),#2485,.F.);
#4129=CARTESIAN_POINT('',(-0.013,0.0008,0.0476814010170211));
#4130=DIRECTION('',(1.,0.,0.));
#4131=VECTOR('',#4130,1.);
#4132=LINE('',#4129,#4131);
#4133=CARTESIAN_POINT('',(-0.013,0.0008,0.0476814010170211));
#4134=VERTEX_POINT('',#4133);
#4135=CARTESIAN_POINT('',(0.013,0.0008,0.0476814010170211));
#4136=VERTEX_POINT('',#4135);
#4137=EDGE_CURVE('',#4134,#4136,#4132,.T.);
#4138=ORIENTED_EDGE('',*,*,#4137,.F.);
#4139=CARTESIAN_POINT('',(-0.013,0.0008,0.0446814010170211));
#4140=DIRECTION('',(0.,1.,0.));
#4141=DIRECTION('',(0.,0.,1.));
#4142=AXIS2_PLACEMENT_3D('',#4139,#4140,#4141);
#4143=CIRCLE('',#4142,0.003);
#4144=CARTESIAN_POINT('',(-0.016,0.0008,0.0446814010170211));
#4145=VERTEX_POINT('',#4144);
#4146=EDGE_CURVE('',#4145,#4134,#4143,.T.);
#4147=ORIENTED_EDGE('',*,*,#4146,.F.);
#4148=CARTESIAN_POINT('',(-0.016,0.0008,0.0386814010170212));
#4149=DIRECTION('',(0.,0.,1.));
#4150=VECTOR('',#4149,1.);
#4151=LINE('',#4148,#4150);
#4152=CARTESIAN_POINT('',(-0.016,0.0008,0.0386814010170212));
#4153=VERTEX_POINT('',#4152);
#4154=EDGE_CURVE('',#4153,#4145,#4151,.T.);
#4155=ORIENTED_EDGE('',*,*,#4154,.F.);
#4156=CARTESIAN_POINT('',(-0.013,0.0008,0.0386814010170211));
#4157=DIRECTION('',(0.,1.,0.));
#4158=DIRECTION('',(0.,0.,1.));
#4159=AXIS2_PLACEMENT_3D('',#4156,#4157,#4158);
#4160=CIRCLE('',#4159,0.003);
#4161=CARTESIAN_POINT('',(-0.013,0.0008,0.0356814010170211));
#4162=VERTEX_POINT('',#4161);
#4163=EDGE_CURVE('',#4162,#4153,#4160,.T.);
#4164=ORIENTED_EDGE('',*,*,#4163,.F.);
#4165=CARTESIAN_POINT('',(-0.013,0.0008,0.0356814010170211));
#4166=DIRECTION('',(-1.,0.,0.));
#4167=VECTOR('',#4166,1.);
#4168=LINE('',#4165,#4167);
#4169=CARTESIAN_POINT('',(0.013,0.0008,0.0356814010170211));
#4170=VERTEX_POINT('',#4169);
#4171=EDGE_CURVE('',#4170,#4162,#4168,.T.);
#4172=ORIENTED_EDGE('',*,*,#4171,.F.);
#4173=CARTESIAN_POINT('',(0.013,0.0008,0.0386814010170211));
#4174=DIRECTION('',(0.,1.,0.));
#4175=DIRECTION('',(0.,0.,1.));
#4176=AXIS2_PLACEMENT_3D('',#4173,#4174,#4175);
#4177=CIRCLE('',#4176,0.003);
#4178=CARTESIAN_POINT('',(0.016,0.0008,0.0386814010170211));
#4179=VERTEX_POINT('',#4178);
#4180=EDGE_CURVE('',#4179,#4170,#4177,.T.);
#4181=ORIENTED_EDGE('',*,*,#4180,.F.);
#4182=CARTESIAN_POINT('',(0.016,0.0008,0.0386814010170211));
#4183=DIRECTION('',(0.,0.,-1.));
#4184=VECTOR('',#4183,1.);
#4185=LINE('',#4182,#4184);
#4186=CARTESIAN_POINT('',(0.016,0.0008,0.0446814010170211));
#4187=VERTEX_POINT('',#4186);
#4188=EDGE_CURVE('',#4187,#4179,#4185,.T.);
#4189=ORIENTED_EDGE('',*,*,#4188,.F.);
#4190=CARTESIAN_POINT('',(0.013,0.0008,0.0446814010170212));
#4191=DIRECTION('',(0.,1.,0.));
#4192=DIRECTION('',(0.,0.,1.));
#4193=AXIS2_PLACEMENT_3D('',#4190,#4191,#4192);
#4194=CIRCLE('',#4193,0.00299999999999997);
#4195=EDGE_CURVE('',#4136,#4187,#4194,.T.);
#4196=ORIENTED_EDGE('',*,*,#4195,.F.);
#4197=EDGE_LOOP('',(#4138,#4147,#4155,#4164,#4172,#4181,#4189,#4196));
#4198=FACE_BOUND('',#4197,.T.);
#4199=CARTESIAN_POINT('',(0.013,0.0008,0.0446814010170212));
#4200=DIRECTION('',(0.,1.,0.));
#4201=DIRECTION('',(0.,0.,1.));
#4202=AXIS2_PLACEMENT_3D('',#4199,#4200,#4201);
#4203=CIRCLE('',#4202,0.00324999999999996);
#4204=CARTESIAN_POINT('',(0.013,0.0008,0.0479314010170211));
#4205=VERTEX_POINT('',#4204);
#4206=CARTESIAN_POINT('',(0.01625,0.0008,0.0446814010170212));
#4207=VERTEX_POINT('',#4206);
#4208=EDGE_CURVE('',#4205,#4207,#4203,.T.);
#4209=ORIENTED_EDGE('',*,*,#4208,.T.);
#4210=CARTESIAN_POINT('',(0.01625,0.0008,0.));
#4211=DIRECTION('',(0.,0.,-1.));
#4212=VECTOR('',#4211,1.);
#4213=LINE('',#4210,#4212);
#4214=CARTESIAN_POINT('',(0.01625,0.0008,0.0386814010170211));
#4215=VERTEX_POINT('',#4214);
#4216=EDGE_CURVE('',#4207,#4215,#4213,.T.);
#4217=ORIENTED_EDGE('',*,*,#4216,.T.);
#4218=CARTESIAN_POINT('',(0.013,0.0008,0.0386814010170211));
#4219=DIRECTION('',(0.,1.,0.));
#4220=DIRECTION('',(0.,0.,1.));
#4221=AXIS2_PLACEMENT_3D('',#4218,#4219,#4220);
#4222=CIRCLE('',#4221,0.00324999999999998);
#4223=CARTESIAN_POINT('',(0.013,0.0008,0.0354314010170212));
#4224=VERTEX_POINT('',#4223);
#4225=EDGE_CURVE('',#4215,#4224,#4222,.T.);
#4226=ORIENTED_EDGE('',*,*,#4225,.T.);
#4227=CARTESIAN_POINT('',(9.45595125091926E-18,0.0008,0.0354314010170212));
#4228=DIRECTION('',(1.,0.,-2.66880534765663E-16));
#4229=VECTOR('',#4228,1.);
#4230=LINE('',#4227,#4229);
#4231=CARTESIAN_POINT('',(-0.013,0.0008,0.0354314010170212));
#4232=VERTEX_POINT('',#4231);
#4233=EDGE_CURVE('',#4232,#4224,#4230,.T.);
#4234=ORIENTED_EDGE('',*,*,#4233,.F.);
#4235=CARTESIAN_POINT('',(-0.013,0.0008,0.0386814010170211));
#4236=DIRECTION('',(0.,1.,0.));
#4237=DIRECTION('',(0.,0.,1.));
#4238=AXIS2_PLACEMENT_3D('',#4235,#4236,#4237);
#4239=CIRCLE('',#4238,0.00324999999999996);
#4240=CARTESIAN_POINT('',(-0.0162499999999999,0.0008,0.0386814010170211));
#4241=VERTEX_POINT('',#4240);
#4242=EDGE_CURVE('',#4232,#4241,#4239,.T.);
#4243=ORIENTED_EDGE('',*,*,#4242,.T.);
#4244=CARTESIAN_POINT('',(-0.0162499999999999,0.0008,0.));
#4245=DIRECTION('',(0.,0.,1.));
#4246=VECTOR('',#4245,1.);
#4247=LINE('',#4244,#4246);
#4248=CARTESIAN_POINT('',(-0.0162499999999999,0.0008,0.0446814010170211));
#4249=VERTEX_POINT('',#4248);
#4250=EDGE_CURVE('',#4241,#4249,#4247,.T.);
#4251=ORIENTED_EDGE('',*,*,#4250,.T.);
#4252=CARTESIAN_POINT('',(-0.013,0.0008,0.0446814010170211));
#4253=DIRECTION('',(0.,1.,0.));
#4254=DIRECTION('',(0.,0.,1.));
#4255=AXIS2_PLACEMENT_3D('',#4252,#4253,#4254);
#4256=CIRCLE('',#4255,0.00324999999999998);
#4257=CARTESIAN_POINT('',(-0.013,0.0008,0.0479314010170211));
#4258=VERTEX_POINT('',#4257);
#4259=EDGE_CURVE('',#4249,#4258,#4256,.T.);
#4260=ORIENTED_EDGE('',*,*,#4259,.T.);
#4261=CARTESIAN_POINT('',(0.,0.0008,0.0479314010170211));
#4262=DIRECTION('',(1.,0.,0.));
#4263=VECTOR('',#4262,1.);
#4264=LINE('',#4261,#4263);
#4265=EDGE_CURVE('',#4258,#4205,#4264,.T.);
#4266=ORIENTED_EDGE('',*,*,#4265,.T.);
#4267=EDGE_LOOP('',(#4209,#4217,#4226,#4234,#4243,#4251,#4260,#4266));
#4268=FACE_BOUND('',#4267,.T.);
#4269=ADVANCED_FACE('',(#4198,#4268),#19,.T.);
#4270=CARTESIAN_POINT('',(-0.02775,-0.0008,0.0576814010170211));
#4271=DIRECTION('',(-0.435889894354085,0.,0.899999999999991));
#4272=DIRECTION('',(0.899999999999991,0.,0.435889894354085));
#4273=AXIS2_PLACEMENT_3D('',#4270,#4271,#4272);
#4274=PLANE('',#4273);
#4275=CARTESIAN_POINT('',(-0.02775,-0.0008,0.0576814010170211));
#4276=DIRECTION('',(0.,1.,0.));
#4277=VECTOR('',#4276,1.);
#4278=LINE('',#4275,#4277);
#4279=CARTESIAN_POINT('',(-0.02775,0.0008,0.0576814010170211));
#4280=VERTEX_POINT('',#4279);
#4281=EDGE_CURVE('',#3735,#4280,#4278,.T.);
#4282=ORIENTED_EDGE('',*,*,#4281,.T.);
#4283=CARTESIAN_POINT('',(-0.02775,0.0008,0.0576814010170211));
#4284=DIRECTION('',(0.899999999999991,0.,0.435889894354085));
#4285=VECTOR('',#4284,1.);
#4286=LINE('',#4283,#4285);
#4287=CARTESIAN_POINT('',(-0.03225,0.0008,0.0555019515452507));
#4288=VERTEX_POINT('',#4287);
#4289=EDGE_CURVE('',#4288,#4280,#4286,.T.);
#4290=ORIENTED_EDGE('',*,*,#4289,.F.);
#4291=CARTESIAN_POINT('',(-0.03225,-0.0008,0.0555019515452507));
#4292=DIRECTION('',(0.,1.,0.));
#4293=VECTOR('',#4292,1.);
#4294=LINE('',#4291,#4293);
#4295=EDGE_CURVE('',#3733,#4288,#4294,.T.);
#4296=ORIENTED_EDGE('',*,*,#4295,.F.);
#4297=ORIENTED_EDGE('',*,*,#3736,.T.);
#4298=EDGE_LOOP('',(#4282,#4290,#4296,#4297));
#4299=FACE_BOUND('',#4298,.T.);
#4300=ADVANCED_FACE('',(#4299),#4274,.T.);
#4301=CARTESIAN_POINT('',(-0.03225,-0.0008,0.0555019515452507));
#4302=DIRECTION('',(-0.707106781186543,0.,0.707106781186552));
#4303=DIRECTION('',(0.707106781186552,0.,0.707106781186543));
#4304=AXIS2_PLACEMENT_3D('',#4301,#4302,#4303);
#4305=PLANE('',#4304);
#4306=ORIENTED_EDGE('',*,*,#4295,.T.);
#4307=CARTESIAN_POINT('',(-0.03225,0.0008,0.0555019515452507));
#4308=DIRECTION('',(0.707106781186552,0.,0.707106781186543));
#4309=VECTOR('',#4308,1.);
#4310=LINE('',#4307,#4309);
#4311=CARTESIAN_POINT('',(-0.05550195154525,0.0008,0.0322500000000011));
#4312=VERTEX_POINT('',#4311);
#4313=EDGE_CURVE('',#4312,#4288,#4310,.T.);
#4314=ORIENTED_EDGE('',*,*,#4313,.F.);
#4315=CARTESIAN_POINT('',(-0.05550195154525,-0.0008,0.0322500000000011));
#4316=DIRECTION('',(0.,1.,0.));
#4317=VECTOR('',#4316,1.);
#4318=LINE('',#4315,#4317);
#4319=EDGE_CURVE('',#3743,#4312,#4318,.T.);
#4320=ORIENTED_EDGE('',*,*,#4319,.F.);
#4321=ORIENTED_EDGE('',*,*,#3744,.T.);
#4322=EDGE_LOOP('',(#4306,#4314,#4320,#4321));
#4323=FACE_BOUND('',#4322,.T.);
#4324=ADVANCED_FACE('',(#4323),#4305,.T.);
#4325=CARTESIAN_POINT('',(-0.0635,-0.0008,0.0402480484547512));
#4326=DIRECTION('',(0.,1.,0.));
#4327=DIRECTION('',(0.,0.,1.));
#4328=AXIS2_PLACEMENT_3D('',#4325,#4326,#4327);
#4329=CYLINDRICAL_SURFACE('',#4328,0.0113109485972248);
#4330=ORIENTED_EDGE('',*,*,#4319,.T.);
#4331=CARTESIAN_POINT('',(-0.0635,0.0008,0.0402480484547512));
#4332=DIRECTION('',(0.,-1.,0.));
#4333=DIRECTION('',(0.,0.,1.));
#4334=AXIS2_PLACEMENT_3D('',#4331,#4332,#4333);
#4335=CIRCLE('',#4334,0.0113109485972248);
#4336=CARTESIAN_POINT('',(-0.0635,0.0008,0.0289370998575264));
#4337=VERTEX_POINT('',#4336);
#4338=EDGE_CURVE('',#4337,#4312,#4335,.T.);
#4339=ORIENTED_EDGE('',*,*,#4338,.F.);
#4340=CARTESIAN_POINT('',(-0.0635,-0.0008,0.0289370998575264));
#4341=DIRECTION('',(0.,1.,0.));
#4342=VECTOR('',#4341,1.);
#4343=LINE('',#4340,#4342);
#4344=EDGE_CURVE('',#3752,#4337,#4343,.T.);
#4345=ORIENTED_EDGE('',*,*,#4344,.F.);
#4346=ORIENTED_EDGE('',*,*,#3753,.T.);
#4347=EDGE_LOOP('',(#4330,#4339,#4345,#4346));
#4348=FACE_BOUND('',#4347,.T.);
#4349=ADVANCED_FACE('',(#4348),#4329,.F.);
#4350=CARTESIAN_POINT('',(-0.0635,-0.0008,0.0289370998575264));
#4351=DIRECTION('',(1.54197642309049E-16,0.,1.));
#4352=DIRECTION('',(1.,0.,-1.54197642309049E-16));
#4353=AXIS2_PLACEMENT_3D('',#4350,#4351,#4352);
#4354=PLANE('',#4353);
#4355=ORIENTED_EDGE('',*,*,#4344,.T.);
#4356=CARTESIAN_POINT('',(-0.0635,0.0008,0.0289370998575264));
#4357=DIRECTION('',(1.,0.,-1.54197642309049E-16));
#4358=VECTOR('',#4357,1.);
#4359=LINE('',#4356,#4358);
#4360=CARTESIAN_POINT('',(-0.086,0.0008,0.0289370998575264));
#4361=VERTEX_POINT('',#4360);
#4362=EDGE_CURVE('',#4361,#4337,#4359,.T.);
#4363=ORIENTED_EDGE('',*,*,#4362,.F.);
#4364=CARTESIAN_POINT('',(-0.086,-0.0008,0.0289370998575264));
#4365=DIRECTION('',(0.,1.,0.));
#4366=VECTOR('',#4365,1.);
#4367=LINE('',#4364,#4366);
#4368=EDGE_CURVE('',#3760,#4361,#4367,.T.);
#4369=ORIENTED_EDGE('',*,*,#4368,.F.);
#4370=ORIENTED_EDGE('',*,*,#3761,.T.);
#4371=EDGE_LOOP('',(#4355,#4363,#4369,#4370));
#4372=FACE_BOUND('',#4371,.T.);
#4373=ADVANCED_FACE('',(#4372),#4354,.T.);
#4374=CARTESIAN_POINT('',(-0.091,-0.0008,0.0239370998575264));
#4375=DIRECTION('',(-0.707106781186549,0.,0.707106781186546));
#4376=DIRECTION('',(0.707106781186546,0.,0.707106781186549));
#4377=AXIS2_PLACEMENT_3D('',#4374,#4375,#4376);
#4378=PLANE('',#4377);
#4379=ORIENTED_EDGE('',*,*,#4368,.T.);
#4380=CARTESIAN_POINT('',(-0.091,0.0008,0.0239370998575264));
#4381=DIRECTION('',(0.707106781186546,0.,0.707106781186549));
#4382=VECTOR('',#4381,1.);
#4383=LINE('',#4380,#4382);
#4384=CARTESIAN_POINT('',(-0.091,0.0008,0.0239370998575264));
#4385=VERTEX_POINT('',#4384);
#4386=EDGE_CURVE('',#4385,#4361,#4383,.T.);
#4387=ORIENTED_EDGE('',*,*,#4386,.F.);
#4388=CARTESIAN_POINT('',(-0.091,-0.0008,0.0239370998575264));
#4389=DIRECTION('',(0.,1.,0.));
#4390=VECTOR('',#4389,1.);
#4391=LINE('',#4388,#4390);
#4392=EDGE_CURVE('',#3768,#4385,#4391,.T.);
#4393=ORIENTED_EDGE('',*,*,#4392,.F.);
#4394=ORIENTED_EDGE('',*,*,#3769,.T.);
#4395=EDGE_LOOP('',(#4379,#4387,#4393,#4394));
#4396=FACE_BOUND('',#4395,.T.);
#4397=ADVANCED_FACE('',(#4396),#4378,.T.);
#4398=CARTESIAN_POINT('',(-0.091,-0.0008,0.0239370998575264));
#4399=DIRECTION('',(-1.,0.,0.));
#4400=DIRECTION('',(0.,0.,1.));
#4401=AXIS2_PLACEMENT_3D('',#4398,#4399,#4400);
#4402=PLANE('',#4401);
#4403=ORIENTED_EDGE('',*,*,#4392,.T.);
#4404=CARTESIAN_POINT('',(-0.091,0.0008,0.0239370998575264));
#4405=DIRECTION('',(0.,0.,1.));
#4406=VECTOR('',#4405,1.);
#4407=LINE('',#4404,#4406);
#4408=CARTESIAN_POINT('',(-0.091,0.0008,-0.0230629001424736));
#4409=VERTEX_POINT('',#4408);
#4410=EDGE_CURVE('',#4409,#4385,#4407,.T.);
#4411=ORIENTED_EDGE('',*,*,#4410,.F.);
#4412=CARTESIAN_POINT('',(-0.091,-0.0008,-0.0230629001424736));
#4413=DIRECTION('',(0.,1.,0.));
#4414=VECTOR('',#4413,1.);
#4415=LINE('',#4412,#4414);
#4416=EDGE_CURVE('',#3776,#4409,#4415,.T.);
#4417=ORIENTED_EDGE('',*,*,#4416,.F.);
#4418=ORIENTED_EDGE('',*,*,#3777,.T.);
#4419=EDGE_LOOP('',(#4403,#4411,#4417,#4418));
#4420=FACE_BOUND('',#4419,.T.);
#4421=ADVANCED_FACE('',(#4420),#4402,.T.);
#4422=CARTESIAN_POINT('',(-0.091,-0.0008,-0.0230629001424736));
#4423=DIRECTION('',(-0.707106781186548,0.,-0.707106781186547));
#4424=DIRECTION('',(-0.707106781186547,0.,0.707106781186548));
#4425=AXIS2_PLACEMENT_3D('',#4422,#4423,#4424);
#4426=PLANE('',#4425);
#4427=ORIENTED_EDGE('',*,*,#4416,.T.);
#4428=CARTESIAN_POINT('',(-0.091,0.0008,-0.0230629001424736));
#4429=DIRECTION('',(-0.707106781186547,0.,0.707106781186548));
#4430=VECTOR('',#4429,1.);
#4431=LINE('',#4428,#4430);
#4432=CARTESIAN_POINT('',(-0.086,0.0008,-0.0280629001424736));
#4433=VERTEX_POINT('',#4432);
#4434=EDGE_CURVE('',#4433,#4409,#4431,.T.);
#4435=ORIENTED_EDGE('',*,*,#4434,.F.);
#4436=CARTESIAN_POINT('',(-0.086,-0.0008,-0.0280629001424736));
#4437=DIRECTION('',(0.,1.,0.));
#4438=VECTOR('',#4437,1.);
#4439=LINE('',#4436,#4438);
#4440=EDGE_CURVE('',#3784,#4433,#4439,.T.);
#4441=ORIENTED_EDGE('',*,*,#4440,.F.);
#4442=ORIENTED_EDGE('',*,*,#3785,.T.);
#4443=EDGE_LOOP('',(#4427,#4435,#4441,#4442));
#4444=FACE_BOUND('',#4443,.T.);
#4445=ADVANCED_FACE('',(#4444),#4426,.T.);
#4446=CARTESIAN_POINT('',(-0.086,-0.0008,-0.0280629001424736));
#4447=DIRECTION('',(-1.59897950384988E-16,0.,-1.));
#4448=DIRECTION('',(-1.,0.,1.59897950384988E-16));
#4449=AXIS2_PLACEMENT_3D('',#4446,#4447,#4448);
#4450=PLANE('',#4449);
#4451=ORIENTED_EDGE('',*,*,#4440,.T.);
#4452=CARTESIAN_POINT('',(-0.086,0.0008,-0.0280629001424736));
#4453=DIRECTION('',(-1.,0.,1.59897950384988E-16));
#4454=VECTOR('',#4453,1.);
#4455=LINE('',#4452,#4454);
#4456=CARTESIAN_POINT('',(-0.0643021174217669,0.0008,-0.0280629001424736));
#4457=VERTEX_POINT('',#4456);
#4458=EDGE_CURVE('',#4457,#4433,#4455,.T.);
#4459=ORIENTED_EDGE('',*,*,#4458,.F.);
#4460=CARTESIAN_POINT('',(-0.0643021174217669,-0.0008,-0.0280629001424736));
#4461=DIRECTION('',(0.,1.,0.));
#4462=VECTOR('',#4461,1.);
#4463=LINE('',#4460,#4462);
#4464=EDGE_CURVE('',#3792,#4457,#4463,.T.);
#4465=ORIENTED_EDGE('',*,*,#4464,.F.);
#4466=ORIENTED_EDGE('',*,*,#3793,.T.);
#4467=EDGE_LOOP('',(#4451,#4459,#4465,#4466));
#4468=FACE_BOUND('',#4467,.T.);
#4469=ADVANCED_FACE('',(#4468),#4450,.T.);
#4470=CARTESIAN_POINT('',(-0.0643021174217683,-0.0008,-0.0391998266896455));
#4471=DIRECTION('',(0.,1.,0.));
#4472=DIRECTION('',(0.,0.,1.));
#4473=AXIS2_PLACEMENT_3D('',#4470,#4471,#4472);
#4474=CYLINDRICAL_SURFACE('',#4473,0.0111369265471719);
#4475=ORIENTED_EDGE('',*,*,#4464,.T.);
#4476=CARTESIAN_POINT('',(-0.0643021174217683,0.0008,-0.0391998266896455));
#4477=DIRECTION('',(0.,-1.,0.));
#4478=DIRECTION('',(0.,0.,1.));
#4479=AXIS2_PLACEMENT_3D('',#4476,#4477,#4478);
#4480=CIRCLE('',#4479,0.0111369265471719);
#4481=CARTESIAN_POINT('',(-0.0564271211386874,0.0008,-0.0313248304065629));
#4482=VERTEX_POINT('',#4481);
#4483=EDGE_CURVE('',#4482,#4457,#4480,.T.);
#4484=ORIENTED_EDGE('',*,*,#4483,.F.);
#4485=CARTESIAN_POINT('',(-0.0564271211386874,-0.0008,-0.0313248304065629));
#4486=DIRECTION('',(0.,1.,0.));
#4487=VECTOR('',#4486,1.);
#4488=LINE('',#4485,#4487);
#4489=EDGE_CURVE('',#3801,#4482,#4488,.T.);
#4490=ORIENTED_EDGE('',*,*,#4489,.F.);
#4491=ORIENTED_EDGE('',*,*,#3802,.T.);
#4492=EDGE_LOOP('',(#4475,#4484,#4490,#4491));
#4493=FACE_BOUND('',#4492,.T.);
#4494=ADVANCED_FACE('',(#4493),#4474,.F.);
#4495=CARTESIAN_POINT('',(-0.0564271211386874,-0.0008,-0.0313248304065629));
#4496=DIRECTION('',(-0.707106781186553,0.,-0.707106781186542));
#4497=DIRECTION('',(-0.707106781186542,0.,0.707106781186553));
#4498=AXIS2_PLACEMENT_3D('',#4495,#4496,#4497);
#4499=PLANE('',#4498);
#4500=ORIENTED_EDGE('',*,*,#4489,.T.);
#4501=CARTESIAN_POINT('',(-0.0564271211386874,0.0008,-0.0313248304065629));
#4502=DIRECTION('',(-0.707106781186542,0.,0.707106781186553));
#4503=VECTOR('',#4502,1.);
#4504=LINE('',#4501,#4503);
#4505=CARTESIAN_POINT('',(-0.0366281312654641,0.0008,-0.0511238202797863));
#4506=VERTEX_POINT('',#4505);
#4507=EDGE_CURVE('',#4506,#4482,#4504,.T.);
#4508=ORIENTED_EDGE('',*,*,#4507,.F.);
#4509=CARTESIAN_POINT('',(-0.0366281312654641,-0.0008,-0.0511238202797863));
#4510=DIRECTION('',(0.,1.,0.));
#4511=VECTOR('',#4510,1.);
#4512=LINE('',#4509,#4511);
#4513=EDGE_CURVE('',#3809,#4506,#4512,.T.);
#4514=ORIENTED_EDGE('',*,*,#4513,.F.);
#4515=ORIENTED_EDGE('',*,*,#3810,.T.);
#4516=EDGE_LOOP('',(#4500,#4508,#4514,#4515));
#4517=FACE_BOUND('',#4516,.T.);
#4518=ADVANCED_FACE('',(#4517),#4499,.T.);
#4519=CARTESIAN_POINT('',(-0.0144299718171983,-0.0008,-0.0289256608315223));
#4520=DIRECTION('',(0.,1.,0.));
#4521=DIRECTION('',(0.,0.,1.));
#4522=AXIS2_PLACEMENT_3D('',#4519,#4520,#4521);
#4523=CYLINDRICAL_SURFACE('',#4522,0.0313929381514567);
#4524=ORIENTED_EDGE('',*,*,#4513,.T.);
#4525=CARTESIAN_POINT('',(-0.0144299718171983,0.0008,-0.0289256608315223));
#4526=DIRECTION('',(0.,1.,0.));
#4527=DIRECTION('',(0.,0.,1.));
#4528=AXIS2_PLACEMENT_3D('',#4525,#4526,#4527);
#4529=CIRCLE('',#4528,0.0313929381514567);
#4530=CARTESIAN_POINT('',(-0.0144299718171983,0.0008,-0.0603185989829789));
#4531=VERTEX_POINT('',#4530);
#4532=EDGE_CURVE('',#4531,#4506,#4529,.T.);
#4533=ORIENTED_EDGE('',*,*,#4532,.F.);
#4534=CARTESIAN_POINT('',(-0.0144299718171983,-0.0008,-0.0603185989829789));
#4535=DIRECTION('',(0.,1.,0.));
#4536=VECTOR('',#4535,1.);
#4537=LINE('',#4534,#4536);
#4538=EDGE_CURVE('',#3818,#4531,#4537,.T.);
#4539=ORIENTED_EDGE('',*,*,#4538,.F.);
#4540=ORIENTED_EDGE('',*,*,#3819,.T.);
#4541=EDGE_LOOP('',(#4524,#4533,#4539,#4540));
#4542=FACE_BOUND('',#4541,.T.);
#4543=ADVANCED_FACE('',(#4542),#4523,.T.);
#4544=CARTESIAN_POINT('',(-0.0144299718171983,-0.0008,-0.0603185989829789));
#4545=DIRECTION('',(-2.40433383786555E-16,0.,-1.));
#4546=DIRECTION('',(-1.,0.,2.40433383786555E-16));
#4547=AXIS2_PLACEMENT_3D('',#4544,#4545,#4546);
#4548=PLANE('',#4547);
#4549=ORIENTED_EDGE('',*,*,#4538,.T.);
#4550=CARTESIAN_POINT('',(-0.0144299718171983,0.0008,-0.0603185989829789));
#4551=DIRECTION('',(-1.,0.,2.40433383786555E-16));
#4552=VECTOR('',#4551,1.);
#4553=LINE('',#4550,#4552);
#4554=CARTESIAN_POINT('',(0.0144299718171983,0.0008,-0.0603185989829789));
#4555=VERTEX_POINT('',#4554);
#4556=EDGE_CURVE('',#4555,#4531,#4553,.T.);
#4557=ORIENTED_EDGE('',*,*,#4556,.F.);
#4558=CARTESIAN_POINT('',(0.0144299718171983,-0.0008,-0.0603185989829789));
#4559=DIRECTION('',(0.,1.,0.));
#4560=VECTOR('',#4559,1.);
#4561=LINE('',#4558,#4560);
#4562=EDGE_CURVE('',#3826,#4555,#4561,.T.);
#4563=ORIENTED_EDGE('',*,*,#4562,.F.);
#4564=ORIENTED_EDGE('',*,*,#3827,.T.);
#4565=EDGE_LOOP('',(#4549,#4557,#4563,#4564));
#4566=FACE_BOUND('',#4565,.T.);
#4567=ADVANCED_FACE('',(#4566),#4548,.T.);
#4568=CARTESIAN_POINT('',(0.0144299718171981,-0.0008,-0.0289256608315222));
#4569=DIRECTION('',(0.,1.,0.));
#4570=DIRECTION('',(0.,0.,1.));
#4571=AXIS2_PLACEMENT_3D('',#4568,#4569,#4570);
#4572=CYLINDRICAL_SURFACE('',#4571,0.0313929381514567);
#4573=ORIENTED_EDGE('',*,*,#4562,.T.);
#4574=CARTESIAN_POINT('',(0.0144299718171981,0.0008,-0.0289256608315222));
#4575=DIRECTION('',(0.,1.,0.));
#4576=DIRECTION('',(0.,0.,1.));
#4577=AXIS2_PLACEMENT_3D('',#4574,#4575,#4576);
#4578=CIRCLE('',#4577,0.0313929381514567);
#4579=CARTESIAN_POINT('',(0.0366281312654638,0.0008,-0.0511238202797864));
#4580=VERTEX_POINT('',#4579);
#4581=EDGE_CURVE('',#4580,#4555,#4578,.T.);
#4582=ORIENTED_EDGE('',*,*,#4581,.F.);
#4583=CARTESIAN_POINT('',(0.0366281312654638,-0.0008,-0.0511238202797864));
#4584=DIRECTION('',(0.,1.,0.));
#4585=VECTOR('',#4584,1.);
#4586=LINE('',#4583,#4585);
#4587=EDGE_CURVE('',#3835,#4580,#4586,.T.);
#4588=ORIENTED_EDGE('',*,*,#4587,.F.);
#4589=ORIENTED_EDGE('',*,*,#3836,.T.);
#4590=EDGE_LOOP('',(#4573,#4582,#4588,#4589));
#4591=FACE_BOUND('',#4590,.T.);
#4592=ADVANCED_FACE('',(#4591),#4572,.T.);
#4593=CARTESIAN_POINT('',(0.0366281312654638,-0.0008,-0.0511238202797864));
#4594=DIRECTION('',(0.707106781186543,0.,-0.707106781186552));
#4595=DIRECTION('',(-0.707106781186552,0.,-0.707106781186543));
#4596=AXIS2_PLACEMENT_3D('',#4593,#4594,#4595);
#4597=PLANE('',#4596);
#4598=ORIENTED_EDGE('',*,*,#4587,.T.);
#4599=CARTESIAN_POINT('',(0.0366281312654638,0.0008,-0.0511238202797864));
#4600=DIRECTION('',(-0.707106781186552,0.,-0.707106781186543));
#4601=VECTOR('',#4600,1.);
#4602=LINE('',#4599,#4601);
#4603=CARTESIAN_POINT('',(0.0564271211386874,0.0008,-0.0313248304065628));
#4604=VERTEX_POINT('',#4603);
#4605=EDGE_CURVE('',#4604,#4580,#4602,.T.);
#4606=ORIENTED_EDGE('',*,*,#4605,.F.);
#4607=CARTESIAN_POINT('',(0.0564271211386874,-0.0008,-0.0313248304065628));
#4608=DIRECTION('',(0.,1.,0.));
#4609=VECTOR('',#4608,1.);
#4610=LINE('',#4607,#4609);
#4611=EDGE_CURVE('',#3843,#4604,#4610,.T.);
#4612=ORIENTED_EDGE('',*,*,#4611,.F.);
#4613=ORIENTED_EDGE('',*,*,#3844,.T.);
#4614=EDGE_LOOP('',(#4598,#4606,#4612,#4613));
#4615=FACE_BOUND('',#4614,.T.);
#4616=ADVANCED_FACE('',(#4615),#4597,.T.);
#4617=CARTESIAN_POINT('',(0.064302117421768,-0.0008,-0.0391998266896455));
#4618=DIRECTION('',(0.,1.,0.));
#4619=DIRECTION('',(0.,0.,1.));
#4620=AXIS2_PLACEMENT_3D('',#4617,#4618,#4619);
#4621=CYLINDRICAL_SURFACE('',#4620,0.0111369265471718);
#4622=ORIENTED_EDGE('',*,*,#4611,.T.);
#4623=CARTESIAN_POINT('',(0.064302117421768,0.0008,-0.0391998266896455));
#4624=DIRECTION('',(0.,-1.,0.));
#4625=DIRECTION('',(0.,0.,1.));
#4626=AXIS2_PLACEMENT_3D('',#4623,#4624,#4625);
#4627=CIRCLE('',#4626,0.0111369265471718);
#4628=CARTESIAN_POINT('',(0.064302117421767,0.0008,-0.0280629001424736));
#4629=VERTEX_POINT('',#4628);
#4630=EDGE_CURVE('',#4629,#4604,#4627,.T.);
#4631=ORIENTED_EDGE('',*,*,#4630,.F.);
#4632=CARTESIAN_POINT('',(0.064302117421767,-0.0008,-0.0280629001424736));
#4633=DIRECTION('',(0.,1.,0.));
#4634=VECTOR('',#4633,1.);
#4635=LINE('',#4632,#4634);
#4636=EDGE_CURVE('',#3852,#4629,#4635,.T.);
#4637=ORIENTED_EDGE('',*,*,#4636,.F.);
#4638=ORIENTED_EDGE('',*,*,#3853,.T.);
#4639=EDGE_LOOP('',(#4622,#4631,#4637,#4638));
#4640=FACE_BOUND('',#4639,.T.);
#4641=ADVANCED_FACE('',(#4640),#4621,.F.);
#4642=CARTESIAN_POINT('',(0.086,-0.0008,-0.0280629001424736));
#4643=DIRECTION('',(1.11928565269492E-15,0.,-1.));
#4644=DIRECTION('',(-1.,0.,-1.11928565269492E-15));
#4645=AXIS2_PLACEMENT_3D('',#4642,#4643,#4644);
#4646=PLANE('',#4645);
#4647=ORIENTED_EDGE('',*,*,#4636,.T.);
#4648=CARTESIAN_POINT('',(0.086,0.0008,-0.0280629001424736));
#4649=DIRECTION('',(-1.,0.,-1.11928565269492E-15));
#4650=VECTOR('',#4649,1.);
#4651=LINE('',#4648,#4650);
#4652=CARTESIAN_POINT('',(0.086,0.0008,-0.0280629001424736));
#4653=VERTEX_POINT('',#4652);
#4654=EDGE_CURVE('',#4653,#4629,#4651,.T.);
#4655=ORIENTED_EDGE('',*,*,#4654,.F.);
#4656=CARTESIAN_POINT('',(0.086,-0.0008,-0.0280629001424736));
#4657=DIRECTION('',(0.,1.,0.));
#4658=VECTOR('',#4657,1.);
#4659=LINE('',#4656,#4658);
#4660=EDGE_CURVE('',#3860,#4653,#4659,.T.);
#4661=ORIENTED_EDGE('',*,*,#4660,.F.);
#4662=ORIENTED_EDGE('',*,*,#3861,.T.);
#4663=EDGE_LOOP('',(#4647,#4655,#4661,#4662));
#4664=FACE_BOUND('',#4663,.T.);
#4665=ADVANCED_FACE('',(#4664),#4646,.T.);
#4666=CARTESIAN_POINT('',(0.091,-0.0008,-0.0230629001424736));
#4667=DIRECTION('',(0.707106781186551,0.,-0.707106781186544));
#4668=DIRECTION('',(-0.707106781186544,0.,-0.707106781186551));
#4669=AXIS2_PLACEMENT_3D('',#4666,#4667,#4668);
#4670=PLANE('',#4669);
#4671=ORIENTED_EDGE('',*,*,#4660,.T.);
#4672=CARTESIAN_POINT('',(0.091,0.0008,-0.0230629001424736));
#4673=DIRECTION('',(-0.707106781186544,0.,-0.707106781186551));
#4674=VECTOR('',#4673,1.);
#4675=LINE('',#4672,#4674);
#4676=CARTESIAN_POINT('',(0.091,0.0008,-0.0230629001424736));
#4677=VERTEX_POINT('',#4676);
#4678=EDGE_CURVE('',#4677,#4653,#4675,.T.);
#4679=ORIENTED_EDGE('',*,*,#4678,.F.);
#4680=CARTESIAN_POINT('',(0.091,-0.0008,-0.0230629001424736));
#4681=DIRECTION('',(0.,1.,0.));
#4682=VECTOR('',#4681,1.);
#4683=LINE('',#4680,#4682);
#4684=EDGE_CURVE('',#3868,#4677,#4683,.T.);
#4685=ORIENTED_EDGE('',*,*,#4684,.F.);
#4686=ORIENTED_EDGE('',*,*,#3869,.T.);
#4687=EDGE_LOOP('',(#4671,#4679,#4685,#4686));
#4688=FACE_BOUND('',#4687,.T.);
#4689=ADVANCED_FACE('',(#4688),#4670,.T.);
#4690=CARTESIAN_POINT('',(0.0910000000000001,-0.0008,0.0239370998575263));
#4691=DIRECTION('',(1.,0.,-2.06690456712131E-15));
#4692=DIRECTION('',(-2.06690456712131E-15,0.,-1.));
#4693=AXIS2_PLACEMENT_3D('',#4690,#4691,#4692);
#4694=PLANE('',#4693);
#4695=ORIENTED_EDGE('',*,*,#4684,.T.);
#4696=CARTESIAN_POINT('',(0.0910000000000001,0.0008,0.0239370998575263));
#4697=DIRECTION('',(-2.06690456712131E-15,0.,-1.));
#4698=VECTOR('',#4697,1.);
#4699=LINE('',#4696,#4698);
#4700=CARTESIAN_POINT('',(0.0910000000000001,0.0008,0.0239370998575263));
#4701=VERTEX_POINT('',#4700);
#4702=EDGE_CURVE('',#4701,#4677,#4699,.T.);
#4703=ORIENTED_EDGE('',*,*,#4702,.F.);
#4704=CARTESIAN_POINT('',(0.0910000000000001,-0.0008,0.0239370998575263));
#4705=DIRECTION('',(0.,1.,0.));
#4706=VECTOR('',#4705,1.);
#4707=LINE('',#4704,#4706);
#4708=EDGE_CURVE('',#3876,#4701,#4707,.T.);
#4709=ORIENTED_EDGE('',*,*,#4708,.F.);
#4710=ORIENTED_EDGE('',*,*,#3877,.T.);
#4711=EDGE_LOOP('',(#4695,#4703,#4709,#4710));
#4712=FACE_BOUND('',#4711,.T.);
#4713=ADVANCED_FACE('',(#4712),#4694,.T.);
#4714=CARTESIAN_POINT('',(0.086,-0.0008,0.0289370998575264));
#4715=DIRECTION('',(0.70710678118655,0.,0.707106781186545));
#4716=DIRECTION('',(0.707106781186545,0.,-0.70710678118655));
#4717=AXIS2_PLACEMENT_3D('',#4714,#4715,#4716);
#4718=PLANE('',#4717);
#4719=ORIENTED_EDGE('',*,*,#4708,.T.);
#4720=CARTESIAN_POINT('',(0.086,0.0008,0.0289370998575264));
#4721=DIRECTION('',(0.707106781186545,0.,-0.70710678118655));
#4722=VECTOR('',#4721,1.);
#4723=LINE('',#4720,#4722);
#4724=CARTESIAN_POINT('',(0.086,0.0008,0.0289370998575264));
#4725=VERTEX_POINT('',#4724);
#4726=EDGE_CURVE('',#4725,#4701,#4723,.T.);
#4727=ORIENTED_EDGE('',*,*,#4726,.F.);
#4728=CARTESIAN_POINT('',(0.086,-0.0008,0.0289370998575264));
#4729=DIRECTION('',(0.,1.,0.));
#4730=VECTOR('',#4729,1.);
#4731=LINE('',#4728,#4730);
#4732=EDGE_CURVE('',#3884,#4725,#4731,.T.);
#4733=ORIENTED_EDGE('',*,*,#4732,.F.);
#4734=ORIENTED_EDGE('',*,*,#3885,.T.);
#4735=EDGE_LOOP('',(#4719,#4727,#4733,#4734));
#4736=FACE_BOUND('',#4735,.T.);
#4737=ADVANCED_FACE('',(#4736),#4718,.T.);
#4738=CARTESIAN_POINT('',(0.0635,-0.0008,0.0289370998575264));
#4739=DIRECTION('',(1.54197642309049E-16,0.,1.));
#4740=DIRECTION('',(1.,0.,-1.54197642309049E-16));
#4741=AXIS2_PLACEMENT_3D('',#4738,#4739,#4740);
#4742=PLANE('',#4741);
#4743=ORIENTED_EDGE('',*,*,#4732,.T.);
#4744=CARTESIAN_POINT('',(0.0635,0.0008,0.0289370998575264));
#4745=DIRECTION('',(1.,0.,-1.54197642309049E-16));
#4746=VECTOR('',#4745,1.);
#4747=LINE('',#4744,#4746);
#4748=CARTESIAN_POINT('',(0.0635,0.0008,0.0289370998575263));
#4749=VERTEX_POINT('',#4748);
#4750=EDGE_CURVE('',#4749,#4725,#4747,.T.);
#4751=ORIENTED_EDGE('',*,*,#4750,.F.);
#4752=CARTESIAN_POINT('',(0.0635,-0.0008,0.0289370998575263));
#4753=DIRECTION('',(0.,1.,0.));
#4754=VECTOR('',#4753,1.);
#4755=LINE('',#4752,#4754);
#4756=EDGE_CURVE('',#3892,#4749,#4755,.T.);
#4757=ORIENTED_EDGE('',*,*,#4756,.F.);
#4758=ORIENTED_EDGE('',*,*,#3893,.T.);
#4759=EDGE_LOOP('',(#4743,#4751,#4757,#4758));
#4760=FACE_BOUND('',#4759,.T.);
#4761=ADVANCED_FACE('',(#4760),#4742,.T.);
#4762=CARTESIAN_POINT('',(0.0635000000000013,-0.0008,0.0402480484547549));
#4763=DIRECTION('',(0.,1.,0.));
#4764=DIRECTION('',(0.,0.,1.));
#4765=AXIS2_PLACEMENT_3D('',#4762,#4763,#4764);
#4766=CYLINDRICAL_SURFACE('',#4765,0.0113109485972285);
#4767=ORIENTED_EDGE('',*,*,#4756,.T.);
#4768=CARTESIAN_POINT('',(0.0635000000000013,0.0008,0.0402480484547549));
#4769=DIRECTION('',(0.,-1.,0.));
#4770=DIRECTION('',(0.,0.,1.));
#4771=AXIS2_PLACEMENT_3D('',#4768,#4769,#4770);
#4772=CIRCLE('',#4771,0.0113109485972285);
#4773=CARTESIAN_POINT('',(0.0555019515452497,0.0008,0.0322500000000007));
#4774=VERTEX_POINT('',#4773);
#4775=EDGE_CURVE('',#4774,#4749,#4772,.T.);
#4776=ORIENTED_EDGE('',*,*,#4775,.F.);
#4777=CARTESIAN_POINT('',(0.0555019515452497,-0.0008,0.0322500000000007));
#4778=DIRECTION('',(0.,1.,0.));
#4779=VECTOR('',#4778,1.);
#4780=LINE('',#4777,#4779);
#4781=EDGE_CURVE('',#3901,#4774,#4780,.T.);
#4782=ORIENTED_EDGE('',*,*,#4781,.F.);
#4783=ORIENTED_EDGE('',*,*,#3902,.T.);
#4784=EDGE_LOOP('',(#4767,#4776,#4782,#4783));
#4785=FACE_BOUND('',#4784,.T.);
#4786=ADVANCED_FACE('',(#4785),#4766,.F.);
#4787=CARTESIAN_POINT('',(0.03225,-0.0008,0.0555019515452508));
#4788=DIRECTION('',(0.707106781186553,0.,0.707106781186542));
#4789=DIRECTION('',(0.707106781186542,0.,-0.707106781186553));
#4790=AXIS2_PLACEMENT_3D('',#4787,#4788,#4789);
#4791=PLANE('',#4790);
#4792=ORIENTED_EDGE('',*,*,#4781,.T.);
#4793=CARTESIAN_POINT('',(0.03225,0.0008,0.0555019515452508));
#4794=DIRECTION('',(0.707106781186542,0.,-0.707106781186553));
#4795=VECTOR('',#4794,1.);
#4796=LINE('',#4793,#4795);
#4797=CARTESIAN_POINT('',(0.03225,0.0008,0.0555019515452508));
#4798=VERTEX_POINT('',#4797);
#4799=EDGE_CURVE('',#4798,#4774,#4796,.T.);
#4800=ORIENTED_EDGE('',*,*,#4799,.F.);
#4801=CARTESIAN_POINT('',(0.03225,-0.0008,0.0555019515452508));
#4802=DIRECTION('',(0.,1.,0.));
#4803=VECTOR('',#4802,1.);
#4804=LINE('',#4801,#4803);
#4805=EDGE_CURVE('',#3909,#4798,#4804,.T.);
#4806=ORIENTED_EDGE('',*,*,#4805,.F.);
#4807=ORIENTED_EDGE('',*,*,#3910,.T.);
#4808=EDGE_LOOP('',(#4792,#4800,#4806,#4807));
#4809=FACE_BOUND('',#4808,.T.);
#4810=ADVANCED_FACE('',(#4809),#4791,.T.);
#4811=CARTESIAN_POINT('',(0.02775,-0.0008,0.0576814010170211));
#4812=DIRECTION('',(0.435889894354073,0.,0.899999999999997));
#4813=DIRECTION('',(0.899999999999997,0.,-0.435889894354073));
#4814=AXIS2_PLACEMENT_3D('',#4811,#4812,#4813);
#4815=PLANE('',#4814);
#4816=ORIENTED_EDGE('',*,*,#4805,.T.);
#4817=CARTESIAN_POINT('',(0.02775,0.0008,0.0576814010170211));
#4818=DIRECTION('',(0.899999999999997,0.,-0.435889894354073));
#4819=VECTOR('',#4818,1.);
#4820=LINE('',#4817,#4819);
#4821=CARTESIAN_POINT('',(0.02775,0.0008,0.0576814010170211));
#4822=VERTEX_POINT('',#4821);
#4823=EDGE_CURVE('',#4822,#4798,#4820,.T.);
#4824=ORIENTED_EDGE('',*,*,#4823,.F.);
#4825=CARTESIAN_POINT('',(0.02775,-0.0008,0.0576814010170211));
#4826=DIRECTION('',(0.,1.,0.));
#4827=VECTOR('',#4826,1.);
#4828=LINE('',#4825,#4827);
#4829=EDGE_CURVE('',#3917,#4822,#4828,.T.);
#4830=ORIENTED_EDGE('',*,*,#4829,.F.);
#4831=ORIENTED_EDGE('',*,*,#3918,.T.);
#4832=EDGE_LOOP('',(#4816,#4824,#4830,#4831));
#4833=FACE_BOUND('',#4832,.T.);
#4834=ADVANCED_FACE('',(#4833),#4815,.T.);
#4835=CARTESIAN_POINT('',(-0.02775,-0.0008,0.0576814010170211));
#4836=DIRECTION('',(0.,0.,1.));
#4837=DIRECTION('',(1.,0.,0.));
#4838=AXIS2_PLACEMENT_3D('',#4835,#4836,#4837);
#4839=PLANE('',#4838);
#4840=ORIENTED_EDGE('',*,*,#4829,.T.);
#4841=CARTESIAN_POINT('',(-0.02775,0.0008,0.0576814010170211));
#4842=DIRECTION('',(1.,0.,0.));
#4843=VECTOR('',#4842,1.);
#4844=LINE('',#4841,#4843);
#4845=EDGE_CURVE('',#4280,#4822,#4844,.T.);
#4846=ORIENTED_EDGE('',*,*,#4845,.F.);
#4847=ORIENTED_EDGE('',*,*,#4281,.F.);
#4848=ORIENTED_EDGE('',*,*,#3924,.T.);
#4849=EDGE_LOOP('',(#4840,#4846,#4847,#4848));
#4850=FACE_BOUND('',#4849,.T.);
#4851=ADVANCED_FACE('',(#4850),#4839,.T.);
#4852=CARTESIAN_POINT('',(-0.013,-0.0008,0.0446814010170211));
#4853=DIRECTION('',(0.,1.,0.));
#4854=DIRECTION('',(0.,0.,1.));
#4855=AXIS2_PLACEMENT_3D('',#4852,#4853,#4854);
#4856=CYLINDRICAL_SURFACE('',#4855,0.003);
#4857=CARTESIAN_POINT('',(-0.016,-0.0008,0.0446814010170211));
#4858=DIRECTION('',(0.,1.,0.));
#4859=VECTOR('',#4858,1.);
#4860=LINE('',#4857,#4859);
#4861=EDGE_CURVE('',#2493,#4145,#4860,.T.);
#4862=ORIENTED_EDGE('',*,*,#4861,.T.);
#4863=ORIENTED_EDGE('',*,*,#4146,.T.);
#4864=CARTESIAN_POINT('',(-0.013,-0.0008,0.0476814010170211));
#4865=DIRECTION('',(0.,1.,0.));
#4866=VECTOR('',#4865,1.);
#4867=LINE('',#4864,#4866);
#4868=EDGE_CURVE('',#2502,#4134,#4867,.T.);
#4869=ORIENTED_EDGE('',*,*,#4868,.F.);
#4870=ORIENTED_EDGE('',*,*,#2503,.F.);
#4871=EDGE_LOOP('',(#4862,#4863,#4869,#4870));
#4872=FACE_BOUND('',#4871,.T.);
#4873=ADVANCED_FACE('',(#4872),#4856,.F.);
#4874=CARTESIAN_POINT('',(-0.016,-0.0008,0.0386814010170212));
#4875=DIRECTION('',(-1.,0.,0.));
#4876=DIRECTION('',(0.,0.,1.));
#4877=AXIS2_PLACEMENT_3D('',#4874,#4875,#4876);
#4878=PLANE('',#4877);
#4879=CARTESIAN_POINT('',(-0.016,-0.0008,0.0386814010170212));
#4880=DIRECTION('',(0.,1.,0.));
#4881=VECTOR('',#4880,1.);
#4882=LINE('',#4879,#4881);
#4883=EDGE_CURVE('',#2491,#4153,#4882,.T.);
#4884=ORIENTED_EDGE('',*,*,#4883,.T.);
#4885=ORIENTED_EDGE('',*,*,#4154,.T.);
#4886=ORIENTED_EDGE('',*,*,#4861,.F.);
#4887=ORIENTED_EDGE('',*,*,#2494,.F.);
#4888=EDGE_LOOP('',(#4884,#4885,#4886,#4887));
#4889=FACE_BOUND('',#4888,.T.);
#4890=ADVANCED_FACE('',(#4889),#4878,.F.);
#4891=CARTESIAN_POINT('',(-0.013,-0.0008,0.0386814010170211));
#4892=DIRECTION('',(0.,1.,0.));
#4893=DIRECTION('',(0.,0.,1.));
#4894=AXIS2_PLACEMENT_3D('',#4891,#4892,#4893);
#4895=CYLINDRICAL_SURFACE('',#4894,0.003);
#4896=CARTESIAN_POINT('',(-0.013,-0.0008,0.0356814010170211));
#4897=DIRECTION('',(0.,1.,0.));
#4898=VECTOR('',#4897,1.);
#4899=LINE('',#4896,#4898);
#4900=EDGE_CURVE('',#2544,#4162,#4899,.T.);
#4901=ORIENTED_EDGE('',*,*,#4900,.T.);
#4902=ORIENTED_EDGE('',*,*,#4163,.T.);
#4903=ORIENTED_EDGE('',*,*,#4883,.F.);
#4904=ORIENTED_EDGE('',*,*,#2552,.F.);
#4905=EDGE_LOOP('',(#4901,#4902,#4903,#4904));
#4906=FACE_BOUND('',#4905,.T.);
#4907=ADVANCED_FACE('',(#4906),#4895,.F.);
#4908=CARTESIAN_POINT('',(-0.013,-0.0008,0.0356814010170211));
#4909=DIRECTION('',(0.,0.,-1.));
#4910=DIRECTION('',(-1.,0.,0.));
#4911=AXIS2_PLACEMENT_3D('',#4908,#4909,#4910);
#4912=PLANE('',#4911);
#4913=CARTESIAN_POINT('',(0.013,-0.0008,0.0356814010170211));
#4914=DIRECTION('',(0.,1.,0.));
#4915=VECTOR('',#4914,1.);
#4916=LINE('',#4913,#4915);
#4917=EDGE_CURVE('',#2536,#4170,#4916,.T.);
#4918=ORIENTED_EDGE('',*,*,#4917,.T.);
#4919=ORIENTED_EDGE('',*,*,#4171,.T.);
#4920=ORIENTED_EDGE('',*,*,#4900,.F.);
#4921=ORIENTED_EDGE('',*,*,#2545,.F.);
#4922=EDGE_LOOP('',(#4918,#4919,#4920,#4921));
#4923=FACE_BOUND('',#4922,.T.);
#4924=ADVANCED_FACE('',(#4923),#4912,.F.);
#4925=CARTESIAN_POINT('',(0.013,-0.0008,0.0386814010170211));
#4926=DIRECTION('',(0.,1.,0.));
#4927=DIRECTION('',(0.,0.,1.));
#4928=AXIS2_PLACEMENT_3D('',#4925,#4926,#4927);
#4929=CYLINDRICAL_SURFACE('',#4928,0.003);
#4930=CARTESIAN_POINT('',(0.016,-0.0008,0.0386814010170211));
#4931=DIRECTION('',(0.,1.,0.));
#4932=VECTOR('',#4931,1.);
#4933=LINE('',#4930,#4932);
#4934=EDGE_CURVE('',#2527,#4179,#4933,.T.);
#4935=ORIENTED_EDGE('',*,*,#4934,.T.);
#4936=ORIENTED_EDGE('',*,*,#4180,.T.);
#4937=ORIENTED_EDGE('',*,*,#4917,.F.);
#4938=ORIENTED_EDGE('',*,*,#2537,.F.);
#4939=EDGE_LOOP('',(#4935,#4936,#4937,#4938));
#4940=FACE_BOUND('',#4939,.T.);
#4941=ADVANCED_FACE('',(#4940),#4929,.F.);
#4942=CARTESIAN_POINT('',(0.016,-0.0008,0.0386814010170211));
#4943=DIRECTION('',(1.,0.,0.));
#4944=DIRECTION('',(0.,0.,-1.));
#4945=AXIS2_PLACEMENT_3D('',#4942,#4943,#4944);
#4946=PLANE('',#4945);
#4947=CARTESIAN_POINT('',(0.016,-0.0008,0.0446814010170211));
#4948=DIRECTION('',(0.,1.,0.));
#4949=VECTOR('',#4948,1.);
#4950=LINE('',#4947,#4949);
#4951=EDGE_CURVE('',#2519,#4187,#4950,.T.);
#4952=ORIENTED_EDGE('',*,*,#4951,.T.);
#4953=ORIENTED_EDGE('',*,*,#4188,.T.);
#4954=ORIENTED_EDGE('',*,*,#4934,.F.);
#4955=ORIENTED_EDGE('',*,*,#2528,.F.);
#4956=EDGE_LOOP('',(#4952,#4953,#4954,#4955));
#4957=FACE_BOUND('',#4956,.T.);
#4958=ADVANCED_FACE('',(#4957),#4946,.F.);
#4959=CARTESIAN_POINT('',(0.013,-0.0008,0.0446814010170212));
#4960=DIRECTION('',(0.,1.,0.));
#4961=DIRECTION('',(0.,0.,1.));
#4962=AXIS2_PLACEMENT_3D('',#4959,#4960,#4961);
#4963=CYLINDRICAL_SURFACE('',#4962,0.00299999999999997);
#4964=CARTESIAN_POINT('',(0.013,-0.0008,0.0476814010170211));
#4965=DIRECTION('',(0.,1.,0.));
#4966=VECTOR('',#4965,1.);
#4967=LINE('',#4964,#4966);
#4968=EDGE_CURVE('',#2510,#4136,#4967,.T.);
#4969=ORIENTED_EDGE('',*,*,#4968,.T.);
#4970=ORIENTED_EDGE('',*,*,#4195,.T.);
#4971=ORIENTED_EDGE('',*,*,#4951,.F.);
#4972=ORIENTED_EDGE('',*,*,#2520,.F.);
#4973=EDGE_LOOP('',(#4969,#4970,#4971,#4972));
#4974=FACE_BOUND('',#4973,.T.);
#4975=ADVANCED_FACE('',(#4974),#4963,.F.);
#4976=CARTESIAN_POINT('',(-0.013,-0.0008,0.0476814010170211));
#4977=DIRECTION('',(0.,0.,1.));
#4978=DIRECTION('',(1.,0.,0.));
#4979=AXIS2_PLACEMENT_3D('',#4976,#4977,#4978);
#4980=PLANE('',#4979);
#4981=ORIENTED_EDGE('',*,*,#4868,.T.);
#4982=ORIENTED_EDGE('',*,*,#4137,.T.);
#4983=ORIENTED_EDGE('',*,*,#4968,.F.);
#4984=ORIENTED_EDGE('',*,*,#2511,.F.);
#4985=EDGE_LOOP('',(#4981,#4982,#4983,#4984));
#4986=FACE_BOUND('',#4985,.T.);
#4987=ADVANCED_FACE('',(#4986),#4980,.F.);
#4988=CARTESIAN_POINT('',(0.0290267333677067,-0.0008,0.0336229274454215));
#4989=DIRECTION('',(0.,1.,0.));
#4990=DIRECTION('',(0.,0.,1.));
#4991=AXIS2_PLACEMENT_3D('',#4988,#4989,#4990);
#4992=CYLINDRICAL_SURFACE('',#4991,0.00174999999999998);
#4993=CARTESIAN_POINT('',(0.0277892965006308,-0.0008,0.0323854905783445));
#4994=DIRECTION('',(0.,1.,0.));
#4995=VECTOR('',#4994,1.);
#4996=LINE('',#4993,#4995);
#4997=EDGE_CURVE('',#2634,#236,#4996,.T.);
#4998=ORIENTED_EDGE('',*,*,#4997,.T.);
#4999=ORIENTED_EDGE('',*,*,#237,.T.);
#5000=CARTESIAN_POINT('',(0.0277892965006302,-0.0008,0.0348603643124979));
#5001=DIRECTION('',(0.,1.,0.));
#5002=VECTOR('',#5001,1.);
#5003=LINE('',#5000,#5002);
#5004=EDGE_CURVE('',#2643,#225,#5003,.T.);
#5005=ORIENTED_EDGE('',*,*,#5004,.F.);
#5006=ORIENTED_EDGE('',*,*,#2644,.F.);
#5007=EDGE_LOOP('',(#4998,#4999,#5005,#5006));
#5008=FACE_BOUND('',#5007,.T.);
#5009=ADVANCED_FACE('',(#5008),#4992,.F.);
#5010=CARTESIAN_POINT('',(0.0277892965006308,-0.0008,0.0323854905783445));
#5011=DIRECTION('',(-0.707106781186561,0.,-0.707106781186534));
#5012=DIRECTION('',(-0.707106781186534,0.,0.707106781186561));
#5013=AXIS2_PLACEMENT_3D('',#5010,#5011,#5012);
#5014=PLANE('',#5013);
#5015=CARTESIAN_POINT('',(0.032385490578344,-0.0008,0.0277892965006311));
#5016=DIRECTION('',(0.,1.,0.));
#5017=VECTOR('',#5016,1.);
#5018=LINE('',#5015,#5017);
#5019=EDGE_CURVE('',#2632,#244,#5018,.T.);
#5020=ORIENTED_EDGE('',*,*,#5019,.T.);
#5021=ORIENTED_EDGE('',*,*,#245,.T.);
#5022=ORIENTED_EDGE('',*,*,#4997,.F.);
#5023=ORIENTED_EDGE('',*,*,#2635,.F.);
#5024=EDGE_LOOP('',(#5020,#5021,#5022,#5023));
#5025=FACE_BOUND('',#5024,.T.);
#5026=ADVANCED_FACE('',(#5025),#5014,.F.);
#5027=CARTESIAN_POINT('',(0.0336229274454192,-0.0008,0.0290267333677089));
#5028=DIRECTION('',(0.,1.,0.));
#5029=DIRECTION('',(0.,0.,1.));
#5030=AXIS2_PLACEMENT_3D('',#5027,#5028,#5029);
#5031=CYLINDRICAL_SURFACE('',#5030,0.00175000000000001);
#5032=CARTESIAN_POINT('',(0.0348603643124957,-0.0008,0.0277892965006324));
#5033=DIRECTION('',(0.,1.,0.));
#5034=VECTOR('',#5033,1.);
#5035=LINE('',#5032,#5034);
#5036=EDGE_CURVE('',#2685,#253,#5035,.T.);
#5037=ORIENTED_EDGE('',*,*,#5036,.T.);
#5038=ORIENTED_EDGE('',*,*,#254,.T.);
#5039=ORIENTED_EDGE('',*,*,#5019,.F.);
#5040=ORIENTED_EDGE('',*,*,#2693,.F.);
#5041=EDGE_LOOP('',(#5037,#5038,#5039,#5040));
#5042=FACE_BOUND('',#5041,.T.);
#5043=ADVANCED_FACE('',(#5042),#5031,.F.);
#5044=CARTESIAN_POINT('',(0.0348603643124957,-0.0008,0.0277892965006324));
#5045=DIRECTION('',(0.707106781186543,0.,-0.707106781186552));
#5046=DIRECTION('',(-0.707106781186552,0.,-0.707106781186543));
#5047=AXIS2_PLACEMENT_3D('',#5044,#5045,#5046);
#5048=PLANE('',#5047);
#5049=CARTESIAN_POINT('',(0.0422849855149544,-0.0008,0.0352139177030911));
#5050=DIRECTION('',(0.,1.,0.));
#5051=VECTOR('',#5050,1.);
#5052=LINE('',#5049,#5051);
#5053=EDGE_CURVE('',#2677,#261,#5052,.T.);
#5054=ORIENTED_EDGE('',*,*,#5053,.T.);
#5055=ORIENTED_EDGE('',*,*,#262,.T.);
#5056=ORIENTED_EDGE('',*,*,#5036,.F.);
#5057=ORIENTED_EDGE('',*,*,#2686,.F.);
#5058=EDGE_LOOP('',(#5054,#5055,#5056,#5057));
#5059=FACE_BOUND('',#5058,.T.);
#5060=ADVANCED_FACE('',(#5059),#5048,.F.);
#5061=CARTESIAN_POINT('',(0.041047548647878,-0.0008,0.0364513545701675));
#5062=DIRECTION('',(0.,1.,0.));
#5063=DIRECTION('',(0.,0.,1.));
#5064=AXIS2_PLACEMENT_3D('',#5061,#5062,#5063);
#5065=CYLINDRICAL_SURFACE('',#5064,0.00175000000000001);
#5066=CARTESIAN_POINT('',(0.0422849855149544,-0.0008,0.037688791437244));
#5067=DIRECTION('',(0.,1.,0.));
#5068=VECTOR('',#5067,1.);
#5069=LINE('',#5066,#5068);
#5070=EDGE_CURVE('',#2668,#270,#5069,.T.);
#5071=ORIENTED_EDGE('',*,*,#5070,.T.);
#5072=ORIENTED_EDGE('',*,*,#271,.T.);
#5073=ORIENTED_EDGE('',*,*,#5053,.F.);
#5074=ORIENTED_EDGE('',*,*,#2678,.F.);
#5075=EDGE_LOOP('',(#5071,#5072,#5073,#5074));
#5076=FACE_BOUND('',#5075,.T.);
#5077=ADVANCED_FACE('',(#5076),#5065,.F.);
#5078=CARTESIAN_POINT('',(0.0376887914372419,-0.0008,0.0422849855149566));
#5079=DIRECTION('',(0.707106781186553,0.,0.707106781186542));
#5080=DIRECTION('',(0.707106781186542,0.,-0.707106781186553));
#5081=AXIS2_PLACEMENT_3D('',#5078,#5079,#5080);
#5082=PLANE('',#5081);
#5083=CARTESIAN_POINT('',(0.0376887914372419,-0.0008,0.0422849855149566));
#5084=DIRECTION('',(0.,1.,0.));
#5085=VECTOR('',#5084,1.);
#5086=LINE('',#5083,#5085);
#5087=EDGE_CURVE('',#2660,#278,#5086,.T.);
#5088=ORIENTED_EDGE('',*,*,#5087,.T.);
#5089=ORIENTED_EDGE('',*,*,#279,.T.);
#5090=ORIENTED_EDGE('',*,*,#5070,.F.);
#5091=ORIENTED_EDGE('',*,*,#2669,.F.);
#5092=EDGE_LOOP('',(#5088,#5089,#5090,#5091));
#5093=FACE_BOUND('',#5092,.T.);
#5094=ADVANCED_FACE('',(#5093),#5082,.F.);
#5095=CARTESIAN_POINT('',(0.0364513545701654,-0.0008,0.0410475486478802));
#5096=DIRECTION('',(0.,1.,0.));
#5097=DIRECTION('',(0.,0.,1.));
#5098=AXIS2_PLACEMENT_3D('',#5095,#5096,#5097);
#5099=CYLINDRICAL_SURFACE('',#5098,0.00175000000000001);
#5100=CARTESIAN_POINT('',(0.035213917703089,-0.0008,0.0422849855149566));
#5101=DIRECTION('',(0.,1.,0.));
#5102=VECTOR('',#5101,1.);
#5103=LINE('',#5100,#5102);
#5104=EDGE_CURVE('',#2651,#227,#5103,.T.);
#5105=ORIENTED_EDGE('',*,*,#5104,.T.);
#5106=ORIENTED_EDGE('',*,*,#286,.T.);
#5107=ORIENTED_EDGE('',*,*,#5087,.F.);
#5108=ORIENTED_EDGE('',*,*,#2661,.F.);
#5109=EDGE_LOOP('',(#5105,#5106,#5107,#5108));
#5110=FACE_BOUND('',#5109,.T.);
#5111=ADVANCED_FACE('',(#5110),#5099,.F.);
#5112=CARTESIAN_POINT('',(0.0277892965006302,-0.0008,0.0348603643124979));
#5113=DIRECTION('',(-0.707106781186543,0.,0.707106781186552));
#5114=DIRECTION('',(0.707106781186552,0.,0.707106781186543));
#5115=AXIS2_PLACEMENT_3D('',#5112,#5113,#5114);
#5116=PLANE('',#5115);
#5117=ORIENTED_EDGE('',*,*,#5004,.T.);
#5118=ORIENTED_EDGE('',*,*,#228,.T.);
#5119=ORIENTED_EDGE('',*,*,#5104,.F.);
#5120=ORIENTED_EDGE('',*,*,#2652,.F.);
#5121=EDGE_LOOP('',(#5117,#5118,#5119,#5120));
#5122=FACE_BOUND('',#5121,.T.);
#5123=ADVANCED_FACE('',(#5122),#5116,.F.);
#5124=CARTESIAN_POINT('',(-0.0410475486478781,-0.0008,0.0364513545701662));
#5125=DIRECTION('',(0.,1.,0.));
#5126=DIRECTION('',(0.,0.,1.));
#5127=AXIS2_PLACEMENT_3D('',#5124,#5125,#5126);
#5128=CYLINDRICAL_SURFACE('',#5127,0.0017499999999999);
#5129=CARTESIAN_POINT('',(-0.0422849855149559,-0.0008,0.0352139177030912));
#5130=DIRECTION('',(0.,1.,0.));
#5131=VECTOR('',#5130,1.);
#5132=LINE('',#5129,#5131);
#5133=EDGE_CURVE('',#2704,#306,#5132,.T.);
#5134=ORIENTED_EDGE('',*,*,#5133,.T.);
#5135=ORIENTED_EDGE('',*,*,#307,.T.);
#5136=CARTESIAN_POINT('',(-0.0422849855149545,-0.0008,0.0376887914372427));
#5137=DIRECTION('',(0.,1.,0.));
#5138=VECTOR('',#5137,1.);
#5139=LINE('',#5136,#5138);
#5140=EDGE_CURVE('',#2713,#295,#5139,.T.);
#5141=ORIENTED_EDGE('',*,*,#5140,.F.);
#5142=ORIENTED_EDGE('',*,*,#2714,.F.);
#5143=EDGE_LOOP('',(#5134,#5135,#5141,#5142));
#5144=FACE_BOUND('',#5143,.T.);
#5145=ADVANCED_FACE('',(#5144),#5128,.F.);
#5146=CARTESIAN_POINT('',(-0.0422849855149559,-0.0008,0.0352139177030912));
#5147=DIRECTION('',(-0.707106781186553,0.,-0.707106781186542));
#5148=DIRECTION('',(-0.707106781186542,0.,0.707106781186553));
#5149=AXIS2_PLACEMENT_3D('',#5146,#5147,#5148);
#5150=PLANE('',#5149);
#5151=CARTESIAN_POINT('',(-0.0348603643124972,-0.0008,0.0277892965006324));
#5152=DIRECTION('',(0.,1.,0.));
#5153=VECTOR('',#5152,1.);
#5154=LINE('',#5151,#5153);
#5155=EDGE_CURVE('',#2702,#314,#5154,.T.);
#5156=ORIENTED_EDGE('',*,*,#5155,.T.);
#5157=ORIENTED_EDGE('',*,*,#315,.T.);
#5158=ORIENTED_EDGE('',*,*,#5133,.F.);
#5159=ORIENTED_EDGE('',*,*,#2705,.F.);
#5160=EDGE_LOOP('',(#5156,#5157,#5158,#5159));
#5161=FACE_BOUND('',#5160,.T.);
#5162=ADVANCED_FACE('',(#5161),#5150,.F.);
#5163=CARTESIAN_POINT('',(-0.0336229274454195,-0.0008,0.0290267333677074));
#5164=DIRECTION('',(0.,1.,0.));
#5165=DIRECTION('',(0.,0.,1.));
#5166=AXIS2_PLACEMENT_3D('',#5163,#5164,#5165);
#5167=CYLINDRICAL_SURFACE('',#5166,0.00174999999999986);
#5168=CARTESIAN_POINT('',(-0.032385490578343,-0.0008,0.0277892965006311));
#5169=DIRECTION('',(0.,1.,0.));
#5170=VECTOR('',#5169,1.);
#5171=LINE('',#5168,#5170);
#5172=EDGE_CURVE('',#2755,#323,#5171,.T.);
#5173=ORIENTED_EDGE('',*,*,#5172,.T.);
#5174=ORIENTED_EDGE('',*,*,#324,.T.);
#5175=ORIENTED_EDGE('',*,*,#5155,.F.);
#5176=ORIENTED_EDGE('',*,*,#2763,.F.);
#5177=EDGE_LOOP('',(#5173,#5174,#5175,#5176));
#5178=FACE_BOUND('',#5177,.T.);
#5179=ADVANCED_FACE('',(#5178),#5167,.F.);
#5180=CARTESIAN_POINT('',(-0.032385490578343,-0.0008,0.0277892965006311));
#5181=DIRECTION('',(0.707106781186543,0.,-0.707106781186552));
#5182=DIRECTION('',(-0.707106781186552,0.,-0.707106781186543));
#5183=AXIS2_PLACEMENT_3D('',#5180,#5181,#5182);
#5184=PLANE('',#5183);
#5185=CARTESIAN_POINT('',(-0.0277892965006303,-0.0008,0.0323854905783437));
#5186=DIRECTION('',(0.,1.,0.));
#5187=VECTOR('',#5186,1.);
#5188=LINE('',#5185,#5187);
#5189=EDGE_CURVE('',#2747,#331,#5188,.T.);
#5190=ORIENTED_EDGE('',*,*,#5189,.T.);
#5191=ORIENTED_EDGE('',*,*,#332,.T.);
#5192=ORIENTED_EDGE('',*,*,#5172,.F.);
#5193=ORIENTED_EDGE('',*,*,#2756,.F.);
#5194=EDGE_LOOP('',(#5190,#5191,#5192,#5193));
#5195=FACE_BOUND('',#5194,.T.);
#5196=ADVANCED_FACE('',(#5195),#5184,.F.);
#5197=CARTESIAN_POINT('',(-0.0290267333677066,-0.0008,0.0336229274454202));
#5198=DIRECTION('',(0.,1.,0.));
#5199=DIRECTION('',(0.,0.,1.));
#5200=AXIS2_PLACEMENT_3D('',#5197,#5198,#5199);
#5201=CYLINDRICAL_SURFACE('',#5200,0.00174999999999986);
#5202=CARTESIAN_POINT('',(-0.0277892965006316,-0.0008,0.0348603643124979));
#5203=DIRECTION('',(0.,1.,0.));
#5204=VECTOR('',#5203,1.);
#5205=LINE('',#5202,#5204);
#5206=EDGE_CURVE('',#2738,#340,#5205,.T.);
#5207=ORIENTED_EDGE('',*,*,#5206,.T.);
#5208=ORIENTED_EDGE('',*,*,#341,.T.);
#5209=ORIENTED_EDGE('',*,*,#5189,.F.);
#5210=ORIENTED_EDGE('',*,*,#2748,.F.);
#5211=EDGE_LOOP('',(#5207,#5208,#5209,#5210));
#5212=FACE_BOUND('',#5211,.T.);
#5213=ADVANCED_FACE('',(#5212),#5201,.F.);
#5214=CARTESIAN_POINT('',(-0.0352139177030903,-0.0008,0.0422849855149566));
#5215=DIRECTION('',(0.707106781186553,0.,0.707106781186542));
#5216=DIRECTION('',(0.707106781186542,0.,-0.707106781186553));
#5217=AXIS2_PLACEMENT_3D('',#5214,#5215,#5216);
#5218=PLANE('',#5217);
#5219=CARTESIAN_POINT('',(-0.0352139177030903,-0.0008,0.0422849855149566));
#5220=DIRECTION('',(0.,1.,0.));
#5221=VECTOR('',#5220,1.);
#5222=LINE('',#5219,#5221);
#5223=EDGE_CURVE('',#2730,#348,#5222,.T.);
#5224=ORIENTED_EDGE('',*,*,#5223,.T.);
#5225=ORIENTED_EDGE('',*,*,#349,.T.);
#5226=ORIENTED_EDGE('',*,*,#5206,.F.);
#5227=ORIENTED_EDGE('',*,*,#2739,.F.);
#5228=EDGE_LOOP('',(#5224,#5225,#5226,#5227));
#5229=FACE_BOUND('',#5228,.T.);
#5230=ADVANCED_FACE('',(#5229),#5218,.F.);
#5231=CARTESIAN_POINT('',(-0.0364513545701653,-0.0008,0.0410475486478789));
#5232=DIRECTION('',(0.,1.,0.));
#5233=DIRECTION('',(0.,0.,1.));
#5234=AXIS2_PLACEMENT_3D('',#5231,#5232,#5233);
#5235=CYLINDRICAL_SURFACE('',#5234,0.00174999999999991);
#5236=CARTESIAN_POINT('',(-0.0376887914372418,-0.0008,0.0422849855149553));
#5237=DIRECTION('',(0.,1.,0.));
#5238=VECTOR('',#5237,1.);
#5239=LINE('',#5236,#5238);
#5240=EDGE_CURVE('',#2721,#297,#5239,.T.);
#5241=ORIENTED_EDGE('',*,*,#5240,.T.);
#5242=ORIENTED_EDGE('',*,*,#356,.T.);
#5243=ORIENTED_EDGE('',*,*,#5223,.F.);
#5244=ORIENTED_EDGE('',*,*,#2731,.F.);
#5245=EDGE_LOOP('',(#5241,#5242,#5243,#5244));
#5246=FACE_BOUND('',#5245,.T.);
#5247=ADVANCED_FACE('',(#5246),#5235,.F.);
#5248=CARTESIAN_POINT('',(-0.0422849855149545,-0.0008,0.0376887914372427));
#5249=DIRECTION('',(-0.707106781186543,0.,0.707106781186552));
#5250=DIRECTION('',(0.707106781186552,0.,0.707106781186543));
#5251=AXIS2_PLACEMENT_3D('',#5248,#5249,#5250);
#5252=PLANE('',#5251);
#5253=ORIENTED_EDGE('',*,*,#5140,.T.);
#5254=ORIENTED_EDGE('',*,*,#298,.T.);
#5255=ORIENTED_EDGE('',*,*,#5240,.F.);
#5256=ORIENTED_EDGE('',*,*,#2722,.F.);
#5257=EDGE_LOOP('',(#5253,#5254,#5255,#5256));
#5258=FACE_BOUND('',#5257,.T.);
#5259=ADVANCED_FACE('',(#5258),#5252,.F.);
#5260=CARTESIAN_POINT('',(-0.0410475486478777,-0.0008,-0.0364513545701651));
#5261=DIRECTION('',(0.,1.,0.));
#5262=DIRECTION('',(0.,0.,1.));
#5263=AXIS2_PLACEMENT_3D('',#5260,#5261,#5262);
#5264=CYLINDRICAL_SURFACE('',#5263,0.00175000000000015);
#5265=CARTESIAN_POINT('',(-0.0422849855149553,-0.0008,-0.0376887914372402));
#5266=DIRECTION('',(0.,1.,0.));
#5267=VECTOR('',#5266,1.);
#5268=LINE('',#5265,#5267);
#5269=EDGE_CURVE('',#2774,#376,#5268,.T.);
#5270=ORIENTED_EDGE('',*,*,#5269,.T.);
#5271=ORIENTED_EDGE('',*,*,#377,.T.);
#5272=CARTESIAN_POINT('',(-0.0422849855149545,-0.0008,-0.0352139177030883));
#5273=DIRECTION('',(0.,1.,0.));
#5274=VECTOR('',#5273,1.);
#5275=LINE('',#5272,#5274);
#5276=EDGE_CURVE('',#2783,#365,#5275,.T.);
#5277=ORIENTED_EDGE('',*,*,#5276,.F.);
#5278=ORIENTED_EDGE('',*,*,#2784,.F.);
#5279=EDGE_LOOP('',(#5270,#5271,#5277,#5278));
#5280=FACE_BOUND('',#5279,.T.);
#5281=ADVANCED_FACE('',(#5280),#5264,.F.);
#5282=CARTESIAN_POINT('',(-0.0422849855149553,-0.0008,-0.0376887914372402));
#5283=DIRECTION('',(-0.707106781186552,0.,-0.707106781186543));
#5284=DIRECTION('',(-0.707106781186543,0.,0.707106781186552));
#5285=AXIS2_PLACEMENT_3D('',#5282,#5283,#5284);
#5286=PLANE('',#5285);
#5287=CARTESIAN_POINT('',(-0.0376887914372427,-0.0008,-0.0422849855149529));
#5288=DIRECTION('',(0.,1.,0.));
#5289=VECTOR('',#5288,1.);
#5290=LINE('',#5287,#5289);
#5291=EDGE_CURVE('',#2772,#384,#5290,.T.);
#5292=ORIENTED_EDGE('',*,*,#5291,.T.);
#5293=ORIENTED_EDGE('',*,*,#385,.T.);
#5294=ORIENTED_EDGE('',*,*,#5269,.F.);
#5295=ORIENTED_EDGE('',*,*,#2775,.F.);
#5296=EDGE_LOOP('',(#5292,#5293,#5294,#5295));
#5297=FACE_BOUND('',#5296,.T.);
#5298=ADVANCED_FACE('',(#5297),#5286,.F.);
#5299=CARTESIAN_POINT('',(-0.0364513545701662,-0.0008,-0.0410475486478767));
#5300=DIRECTION('',(0.,1.,0.));
#5301=DIRECTION('',(0.,0.,1.));
#5302=AXIS2_PLACEMENT_3D('',#5299,#5300,#5301);
#5303=CYLINDRICAL_SURFACE('',#5302,0.00175000000000053);
#5304=CARTESIAN_POINT('',(-0.0352139177030894,-0.0008,-0.0422849855149536));
#5305=DIRECTION('',(0.,1.,0.));
#5306=VECTOR('',#5305,1.);
#5307=LINE('',#5304,#5306);
#5308=EDGE_CURVE('',#2825,#393,#5307,.T.);
#5309=ORIENTED_EDGE('',*,*,#5308,.T.);
#5310=ORIENTED_EDGE('',*,*,#394,.T.);
#5311=ORIENTED_EDGE('',*,*,#5291,.F.);
#5312=ORIENTED_EDGE('',*,*,#2833,.F.);
#5313=EDGE_LOOP('',(#5309,#5310,#5311,#5312));
#5314=FACE_BOUND('',#5313,.T.);
#5315=ADVANCED_FACE('',(#5314),#5303,.F.);
#5316=CARTESIAN_POINT('',(-0.0352139177030889,-0.0008,-0.042284985514954));
#5317=DIRECTION('',(0.707106781186542,0.,-0.707106781186553));
#5318=DIRECTION('',(-0.707106781186553,0.,-0.707106781186542));
#5319=AXIS2_PLACEMENT_3D('',#5316,#5317,#5318);
#5320=PLANE('',#5319);
#5321=CARTESIAN_POINT('',(-0.0277892965006302,-0.0008,-0.0348603643124955));
#5322=DIRECTION('',(0.,1.,0.));
#5323=VECTOR('',#5322,1.);
#5324=LINE('',#5321,#5323);
#5325=EDGE_CURVE('',#2817,#401,#5324,.T.);
#5326=ORIENTED_EDGE('',*,*,#5325,.T.);
#5327=ORIENTED_EDGE('',*,*,#402,.T.);
#5328=ORIENTED_EDGE('',*,*,#5308,.F.);
#5329=ORIENTED_EDGE('',*,*,#2826,.F.);
#5330=EDGE_LOOP('',(#5326,#5327,#5328,#5329));
#5331=FACE_BOUND('',#5330,.T.);
#5332=ADVANCED_FACE('',(#5331),#5320,.F.);
#5333=CARTESIAN_POINT('',(-0.0290267333677075,-0.0008,-0.0336229274454181));
#5334=DIRECTION('',(0.,1.,0.));
#5335=DIRECTION('',(0.,0.,1.));
#5336=AXIS2_PLACEMENT_3D('',#5333,#5334,#5335);
#5337=CYLINDRICAL_SURFACE('',#5336,0.00175000000000058);
#5338=CARTESIAN_POINT('',(-0.0277892965006308,-0.0008,-0.0323854905783411));
#5339=DIRECTION('',(0.,1.,0.));
#5340=VECTOR('',#5339,1.);
#5341=LINE('',#5338,#5340);
#5342=EDGE_CURVE('',#2808,#410,#5341,.T.);
#5343=ORIENTED_EDGE('',*,*,#5342,.T.);
#5344=ORIENTED_EDGE('',*,*,#411,.T.);
#5345=ORIENTED_EDGE('',*,*,#5325,.F.);
#5346=ORIENTED_EDGE('',*,*,#2818,.F.);
#5347=EDGE_LOOP('',(#5343,#5344,#5345,#5346));
#5348=FACE_BOUND('',#5347,.T.);
#5349=ADVANCED_FACE('',(#5348),#5337,.F.);
#5350=CARTESIAN_POINT('',(-0.0323854905783439,-0.0008,-0.0277892965006289));
#5351=DIRECTION('',(0.707106781186553,0.,0.707106781186542));
#5352=DIRECTION('',(0.707106781186542,0.,-0.707106781186553));
#5353=AXIS2_PLACEMENT_3D('',#5350,#5351,#5352);
#5354=PLANE('',#5353);
#5355=CARTESIAN_POINT('',(-0.0323854905783439,-0.0008,-0.0277892965006289));
#5356=DIRECTION('',(0.,1.,0.));
#5357=VECTOR('',#5356,1.);
#5358=LINE('',#5355,#5357);
#5359=EDGE_CURVE('',#2800,#418,#5358,.T.);
#5360=ORIENTED_EDGE('',*,*,#5359,.T.);
#5361=ORIENTED_EDGE('',*,*,#419,.T.);
#5362=ORIENTED_EDGE('',*,*,#5342,.F.);
#5363=ORIENTED_EDGE('',*,*,#2809,.F.);
#5364=EDGE_LOOP('',(#5360,#5361,#5362,#5363));
#5365=FACE_BOUND('',#5364,.T.);
#5366=ADVANCED_FACE('',(#5365),#5354,.F.);
#5367=CARTESIAN_POINT('',(-0.0336229274454204,-0.0008,-0.0290267333677051));
#5368=DIRECTION('',(0.,1.,0.));
#5369=DIRECTION('',(0.,0.,1.));
#5370=AXIS2_PLACEMENT_3D('',#5367,#5368,#5369);
#5371=CYLINDRICAL_SURFACE('',#5370,0.00174999999999917);
#5372=CARTESIAN_POINT('',(-0.0348603643124963,-0.0008,-0.0277892965006293));
#5373=DIRECTION('',(0.,1.,0.));
#5374=VECTOR('',#5373,1.);
#5375=LINE('',#5372,#5374);
#5376=EDGE_CURVE('',#2791,#367,#5375,.T.);
#5377=ORIENTED_EDGE('',*,*,#5376,.T.);
#5378=ORIENTED_EDGE('',*,*,#426,.T.);
#5379=ORIENTED_EDGE('',*,*,#5359,.F.);
#5380=ORIENTED_EDGE('',*,*,#2801,.F.);
#5381=EDGE_LOOP('',(#5377,#5378,#5379,#5380));
#5382=FACE_BOUND('',#5381,.T.);
#5383=ADVANCED_FACE('',(#5382),#5371,.F.);
#5384=CARTESIAN_POINT('',(-0.0422849855149545,-0.0008,-0.0352139177030883));
#5385=DIRECTION('',(-0.707106781186542,0.,0.707106781186553));
#5386=DIRECTION('',(0.707106781186553,0.,0.707106781186542));
#5387=AXIS2_PLACEMENT_3D('',#5384,#5385,#5386);
#5388=PLANE('',#5387);
#5389=ORIENTED_EDGE('',*,*,#5276,.T.);
#5390=ORIENTED_EDGE('',*,*,#368,.T.);
#5391=ORIENTED_EDGE('',*,*,#5376,.F.);
#5392=ORIENTED_EDGE('',*,*,#2792,.F.);
#5393=EDGE_LOOP('',(#5389,#5390,#5391,#5392));
#5394=FACE_BOUND('',#5393,.T.);
#5395=ADVANCED_FACE('',(#5394),#5388,.F.);
#5396=CARTESIAN_POINT('',(0.0364513545701649,-0.0008,-0.0410475486478815));
#5397=DIRECTION('',(0.,1.,0.));
#5398=DIRECTION('',(0.,0.,1.));
#5399=AXIS2_PLACEMENT_3D('',#5396,#5397,#5398);
#5400=CYLINDRICAL_SURFACE('',#5399,0.00174999999999808);
#5401=CARTESIAN_POINT('',(0.0376887914372426,-0.0008,-0.0422849855149552));
#5402=DIRECTION('',(0.,1.,0.));
#5403=VECTOR('',#5402,1.);
#5404=LINE('',#5401,#5403);
#5405=EDGE_CURVE('',#2844,#446,#5404,.T.);
#5406=ORIENTED_EDGE('',*,*,#5405,.T.);
#5407=ORIENTED_EDGE('',*,*,#447,.T.);
#5408=CARTESIAN_POINT('',(0.0352139177030904,-0.0008,-0.0422849855149559));
#5409=DIRECTION('',(0.,1.,0.));
#5410=VECTOR('',#5409,1.);
#5411=LINE('',#5408,#5410);
#5412=EDGE_CURVE('',#2853,#435,#5411,.T.);
#5413=ORIENTED_EDGE('',*,*,#5412,.F.);
#5414=ORIENTED_EDGE('',*,*,#2854,.F.);
#5415=EDGE_LOOP('',(#5406,#5407,#5413,#5414));
#5416=FACE_BOUND('',#5415,.T.);
#5417=ADVANCED_FACE('',(#5416),#5400,.F.);
#5418=CARTESIAN_POINT('',(0.0376887914372426,-0.0008,-0.0422849855149552));
#5419=DIRECTION('',(0.707106781186543,0.,-0.707106781186552));
#5420=DIRECTION('',(-0.707106781186552,0.,-0.707106781186543));
#5421=AXIS2_PLACEMENT_3D('',#5418,#5419,#5420);
#5422=PLANE('',#5421);
#5423=CARTESIAN_POINT('',(0.0422849855149551,-0.0008,-0.0376887914372428));
#5424=DIRECTION('',(0.,1.,0.));
#5425=VECTOR('',#5424,1.);
#5426=LINE('',#5423,#5425);
#5427=EDGE_CURVE('',#2842,#454,#5426,.T.);
#5428=ORIENTED_EDGE('',*,*,#5427,.T.);
#5429=ORIENTED_EDGE('',*,*,#455,.T.);
#5430=ORIENTED_EDGE('',*,*,#5405,.F.);
#5431=ORIENTED_EDGE('',*,*,#2845,.F.);
#5432=EDGE_LOOP('',(#5428,#5429,#5430,#5431));
#5433=FACE_BOUND('',#5432,.T.);
#5434=ADVANCED_FACE('',(#5433),#5422,.F.);
#5435=CARTESIAN_POINT('',(0.0410475486478812,-0.0008,-0.0364513545701651));
#5436=DIRECTION('',(0.,1.,0.));
#5437=DIRECTION('',(0.,0.,1.));
#5438=AXIS2_PLACEMENT_3D('',#5435,#5436,#5437);
#5439=CYLINDRICAL_SURFACE('',#5438,0.00174999999999815);
#5440=CARTESIAN_POINT('',(0.0422849855149564,-0.0008,-0.03521391770309));
#5441=DIRECTION('',(0.,1.,0.));
#5442=VECTOR('',#5441,1.);
#5443=LINE('',#5440,#5442);
#5444=EDGE_CURVE('',#2895,#463,#5443,.T.);
#5445=ORIENTED_EDGE('',*,*,#5444,.T.);
#5446=ORIENTED_EDGE('',*,*,#464,.T.);
#5447=ORIENTED_EDGE('',*,*,#5427,.F.);
#5448=ORIENTED_EDGE('',*,*,#2903,.F.);
#5449=EDGE_LOOP('',(#5445,#5446,#5447,#5448));
#5450=FACE_BOUND('',#5449,.T.);
#5451=ADVANCED_FACE('',(#5450),#5439,.F.);
#5452=CARTESIAN_POINT('',(0.034860364312497,-0.0008,-0.0277892965006317));
#5453=DIRECTION('',(0.707106781186553,0.,0.707106781186543));
#5454=DIRECTION('',(0.707106781186543,0.,-0.707106781186553));
#5455=AXIS2_PLACEMENT_3D('',#5452,#5453,#5454);
#5456=PLANE('',#5455);
#5457=CARTESIAN_POINT('',(0.034860364312497,-0.0008,-0.0277892965006317));
#5458=DIRECTION('',(0.,1.,0.));
#5459=VECTOR('',#5458,1.);
#5460=LINE('',#5457,#5459);
#5461=EDGE_CURVE('',#2887,#471,#5460,.T.);
#5462=ORIENTED_EDGE('',*,*,#5461,.T.);
#5463=ORIENTED_EDGE('',*,*,#472,.T.);
#5464=ORIENTED_EDGE('',*,*,#5444,.F.);
#5465=ORIENTED_EDGE('',*,*,#2896,.F.);
#5466=EDGE_LOOP('',(#5462,#5463,#5464,#5465));
#5467=FACE_BOUND('',#5466,.T.);
#5468=ADVANCED_FACE('',(#5467),#5456,.F.);
#5469=CARTESIAN_POINT('',(0.0336229274454186,-0.0008,-0.02902673336771));
#5470=DIRECTION('',(0.,1.,0.));
#5471=DIRECTION('',(0.,0.,1.));
#5472=AXIS2_PLACEMENT_3D('',#5469,#5470,#5471);
#5473=CYLINDRICAL_SURFACE('',#5472,0.00175000000000187);
#5474=CARTESIAN_POINT('',(0.0323854905783428,-0.0008,-0.0277892965006303));
#5475=DIRECTION('',(0.,1.,0.));
#5476=VECTOR('',#5475,1.);
#5477=LINE('',#5474,#5476);
#5478=EDGE_CURVE('',#2878,#480,#5477,.T.);
#5479=ORIENTED_EDGE('',*,*,#5478,.T.);
#5480=ORIENTED_EDGE('',*,*,#481,.T.);
#5481=ORIENTED_EDGE('',*,*,#5461,.F.);
#5482=ORIENTED_EDGE('',*,*,#2888,.F.);
#5483=EDGE_LOOP('',(#5479,#5480,#5481,#5482));
#5484=FACE_BOUND('',#5483,.T.);
#5485=ADVANCED_FACE('',(#5484),#5473,.F.);
#5486=CARTESIAN_POINT('',(0.0277892965006308,-0.0008,-0.0323854905783433));
#5487=DIRECTION('',(-0.707106781186542,0.,0.707106781186553));
#5488=DIRECTION('',(0.707106781186553,0.,0.707106781186542));
#5489=AXIS2_PLACEMENT_3D('',#5486,#5487,#5488);
#5490=PLANE('',#5489);
#5491=CARTESIAN_POINT('',(0.0277892965006308,-0.0008,-0.0323854905783433));
#5492=DIRECTION('',(0.,1.,0.));
#5493=VECTOR('',#5492,1.);
#5494=LINE('',#5491,#5493);
#5495=EDGE_CURVE('',#2870,#488,#5494,.T.);
#5496=ORIENTED_EDGE('',*,*,#5495,.T.);
#5497=ORIENTED_EDGE('',*,*,#489,.T.);
#5498=ORIENTED_EDGE('',*,*,#5478,.F.);
#5499=ORIENTED_EDGE('',*,*,#2879,.F.);
#5500=EDGE_LOOP('',(#5496,#5497,#5498,#5499));
#5501=FACE_BOUND('',#5500,.T.);
#5502=ADVANCED_FACE('',(#5501),#5490,.F.);
#5503=CARTESIAN_POINT('',(0.0290267333677098,-0.0008,-0.0336229274454188));
#5504=DIRECTION('',(0.,1.,0.));
#5505=DIRECTION('',(0.,0.,1.));
#5506=AXIS2_PLACEMENT_3D('',#5503,#5504,#5505);
#5507=CYLINDRICAL_SURFACE('',#5506,0.00175000000000184);
#5508=CARTESIAN_POINT('',(0.0277892965006321,-0.0008,-0.0348603643124965));
#5509=DIRECTION('',(0.,1.,0.));
#5510=VECTOR('',#5509,1.);
#5511=LINE('',#5508,#5510);
#5512=EDGE_CURVE('',#2861,#437,#5511,.T.);
#5513=ORIENTED_EDGE('',*,*,#5512,.T.);
#5514=ORIENTED_EDGE('',*,*,#496,.T.);
#5515=ORIENTED_EDGE('',*,*,#5495,.F.);
#5516=ORIENTED_EDGE('',*,*,#2871,.F.);
#5517=EDGE_LOOP('',(#5513,#5514,#5515,#5516));
#5518=FACE_BOUND('',#5517,.T.);
#5519=ADVANCED_FACE('',(#5518),#5507,.F.);
#5520=CARTESIAN_POINT('',(0.0277892965006316,-0.0008,-0.034860364312497));
#5521=DIRECTION('',(-0.707106781186552,0.,-0.707106781186543));
#5522=DIRECTION('',(-0.707106781186543,0.,0.707106781186552));
#5523=AXIS2_PLACEMENT_3D('',#5520,#5521,#5522);
#5524=PLANE('',#5523);
#5525=ORIENTED_EDGE('',*,*,#5412,.T.);
#5526=ORIENTED_EDGE('',*,*,#438,.T.);
#5527=ORIENTED_EDGE('',*,*,#5512,.F.);
#5528=ORIENTED_EDGE('',*,*,#2862,.F.);
#5529=EDGE_LOOP('',(#5525,#5526,#5527,#5528));
#5530=FACE_BOUND('',#5529,.T.);
#5531=ADVANCED_FACE('',(#5530),#5524,.F.);
#5532=CARTESIAN_POINT('',(-0.013,-0.0008,-0.0488185989829789));
#5533=DIRECTION('',(0.,1.,0.));
#5534=DIRECTION('',(0.,0.,1.));
#5535=AXIS2_PLACEMENT_3D('',#5532,#5533,#5534);
#5536=CYLINDRICAL_SURFACE('',#5535,0.00299999999999997);
#5537=CARTESIAN_POINT('',(-0.013,-0.0008,-0.0518185989829789));
#5538=DIRECTION('',(0.,1.,0.));
#5539=VECTOR('',#5538,1.);
#5540=LINE('',#5537,#5539);
#5541=EDGE_CURVE('',#2914,#516,#5540,.T.);
#5542=ORIENTED_EDGE('',*,*,#5541,.T.);
#5543=ORIENTED_EDGE('',*,*,#517,.T.);
#5544=CARTESIAN_POINT('',(-0.016,-0.0008,-0.0488185989829789));
#5545=DIRECTION('',(0.,1.,0.));
#5546=VECTOR('',#5545,1.);
#5547=LINE('',#5544,#5546);
#5548=EDGE_CURVE('',#2923,#505,#5547,.T.);
#5549=ORIENTED_EDGE('',*,*,#5548,.F.);
#5550=ORIENTED_EDGE('',*,*,#2924,.F.);
#5551=EDGE_LOOP('',(#5542,#5543,#5549,#5550));
#5552=FACE_BOUND('',#5551,.T.);
#5553=ADVANCED_FACE('',(#5552),#5536,.F.);
#5554=CARTESIAN_POINT('',(-0.013,-0.0008,-0.0518185989829789));
#5555=DIRECTION('',(0.,0.,-1.));
#5556=DIRECTION('',(-1.,0.,0.));
#5557=AXIS2_PLACEMENT_3D('',#5554,#5555,#5556);
#5558=PLANE('',#5557);
#5559=CARTESIAN_POINT('',(0.013,-0.0008,-0.0518185989829789));
#5560=DIRECTION('',(0.,1.,0.));
#5561=VECTOR('',#5560,1.);
#5562=LINE('',#5559,#5561);
#5563=EDGE_CURVE('',#2912,#524,#5562,.T.);
#5564=ORIENTED_EDGE('',*,*,#5563,.T.);
#5565=ORIENTED_EDGE('',*,*,#525,.T.);
#5566=ORIENTED_EDGE('',*,*,#5541,.F.);
#5567=ORIENTED_EDGE('',*,*,#2915,.F.);
#5568=EDGE_LOOP('',(#5564,#5565,#5566,#5567));
#5569=FACE_BOUND('',#5568,.T.);
#5570=ADVANCED_FACE('',(#5569),#5558,.F.);
#5571=CARTESIAN_POINT('',(0.013,-0.0008,-0.0488185989829789));
#5572=DIRECTION('',(0.,1.,0.));
#5573=DIRECTION('',(0.,0.,1.));
#5574=AXIS2_PLACEMENT_3D('',#5571,#5572,#5573);
#5575=CYLINDRICAL_SURFACE('',#5574,0.00299999999999999);
#5576=CARTESIAN_POINT('',(0.016,-0.0008,-0.0488185989829789));
#5577=DIRECTION('',(0.,1.,0.));
#5578=VECTOR('',#5577,1.);
#5579=LINE('',#5576,#5578);
#5580=EDGE_CURVE('',#2965,#533,#5579,.T.);
#5581=ORIENTED_EDGE('',*,*,#5580,.T.);
#5582=ORIENTED_EDGE('',*,*,#534,.T.);
#5583=ORIENTED_EDGE('',*,*,#5563,.F.);
#5584=ORIENTED_EDGE('',*,*,#2973,.F.);
#5585=EDGE_LOOP('',(#5581,#5582,#5583,#5584));
#5586=FACE_BOUND('',#5585,.T.);
#5587=ADVANCED_FACE('',(#5586),#5575,.F.);
#5588=CARTESIAN_POINT('',(0.016,-0.0008,-0.0488185989829789));
#5589=DIRECTION('',(1.,0.,5.78241158658933E-16));
#5590=DIRECTION('',(5.78241158658933E-16,0.,-1.));
#5591=AXIS2_PLACEMENT_3D('',#5588,#5589,#5590);
#5592=PLANE('',#5591);
#5593=CARTESIAN_POINT('',(0.016,-0.0008,-0.0428185989829789));
#5594=DIRECTION('',(0.,1.,0.));
#5595=VECTOR('',#5594,1.);
#5596=LINE('',#5593,#5595);
#5597=EDGE_CURVE('',#2957,#541,#5596,.T.);
#5598=ORIENTED_EDGE('',*,*,#5597,.T.);
#5599=ORIENTED_EDGE('',*,*,#542,.T.);
#5600=ORIENTED_EDGE('',*,*,#5580,.F.);
#5601=ORIENTED_EDGE('',*,*,#2966,.F.);
#5602=EDGE_LOOP('',(#5598,#5599,#5600,#5601));
#5603=FACE_BOUND('',#5602,.T.);
#5604=ADVANCED_FACE('',(#5603),#5592,.F.);
#5605=CARTESIAN_POINT('',(0.013,-0.0008,-0.0428185989829789));
#5606=DIRECTION('',(0.,1.,0.));
#5607=DIRECTION('',(0.,0.,1.));
#5608=AXIS2_PLACEMENT_3D('',#5605,#5606,#5607);
#5609=CYLINDRICAL_SURFACE('',#5608,0.00299999999999997);
#5610=CARTESIAN_POINT('',(0.013,-0.0008,-0.0398185989829789));
#5611=DIRECTION('',(0.,1.,0.));
#5612=VECTOR('',#5611,1.);
#5613=LINE('',#5610,#5612);
#5614=EDGE_CURVE('',#2948,#550,#5613,.T.);
#5615=ORIENTED_EDGE('',*,*,#5614,.T.);
#5616=ORIENTED_EDGE('',*,*,#551,.T.);
#5617=ORIENTED_EDGE('',*,*,#5597,.F.);
#5618=ORIENTED_EDGE('',*,*,#2958,.F.);
#5619=EDGE_LOOP('',(#5615,#5616,#5617,#5618));
#5620=FACE_BOUND('',#5619,.T.);
#5621=ADVANCED_FACE('',(#5620),#5609,.F.);
#5622=CARTESIAN_POINT('',(-0.013,-0.0008,-0.0398185989829789));
#5623=DIRECTION('',(0.,0.,1.));
#5624=DIRECTION('',(1.,0.,0.));
#5625=AXIS2_PLACEMENT_3D('',#5622,#5623,#5624);
#5626=PLANE('',#5625);
#5627=CARTESIAN_POINT('',(-0.013,-0.0008,-0.0398185989829789));
#5628=DIRECTION('',(0.,1.,0.));
#5629=VECTOR('',#5628,1.);
#5630=LINE('',#5627,#5629);
#5631=EDGE_CURVE('',#2940,#558,#5630,.T.);
#5632=ORIENTED_EDGE('',*,*,#5631,.T.);
#5633=ORIENTED_EDGE('',*,*,#559,.T.);
#5634=ORIENTED_EDGE('',*,*,#5614,.F.);
#5635=ORIENTED_EDGE('',*,*,#2949,.F.);
#5636=EDGE_LOOP('',(#5632,#5633,#5634,#5635));
#5637=FACE_BOUND('',#5636,.T.);
#5638=ADVANCED_FACE('',(#5637),#5626,.F.);
#5639=CARTESIAN_POINT('',(-0.013,-0.0008,-0.0428185989829789));
#5640=DIRECTION('',(0.,1.,0.));
#5641=DIRECTION('',(0.,0.,1.));
#5642=AXIS2_PLACEMENT_3D('',#5639,#5640,#5641);
#5643=CYLINDRICAL_SURFACE('',#5642,0.00299999999999996);
#5644=CARTESIAN_POINT('',(-0.016,-0.0008,-0.0428185989829789));
#5645=DIRECTION('',(0.,1.,0.));
#5646=VECTOR('',#5645,1.);
#5647=LINE('',#5644,#5646);
#5648=EDGE_CURVE('',#2931,#507,#5647,.T.);
#5649=ORIENTED_EDGE('',*,*,#5648,.T.);
#5650=ORIENTED_EDGE('',*,*,#566,.T.);
#5651=ORIENTED_EDGE('',*,*,#5631,.F.);
#5652=ORIENTED_EDGE('',*,*,#2941,.F.);
#5653=EDGE_LOOP('',(#5649,#5650,#5651,#5652));
#5654=FACE_BOUND('',#5653,.T.);
#5655=ADVANCED_FACE('',(#5654),#5643,.F.);
#5656=CARTESIAN_POINT('',(-0.016,-0.0008,-0.0488185989829789));
#5657=DIRECTION('',(-1.,0.,1.7347234759768E-15));
#5658=DIRECTION('',(1.7347234759768E-15,0.,1.));
#5659=AXIS2_PLACEMENT_3D('',#5656,#5657,#5658);
#5660=PLANE('',#5659);
#5661=ORIENTED_EDGE('',*,*,#5548,.T.);
#5662=ORIENTED_EDGE('',*,*,#508,.T.);
#5663=ORIENTED_EDGE('',*,*,#5648,.F.);
#5664=ORIENTED_EDGE('',*,*,#2932,.F.);
#5665=EDGE_LOOP('',(#5661,#5662,#5663,#5664));
#5666=FACE_BOUND('',#5665,.T.);
#5667=ADVANCED_FACE('',(#5666),#5660,.F.);
#5668=CARTESIAN_POINT('',(-0.0125,-0.0008,0.00918140101702114));
#5669=DIRECTION('',(0.,1.,0.));
#5670=DIRECTION('',(0.,0.,1.));
#5671=AXIS2_PLACEMENT_3D('',#5668,#5669,#5670);
#5672=CYLINDRICAL_SURFACE('',#5671,0.00149999999999999);
#5673=CARTESIAN_POINT('',(-0.0125,-0.0008,0.00768140101702115));
#5674=DIRECTION('',(0.,1.,0.));
#5675=VECTOR('',#5674,1.);
#5676=LINE('',#5673,#5675);
#5677=EDGE_CURVE('',#2984,#586,#5676,.T.);
#5678=ORIENTED_EDGE('',*,*,#5677,.T.);
#5679=ORIENTED_EDGE('',*,*,#587,.T.);
#5680=CARTESIAN_POINT('',(-0.0125,-0.0008,0.0106814010170211));
#5681=DIRECTION('',(0.,1.,0.));
#5682=VECTOR('',#5681,1.);
#5683=LINE('',#5680,#5682);
#5684=EDGE_CURVE('',#2993,#575,#5683,.T.);
#5685=ORIENTED_EDGE('',*,*,#5684,.F.);
#5686=ORIENTED_EDGE('',*,*,#2994,.F.);
#5687=EDGE_LOOP('',(#5678,#5679,#5685,#5686));
#5688=FACE_BOUND('',#5687,.T.);
#5689=ADVANCED_FACE('',(#5688),#5672,.F.);
#5690=CARTESIAN_POINT('',(-0.0125,-0.0008,0.00768140101702115));
#5691=DIRECTION('',(-1.38777878078144E-16,0.,-1.));
#5692=DIRECTION('',(-1.,0.,1.38777878078144E-16));
#5693=AXIS2_PLACEMENT_3D('',#5690,#5691,#5692);
#5694=PLANE('',#5693);
#5695=CARTESIAN_POINT('',(0.0125,-0.0008,0.00768140101702114));
#5696=DIRECTION('',(0.,1.,0.));
#5697=VECTOR('',#5696,1.);
#5698=LINE('',#5695,#5697);
#5699=EDGE_CURVE('',#2982,#594,#5698,.T.);
#5700=ORIENTED_EDGE('',*,*,#5699,.T.);
#5701=ORIENTED_EDGE('',*,*,#595,.T.);
#5702=ORIENTED_EDGE('',*,*,#5677,.F.);
#5703=ORIENTED_EDGE('',*,*,#2985,.F.);
#5704=EDGE_LOOP('',(#5700,#5701,#5702,#5703));
#5705=FACE_BOUND('',#5704,.T.);
#5706=ADVANCED_FACE('',(#5705),#5694,.F.);
#5707=CARTESIAN_POINT('',(0.0125,-0.0008,0.00918140101702114));
#5708=DIRECTION('',(0.,1.,0.));
#5709=DIRECTION('',(0.,0.,1.));
#5710=AXIS2_PLACEMENT_3D('',#5707,#5708,#5709);
#5711=CYLINDRICAL_SURFACE('',#5710,0.00149999999999999);
#5712=CARTESIAN_POINT('',(0.0125,-0.0008,0.0106814010170211));
#5713=DIRECTION('',(0.,1.,0.));
#5714=VECTOR('',#5713,1.);
#5715=LINE('',#5712,#5714);
#5716=EDGE_CURVE('',#3001,#577,#5715,.T.);
#5717=ORIENTED_EDGE('',*,*,#5716,.T.);
#5718=ORIENTED_EDGE('',*,*,#602,.T.);
#5719=ORIENTED_EDGE('',*,*,#5699,.F.);
#5720=ORIENTED_EDGE('',*,*,#3009,.F.);
#5721=EDGE_LOOP('',(#5717,#5718,#5719,#5720));
#5722=FACE_BOUND('',#5721,.T.);
#5723=ADVANCED_FACE('',(#5722),#5711,.F.);
#5724=CARTESIAN_POINT('',(-0.0125,-0.0008,0.0106814010170211));
#5725=DIRECTION('',(1.38777878078144E-16,0.,1.));
#5726=DIRECTION('',(1.,0.,-1.38777878078144E-16));
#5727=AXIS2_PLACEMENT_3D('',#5724,#5725,#5726);
#5728=PLANE('',#5727);
#5729=ORIENTED_EDGE('',*,*,#5684,.T.);
#5730=ORIENTED_EDGE('',*,*,#578,.T.);
#5731=ORIENTED_EDGE('',*,*,#5716,.F.);
#5732=ORIENTED_EDGE('',*,*,#3002,.F.);
#5733=EDGE_LOOP('',(#5729,#5730,#5731,#5732));
#5734=FACE_BOUND('',#5733,.T.);
#5735=ADVANCED_FACE('',(#5734),#5728,.F.);
#5736=CARTESIAN_POINT('',(-0.0175,-0.0008,0.000181401017021149));
#5737=DIRECTION('',(0.,1.,0.));
#5738=DIRECTION('',(0.,0.,1.));
#5739=AXIS2_PLACEMENT_3D('',#5736,#5737,#5738);
#5740=CYLINDRICAL_SURFACE('',#5739,0.0015);
#5741=CARTESIAN_POINT('',(-0.0175,-0.0008,-0.00131859898297885));
#5742=DIRECTION('',(0.,1.,0.));
#5743=VECTOR('',#5742,1.);
#5744=LINE('',#5741,#5743);
#5745=EDGE_CURVE('',#3020,#622,#5744,.T.);
#5746=ORIENTED_EDGE('',*,*,#5745,.T.);
#5747=ORIENTED_EDGE('',*,*,#623,.T.);
#5748=CARTESIAN_POINT('',(-0.0175,-0.0008,0.00168140101702114));
#5749=DIRECTION('',(0.,1.,0.));
#5750=VECTOR('',#5749,1.);
#5751=LINE('',#5748,#5750);
#5752=EDGE_CURVE('',#3029,#611,#5751,.T.);
#5753=ORIENTED_EDGE('',*,*,#5752,.F.);
#5754=ORIENTED_EDGE('',*,*,#3030,.F.);
#5755=EDGE_LOOP('',(#5746,#5747,#5753,#5754));
#5756=FACE_BOUND('',#5755,.T.);
#5757=ADVANCED_FACE('',(#5756),#5740,.F.);
#5758=CARTESIAN_POINT('',(-0.0175,-0.0008,-0.00131859898297885));
#5759=DIRECTION('',(-1.23908819712629E-16,0.,-1.));
#5760=DIRECTION('',(-1.,0.,1.23908819712629E-16));
#5761=AXIS2_PLACEMENT_3D('',#5758,#5759,#5760);
#5762=PLANE('',#5761);
#5763=CARTESIAN_POINT('',(0.0175,-0.0008,-0.00131859898297885));
#5764=DIRECTION('',(0.,1.,0.));
#5765=VECTOR('',#5764,1.);
#5766=LINE('',#5763,#5765);
#5767=EDGE_CURVE('',#3018,#630,#5766,.T.);
#5768=ORIENTED_EDGE('',*,*,#5767,.T.);
#5769=ORIENTED_EDGE('',*,*,#631,.T.);
#5770=ORIENTED_EDGE('',*,*,#5745,.F.);
#5771=ORIENTED_EDGE('',*,*,#3021,.F.);
#5772=EDGE_LOOP('',(#5768,#5769,#5770,#5771));
#5773=FACE_BOUND('',#5772,.T.);
#5774=ADVANCED_FACE('',(#5773),#5762,.F.);
#5775=CARTESIAN_POINT('',(0.0175,-0.0008,0.000181401017021143));
#5776=DIRECTION('',(0.,1.,0.));
#5777=DIRECTION('',(0.,0.,1.));
#5778=AXIS2_PLACEMENT_3D('',#5775,#5776,#5777);
#5779=CYLINDRICAL_SURFACE('',#5778,0.0015);
#5780=CARTESIAN_POINT('',(0.0175,-0.0008,0.00168140101702114));
#5781=DIRECTION('',(0.,1.,0.));
#5782=VECTOR('',#5781,1.);
#5783=LINE('',#5780,#5782);
#5784=EDGE_CURVE('',#3037,#613,#5783,.T.);
#5785=ORIENTED_EDGE('',*,*,#5784,.T.);
#5786=ORIENTED_EDGE('',*,*,#638,.T.);
#5787=ORIENTED_EDGE('',*,*,#5767,.F.);
#5788=ORIENTED_EDGE('',*,*,#3045,.F.);
#5789=EDGE_LOOP('',(#5785,#5786,#5787,#5788));
#5790=FACE_BOUND('',#5789,.T.);
#5791=ADVANCED_FACE('',(#5790),#5779,.F.);
#5792=CARTESIAN_POINT('',(-0.0175,-0.0008,0.00168140101702114));
#5793=DIRECTION('',(1.23908819712629E-16,0.,1.));
#5794=DIRECTION('',(1.,0.,-1.23908819712629E-16));
#5795=AXIS2_PLACEMENT_3D('',#5792,#5793,#5794);
#5796=PLANE('',#5795);
#5797=ORIENTED_EDGE('',*,*,#5752,.T.);
#5798=ORIENTED_EDGE('',*,*,#614,.T.);
#5799=ORIENTED_EDGE('',*,*,#5784,.F.);
#5800=ORIENTED_EDGE('',*,*,#3038,.F.);
#5801=EDGE_LOOP('',(#5797,#5798,#5799,#5800));
#5802=FACE_BOUND('',#5801,.T.);
#5803=ADVANCED_FACE('',(#5802),#5796,.F.);
#5804=CARTESIAN_POINT('',(-0.0125,-0.0008,-0.00881859898297885));
#5805=DIRECTION('',(0.,1.,0.));
#5806=DIRECTION('',(0.,0.,1.));
#5807=AXIS2_PLACEMENT_3D('',#5804,#5805,#5806);
#5808=CYLINDRICAL_SURFACE('',#5807,0.0015);
#5809=CARTESIAN_POINT('',(-0.0125,-0.0008,-0.0103185989829788));
#5810=DIRECTION('',(0.,1.,0.));
#5811=VECTOR('',#5810,1.);
#5812=LINE('',#5809,#5811);
#5813=EDGE_CURVE('',#3056,#658,#5812,.T.);
#5814=ORIENTED_EDGE('',*,*,#5813,.T.);
#5815=ORIENTED_EDGE('',*,*,#659,.T.);
#5816=CARTESIAN_POINT('',(-0.0125,-0.0008,-0.00731859898297885));
#5817=DIRECTION('',(0.,1.,0.));
#5818=VECTOR('',#5817,1.);
#5819=LINE('',#5816,#5818);
#5820=EDGE_CURVE('',#3065,#647,#5819,.T.);
#5821=ORIENTED_EDGE('',*,*,#5820,.F.);
#5822=ORIENTED_EDGE('',*,*,#3066,.F.);
#5823=EDGE_LOOP('',(#5814,#5815,#5821,#5822));
#5824=FACE_BOUND('',#5823,.T.);
#5825=ADVANCED_FACE('',(#5824),#5808,.F.);
#5826=CARTESIAN_POINT('',(-0.0125,-0.0008,-0.0103185989829788));
#5827=DIRECTION('',(-1.38777878078144E-16,0.,-1.));
#5828=DIRECTION('',(-1.,0.,1.38777878078144E-16));
#5829=AXIS2_PLACEMENT_3D('',#5826,#5827,#5828);
#5830=PLANE('',#5829);
#5831=CARTESIAN_POINT('',(0.0125,-0.0008,-0.0103185989829789));
#5832=DIRECTION('',(0.,1.,0.));
#5833=VECTOR('',#5832,1.);
#5834=LINE('',#5831,#5833);
#5835=EDGE_CURVE('',#3054,#666,#5834,.T.);
#5836=ORIENTED_EDGE('',*,*,#5835,.T.);
#5837=ORIENTED_EDGE('',*,*,#667,.T.);
#5838=ORIENTED_EDGE('',*,*,#5813,.F.);
#5839=ORIENTED_EDGE('',*,*,#3057,.F.);
#5840=EDGE_LOOP('',(#5836,#5837,#5838,#5839));
#5841=FACE_BOUND('',#5840,.T.);
#5842=ADVANCED_FACE('',(#5841),#5830,.F.);
#5843=CARTESIAN_POINT('',(0.0125,-0.0008,-0.00881859898297885));
#5844=DIRECTION('',(0.,1.,0.));
#5845=DIRECTION('',(0.,0.,1.));
#5846=AXIS2_PLACEMENT_3D('',#5843,#5844,#5845);
#5847=CYLINDRICAL_SURFACE('',#5846,0.0015);
#5848=CARTESIAN_POINT('',(0.0125,-0.0008,-0.00731859898297886));
#5849=DIRECTION('',(0.,1.,0.));
#5850=VECTOR('',#5849,1.);
#5851=LINE('',#5848,#5850);
#5852=EDGE_CURVE('',#3073,#649,#5851,.T.);
#5853=ORIENTED_EDGE('',*,*,#5852,.T.);
#5854=ORIENTED_EDGE('',*,*,#674,.T.);
#5855=ORIENTED_EDGE('',*,*,#5835,.F.);
#5856=ORIENTED_EDGE('',*,*,#3081,.F.);
#5857=EDGE_LOOP('',(#5853,#5854,#5855,#5856));
#5858=FACE_BOUND('',#5857,.T.);
#5859=ADVANCED_FACE('',(#5858),#5847,.F.);
#5860=CARTESIAN_POINT('',(-0.0125,-0.0008,-0.00731859898297885));
#5861=DIRECTION('',(1.38777878078144E-16,0.,1.));
#5862=DIRECTION('',(1.,0.,-1.38777878078144E-16));
#5863=AXIS2_PLACEMENT_3D('',#5860,#5861,#5862);
#5864=PLANE('',#5863);
#5865=ORIENTED_EDGE('',*,*,#5820,.T.);
#5866=ORIENTED_EDGE('',*,*,#650,.T.);
#5867=ORIENTED_EDGE('',*,*,#5852,.F.);
#5868=ORIENTED_EDGE('',*,*,#3074,.F.);
#5869=EDGE_LOOP('',(#5865,#5866,#5867,#5868));
#5870=FACE_BOUND('',#5869,.T.);
#5871=ADVANCED_FACE('',(#5870),#5864,.F.);
#5872=CARTESIAN_POINT('',(-0.049,-0.0008,-0.0125629001424736));
#5873=DIRECTION('',(0.,1.,0.));
#5874=DIRECTION('',(0.,0.,1.));
#5875=AXIS2_PLACEMENT_3D('',#5872,#5873,#5874);
#5876=CYLINDRICAL_SURFACE('',#5875,0.003);
#5877=CARTESIAN_POINT('',(-0.049,-0.0008,-0.0155629001424736));
#5878=DIRECTION('',(0.,1.,0.));
#5879=VECTOR('',#5878,1.);
#5880=LINE('',#5877,#5879);
#5881=EDGE_CURVE('',#3092,#694,#5880,.T.);
#5882=ORIENTED_EDGE('',*,*,#5881,.T.);
#5883=ORIENTED_EDGE('',*,*,#695,.T.);
#5884=CARTESIAN_POINT('',(-0.052,-0.0008,-0.0125629001424736));
#5885=DIRECTION('',(0.,1.,0.));
#5886=VECTOR('',#5885,1.);
#5887=LINE('',#5884,#5886);
#5888=EDGE_CURVE('',#3101,#683,#5887,.T.);
#5889=ORIENTED_EDGE('',*,*,#5888,.F.);
#5890=ORIENTED_EDGE('',*,*,#3102,.F.);
#5891=EDGE_LOOP('',(#5882,#5883,#5889,#5890));
#5892=FACE_BOUND('',#5891,.T.);
#5893=ADVANCED_FACE('',(#5892),#5876,.F.);
#5894=CARTESIAN_POINT('',(-0.049,-0.0008,-0.0155629001424736));
#5895=DIRECTION('',(0.,0.,-1.));
#5896=DIRECTION('',(-1.,0.,0.));
#5897=AXIS2_PLACEMENT_3D('',#5894,#5895,#5896);
#5898=PLANE('',#5897);
#5899=CARTESIAN_POINT('',(-0.043,-0.0008,-0.0155629001424736));
#5900=DIRECTION('',(0.,1.,0.));
#5901=VECTOR('',#5900,1.);
#5902=LINE('',#5899,#5901);
#5903=EDGE_CURVE('',#3090,#702,#5902,.T.);
#5904=ORIENTED_EDGE('',*,*,#5903,.T.);
#5905=ORIENTED_EDGE('',*,*,#703,.T.);
#5906=ORIENTED_EDGE('',*,*,#5881,.F.);
#5907=ORIENTED_EDGE('',*,*,#3093,.F.);
#5908=EDGE_LOOP('',(#5904,#5905,#5906,#5907));
#5909=FACE_BOUND('',#5908,.T.);
#5910=ADVANCED_FACE('',(#5909),#5898,.F.);
#5911=CARTESIAN_POINT('',(-0.043,-0.0008,-0.0125629001424736));
#5912=DIRECTION('',(0.,1.,0.));
#5913=DIRECTION('',(0.,0.,1.));
#5914=AXIS2_PLACEMENT_3D('',#5911,#5912,#5913);
#5915=CYLINDRICAL_SURFACE('',#5914,0.003);
#5916=CARTESIAN_POINT('',(-0.04,-0.0008,-0.0125629001424736));
#5917=DIRECTION('',(0.,1.,0.));
#5918=VECTOR('',#5917,1.);
#5919=LINE('',#5916,#5918);
#5920=EDGE_CURVE('',#3143,#711,#5919,.T.);
#5921=ORIENTED_EDGE('',*,*,#5920,.T.);
#5922=ORIENTED_EDGE('',*,*,#712,.T.);
#5923=ORIENTED_EDGE('',*,*,#5903,.F.);
#5924=ORIENTED_EDGE('',*,*,#3151,.F.);
#5925=EDGE_LOOP('',(#5921,#5922,#5923,#5924));
#5926=FACE_BOUND('',#5925,.T.);
#5927=ADVANCED_FACE('',(#5926),#5915,.F.);
#5928=CARTESIAN_POINT('',(-0.04,-0.0008,-0.0125629001424736));
#5929=DIRECTION('',(1.,0.,0.));
#5930=DIRECTION('',(0.,0.,-1.));
#5931=AXIS2_PLACEMENT_3D('',#5928,#5929,#5930);
#5932=PLANE('',#5931);
#5933=CARTESIAN_POINT('',(-0.04,-0.0008,0.0134370998575264));
#5934=DIRECTION('',(0.,1.,0.));
#5935=VECTOR('',#5934,1.);
#5936=LINE('',#5933,#5935);
#5937=EDGE_CURVE('',#3135,#719,#5936,.T.);
#5938=ORIENTED_EDGE('',*,*,#5937,.T.);
#5939=ORIENTED_EDGE('',*,*,#720,.T.);
#5940=ORIENTED_EDGE('',*,*,#5920,.F.);
#5941=ORIENTED_EDGE('',*,*,#3144,.F.);
#5942=EDGE_LOOP('',(#5938,#5939,#5940,#5941));
#5943=FACE_BOUND('',#5942,.T.);
#5944=ADVANCED_FACE('',(#5943),#5932,.F.);
#5945=CARTESIAN_POINT('',(-0.043,-0.0008,0.0134370998575264));
#5946=DIRECTION('',(0.,1.,0.));
#5947=DIRECTION('',(0.,0.,1.));
#5948=AXIS2_PLACEMENT_3D('',#5945,#5946,#5947);
#5949=CYLINDRICAL_SURFACE('',#5948,0.003);
#5950=CARTESIAN_POINT('',(-0.043,-0.0008,0.0164370998575264));
#5951=DIRECTION('',(0.,1.,0.));
#5952=VECTOR('',#5951,1.);
#5953=LINE('',#5950,#5952);
#5954=EDGE_CURVE('',#3126,#728,#5953,.T.);
#5955=ORIENTED_EDGE('',*,*,#5954,.T.);
#5956=ORIENTED_EDGE('',*,*,#729,.T.);
#5957=ORIENTED_EDGE('',*,*,#5937,.F.);
#5958=ORIENTED_EDGE('',*,*,#3136,.F.);
#5959=EDGE_LOOP('',(#5955,#5956,#5957,#5958));
#5960=FACE_BOUND('',#5959,.T.);
#5961=ADVANCED_FACE('',(#5960),#5949,.F.);
#5962=CARTESIAN_POINT('',(-0.049,-0.0008,0.0164370998575264));
#5963=DIRECTION('',(-5.78241158658936E-16,0.,1.));
#5964=DIRECTION('',(1.,0.,5.78241158658936E-16));
#5965=AXIS2_PLACEMENT_3D('',#5962,#5963,#5964);
#5966=PLANE('',#5965);
#5967=CARTESIAN_POINT('',(-0.049,-0.0008,0.0164370998575264));
#5968=DIRECTION('',(0.,1.,0.));
#5969=VECTOR('',#5968,1.);
#5970=LINE('',#5967,#5969);
#5971=EDGE_CURVE('',#3118,#736,#5970,.T.);
#5972=ORIENTED_EDGE('',*,*,#5971,.T.);
#5973=ORIENTED_EDGE('',*,*,#737,.T.);
#5974=ORIENTED_EDGE('',*,*,#5954,.F.);
#5975=ORIENTED_EDGE('',*,*,#3127,.F.);
#5976=EDGE_LOOP('',(#5972,#5973,#5974,#5975));
#5977=FACE_BOUND('',#5976,.T.);
#5978=ADVANCED_FACE('',(#5977),#5966,.F.);
#5979=CARTESIAN_POINT('',(-0.049,-0.0008,0.0134370998575264));
#5980=DIRECTION('',(0.,1.,0.));
#5981=DIRECTION('',(0.,0.,1.));
#5982=AXIS2_PLACEMENT_3D('',#5979,#5980,#5981);
#5983=CYLINDRICAL_SURFACE('',#5982,0.003);
#5984=CARTESIAN_POINT('',(-0.052,-0.0008,0.0134370998575264));
#5985=DIRECTION('',(0.,1.,0.));
#5986=VECTOR('',#5985,1.);
#5987=LINE('',#5984,#5986);
#5988=EDGE_CURVE('',#3109,#685,#5987,.T.);
#5989=ORIENTED_EDGE('',*,*,#5988,.T.);
#5990=ORIENTED_EDGE('',*,*,#744,.T.);
#5991=ORIENTED_EDGE('',*,*,#5971,.F.);
#5992=ORIENTED_EDGE('',*,*,#3119,.F.);
#5993=EDGE_LOOP('',(#5989,#5990,#5991,#5992));
#5994=FACE_BOUND('',#5993,.T.);
#5995=ADVANCED_FACE('',(#5994),#5983,.F.);
#5996=CARTESIAN_POINT('',(-0.052,-0.0008,-0.0125629001424736));
#5997=DIRECTION('',(-1.,0.,0.));
#5998=DIRECTION('',(0.,0.,1.));
#5999=AXIS2_PLACEMENT_3D('',#5996,#5997,#5998);
#6000=PLANE('',#5999);
#6001=ORIENTED_EDGE('',*,*,#5888,.T.);
#6002=ORIENTED_EDGE('',*,*,#686,.T.);
#6003=ORIENTED_EDGE('',*,*,#5988,.F.);
#6004=ORIENTED_EDGE('',*,*,#3110,.F.);
#6005=EDGE_LOOP('',(#6001,#6002,#6003,#6004));
#6006=FACE_BOUND('',#6005,.T.);
#6007=ADVANCED_FACE('',(#6006),#6000,.F.);
#6008=CARTESIAN_POINT('',(0.049,-0.0008,-0.0125629001424735));
#6009=DIRECTION('',(0.,1.,0.));
#6010=DIRECTION('',(0.,0.,1.));
#6011=AXIS2_PLACEMENT_3D('',#6008,#6009,#6010);
#6012=CYLINDRICAL_SURFACE('',#6011,0.00299999999999999);
#6013=CARTESIAN_POINT('',(0.052,-0.0008,-0.0125629001424736));
#6014=DIRECTION('',(0.,1.,0.));
#6015=VECTOR('',#6014,1.);
#6016=LINE('',#6013,#6015);
#6017=EDGE_CURVE('',#3162,#764,#6016,.T.);
#6018=ORIENTED_EDGE('',*,*,#6017,.T.);
#6019=ORIENTED_EDGE('',*,*,#765,.T.);
#6020=CARTESIAN_POINT('',(0.049,-0.0008,-0.0155629001424735));
#6021=DIRECTION('',(0.,1.,0.));
#6022=VECTOR('',#6021,1.);
#6023=LINE('',#6020,#6022);
#6024=EDGE_CURVE('',#3171,#753,#6023,.T.);
#6025=ORIENTED_EDGE('',*,*,#6024,.F.);
#6026=ORIENTED_EDGE('',*,*,#3172,.F.);
#6027=EDGE_LOOP('',(#6018,#6019,#6025,#6026));
#6028=FACE_BOUND('',#6027,.T.);
#6029=ADVANCED_FACE('',(#6028),#6012,.F.);
#6030=CARTESIAN_POINT('',(0.052,-0.0008,-0.0125629001424736));
#6031=DIRECTION('',(1.,0.,-2.66880534765662E-16));
#6032=DIRECTION('',(-2.66880534765662E-16,0.,-1.));
#6033=AXIS2_PLACEMENT_3D('',#6030,#6031,#6032);
#6034=PLANE('',#6033);
#6035=CARTESIAN_POINT('',(0.052,-0.0008,0.0134370998575264));
#6036=DIRECTION('',(0.,1.,0.));
#6037=VECTOR('',#6036,1.);
#6038=LINE('',#6035,#6037);
#6039=EDGE_CURVE('',#3160,#772,#6038,.T.);
#6040=ORIENTED_EDGE('',*,*,#6039,.T.);
#6041=ORIENTED_EDGE('',*,*,#773,.T.);
#6042=ORIENTED_EDGE('',*,*,#6017,.F.);
#6043=ORIENTED_EDGE('',*,*,#3163,.F.);
#6044=EDGE_LOOP('',(#6040,#6041,#6042,#6043));
#6045=FACE_BOUND('',#6044,.T.);
#6046=ADVANCED_FACE('',(#6045),#6034,.F.);
#6047=CARTESIAN_POINT('',(0.049,-0.0008,0.0134370998575265));
#6048=DIRECTION('',(0.,1.,0.));
#6049=DIRECTION('',(0.,0.,1.));
#6050=AXIS2_PLACEMENT_3D('',#6047,#6048,#6049);
#6051=CYLINDRICAL_SURFACE('',#6050,0.00300000000000001);
#6052=CARTESIAN_POINT('',(0.049,-0.0008,0.0164370998575265));
#6053=DIRECTION('',(0.,1.,0.));
#6054=VECTOR('',#6053,1.);
#6055=LINE('',#6052,#6054);
#6056=EDGE_CURVE('',#3213,#781,#6055,.T.);
#6057=ORIENTED_EDGE('',*,*,#6056,.T.);
#6058=ORIENTED_EDGE('',*,*,#782,.T.);
#6059=ORIENTED_EDGE('',*,*,#6039,.F.);
#6060=ORIENTED_EDGE('',*,*,#3221,.F.);
#6061=EDGE_LOOP('',(#6057,#6058,#6059,#6060));
#6062=FACE_BOUND('',#6061,.T.);
#6063=ADVANCED_FACE('',(#6062),#6051,.F.);
#6064=CARTESIAN_POINT('',(0.043,-0.0008,0.0164370998575265));
#6065=DIRECTION('',(0.,0.,1.));
#6066=DIRECTION('',(1.,0.,0.));
#6067=AXIS2_PLACEMENT_3D('',#6064,#6065,#6066);
#6068=PLANE('',#6067);
#6069=CARTESIAN_POINT('',(0.043,-0.0008,0.0164370998575265));
#6070=DIRECTION('',(0.,1.,0.));
#6071=VECTOR('',#6070,1.);
#6072=LINE('',#6069,#6071);
#6073=EDGE_CURVE('',#3205,#789,#6072,.T.);
#6074=ORIENTED_EDGE('',*,*,#6073,.T.);
#6075=ORIENTED_EDGE('',*,*,#790,.T.);
#6076=ORIENTED_EDGE('',*,*,#6056,.F.);
#6077=ORIENTED_EDGE('',*,*,#3214,.F.);
#6078=EDGE_LOOP('',(#6074,#6075,#6076,#6077));
#6079=FACE_BOUND('',#6078,.T.);
#6080=ADVANCED_FACE('',(#6079),#6068,.F.);
#6081=CARTESIAN_POINT('',(0.043,-0.0008,0.0134370998575265));
#6082=DIRECTION('',(0.,1.,0.));
#6083=DIRECTION('',(0.,0.,1.));
#6084=AXIS2_PLACEMENT_3D('',#6081,#6082,#6083);
#6085=CYLINDRICAL_SURFACE('',#6084,0.00300000000000001);
#6086=CARTESIAN_POINT('',(0.04,-0.0008,0.0134370998575265));
#6087=DIRECTION('',(0.,1.,0.));
#6088=VECTOR('',#6087,1.);
#6089=LINE('',#6086,#6088);
#6090=EDGE_CURVE('',#3196,#798,#6089,.T.);
#6091=ORIENTED_EDGE('',*,*,#6090,.T.);
#6092=ORIENTED_EDGE('',*,*,#799,.T.);
#6093=ORIENTED_EDGE('',*,*,#6073,.F.);
#6094=ORIENTED_EDGE('',*,*,#3206,.F.);
#6095=EDGE_LOOP('',(#6091,#6092,#6093,#6094));
#6096=FACE_BOUND('',#6095,.T.);
#6097=ADVANCED_FACE('',(#6096),#6085,.F.);
#6098=CARTESIAN_POINT('',(0.04,-0.0008,-0.0125629001424735));
#6099=DIRECTION('',(-1.,0.,0.));
#6100=DIRECTION('',(0.,0.,1.));
#6101=AXIS2_PLACEMENT_3D('',#6098,#6099,#6100);
#6102=PLANE('',#6101);
#6103=CARTESIAN_POINT('',(0.04,-0.0008,-0.0125629001424735));
#6104=DIRECTION('',(0.,1.,0.));
#6105=VECTOR('',#6104,1.);
#6106=LINE('',#6103,#6105);
#6107=EDGE_CURVE('',#3188,#806,#6106,.T.);
#6108=ORIENTED_EDGE('',*,*,#6107,.T.);
#6109=ORIENTED_EDGE('',*,*,#807,.T.);
#6110=ORIENTED_EDGE('',*,*,#6090,.F.);
#6111=ORIENTED_EDGE('',*,*,#3197,.F.);
#6112=EDGE_LOOP('',(#6108,#6109,#6110,#6111));
#6113=FACE_BOUND('',#6112,.T.);
#6114=ADVANCED_FACE('',(#6113),#6102,.F.);
#6115=CARTESIAN_POINT('',(0.043,-0.0008,-0.0125629001424735));
#6116=DIRECTION('',(0.,1.,0.));
#6117=DIRECTION('',(0.,0.,1.));
#6118=AXIS2_PLACEMENT_3D('',#6115,#6116,#6117);
#6119=CYLINDRICAL_SURFACE('',#6118,0.00300000000000001);
#6120=CARTESIAN_POINT('',(0.043,-0.0008,-0.0155629001424735));
#6121=DIRECTION('',(0.,1.,0.));
#6122=VECTOR('',#6121,1.);
#6123=LINE('',#6120,#6122);
#6124=EDGE_CURVE('',#3179,#755,#6123,.T.);
#6125=ORIENTED_EDGE('',*,*,#6124,.T.);
#6126=ORIENTED_EDGE('',*,*,#814,.T.);
#6127=ORIENTED_EDGE('',*,*,#6107,.F.);
#6128=ORIENTED_EDGE('',*,*,#3189,.F.);
#6129=EDGE_LOOP('',(#6125,#6126,#6127,#6128));
#6130=FACE_BOUND('',#6129,.T.);
#6131=ADVANCED_FACE('',(#6130),#6119,.F.);
#6132=CARTESIAN_POINT('',(0.043,-0.0008,-0.0155629001424735));
#6133=DIRECTION('',(0.,0.,-1.));
#6134=DIRECTION('',(-1.,0.,0.));
#6135=AXIS2_PLACEMENT_3D('',#6132,#6133,#6134);
#6136=PLANE('',#6135);
#6137=ORIENTED_EDGE('',*,*,#6024,.T.);
#6138=ORIENTED_EDGE('',*,*,#756,.T.);
#6139=ORIENTED_EDGE('',*,*,#6124,.F.);
#6140=ORIENTED_EDGE('',*,*,#3180,.F.);
#6141=EDGE_LOOP('',(#6137,#6138,#6139,#6140));
#6142=FACE_BOUND('',#6141,.T.);
#6143=ADVANCED_FACE('',(#6142),#6136,.F.);
#6144=CARTESIAN_POINT('',(-0.0830000000000001,-0.0008,-0.0165629001424735));
#6145=DIRECTION('',(0.,1.,0.));
#6146=DIRECTION('',(0.,0.,1.));
#6147=AXIS2_PLACEMENT_3D('',#6144,#6145,#6146);
#6148=CYLINDRICAL_SURFACE('',#6147,0.00199999999999999);
#6149=CARTESIAN_POINT('',(-0.0830000000000001,-0.0008,-0.0185629001424735));
#6150=DIRECTION('',(0.,1.,0.));
#6151=VECTOR('',#6150,1.);
#6152=LINE('',#6149,#6151);
#6153=EDGE_CURVE('',#3232,#834,#6152,.T.);
#6154=ORIENTED_EDGE('',*,*,#6153,.T.);
#6155=ORIENTED_EDGE('',*,*,#835,.T.);
#6156=CARTESIAN_POINT('',(-0.0830000000000001,-0.0008,-0.0145629001424735));
#6157=DIRECTION('',(0.,1.,0.));
#6158=VECTOR('',#6157,1.);
#6159=LINE('',#6156,#6158);
#6160=EDGE_CURVE('',#3241,#823,#6159,.T.);
#6161=ORIENTED_EDGE('',*,*,#6160,.F.);
#6162=ORIENTED_EDGE('',*,*,#3242,.F.);
#6163=EDGE_LOOP('',(#6154,#6155,#6161,#6162));
#6164=FACE_BOUND('',#6163,.T.);
#6165=ADVANCED_FACE('',(#6164),#6148,.F.);
#6166=CARTESIAN_POINT('',(-0.0830000000000001,-0.0008,-0.0185629001424735));
#6167=DIRECTION('',(-5.37898752240869E-16,0.,-1.));
#6168=DIRECTION('',(-1.,0.,5.37898752240869E-16));
#6169=AXIS2_PLACEMENT_3D('',#6166,#6167,#6168);
#6170=PLANE('',#6169);
#6171=CARTESIAN_POINT('',(-0.0572,-0.0008,-0.0185629001424735));
#6172=DIRECTION('',(0.,1.,0.));
#6173=VECTOR('',#6172,1.);
#6174=LINE('',#6171,#6173);
#6175=EDGE_CURVE('',#3230,#842,#6174,.T.);
#6176=ORIENTED_EDGE('',*,*,#6175,.T.);
#6177=ORIENTED_EDGE('',*,*,#843,.T.);
#6178=ORIENTED_EDGE('',*,*,#6153,.F.);
#6179=ORIENTED_EDGE('',*,*,#3233,.F.);
#6180=EDGE_LOOP('',(#6176,#6177,#6178,#6179));
#6181=FACE_BOUND('',#6180,.T.);
#6182=ADVANCED_FACE('',(#6181),#6170,.F.);
#6183=CARTESIAN_POINT('',(-0.0572,-0.0008,-0.0165629001424735));
#6184=DIRECTION('',(0.,1.,0.));
#6185=DIRECTION('',(0.,0.,1.));
#6186=AXIS2_PLACEMENT_3D('',#6183,#6184,#6185);
#6187=CYLINDRICAL_SURFACE('',#6186,0.002);
#6188=CARTESIAN_POINT('',(-0.0572,-0.0008,-0.0145629001424735));
#6189=DIRECTION('',(0.,1.,0.));
#6190=VECTOR('',#6189,1.);
#6191=LINE('',#6188,#6190);
#6192=EDGE_CURVE('',#3249,#825,#6191,.T.);
#6193=ORIENTED_EDGE('',*,*,#6192,.T.);
#6194=ORIENTED_EDGE('',*,*,#850,.T.);
#6195=ORIENTED_EDGE('',*,*,#6175,.F.);
#6196=ORIENTED_EDGE('',*,*,#3257,.F.);
#6197=EDGE_LOOP('',(#6193,#6194,#6195,#6196));
#6198=FACE_BOUND('',#6197,.T.);
#6199=ADVANCED_FACE('',(#6198),#6187,.F.);
#6200=CARTESIAN_POINT('',(-0.0830000000000001,-0.0008,-0.0145629001424735));
#6201=DIRECTION('',(-6.72373440301086E-17,0.,1.));
#6202=DIRECTION('',(1.,0.,6.72373440301086E-17));
#6203=AXIS2_PLACEMENT_3D('',#6200,#6201,#6202);
#6204=PLANE('',#6203);
#6205=ORIENTED_EDGE('',*,*,#6160,.T.);
#6206=ORIENTED_EDGE('',*,*,#826,.T.);
#6207=ORIENTED_EDGE('',*,*,#6192,.F.);
#6208=ORIENTED_EDGE('',*,*,#3250,.F.);
#6209=EDGE_LOOP('',(#6205,#6206,#6207,#6208));
#6210=FACE_BOUND('',#6209,.T.);
#6211=ADVANCED_FACE('',(#6210),#6204,.F.);
#6212=CARTESIAN_POINT('',(-0.0830000000000001,-0.0008,0.0174370998575264));
#6213=DIRECTION('',(0.,1.,0.));
#6214=DIRECTION('',(0.,0.,1.));
#6215=AXIS2_PLACEMENT_3D('',#6212,#6213,#6214);
#6216=CYLINDRICAL_SURFACE('',#6215,0.002);
#6217=CARTESIAN_POINT('',(-0.0830000000000001,-0.0008,0.0154370998575264));
#6218=DIRECTION('',(0.,1.,0.));
#6219=VECTOR('',#6218,1.);
#6220=LINE('',#6217,#6219);
#6221=EDGE_CURVE('',#3268,#870,#6220,.T.);
#6222=ORIENTED_EDGE('',*,*,#6221,.T.);
#6223=ORIENTED_EDGE('',*,*,#871,.T.);
#6224=CARTESIAN_POINT('',(-0.0830000000000001,-0.0008,0.0194370998575264));
#6225=DIRECTION('',(0.,1.,0.));
#6226=VECTOR('',#6225,1.);
#6227=LINE('',#6224,#6226);
#6228=EDGE_CURVE('',#3277,#859,#6227,.T.);
#6229=ORIENTED_EDGE('',*,*,#6228,.F.);
#6230=ORIENTED_EDGE('',*,*,#3278,.F.);
#6231=EDGE_LOOP('',(#6222,#6223,#6229,#6230));
#6232=FACE_BOUND('',#6231,.T.);
#6233=ADVANCED_FACE('',(#6232),#6216,.F.);
#6234=CARTESIAN_POINT('',(-0.0830000000000001,-0.0008,0.0154370998575264));
#6235=DIRECTION('',(-2.01712032090326E-16,0.,-1.));
#6236=DIRECTION('',(-1.,0.,2.01712032090326E-16));
#6237=AXIS2_PLACEMENT_3D('',#6234,#6235,#6236);
#6238=PLANE('',#6237);
#6239=CARTESIAN_POINT('',(-0.0572,-0.0008,0.0154370998575265));
#6240=DIRECTION('',(0.,1.,0.));
#6241=VECTOR('',#6240,1.);
#6242=LINE('',#6239,#6241);
#6243=EDGE_CURVE('',#3266,#878,#6242,.T.);
#6244=ORIENTED_EDGE('',*,*,#6243,.T.);
#6245=ORIENTED_EDGE('',*,*,#879,.T.);
#6246=ORIENTED_EDGE('',*,*,#6221,.F.);
#6247=ORIENTED_EDGE('',*,*,#3269,.F.);
#6248=EDGE_LOOP('',(#6244,#6245,#6246,#6247));
#6249=FACE_BOUND('',#6248,.T.);
#6250=ADVANCED_FACE('',(#6249),#6238,.F.);
#6251=CARTESIAN_POINT('',(-0.0572,-0.0008,0.0174370998575265));
#6252=DIRECTION('',(0.,1.,0.));
#6253=DIRECTION('',(0.,0.,1.));
#6254=AXIS2_PLACEMENT_3D('',#6251,#6252,#6253);
#6255=CYLINDRICAL_SURFACE('',#6254,0.002);
#6256=CARTESIAN_POINT('',(-0.0572,-0.0008,0.0194370998575264));
#6257=DIRECTION('',(0.,1.,0.));
#6258=VECTOR('',#6257,1.);
#6259=LINE('',#6256,#6258);
#6260=EDGE_CURVE('',#3285,#861,#6259,.T.);
#6261=ORIENTED_EDGE('',*,*,#6260,.T.);
#6262=ORIENTED_EDGE('',*,*,#886,.T.);
#6263=ORIENTED_EDGE('',*,*,#6243,.F.);
#6264=ORIENTED_EDGE('',*,*,#3293,.F.);
#6265=EDGE_LOOP('',(#6261,#6262,#6263,#6264));
#6266=FACE_BOUND('',#6265,.T.);
#6267=ADVANCED_FACE('',(#6266),#6255,.F.);
#6268=CARTESIAN_POINT('',(-0.0830000000000001,-0.0008,0.0194370998575264));
#6269=DIRECTION('',(2.68949376120435E-16,0.,1.));
#6270=DIRECTION('',(1.,0.,-2.68949376120435E-16));
#6271=AXIS2_PLACEMENT_3D('',#6268,#6269,#6270);
#6272=PLANE('',#6271);
#6273=ORIENTED_EDGE('',*,*,#6228,.T.);
#6274=ORIENTED_EDGE('',*,*,#862,.T.);
#6275=ORIENTED_EDGE('',*,*,#6260,.F.);
#6276=ORIENTED_EDGE('',*,*,#3286,.F.);
#6277=EDGE_LOOP('',(#6273,#6274,#6275,#6276));
#6278=FACE_BOUND('',#6277,.T.);
#6279=ADVANCED_FACE('',(#6278),#6272,.F.);
#6280=CARTESIAN_POINT('',(0.0572000000000001,-0.0008,0.0174370998575264));
#6281=DIRECTION('',(0.,1.,0.));
#6282=DIRECTION('',(0.,0.,1.));
#6283=AXIS2_PLACEMENT_3D('',#6280,#6281,#6282);
#6284=CYLINDRICAL_SURFACE('',#6283,0.002);
#6285=CARTESIAN_POINT('',(0.0572000000000001,-0.0008,0.0154370998575264));
#6286=DIRECTION('',(0.,1.,0.));
#6287=VECTOR('',#6286,1.);
#6288=LINE('',#6285,#6287);
#6289=EDGE_CURVE('',#3304,#906,#6288,.T.);
#6290=ORIENTED_EDGE('',*,*,#6289,.T.);
#6291=ORIENTED_EDGE('',*,*,#907,.T.);
#6292=CARTESIAN_POINT('',(0.0572000000000001,-0.0008,0.0194370998575264));
#6293=DIRECTION('',(0.,1.,0.));
#6294=VECTOR('',#6293,1.);
#6295=LINE('',#6292,#6294);
#6296=EDGE_CURVE('',#3313,#895,#6295,.T.);
#6297=ORIENTED_EDGE('',*,*,#6296,.F.);
#6298=ORIENTED_EDGE('',*,*,#3314,.F.);
#6299=EDGE_LOOP('',(#6290,#6291,#6297,#6298));
#6300=FACE_BOUND('',#6299,.T.);
#6301=ADVANCED_FACE('',(#6300),#6284,.F.);
#6302=CARTESIAN_POINT('',(0.0572000000000001,-0.0008,0.0154370998575264));
#6303=DIRECTION('',(1.34474688060217E-16,0.,-1.));
#6304=DIRECTION('',(-1.,0.,-1.34474688060217E-16));
#6305=AXIS2_PLACEMENT_3D('',#6302,#6303,#6304);
#6306=PLANE('',#6305);
#6307=CARTESIAN_POINT('',(0.0830000000000001,-0.0008,0.0154370998575264));
#6308=DIRECTION('',(0.,1.,0.));
#6309=VECTOR('',#6308,1.);
#6310=LINE('',#6307,#6309);
#6311=EDGE_CURVE('',#3302,#914,#6310,.T.);
#6312=ORIENTED_EDGE('',*,*,#6311,.T.);
#6313=ORIENTED_EDGE('',*,*,#915,.T.);
#6314=ORIENTED_EDGE('',*,*,#6289,.F.);
#6315=ORIENTED_EDGE('',*,*,#3305,.F.);
#6316=EDGE_LOOP('',(#6312,#6313,#6314,#6315));
#6317=FACE_BOUND('',#6316,.T.);
#6318=ADVANCED_FACE('',(#6317),#6306,.F.);
#6319=CARTESIAN_POINT('',(0.0830000000000001,-0.0008,0.0174370998575264));
#6320=DIRECTION('',(0.,1.,0.));
#6321=DIRECTION('',(0.,0.,1.));
#6322=AXIS2_PLACEMENT_3D('',#6319,#6320,#6321);
#6323=CYLINDRICAL_SURFACE('',#6322,0.002);
#6324=CARTESIAN_POINT('',(0.0830000000000001,-0.0008,0.0194370998575264));
#6325=DIRECTION('',(0.,1.,0.));
#6326=VECTOR('',#6325,1.);
#6327=LINE('',#6324,#6326);
#6328=EDGE_CURVE('',#3321,#897,#6327,.T.);
#6329=ORIENTED_EDGE('',*,*,#6328,.T.);
#6330=ORIENTED_EDGE('',*,*,#922,.T.);
#6331=ORIENTED_EDGE('',*,*,#6311,.F.);
#6332=ORIENTED_EDGE('',*,*,#3329,.F.);
#6333=EDGE_LOOP('',(#6329,#6330,#6331,#6332));
#6334=FACE_BOUND('',#6333,.T.);
#6335=ADVANCED_FACE('',(#6334),#6323,.F.);
#6336=CARTESIAN_POINT('',(0.0572000000000001,-0.0008,0.0194370998575264));
#6337=DIRECTION('',(1.34474688060217E-16,0.,1.));
#6338=DIRECTION('',(1.,0.,-1.34474688060217E-16));
#6339=AXIS2_PLACEMENT_3D('',#6336,#6337,#6338);
#6340=PLANE('',#6339);
#6341=ORIENTED_EDGE('',*,*,#6296,.T.);
#6342=ORIENTED_EDGE('',*,*,#898,.T.);
#6343=ORIENTED_EDGE('',*,*,#6328,.F.);
#6344=ORIENTED_EDGE('',*,*,#3322,.F.);
#6345=EDGE_LOOP('',(#6341,#6342,#6343,#6344));
#6346=FACE_BOUND('',#6345,.T.);
#6347=ADVANCED_FACE('',(#6346),#6340,.F.);
#6348=CARTESIAN_POINT('',(0.0572000000000001,-0.0008,-0.0165629001424735));
#6349=DIRECTION('',(0.,1.,0.));
#6350=DIRECTION('',(0.,0.,1.));
#6351=AXIS2_PLACEMENT_3D('',#6348,#6349,#6350);
#6352=CYLINDRICAL_SURFACE('',#6351,0.00199999999999999);
#6353=CARTESIAN_POINT('',(0.0572000000000001,-0.0008,-0.0185629001424735));
#6354=DIRECTION('',(0.,1.,0.));
#6355=VECTOR('',#6354,1.);
#6356=LINE('',#6353,#6355);
#6357=EDGE_CURVE('',#3340,#942,#6356,.T.);
#6358=ORIENTED_EDGE('',*,*,#6357,.T.);
#6359=ORIENTED_EDGE('',*,*,#943,.T.);
#6360=CARTESIAN_POINT('',(0.0572000000000001,-0.0008,-0.0145629001424735));
#6361=DIRECTION('',(0.,1.,0.));
#6362=VECTOR('',#6361,1.);
#6363=LINE('',#6360,#6362);
#6364=EDGE_CURVE('',#3349,#931,#6363,.T.);
#6365=ORIENTED_EDGE('',*,*,#6364,.F.);
#6366=ORIENTED_EDGE('',*,*,#3350,.F.);
#6367=EDGE_LOOP('',(#6358,#6359,#6365,#6366));
#6368=FACE_BOUND('',#6367,.T.);
#6369=ADVANCED_FACE('',(#6368),#6352,.F.);
#6370=CARTESIAN_POINT('',(0.0572000000000001,-0.0008,-0.0185629001424735));
#6371=DIRECTION('',(0.,0.,-1.));
#6372=DIRECTION('',(-1.,0.,0.));
#6373=AXIS2_PLACEMENT_3D('',#6370,#6371,#6372);
#6374=PLANE('',#6373);
#6375=CARTESIAN_POINT('',(0.0830000000000001,-0.0008,-0.0185629001424735));
#6376=DIRECTION('',(0.,1.,0.));
#6377=VECTOR('',#6376,1.);
#6378=LINE('',#6375,#6377);
#6379=EDGE_CURVE('',#3338,#950,#6378,.T.);
#6380=ORIENTED_EDGE('',*,*,#6379,.T.);
#6381=ORIENTED_EDGE('',*,*,#951,.T.);
#6382=ORIENTED_EDGE('',*,*,#6357,.F.);
#6383=ORIENTED_EDGE('',*,*,#3341,.F.);
#6384=EDGE_LOOP('',(#6380,#6381,#6382,#6383));
#6385=FACE_BOUND('',#6384,.T.);
#6386=ADVANCED_FACE('',(#6385),#6374,.F.);
#6387=CARTESIAN_POINT('',(0.0830000000000001,-0.0008,-0.0165629001424735));
#6388=DIRECTION('',(0.,1.,0.));
#6389=DIRECTION('',(0.,0.,1.));
#6390=AXIS2_PLACEMENT_3D('',#6387,#6388,#6389);
#6391=CYLINDRICAL_SURFACE('',#6390,0.00199999999999999);
#6392=CARTESIAN_POINT('',(0.0830000000000001,-0.0008,-0.0145629001424736));
#6393=DIRECTION('',(0.,1.,0.));
#6394=VECTOR('',#6393,1.);
#6395=LINE('',#6392,#6394);
#6396=EDGE_CURVE('',#3357,#933,#6395,.T.);
#6397=ORIENTED_EDGE('',*,*,#6396,.T.);
#6398=ORIENTED_EDGE('',*,*,#958,.T.);
#6399=ORIENTED_EDGE('',*,*,#6379,.F.);
#6400=ORIENTED_EDGE('',*,*,#3365,.F.);
#6401=EDGE_LOOP('',(#6397,#6398,#6399,#6400));
#6402=FACE_BOUND('',#6401,.T.);
#6403=ADVANCED_FACE('',(#6402),#6391,.F.);
#6404=CARTESIAN_POINT('',(0.0572000000000001,-0.0008,-0.0145629001424735));
#6405=DIRECTION('',(0.,0.,1.));
#6406=DIRECTION('',(1.,0.,0.));
#6407=AXIS2_PLACEMENT_3D('',#6404,#6405,#6406);
#6408=PLANE('',#6407);
#6409=ORIENTED_EDGE('',*,*,#6364,.T.);
#6410=ORIENTED_EDGE('',*,*,#934,.T.);
#6411=ORIENTED_EDGE('',*,*,#6396,.F.);
#6412=ORIENTED_EDGE('',*,*,#3358,.F.);
#6413=EDGE_LOOP('',(#6409,#6410,#6411,#6412));
#6414=FACE_BOUND('',#6413,.T.);
#6415=ADVANCED_FACE('',(#6414),#6408,.F.);
#6416=CARTESIAN_POINT('',(-0.0320319371877506,-0.0008,-0.0465276262020745));
#6417=DIRECTION('',(0.,1.,0.));
#6418=DIRECTION('',(0.,0.,1.));
#6419=AXIS2_PLACEMENT_3D('',#6416,#6417,#6418);
#6420=CYLINDRICAL_SURFACE('',#6419,0.0015);
#6421=CARTESIAN_POINT('',(-0.0320319371877506,0.000801,-0.0465276262020745));
#6422=DIRECTION('',(0.,1.,0.));
#6423=DIRECTION('',(0.,0.,1.));
#6424=AXIS2_PLACEMENT_3D('',#6421,#6422,#6423);
#6425=CIRCLE('',#6424,0.0015);
#6426=CARTESIAN_POINT('',(-0.0320319371877506,0.000801,-0.0480276262020745));
#6427=VERTEX_POINT('',#6426);
#6428=EDGE_CURVE('',#6427,#6427,#6425,.T.);
#6429=ORIENTED_EDGE('',*,*,#6428,.T.);
#6430=EDGE_LOOP('',(#6429));
#6431=FACE_BOUND('',#6430,.T.);
#6432=CARTESIAN_POINT('',(-0.0320319371877506,-0.000801,-0.0465276262020745));
#6433=DIRECTION('',(0.,1.,0.));
#6434=DIRECTION('',(0.,0.,1.));
#6435=AXIS2_PLACEMENT_3D('',#6432,#6433,#6434);
#6436=CIRCLE('',#6435,0.0015);
#6437=CARTESIAN_POINT('',(-0.0320319371877506,-0.000801,-0.0480276262020745));
#6438=VERTEX_POINT('',#6437);
#6439=EDGE_CURVE('',#6438,#6438,#6436,.T.);
#6440=ORIENTED_EDGE('',*,*,#6439,.F.);
#6441=EDGE_LOOP('',(#6440));
#6442=FACE_BOUND('',#6441,.T.);
#6443=ADVANCED_FACE('',(#6431,#6442),#6420,.F.);
#6444=CARTESIAN_POINT('',(-0.0465276262020768,-0.0008,-0.0320319371877484));
#6445=DIRECTION('',(0.,1.,0.));
#6446=DIRECTION('',(0.,0.,1.));
#6447=AXIS2_PLACEMENT_3D('',#6444,#6445,#6446);
#6448=CYLINDRICAL_SURFACE('',#6447,0.0015);
#6449=CARTESIAN_POINT('',(-0.0465276262020768,0.000801,-0.0320319371877484));
#6450=DIRECTION('',(0.,1.,0.));
#6451=DIRECTION('',(0.,0.,1.));
#6452=AXIS2_PLACEMENT_3D('',#6449,#6450,#6451);
#6453=CIRCLE('',#6452,0.0015);
#6454=CARTESIAN_POINT('',(-0.0465276262020768,0.000801,-0.0335319371877484));
#6455=VERTEX_POINT('',#6454);
#6456=EDGE_CURVE('',#6455,#6455,#6453,.T.);
#6457=ORIENTED_EDGE('',*,*,#6456,.T.);
#6458=EDGE_LOOP('',(#6457));
#6459=FACE_BOUND('',#6458,.T.);
#6460=CARTESIAN_POINT('',(-0.0465276262020768,-0.000801,-0.0320319371877484));
#6461=DIRECTION('',(0.,1.,0.));
#6462=DIRECTION('',(0.,0.,1.));
#6463=AXIS2_PLACEMENT_3D('',#6460,#6461,#6462);
#6464=CIRCLE('',#6463,0.0015);
#6465=CARTESIAN_POINT('',(-0.0465276262020768,-0.000801,-0.0335319371877484));
#6466=VERTEX_POINT('',#6465);
#6467=EDGE_CURVE('',#6466,#6466,#6464,.T.);
#6468=ORIENTED_EDGE('',*,*,#6467,.F.);
#6469=EDGE_LOOP('',(#6468));
#6470=FACE_BOUND('',#6469,.T.);
#6471=ADVANCED_FACE('',(#6459,#6470),#6448,.F.);
#6472=CARTESIAN_POINT('',(0.0465276262020748,-0.0008,0.0320319371877509));
#6473=DIRECTION('',(0.,1.,0.));
#6474=DIRECTION('',(0.,0.,1.));
#6475=AXIS2_PLACEMENT_3D('',#6472,#6473,#6474);
#6476=CYLINDRICAL_SURFACE('',#6475,0.0015);
#6477=CARTESIAN_POINT('',(0.0465276262020748,0.000801,0.0320319371877509));
#6478=DIRECTION('',(0.,1.,0.));
#6479=DIRECTION('',(0.,0.,1.));
#6480=AXIS2_PLACEMENT_3D('',#6477,#6478,#6479);
#6481=CIRCLE('',#6480,0.0015);
#6482=CARTESIAN_POINT('',(0.0465276262020748,0.000801,0.0305319371877509));
#6483=VERTEX_POINT('',#6482);
#6484=EDGE_CURVE('',#6483,#6483,#6481,.T.);
#6485=ORIENTED_EDGE('',*,*,#6484,.T.);
#6486=EDGE_LOOP('',(#6485));
#6487=FACE_BOUND('',#6486,.T.);
#6488=CARTESIAN_POINT('',(0.0465276262020748,-0.000801,0.0320319371877509));
#6489=DIRECTION('',(0.,1.,0.));
#6490=DIRECTION('',(0.,0.,1.));
#6491=AXIS2_PLACEMENT_3D('',#6488,#6489,#6490);
#6492=CIRCLE('',#6491,0.0015);
#6493=CARTESIAN_POINT('',(0.0465276262020748,-0.000801,0.0305319371877509));
#6494=VERTEX_POINT('',#6493);
#6495=EDGE_CURVE('',#6494,#6494,#6492,.T.);
#6496=ORIENTED_EDGE('',*,*,#6495,.F.);
#6497=EDGE_LOOP('',(#6496));
#6498=FACE_BOUND('',#6497,.T.);
#6499=ADVANCED_FACE('',(#6487,#6498),#6476,.F.);
#6500=CARTESIAN_POINT('',(0.0320319371877486,-0.0008,0.046527626202077));
#6501=DIRECTION('',(0.,1.,0.));
#6502=DIRECTION('',(0.,0.,1.));
#6503=AXIS2_PLACEMENT_3D('',#6500,#6501,#6502);
#6504=CYLINDRICAL_SURFACE('',#6503,0.0015);
#6505=CARTESIAN_POINT('',(0.0320319371877486,0.000801,0.046527626202077));
#6506=DIRECTION('',(0.,1.,0.));
#6507=DIRECTION('',(0.,0.,1.));
#6508=AXIS2_PLACEMENT_3D('',#6505,#6506,#6507);
#6509=CIRCLE('',#6508,0.0015);
#6510=CARTESIAN_POINT('',(0.0320319371877486,0.000801,0.045027626202077));
#6511=VERTEX_POINT('',#6510);
#6512=EDGE_CURVE('',#6511,#6511,#6509,.T.);
#6513=ORIENTED_EDGE('',*,*,#6512,.T.);
#6514=EDGE_LOOP('',(#6513));
#6515=FACE_BOUND('',#6514,.T.);
#6516=CARTESIAN_POINT('',(0.0320319371877486,-0.000801,0.046527626202077));
#6517=DIRECTION('',(0.,1.,0.));
#6518=DIRECTION('',(0.,0.,1.));
#6519=AXIS2_PLACEMENT_3D('',#6516,#6517,#6518);
#6520=CIRCLE('',#6519,0.0015);
#6521=CARTESIAN_POINT('',(0.0320319371877486,-0.000801,0.045027626202077));
#6522=VERTEX_POINT('',#6521);
#6523=EDGE_CURVE('',#6522,#6522,#6520,.T.);
#6524=ORIENTED_EDGE('',*,*,#6523,.F.);
#6525=EDGE_LOOP('',(#6524));
#6526=FACE_BOUND('',#6525,.T.);
#6527=ADVANCED_FACE('',(#6515,#6526),#6504,.F.);
#6528=CARTESIAN_POINT('',(-0.0465276262020768,-0.0008,0.0320319371877508));
#6529=DIRECTION('',(0.,1.,0.));
#6530=DIRECTION('',(0.,0.,1.));
#6531=AXIS2_PLACEMENT_3D('',#6528,#6529,#6530);
#6532=CYLINDRICAL_SURFACE('',#6531,0.0015);
#6533=CARTESIAN_POINT('',(-0.0465276262020768,0.000801,0.0320319371877508));
#6534=DIRECTION('',(0.,1.,0.));
#6535=DIRECTION('',(0.,0.,1.));
#6536=AXIS2_PLACEMENT_3D('',#6533,#6534,#6535);
#6537=CIRCLE('',#6536,0.0015);
#6538=CARTESIAN_POINT('',(-0.0465276262020768,0.000801,0.0305319371877508));
#6539=VERTEX_POINT('',#6538);
#6540=EDGE_CURVE('',#6539,#6539,#6537,.T.);
#6541=ORIENTED_EDGE('',*,*,#6540,.T.);
#6542=EDGE_LOOP('',(#6541));
#6543=FACE_BOUND('',#6542,.T.);
#6544=CARTESIAN_POINT('',(-0.0465276262020768,-0.000801,0.0320319371877508));
#6545=DIRECTION('',(0.,1.,0.));
#6546=DIRECTION('',(0.,0.,1.));
#6547=AXIS2_PLACEMENT_3D('',#6544,#6545,#6546);
#6548=CIRCLE('',#6547,0.0015);
#6549=CARTESIAN_POINT('',(-0.0465276262020768,-0.000801,0.0305319371877508));
#6550=VERTEX_POINT('',#6549);
#6551=EDGE_CURVE('',#6550,#6550,#6548,.T.);
#6552=ORIENTED_EDGE('',*,*,#6551,.F.);
#6553=EDGE_LOOP('',(#6552));
#6554=FACE_BOUND('',#6553,.T.);
#6555=ADVANCED_FACE('',(#6543,#6554),#6532,.F.);
#6556=CARTESIAN_POINT('',(-0.0320319371877506,-0.0008,0.046527626202077));
#6557=DIRECTION('',(0.,1.,0.));
#6558=DIRECTION('',(0.,0.,1.));
#6559=AXIS2_PLACEMENT_3D('',#6556,#6557,#6558);
#6560=CYLINDRICAL_SURFACE('',#6559,0.0015);
#6561=CARTESIAN_POINT('',(-0.0320319371877506,0.000801,0.046527626202077));
#6562=DIRECTION('',(0.,1.,0.));
#6563=DIRECTION('',(0.,0.,1.));
#6564=AXIS2_PLACEMENT_3D('',#6561,#6562,#6563);
#6565=CIRCLE('',#6564,0.0015);
#6566=CARTESIAN_POINT('',(-0.0320319371877506,0.000801,0.045027626202077));
#6567=VERTEX_POINT('',#6566);
#6568=EDGE_CURVE('',#6567,#6567,#6565,.T.);
#6569=ORIENTED_EDGE('',*,*,#6568,.T.);
#6570=EDGE_LOOP('',(#6569));
#6571=FACE_BOUND('',#6570,.T.);
#6572=CARTESIAN_POINT('',(-0.0320319371877506,-0.000801,0.046527626202077));
#6573=DIRECTION('',(0.,1.,0.));
#6574=DIRECTION('',(0.,0.,1.));
#6575=AXIS2_PLACEMENT_3D('',#6572,#6573,#6574);
#6576=CIRCLE('',#6575,0.0015);
#6577=CARTESIAN_POINT('',(-0.0320319371877506,-0.000801,0.045027626202077));
#6578=VERTEX_POINT('',#6577);
#6579=EDGE_CURVE('',#6578,#6578,#6576,.T.);
#6580=ORIENTED_EDGE('',*,*,#6579,.F.);
#6581=EDGE_LOOP('',(#6580));
#6582=FACE_BOUND('',#6581,.T.);
#6583=ADVANCED_FACE('',(#6571,#6582),#6560,.F.);
#6584=CARTESIAN_POINT('',(0.0320319371877486,-0.0008,-0.0465276262020746));
#6585=DIRECTION('',(0.,1.,0.));
#6586=DIRECTION('',(0.,0.,1.));
#6587=AXIS2_PLACEMENT_3D('',#6584,#6585,#6586);
#6588=CYLINDRICAL_SURFACE('',#6587,0.0015);
#6589=CARTESIAN_POINT('',(0.0320319371877486,0.000801,-0.0465276262020746));
#6590=DIRECTION('',(0.,1.,0.));
#6591=DIRECTION('',(0.,0.,1.));
#6592=AXIS2_PLACEMENT_3D('',#6589,#6590,#6591);
#6593=CIRCLE('',#6592,0.0015);
#6594=CARTESIAN_POINT('',(0.0320319371877486,0.000801,-0.0480276262020746));
#6595=VERTEX_POINT('',#6594);
#6596=EDGE_CURVE('',#6595,#6595,#6593,.T.);
#6597=ORIENTED_EDGE('',*,*,#6596,.T.);
#6598=EDGE_LOOP('',(#6597));
#6599=FACE_BOUND('',#6598,.T.);
#6600=CARTESIAN_POINT('',(0.0320319371877486,-0.000801,-0.0465276262020746));
#6601=DIRECTION('',(0.,1.,0.));
#6602=DIRECTION('',(0.,0.,1.));
#6603=AXIS2_PLACEMENT_3D('',#6600,#6601,#6602);
#6604=CIRCLE('',#6603,0.0015);
#6605=CARTESIAN_POINT('',(0.0320319371877486,-0.000801,-0.0480276262020746));
#6606=VERTEX_POINT('',#6605);
#6607=EDGE_CURVE('',#6606,#6606,#6604,.T.);
#6608=ORIENTED_EDGE('',*,*,#6607,.F.);
#6609=EDGE_LOOP('',(#6608));
#6610=FACE_BOUND('',#6609,.T.);
#6611=ADVANCED_FACE('',(#6599,#6610),#6588,.F.);
#6612=CARTESIAN_POINT('',(0.0465276262020748,-0.0008,-0.0320319371877484));
#6613=DIRECTION('',(0.,1.,0.));
#6614=DIRECTION('',(0.,0.,1.));
#6615=AXIS2_PLACEMENT_3D('',#6612,#6613,#6614);
#6616=CYLINDRICAL_SURFACE('',#6615,0.0015);
#6617=CARTESIAN_POINT('',(0.0465276262020748,0.000801,-0.0320319371877484));
#6618=DIRECTION('',(0.,1.,0.));
#6619=DIRECTION('',(0.,0.,1.));
#6620=AXIS2_PLACEMENT_3D('',#6617,#6618,#6619);
#6621=CIRCLE('',#6620,0.0015);
#6622=CARTESIAN_POINT('',(0.0465276262020748,0.000801,-0.0335319371877484));
#6623=VERTEX_POINT('',#6622);
#6624=EDGE_CURVE('',#6623,#6623,#6621,.T.);
#6625=ORIENTED_EDGE('',*,*,#6624,.T.);
#6626=EDGE_LOOP('',(#6625));
#6627=FACE_BOUND('',#6626,.T.);
#6628=CARTESIAN_POINT('',(0.0465276262020748,-0.000801,-0.0320319371877484));
#6629=DIRECTION('',(0.,1.,0.));
#6630=DIRECTION('',(0.,0.,1.));
#6631=AXIS2_PLACEMENT_3D('',#6628,#6629,#6630);
#6632=CIRCLE('',#6631,0.0015);
#6633=CARTESIAN_POINT('',(0.0465276262020748,-0.000801,-0.0335319371877484));
#6634=VERTEX_POINT('',#6633);
#6635=EDGE_CURVE('',#6634,#6634,#6632,.T.);
#6636=ORIENTED_EDGE('',*,*,#6635,.F.);
#6637=EDGE_LOOP('',(#6636));
#6638=FACE_BOUND('',#6637,.T.);
#6639=ADVANCED_FACE('',(#6627,#6638),#6616,.F.);
#6640=CARTESIAN_POINT('',(0.064302117421768,0.0008,-0.0391998266896455));
#6641=DIRECTION('',(0.,1.,0.));
#6642=DIRECTION('',(0.,0.,1.));
#6643=AXIS2_PLACEMENT_3D('',#6640,#6641,#6642);
#6644=CIRCLE('',#6643,0.0113869265471721);
#6645=CARTESIAN_POINT('',(0.0562503444433895,0.0008,-0.031148053711267));
#6646=VERTEX_POINT('',#6645);
#6647=CARTESIAN_POINT('',(0.064302117421768,0.0008,-0.0278129001424734));
#6648=VERTEX_POINT('',#6647);
#6649=EDGE_CURVE('',#6646,#6648,#6644,.T.);
#6650=ORIENTED_EDGE('',*,*,#6649,.T.);
#6651=CARTESIAN_POINT('',(-2.27896149034167E-16,0.0008,-0.0278129001424729));
#6652=DIRECTION('',(1.,0.,-8.19390095483602E-15));
#6653=VECTOR('',#6652,1.);
#6654=LINE('',#6651,#6653);
#6655=CARTESIAN_POINT('',(0.0858964466094066,0.0008,-0.0278129001424736));
#6656=VERTEX_POINT('',#6655);
#6657=EDGE_CURVE('',#6648,#6656,#6654,.T.);
#6658=ORIENTED_EDGE('',*,*,#6657,.T.);
#6659=CARTESIAN_POINT('',(0.0568546733759399,0.0008,-0.0568546733759401));
#6660=DIRECTION('',(0.707106781186549,0.,0.707106781186546));
#6661=VECTOR('',#6660,1.);
#6662=LINE('',#6659,#6661);
#6663=CARTESIAN_POINT('',(0.0907499999999998,0.0008,-0.0229593467518803));
#6664=VERTEX_POINT('',#6663);
#6665=EDGE_CURVE('',#6656,#6664,#6662,.T.);
#6666=ORIENTED_EDGE('',*,*,#6665,.T.);
#6667=CARTESIAN_POINT('',(0.0907500000000005,0.0008,-2.74528318311779E-15));
#6668=DIRECTION('',(3.02510543594246E-14,0.,1.));
#6669=VECTOR('',#6668,1.);
#6670=LINE('',#6667,#6669);
#6671=CARTESIAN_POINT('',(0.0907500000000013,0.0008,0.0238335464669331));
#6672=VERTEX_POINT('',#6671);
#6673=EDGE_CURVE('',#6664,#6672,#6670,.T.);
#6674=ORIENTED_EDGE('',*,*,#6673,.T.);
#6675=CARTESIAN_POINT('',(0.0572917732334671,0.0008,0.0572917732334672));
#6676=DIRECTION('',(0.707106781186548,0.,-0.707106781186547));
#6677=VECTOR('',#6676,1.);
#6678=LINE('',#6675,#6677);
#6679=CARTESIAN_POINT('',(0.085896446609408,0.0008,0.0286870998575264));
#6680=VERTEX_POINT('',#6679);
#6681=EDGE_CURVE('',#6680,#6672,#6678,.T.);
#6682=ORIENTED_EDGE('',*,*,#6681,.F.);
#6683=CARTESIAN_POINT('',(3.0218763525243E-16,0.0008,0.0286870998575273));
#6684=DIRECTION('',(1.,0.,-1.05339207083751E-14));
#6685=VECTOR('',#6684,1.);
#6686=LINE('',#6683,#6685);
#6687=CARTESIAN_POINT('',(0.0635000000000013,0.0008,0.0286870998575267));
#6688=VERTEX_POINT('',#6687);
#6689=EDGE_CURVE('',#6688,#6680,#6686,.T.);
#6690=ORIENTED_EDGE('',*,*,#6689,.F.);
#6691=CARTESIAN_POINT('',(0.0635000000000013,0.0008,0.0402480484547549));
#6692=DIRECTION('',(0.,1.,0.));
#6693=DIRECTION('',(0.,0.,1.));
#6694=AXIS2_PLACEMENT_3D('',#6691,#6692,#6693);
#6695=CIRCLE('',#6694,0.0115609485972282);
#6696=CARTESIAN_POINT('',(0.0553251748499521,0.0008,0.0320732233047057));
#6697=VERTEX_POINT('',#6696);
#6698=EDGE_CURVE('',#6688,#6697,#6695,.T.);
#6699=ORIENTED_EDGE('',*,*,#6698,.T.);
#6700=CARTESIAN_POINT('',(0.0436991990773285,0.0008,0.0436991990773291));
#6701=DIRECTION('',(0.707106781186553,0.,-0.707106781186542));
#6702=VECTOR('',#6701,1.);
#6703=LINE('',#6700,#6702);
#6704=CARTESIAN_POINT('',(0.0321030563099051,0.0008,0.0552953418447524));
#6705=VERTEX_POINT('',#6704);
#6706=EDGE_CURVE('',#6705,#6697,#6703,.T.);
#6707=ORIENTED_EDGE('',*,*,#6706,.F.);
#6708=CARTESIAN_POINT('',(0.0277919933423654,0.0008,0.0573832849352797));
#6709=DIRECTION('',(0.899999999999997,0.,-0.435889894354073));
#6710=VECTOR('',#6709,1.);
#6711=LINE('',#6708,#6710);
#6712=CARTESIAN_POINT('',(0.0276926460665323,0.0008,0.0574314010170211));
#6713=VERTEX_POINT('',#6712);
#6714=EDGE_CURVE('',#6713,#6705,#6711,.T.);
#6715=ORIENTED_EDGE('',*,*,#6714,.F.);
#6716=CARTESIAN_POINT('',(0.,0.0008,0.0574314010170211));
#6717=DIRECTION('',(1.,0.,0.));
#6718=VECTOR('',#6717,1.);
#6719=LINE('',#6716,#6718);
#6720=CARTESIAN_POINT('',(-0.0276926460665323,0.0008,0.0574314010170211));
#6721=VERTEX_POINT('',#6720);
#6722=EDGE_CURVE('',#6721,#6713,#6719,.T.);
#6723=ORIENTED_EDGE('',*,*,#6722,.F.);
#6724=CARTESIAN_POINT('',(-0.0277919933423661,0.0008,0.0573832849352794));
#6725=DIRECTION('',(-0.899999999999992,0.,-0.435889894354084));
#6726=VECTOR('',#6725,1.);
#6727=LINE('',#6724,#6726);
#6728=CARTESIAN_POINT('',(-0.0321030563099057,0.0008,0.055295341844752));
#6729=VERTEX_POINT('',#6728);
#6730=EDGE_CURVE('',#6721,#6729,#6727,.T.);
#6731=ORIENTED_EDGE('',*,*,#6730,.T.);
#6732=CARTESIAN_POINT('',(-0.0436991990773289,0.0008,0.0436991990773289));
#6733=DIRECTION('',(-0.707106781186547,0.,-0.707106781186548));
#6734=VECTOR('',#6733,1.);
#6735=LINE('',#6732,#6734);
#6736=CARTESIAN_POINT('',(-0.0553251748499533,0.0008,0.0320732233047045));
#6737=VERTEX_POINT('',#6736);
#6738=EDGE_CURVE('',#6729,#6737,#6735,.T.);
#6739=ORIENTED_EDGE('',*,*,#6738,.T.);
#6740=CARTESIAN_POINT('',(-0.0635,0.0008,0.0402480484547512));
#6741=DIRECTION('',(0.,1.,0.));
#6742=DIRECTION('',(0.,0.,1.));
#6743=AXIS2_PLACEMENT_3D('',#6740,#6741,#6742);
#6744=CIRCLE('',#6743,0.0115609485972248);
#6745=CARTESIAN_POINT('',(-0.0635,0.0008,0.0286870998575264));
#6746=VERTEX_POINT('',#6745);
#6747=EDGE_CURVE('',#6737,#6746,#6744,.T.);
#6748=ORIENTED_EDGE('',*,*,#6747,.T.);
#6749=CARTESIAN_POINT('',(0.,0.0008,0.0286870998575264));
#6750=DIRECTION('',(1.,0.,0.));
#6751=VECTOR('',#6750,1.);
#6752=LINE('',#6749,#6751);
#6753=CARTESIAN_POINT('',(-0.0858964466094067,0.0008,0.0286870998575264));
#6754=VERTEX_POINT('',#6753);
#6755=EDGE_CURVE('',#6754,#6746,#6752,.T.);
#6756=ORIENTED_EDGE('',*,*,#6755,.F.);
#6757=CARTESIAN_POINT('',(-0.0572917732334666,0.0008,0.0572917732334666));
#6758=DIRECTION('',(-0.707106781186548,0.,-0.707106781186548));
#6759=VECTOR('',#6758,1.);
#6760=LINE('',#6757,#6759);
#6761=CARTESIAN_POINT('',(-0.09075,0.0008,0.0238335464669331));
#6762=VERTEX_POINT('',#6761);
#6763=EDGE_CURVE('',#6754,#6762,#6760,.T.);
#6764=ORIENTED_EDGE('',*,*,#6763,.T.);
#6765=CARTESIAN_POINT('',(-0.09075,0.0008,0.));
#6766=DIRECTION('',(0.,0.,-1.));
#6767=VECTOR('',#6766,1.);
#6768=LINE('',#6765,#6767);
#6769=CARTESIAN_POINT('',(-0.09075,0.0008,-0.0229593467518803));
#6770=VERTEX_POINT('',#6769);
#6771=EDGE_CURVE('',#6762,#6770,#6768,.T.);
#6772=ORIENTED_EDGE('',*,*,#6771,.T.);
#6773=CARTESIAN_POINT('',(-0.0568546733759402,0.0008,-0.0568546733759402));
#6774=DIRECTION('',(0.707106781186548,0.,-0.707106781186548));
#6775=VECTOR('',#6774,1.);
#6776=LINE('',#6773,#6775);
#6777=CARTESIAN_POINT('',(-0.0858964466094067,0.0008,-0.0278129001424736));
#6778=VERTEX_POINT('',#6777);
#6779=EDGE_CURVE('',#6770,#6778,#6776,.T.);
#6780=ORIENTED_EDGE('',*,*,#6779,.T.);
#6781=CARTESIAN_POINT('',(-4.46855194184654E-18,0.0008,-0.0278129001424736));
#6782=DIRECTION('',(1.,0.,-1.60664724604628E-16));
#6783=VECTOR('',#6782,1.);
#6784=LINE('',#6781,#6783);
#6785=CARTESIAN_POINT('',(-0.0643021174217683,0.0008,-0.0278129001424736));
#6786=VERTEX_POINT('',#6785);
#6787=EDGE_CURVE('',#6778,#6786,#6784,.T.);
#6788=ORIENTED_EDGE('',*,*,#6787,.T.);
#6789=CARTESIAN_POINT('',(-0.0643021174217683,0.0008,-0.0391998266896455));
#6790=DIRECTION('',(0.,1.,0.));
#6791=DIRECTION('',(0.,0.,1.));
#6792=AXIS2_PLACEMENT_3D('',#6789,#6790,#6791);
#6793=CIRCLE('',#6792,0.0113869265471719);
#6794=CARTESIAN_POINT('',(-0.0562503444433899,0.0008,-0.0311480537112671));
#6795=VERTEX_POINT('',#6794);
#6796=EDGE_CURVE('',#6786,#6795,#6793,.T.);
#6797=ORIENTED_EDGE('',*,*,#6796,.T.);
#6798=CARTESIAN_POINT('',(-0.0436991990773285,0.0008,-0.0436991990773285));
#6799=DIRECTION('',(0.707106781186547,0.,-0.707106781186548));
#6800=VECTOR('',#6799,1.);
#6801=LINE('',#6798,#6800);
#6802=CARTESIAN_POINT('',(-0.0364513545701672,0.0008,-0.0509470435844898));
#6803=VERTEX_POINT('',#6802);
#6804=EDGE_CURVE('',#6795,#6803,#6801,.T.);
#6805=ORIENTED_EDGE('',*,*,#6804,.T.);
#6806=CARTESIAN_POINT('',(-0.0144299718171983,0.0008,-0.0289256608315223));
#6807=DIRECTION('',(0.,1.,0.));
#6808=DIRECTION('',(0.,0.,1.));
#6809=AXIS2_PLACEMENT_3D('',#6806,#6807,#6808);
#6810=CIRCLE('',#6809,0.0311429381514566);
#6811=CARTESIAN_POINT('',(-0.0144299718171983,0.0008,-0.0600685989829789));
#6812=VERTEX_POINT('',#6811);
#6813=EDGE_CURVE('',#6812,#6803,#6810,.T.);
#6814=ORIENTED_EDGE('',*,*,#6813,.F.);
#6815=CARTESIAN_POINT('',(1.44424965127953E-17,0.0008,-0.0600685989829789));
#6816=DIRECTION('',(1.,0.,2.40433383786557E-16));
#6817=VECTOR('',#6816,1.);
#6818=LINE('',#6815,#6817);
#6819=CARTESIAN_POINT('',(0.0144299718171981,0.0008,-0.0600685989829789));
#6820=VERTEX_POINT('',#6819);
#6821=EDGE_CURVE('',#6812,#6820,#6818,.T.);
#6822=ORIENTED_EDGE('',*,*,#6821,.T.);
#6823=CARTESIAN_POINT('',(0.0144299718171981,0.0008,-0.0289256608315222));
#6824=DIRECTION('',(0.,1.,0.));
#6825=DIRECTION('',(0.,0.,1.));
#6826=AXIS2_PLACEMENT_3D('',#6823,#6824,#6825);
#6827=CIRCLE('',#6826,0.0311429381514566);
#6828=CARTESIAN_POINT('',(0.0364513545701663,0.0008,-0.0509470435844904));
#6829=VERTEX_POINT('',#6828);
#6830=EDGE_CURVE('',#6829,#6820,#6827,.T.);
#6831=ORIENTED_EDGE('',*,*,#6830,.F.);
#6832=CARTESIAN_POINT('',(0.0436991990773283,0.0008,-0.0436991990773283));
#6833=DIRECTION('',(-0.707106781186548,0.,-0.707106781186548));
#6834=VECTOR('',#6833,1.);
#6835=LINE('',#6832,#6834);
#6836=EDGE_CURVE('',#6646,#6829,#6835,.T.);
#6837=ORIENTED_EDGE('',*,*,#6836,.F.);
#6838=EDGE_LOOP('',(#6650,#6658,#6666,#6674,#6682,#6690,#6699,#6707,#6715,#6723,#6731,#6739,#6748,#6756,#6764,#6772,#6780,#6788,#6797,#6805,#6814,#6822,#6831,#6837));
#6839=FACE_BOUND('',#6838,.T.);
#6840=ORIENTED_EDGE('',*,*,#4289,.T.);
#6841=ORIENTED_EDGE('',*,*,#4845,.T.);
#6842=ORIENTED_EDGE('',*,*,#4823,.T.);
#6843=ORIENTED_EDGE('',*,*,#4799,.T.);
#6844=ORIENTED_EDGE('',*,*,#4775,.T.);
#6845=ORIENTED_EDGE('',*,*,#4750,.T.);
#6846=ORIENTED_EDGE('',*,*,#4726,.T.);
#6847=ORIENTED_EDGE('',*,*,#4702,.T.);
#6848=ORIENTED_EDGE('',*,*,#4678,.T.);
#6849=ORIENTED_EDGE('',*,*,#4654,.T.);
#6850=ORIENTED_EDGE('',*,*,#4630,.T.);
#6851=ORIENTED_EDGE('',*,*,#4605,.T.);
#6852=ORIENTED_EDGE('',*,*,#4581,.T.);
#6853=ORIENTED_EDGE('',*,*,#4556,.T.);
#6854=ORIENTED_EDGE('',*,*,#4532,.T.);
#6855=ORIENTED_EDGE('',*,*,#4507,.T.);
#6856=ORIENTED_EDGE('',*,*,#4483,.T.);
#6857=ORIENTED_EDGE('',*,*,#4458,.T.);
#6858=ORIENTED_EDGE('',*,*,#4434,.T.);
#6859=ORIENTED_EDGE('',*,*,#4410,.T.);
#6860=ORIENTED_EDGE('',*,*,#4386,.T.);
#6861=ORIENTED_EDGE('',*,*,#4362,.T.);
#6862=ORIENTED_EDGE('',*,*,#4338,.T.);
#6863=ORIENTED_EDGE('',*,*,#4313,.T.);
#6864=EDGE_LOOP('',(#6840,#6841,#6842,#6843,#6844,#6845,#6846,#6847,#6848,#6849,#6850,#6851,#6852,#6853,#6854,#6855,#6856,#6857,#6858,#6859,#6860,#6861,#6862,#6863));
#6865=FACE_BOUND('',#6864,.T.);
#6866=ADVANCED_FACE('',(#6839,#6865),#19,.T.);
#6867=CARTESIAN_POINT('',(0.,0.000801,-0.0261629001424736));
#6868=DIRECTION('',(0.,0.,-1.));
#6869=DIRECTION('',(-1.,0.,0.));
#6870=AXIS2_PLACEMENT_3D('',#6867,#6868,#6869);
#6871=PLANE('',#6870);
#6872=ORIENTED_EDGE('',*,*,#37,.T.);
#6873=CARTESIAN_POINT('',(-0.0643021174217683,0.000801,-0.0261629001424736));
#6874=DIRECTION('',(0.,-1.,0.));
#6875=VECTOR('',#6874,1.);
#6876=LINE('',#6873,#6875);
#6877=CARTESIAN_POINT('',(-0.0643021174217683,0.000801,-0.0261629001424736));
#6878=VERTEX_POINT('',#6877);
#6879=EDGE_CURVE('',#6878,#26,#6876,.T.);
#6880=ORIENTED_EDGE('',*,*,#6879,.F.);
#6881=CARTESIAN_POINT('',(0.,0.000801,-0.0261629001424736));
#6882=DIRECTION('',(1.,0.,0.));
#6883=VECTOR('',#6882,1.);
#6884=LINE('',#6881,#6883);
#6885=CARTESIAN_POINT('',(-0.0852129942314911,0.000801,-0.0261629001424736));
#6886=VERTEX_POINT('',#6885);
#6887=EDGE_CURVE('',#6886,#6878,#6884,.T.);
#6888=ORIENTED_EDGE('',*,*,#6887,.F.);
#6889=CARTESIAN_POINT('',(-0.0852129942314911,0.000801,-0.0261629001424736));
#6890=DIRECTION('',(0.,-1.,0.));
#6891=VECTOR('',#6890,1.);
#6892=LINE('',#6889,#6891);
#6893=EDGE_CURVE('',#6886,#36,#6892,.T.);
#6894=ORIENTED_EDGE('',*,*,#6893,.T.);
#6895=EDGE_LOOP('',(#6872,#6880,#6888,#6894));
#6896=FACE_BOUND('',#6895,.T.);
#6897=ADVANCED_FACE('',(#6896),#6871,.F.);
#6898=COLOUR_RGB('',0.694117647058824,0.0980392156862745,0.0980392156862745);
#6899=FILL_AREA_STYLE_COLOUR('',#6898);
#6900=FILL_AREA_STYLE('',(#6899));
#6901=SURFACE_STYLE_FILL_AREA(#6900);
#6902=SURFACE_SIDE_STYLE('',(#6901));
#6903=SURFACE_STYLE_USAGE(.NEGATIVE.,#6902);
#6904=PRESENTATION_STYLE_ASSIGNMENT((#6903));
#6905=STYLED_ITEM('',(#6904),#6897);
#6906=CARTESIAN_POINT('',(-0.0643021174217683,0.000801,-0.0391998266896455));
#6907=DIRECTION('',(0.,-1.,0.));
#6908=DIRECTION('',(0.,0.,-1.));
#6909=AXIS2_PLACEMENT_3D('',#6906,#6907,#6908);
#6910=CYLINDRICAL_SURFACE('',#6909,0.0130369265471719);
#6911=ORIENTED_EDGE('',*,*,#29,.T.);
#6912=CARTESIAN_POINT('',(-0.0550836182544321,0.000801,-0.0299813275223093));
#6913=DIRECTION('',(0.,-1.,0.));
#6914=VECTOR('',#6913,1.);
#6915=LINE('',#6912,#6914);
#6916=CARTESIAN_POINT('',(-0.0550836182544321,0.000801,-0.0299813275223093));
#6917=VERTEX_POINT('',#6916);
#6918=EDGE_CURVE('',#6917,#28,#6915,.T.);
#6919=ORIENTED_EDGE('',*,*,#6918,.F.);
#6920=CARTESIAN_POINT('',(-0.0643021174217683,0.000801,-0.0391998266896455));
#6921=DIRECTION('',(0.,1.,0.));
#6922=DIRECTION('',(0.,0.,1.));
#6923=AXIS2_PLACEMENT_3D('',#6920,#6921,#6922);
#6924=CIRCLE('',#6923,0.0130369265471719);
#6925=EDGE_CURVE('',#6878,#6917,#6924,.T.);
#6926=ORIENTED_EDGE('',*,*,#6925,.F.);
#6927=ORIENTED_EDGE('',*,*,#6879,.T.);
#6928=EDGE_LOOP('',(#6911,#6919,#6926,#6927));
#6929=FACE_BOUND('',#6928,.T.);
#6930=ADVANCED_FACE('',(#6929),#6910,.T.);
#6931=COLOUR_RGB('',0.694117647058824,0.0980392156862745,0.0980392156862745);
#6932=FILL_AREA_STYLE_COLOUR('',#6931);
#6933=FILL_AREA_STYLE('',(#6932));
#6934=SURFACE_STYLE_FILL_AREA(#6933);
#6935=SURFACE_SIDE_STYLE('',(#6934));
#6936=SURFACE_STYLE_USAGE(.NEGATIVE.,#6935);
#6937=PRESENTATION_STYLE_ASSIGNMENT((#6936));
#6938=STYLED_ITEM('',(#6937),#6930);
#6939=CARTESIAN_POINT('',(-0.0425324728883707,0.000801,-0.0425324728883707));
#6940=DIRECTION('',(-0.707106781186548,0.,-0.707106781186547));
#6941=DIRECTION('',(-0.707106781186547,0.,0.707106781186548));
#6942=AXIS2_PLACEMENT_3D('',#6939,#6940,#6941);
#6943=PLANE('',#6942);
#6944=ORIENTED_EDGE('',*,*,#216,.T.);
#6945=CARTESIAN_POINT('',(-0.0352846283812094,0.000801,-0.049780317395532));
#6946=DIRECTION('',(0.,-1.,0.));
#6947=VECTOR('',#6946,1.);
#6948=LINE('',#6945,#6947);
#6949=CARTESIAN_POINT('',(-0.0352846283812094,0.000801,-0.049780317395532));
#6950=VERTEX_POINT('',#6949);
#6951=EDGE_CURVE('',#6950,#209,#6948,.T.);
#6952=ORIENTED_EDGE('',*,*,#6951,.F.);
#6953=CARTESIAN_POINT('',(-0.0425324728883707,0.000801,-0.0425324728883707));
#6954=DIRECTION('',(0.707106781186547,0.,-0.707106781186548));
#6955=VECTOR('',#6954,1.);
#6956=LINE('',#6953,#6955);
#6957=EDGE_CURVE('',#6917,#6950,#6956,.T.);
#6958=ORIENTED_EDGE('',*,*,#6957,.F.);
#6959=ORIENTED_EDGE('',*,*,#6918,.T.);
#6960=EDGE_LOOP('',(#6944,#6952,#6958,#6959));
#6961=FACE_BOUND('',#6960,.T.);
#6962=ADVANCED_FACE('',(#6961),#6943,.F.);
#6963=COLOUR_RGB('',0.694117647058824,0.0980392156862745,0.0980392156862745);
#6964=FILL_AREA_STYLE_COLOUR('',#6963);
#6965=FILL_AREA_STYLE('',(#6964));
#6966=SURFACE_STYLE_FILL_AREA(#6965);
#6967=SURFACE_SIDE_STYLE('',(#6966));
#6968=SURFACE_STYLE_USAGE(.NEGATIVE.,#6967);
#6969=PRESENTATION_STYLE_ASSIGNMENT((#6968));
#6970=STYLED_ITEM('',(#6969),#6962);
#6971=CARTESIAN_POINT('',(-0.0144299718171983,0.000801,-0.0289256608315223));
#6972=DIRECTION('',(0.,-1.,0.));
#6973=DIRECTION('',(0.,0.,-1.));
#6974=AXIS2_PLACEMENT_3D('',#6971,#6972,#6973);
#6975=CYLINDRICAL_SURFACE('',#6974,0.0294929381514566);
#6976=ORIENTED_EDGE('',*,*,#210,.F.);
#6977=CARTESIAN_POINT('',(-0.0144299718171983,0.000801,-0.0584185989829789));
#6978=DIRECTION('',(0.,-1.,0.));
#6979=VECTOR('',#6978,1.);
#6980=LINE('',#6977,#6979);
#6981=CARTESIAN_POINT('',(-0.0144299718171983,0.000801,-0.0584185989829789));
#6982=VERTEX_POINT('',#6981);
#6983=EDGE_CURVE('',#6982,#200,#6980,.T.);
#6984=ORIENTED_EDGE('',*,*,#6983,.F.);
#6985=CARTESIAN_POINT('',(-0.0144299718171983,0.000801,-0.0289256608315223));
#6986=DIRECTION('',(0.,1.,0.));
#6987=DIRECTION('',(0.,0.,1.));
#6988=AXIS2_PLACEMENT_3D('',#6985,#6986,#6987);
#6989=CIRCLE('',#6988,0.0294929381514566);
#6990=EDGE_CURVE('',#6982,#6950,#6989,.T.);
#6991=ORIENTED_EDGE('',*,*,#6990,.T.);
#6992=ORIENTED_EDGE('',*,*,#6951,.T.);
#6993=EDGE_LOOP('',(#6976,#6984,#6991,#6992));
#6994=FACE_BOUND('',#6993,.T.);
#6995=ADVANCED_FACE('',(#6994),#6975,.F.);
#6996=COLOUR_RGB('',0.694117647058824,0.0980392156862745,0.0980392156862745);
#6997=FILL_AREA_STYLE_COLOUR('',#6996);
#6998=FILL_AREA_STYLE('',(#6997));
#6999=SURFACE_STYLE_FILL_AREA(#6998);
#7000=SURFACE_SIDE_STYLE('',(#6999));
#7001=SURFACE_STYLE_USAGE(.NEGATIVE.,#7000);
#7002=PRESENTATION_STYLE_ASSIGNMENT((#7001));
#7003=STYLED_ITEM('',(#7002),#6995);
#7004=CARTESIAN_POINT('',(0.,0.000801,-0.0584185989829789));
#7005=DIRECTION('',(0.,0.,-1.));
#7006=DIRECTION('',(-1.,0.,0.));
#7007=AXIS2_PLACEMENT_3D('',#7004,#7005,#7006);
#7008=PLANE('',#7007);
#7009=ORIENTED_EDGE('',*,*,#201,.T.);
#7010=CARTESIAN_POINT('',(0.0144299718171981,0.000801,-0.0584185989829789));
#7011=DIRECTION('',(0.,-1.,0.));
#7012=VECTOR('',#7011,1.);
#7013=LINE('',#7010,#7012);
#7014=CARTESIAN_POINT('',(0.0144299718171981,0.000801,-0.0584185989829789));
#7015=VERTEX_POINT('',#7014);
#7016=EDGE_CURVE('',#7015,#192,#7013,.T.);
#7017=ORIENTED_EDGE('',*,*,#7016,.F.);
#7018=CARTESIAN_POINT('',(0.,0.000801,-0.0584185989829789));
#7019=DIRECTION('',(1.,0.,0.));
#7020=VECTOR('',#7019,1.);
#7021=LINE('',#7018,#7020);
#7022=EDGE_CURVE('',#6982,#7015,#7021,.T.);
#7023=ORIENTED_EDGE('',*,*,#7022,.F.);
#7024=ORIENTED_EDGE('',*,*,#6983,.T.);
#7025=EDGE_LOOP('',(#7009,#7017,#7023,#7024));
#7026=FACE_BOUND('',#7025,.T.);
#7027=ADVANCED_FACE('',(#7026),#7008,.F.);
#7028=COLOUR_RGB('',0.694117647058824,0.0980392156862745,0.0980392156862745);
#7029=FILL_AREA_STYLE_COLOUR('',#7028);
#7030=FILL_AREA_STYLE('',(#7029));
#7031=SURFACE_STYLE_FILL_AREA(#7030);
#7032=SURFACE_SIDE_STYLE('',(#7031));
#7033=SURFACE_STYLE_USAGE(.NEGATIVE.,#7032);
#7034=PRESENTATION_STYLE_ASSIGNMENT((#7033));
#7035=STYLED_ITEM('',(#7034),#7027);
#7036=CARTESIAN_POINT('',(0.0144299718171981,0.000801,-0.0289256608315222));
#7037=DIRECTION('',(0.,-1.,0.));
#7038=DIRECTION('',(0.,0.,-1.));
#7039=AXIS2_PLACEMENT_3D('',#7036,#7037,#7038);
#7040=CYLINDRICAL_SURFACE('',#7039,0.0294929381514566);
#7041=ORIENTED_EDGE('',*,*,#193,.F.);
#7042=CARTESIAN_POINT('',(0.0352846283812084,0.000801,-0.0497803173955325));
#7043=DIRECTION('',(0.,-1.,0.));
#7044=VECTOR('',#7043,1.);
#7045=LINE('',#7042,#7044);
#7046=CARTESIAN_POINT('',(0.0352846283812084,0.000801,-0.0497803173955325));
#7047=VERTEX_POINT('',#7046);
#7048=EDGE_CURVE('',#7047,#183,#7045,.T.);
#7049=ORIENTED_EDGE('',*,*,#7048,.F.);
#7050=CARTESIAN_POINT('',(0.0144299718171981,0.000801,-0.0289256608315222));
#7051=DIRECTION('',(0.,1.,0.));
#7052=DIRECTION('',(0.,0.,1.));
#7053=AXIS2_PLACEMENT_3D('',#7050,#7051,#7052);
#7054=CIRCLE('',#7053,0.0294929381514566);
#7055=EDGE_CURVE('',#7047,#7015,#7054,.T.);
#7056=ORIENTED_EDGE('',*,*,#7055,.T.);
#7057=ORIENTED_EDGE('',*,*,#7016,.T.);
#7058=EDGE_LOOP('',(#7041,#7049,#7056,#7057));
#7059=FACE_BOUND('',#7058,.T.);
#7060=ADVANCED_FACE('',(#7059),#7040,.F.);
#7061=COLOUR_RGB('',0.694117647058824,0.0980392156862745,0.0980392156862745);
#7062=FILL_AREA_STYLE_COLOUR('',#7061);
#7063=FILL_AREA_STYLE('',(#7062));
#7064=SURFACE_STYLE_FILL_AREA(#7063);
#7065=SURFACE_SIDE_STYLE('',(#7064));
#7066=SURFACE_STYLE_USAGE(.NEGATIVE.,#7065);
#7067=PRESENTATION_STYLE_ASSIGNMENT((#7066));
#7068=STYLED_ITEM('',(#7067),#7060);
#7069=CARTESIAN_POINT('',(0.0425324728883705,0.000801,-0.0425324728883705));
#7070=DIRECTION('',(-0.707106781186547,0.,0.707106781186548));
#7071=DIRECTION('',(0.707106781186548,0.,0.707106781186547));
#7072=AXIS2_PLACEMENT_3D('',#7069,#7070,#7071);
#7073=PLANE('',#7072);
#7074=ORIENTED_EDGE('',*,*,#184,.F.);
#7075=CARTESIAN_POINT('',(0.0550836182544317,0.000801,-0.0299813275223092));
#7076=DIRECTION('',(0.,-1.,0.));
#7077=VECTOR('',#7076,1.);
#7078=LINE('',#7075,#7077);
#7079=CARTESIAN_POINT('',(0.0550836182544317,0.000801,-0.0299813275223092));
#7080=VERTEX_POINT('',#7079);
#7081=EDGE_CURVE('',#7080,#175,#7078,.T.);
#7082=ORIENTED_EDGE('',*,*,#7081,.F.);
#7083=CARTESIAN_POINT('',(0.0425324728883705,0.000801,-0.0425324728883705));
#7084=DIRECTION('',(-0.707106781186548,0.,-0.707106781186547));
#7085=VECTOR('',#7084,1.);
#7086=LINE('',#7083,#7085);
#7087=EDGE_CURVE('',#7080,#7047,#7086,.T.);
#7088=ORIENTED_EDGE('',*,*,#7087,.T.);
#7089=ORIENTED_EDGE('',*,*,#7048,.T.);
#7090=EDGE_LOOP('',(#7074,#7082,#7088,#7089));
#7091=FACE_BOUND('',#7090,.T.);
#7092=ADVANCED_FACE('',(#7091),#7073,.T.);
#7093=COLOUR_RGB('',0.694117647058824,0.0980392156862745,0.0980392156862745);
#7094=FILL_AREA_STYLE_COLOUR('',#7093);
#7095=FILL_AREA_STYLE('',(#7094));
#7096=SURFACE_STYLE_FILL_AREA(#7095);
#7097=SURFACE_SIDE_STYLE('',(#7096));
#7098=SURFACE_STYLE_USAGE(.NEGATIVE.,#7097);
#7099=PRESENTATION_STYLE_ASSIGNMENT((#7098));
#7100=STYLED_ITEM('',(#7099),#7092);
#7101=CARTESIAN_POINT('',(0.064302117421768,0.000801,-0.0391998266896455));
#7102=DIRECTION('',(0.,-1.,0.));
#7103=DIRECTION('',(0.,0.,-1.));
#7104=AXIS2_PLACEMENT_3D('',#7101,#7102,#7103);
#7105=CYLINDRICAL_SURFACE('',#7104,0.0130369265471721);
#7106=ORIENTED_EDGE('',*,*,#176,.T.);
#7107=CARTESIAN_POINT('',(0.064302117421768,0.000801,-0.0261629001424734));
#7108=DIRECTION('',(0.,-1.,0.));
#7109=VECTOR('',#7108,1.);
#7110=LINE('',#7107,#7109);
#7111=CARTESIAN_POINT('',(0.064302117421768,0.000801,-0.0261629001424734));
#7112=VERTEX_POINT('',#7111);
#7113=EDGE_CURVE('',#7112,#166,#7110,.T.);
#7114=ORIENTED_EDGE('',*,*,#7113,.F.);
#7115=CARTESIAN_POINT('',(0.064302117421768,0.000801,-0.0391998266896455));
#7116=DIRECTION('',(0.,1.,0.));
#7117=DIRECTION('',(0.,0.,1.));
#7118=AXIS2_PLACEMENT_3D('',#7115,#7116,#7117);
#7119=CIRCLE('',#7118,0.0130369265471721);
#7120=EDGE_CURVE('',#7080,#7112,#7119,.T.);
#7121=ORIENTED_EDGE('',*,*,#7120,.F.);
#7122=ORIENTED_EDGE('',*,*,#7081,.T.);
#7123=EDGE_LOOP('',(#7106,#7114,#7121,#7122));
#7124=FACE_BOUND('',#7123,.T.);
#7125=ADVANCED_FACE('',(#7124),#7105,.T.);
#7126=COLOUR_RGB('',0.694117647058824,0.0980392156862745,0.0980392156862745);
#7127=FILL_AREA_STYLE_COLOUR('',#7126);
#7128=FILL_AREA_STYLE('',(#7127));
#7129=SURFACE_STYLE_FILL_AREA(#7128);
#7130=SURFACE_SIDE_STYLE('',(#7129));
#7131=SURFACE_STYLE_USAGE(.NEGATIVE.,#7130);
#7132=PRESENTATION_STYLE_ASSIGNMENT((#7131));
#7133=STYLED_ITEM('',(#7132),#7125);
#7134=CARTESIAN_POINT('',(0.,0.000801,-0.0261629001424734));
#7135=DIRECTION('',(0.,0.,-1.));
#7136=DIRECTION('',(-1.,0.,0.));
#7137=AXIS2_PLACEMENT_3D('',#7134,#7135,#7136);
#7138=PLANE('',#7137);
#7139=ORIENTED_EDGE('',*,*,#167,.T.);
#7140=CARTESIAN_POINT('',(0.0852129942314911,0.000801,-0.0261629001424734));
#7141=DIRECTION('',(0.,-1.,0.));
#7142=VECTOR('',#7141,1.);
#7143=LINE('',#7140,#7142);
#7144=CARTESIAN_POINT('',(0.0852129942314911,0.000801,-0.0261629001424734));
#7145=VERTEX_POINT('',#7144);
#7146=EDGE_CURVE('',#7145,#158,#7143,.T.);
#7147=ORIENTED_EDGE('',*,*,#7146,.F.);
#7148=CARTESIAN_POINT('',(0.,0.000801,-0.0261629001424734));
#7149=DIRECTION('',(1.,0.,0.));
#7150=VECTOR('',#7149,1.);
#7151=LINE('',#7148,#7150);
#7152=EDGE_CURVE('',#7112,#7145,#7151,.T.);
#7153=ORIENTED_EDGE('',*,*,#7152,.F.);
#7154=ORIENTED_EDGE('',*,*,#7113,.T.);
#7155=EDGE_LOOP('',(#7139,#7147,#7153,#7154));
#7156=FACE_BOUND('',#7155,.T.);
#7157=ADVANCED_FACE('',(#7156),#7138,.F.);
#7158=COLOUR_RGB('',0.694117647058824,0.0980392156862745,0.0980392156862745);
#7159=FILL_AREA_STYLE_COLOUR('',#7158);
#7160=FILL_AREA_STYLE('',(#7159));
#7161=SURFACE_STYLE_FILL_AREA(#7160);
#7162=SURFACE_SIDE_STYLE('',(#7161));
#7163=SURFACE_STYLE_USAGE(.NEGATIVE.,#7162);
#7164=PRESENTATION_STYLE_ASSIGNMENT((#7163));
#7165=STYLED_ITEM('',(#7164),#7157);
#7166=CARTESIAN_POINT('',(0.0556879471869824,0.000801,-0.0556879471869822));
#7167=DIRECTION('',(0.707106781186548,0.,-0.707106781186547));
#7168=DIRECTION('',(-0.707106781186547,0.,-0.707106781186548));
#7169=AXIS2_PLACEMENT_3D('',#7166,#7167,#7168);
#7170=PLANE('',#7169);
#7171=ORIENTED_EDGE('',*,*,#159,.T.);
#7172=CARTESIAN_POINT('',(0.0890999999999998,0.000801,-0.0222758943739647));
#7173=DIRECTION('',(0.,-1.,0.));
#7174=VECTOR('',#7173,1.);
#7175=LINE('',#7172,#7174);
#7176=CARTESIAN_POINT('',(0.0890999999999998,0.000801,-0.0222758943739647));
#7177=VERTEX_POINT('',#7176);
#7178=EDGE_CURVE('',#7177,#150,#7175,.T.);
#7179=ORIENTED_EDGE('',*,*,#7178,.F.);
#7180=CARTESIAN_POINT('',(0.0556879471869824,0.000801,-0.0556879471869822));
#7181=DIRECTION('',(0.707106781186547,0.,0.707106781186548));
#7182=VECTOR('',#7181,1.);
#7183=LINE('',#7180,#7182);
#7184=EDGE_CURVE('',#7145,#7177,#7183,.T.);
#7185=ORIENTED_EDGE('',*,*,#7184,.F.);
#7186=ORIENTED_EDGE('',*,*,#7146,.T.);
#7187=EDGE_LOOP('',(#7171,#7179,#7185,#7186));
#7188=FACE_BOUND('',#7187,.T.);
#7189=ADVANCED_FACE('',(#7188),#7170,.F.);
#7190=COLOUR_RGB('',0.694117647058824,0.0980392156862745,0.0980392156862745);
#7191=FILL_AREA_STYLE_COLOUR('',#7190);
#7192=FILL_AREA_STYLE('',(#7191));
#7193=SURFACE_STYLE_FILL_AREA(#7192);
#7194=SURFACE_SIDE_STYLE('',(#7193));
#7195=SURFACE_STYLE_USAGE(.NEGATIVE.,#7194);
#7196=PRESENTATION_STYLE_ASSIGNMENT((#7195));
#7197=STYLED_ITEM('',(#7196),#7189);
#7198=CARTESIAN_POINT('',(0.0890999999999998,0.000801,0.));
#7199=DIRECTION('',(1.,0.,0.));
#7200=DIRECTION('',(0.,0.,-1.));
#7201=AXIS2_PLACEMENT_3D('',#7198,#7199,#7200);
#7202=PLANE('',#7201);
#7203=ORIENTED_EDGE('',*,*,#151,.T.);
#7204=CARTESIAN_POINT('',(0.0890999999999998,0.000801,0.023150094089019));
#7205=DIRECTION('',(0.,-1.,0.));
#7206=VECTOR('',#7205,1.);
#7207=LINE('',#7204,#7206);
#7208=CARTESIAN_POINT('',(0.0890999999999998,0.000801,0.023150094089019));
#7209=VERTEX_POINT('',#7208);
#7210=EDGE_CURVE('',#7209,#142,#7207,.T.);
#7211=ORIENTED_EDGE('',*,*,#7210,.F.);
#7212=CARTESIAN_POINT('',(0.0890999999999998,0.000801,0.));
#7213=DIRECTION('',(0.,0.,1.));
#7214=VECTOR('',#7213,1.);
#7215=LINE('',#7212,#7214);
#7216=EDGE_CURVE('',#7177,#7209,#7215,.T.);
#7217=ORIENTED_EDGE('',*,*,#7216,.F.);
#7218=ORIENTED_EDGE('',*,*,#7178,.T.);
#7219=EDGE_LOOP('',(#7203,#7211,#7217,#7218));
#7220=FACE_BOUND('',#7219,.T.);
#7221=ADVANCED_FACE('',(#7220),#7202,.F.);
#7222=COLOUR_RGB('',0.694117647058824,0.0980392156862745,0.0980392156862745);
#7223=FILL_AREA_STYLE_COLOUR('',#7222);
#7224=FILL_AREA_STYLE('',(#7223));
#7225=SURFACE_STYLE_FILL_AREA(#7224);
#7226=SURFACE_SIDE_STYLE('',(#7225));
#7227=SURFACE_STYLE_USAGE(.NEGATIVE.,#7226);
#7228=PRESENTATION_STYLE_ASSIGNMENT((#7227));
#7229=STYLED_ITEM('',(#7228),#7221);
#7230=CARTESIAN_POINT('',(0.0561250470445094,0.000801,0.0561250470445094));
#7231=DIRECTION('',(-0.707106781186548,0.,-0.707106781186547));
#7232=DIRECTION('',(-0.707106781186547,0.,0.707106781186548));
#7233=AXIS2_PLACEMENT_3D('',#7230,#7231,#7232);
#7234=PLANE('',#7233);
#7235=ORIENTED_EDGE('',*,*,#143,.F.);
#7236=CARTESIAN_POINT('',(0.0852129942314921,0.000801,0.0270370998575267));
#7237=DIRECTION('',(0.,-1.,0.));
#7238=VECTOR('',#7237,1.);
#7239=LINE('',#7236,#7238);
#7240=CARTESIAN_POINT('',(0.0852129942314921,0.000801,0.0270370998575267));
#7241=VERTEX_POINT('',#7240);
#7242=EDGE_CURVE('',#7241,#134,#7239,.T.);
#7243=ORIENTED_EDGE('',*,*,#7242,.F.);
#7244=CARTESIAN_POINT('',(0.0561250470445094,0.000801,0.0561250470445094));
#7245=DIRECTION('',(0.707106781186547,0.,-0.707106781186548));
#7246=VECTOR('',#7245,1.);
#7247=LINE('',#7244,#7246);
#7248=EDGE_CURVE('',#7241,#7209,#7247,.T.);
#7249=ORIENTED_EDGE('',*,*,#7248,.T.);
#7250=ORIENTED_EDGE('',*,*,#7210,.T.);
#7251=EDGE_LOOP('',(#7235,#7243,#7249,#7250));
#7252=FACE_BOUND('',#7251,.T.);
#7253=ADVANCED_FACE('',(#7252),#7234,.T.);
#7254=COLOUR_RGB('',0.694117647058824,0.0980392156862745,0.0980392156862745);
#7255=FILL_AREA_STYLE_COLOUR('',#7254);
#7256=FILL_AREA_STYLE('',(#7255));
#7257=SURFACE_STYLE_FILL_AREA(#7256);
#7258=SURFACE_SIDE_STYLE('',(#7257));
#7259=SURFACE_STYLE_USAGE(.NEGATIVE.,#7258);
#7260=PRESENTATION_STYLE_ASSIGNMENT((#7259));
#7261=STYLED_ITEM('',(#7260),#7253);
#7262=CARTESIAN_POINT('',(0.,0.000801,0.0270370998575267));
#7263=DIRECTION('',(0.,0.,-1.));
#7264=DIRECTION('',(-1.,0.,0.));
#7265=AXIS2_PLACEMENT_3D('',#7262,#7263,#7264);
#7266=PLANE('',#7265);
#7267=ORIENTED_EDGE('',*,*,#135,.F.);
#7268=CARTESIAN_POINT('',(0.0635000000000013,0.000801,0.0270370998575267));
#7269=DIRECTION('',(0.,-1.,0.));
#7270=VECTOR('',#7269,1.);
#7271=LINE('',#7268,#7270);
#7272=CARTESIAN_POINT('',(0.0635000000000013,0.000801,0.0270370998575267));
#7273=VERTEX_POINT('',#7272);
#7274=EDGE_CURVE('',#7273,#126,#7271,.T.);
#7275=ORIENTED_EDGE('',*,*,#7274,.F.);
#7276=CARTESIAN_POINT('',(0.,0.000801,0.0270370998575267));
#7277=DIRECTION('',(1.,0.,0.));
#7278=VECTOR('',#7277,1.);
#7279=LINE('',#7276,#7278);
#7280=EDGE_CURVE('',#7273,#7241,#7279,.T.);
#7281=ORIENTED_EDGE('',*,*,#7280,.T.);
#7282=ORIENTED_EDGE('',*,*,#7242,.T.);
#7283=EDGE_LOOP('',(#7267,#7275,#7281,#7282));
#7284=FACE_BOUND('',#7283,.T.);
#7285=ADVANCED_FACE('',(#7284),#7266,.T.);
#7286=COLOUR_RGB('',0.694117647058824,0.0980392156862745,0.0980392156862745);
#7287=FILL_AREA_STYLE_COLOUR('',#7286);
#7288=FILL_AREA_STYLE('',(#7287));
#7289=SURFACE_STYLE_FILL_AREA(#7288);
#7290=SURFACE_SIDE_STYLE('',(#7289));
#7291=SURFACE_STYLE_USAGE(.NEGATIVE.,#7290);
#7292=PRESENTATION_STYLE_ASSIGNMENT((#7291));
#7293=STYLED_ITEM('',(#7292),#7285);
#7294=CARTESIAN_POINT('',(0.0635000000000013,0.000801,0.0402480484547549));
#7295=DIRECTION('',(0.,-1.,0.));
#7296=DIRECTION('',(0.,0.,-1.));
#7297=AXIS2_PLACEMENT_3D('',#7294,#7295,#7296);
#7298=CYLINDRICAL_SURFACE('',#7297,0.0132109485972282);
#7299=ORIENTED_EDGE('',*,*,#127,.T.);
#7300=CARTESIAN_POINT('',(0.0541584486609943,0.000801,0.0309064971157479));
#7301=DIRECTION('',(0.,-1.,0.));
#7302=VECTOR('',#7301,1.);
#7303=LINE('',#7300,#7302);
#7304=CARTESIAN_POINT('',(0.0541584486609943,0.000801,0.0309064971157479));
#7305=VERTEX_POINT('',#7304);
#7306=EDGE_CURVE('',#7305,#117,#7303,.T.);
#7307=ORIENTED_EDGE('',*,*,#7306,.F.);
#7308=CARTESIAN_POINT('',(0.0635000000000013,0.000801,0.0402480484547549));
#7309=DIRECTION('',(0.,1.,0.));
#7310=DIRECTION('',(0.,0.,1.));
#7311=AXIS2_PLACEMENT_3D('',#7308,#7309,#7310);
#7312=CIRCLE('',#7311,0.0132109485972282);
#7313=EDGE_CURVE('',#7273,#7305,#7312,.T.);
#7314=ORIENTED_EDGE('',*,*,#7313,.F.);
#7315=ORIENTED_EDGE('',*,*,#7274,.T.);
#7316=EDGE_LOOP('',(#7299,#7307,#7314,#7315));
#7317=FACE_BOUND('',#7316,.T.);
#7318=ADVANCED_FACE('',(#7317),#7298,.T.);
#7319=COLOUR_RGB('',0.694117647058824,0.0980392156862745,0.0980392156862745);
#7320=FILL_AREA_STYLE_COLOUR('',#7319);
#7321=FILL_AREA_STYLE('',(#7320));
#7322=SURFACE_STYLE_FILL_AREA(#7321);
#7323=SURFACE_SIDE_STYLE('',(#7322));
#7324=SURFACE_STYLE_USAGE(.NEGATIVE.,#7323);
#7325=PRESENTATION_STYLE_ASSIGNMENT((#7324));
#7326=STYLED_ITEM('',(#7325),#7318);
#7327=CARTESIAN_POINT('',(0.0425324728883707,0.000801,0.0425324728883713));
#7328=DIRECTION('',(-0.707106781186542,0.,-0.707106781186553));
#7329=DIRECTION('',(-0.707106781186553,0.,0.707106781186542));
#7330=AXIS2_PLACEMENT_3D('',#7327,#7328,#7329);
#7331=PLANE('',#7330);
#7332=ORIENTED_EDGE('',*,*,#118,.F.);
#7333=CARTESIAN_POINT('',(0.0311332279552788,0.000801,0.0539317178214631));
#7334=DIRECTION('',(0.,-1.,0.));
#7335=VECTOR('',#7334,1.);
#7336=LINE('',#7333,#7335);
#7337=CARTESIAN_POINT('',(0.0311332279552788,0.000801,0.0539317178214631));
#7338=VERTEX_POINT('',#7337);
#7339=EDGE_CURVE('',#7338,#109,#7336,.T.);
#7340=ORIENTED_EDGE('',*,*,#7339,.F.);
#7341=CARTESIAN_POINT('',(0.0425324728883707,0.000801,0.0425324728883713));
#7342=DIRECTION('',(0.707106781186553,0.,-0.707106781186542));
#7343=VECTOR('',#7342,1.);
#7344=LINE('',#7341,#7343);
#7345=EDGE_CURVE('',#7338,#7305,#7344,.T.);
#7346=ORIENTED_EDGE('',*,*,#7345,.T.);
#7347=ORIENTED_EDGE('',*,*,#7306,.T.);
#7348=EDGE_LOOP('',(#7332,#7340,#7346,#7347));
#7349=FACE_BOUND('',#7348,.T.);
#7350=ADVANCED_FACE('',(#7349),#7331,.T.);
#7351=COLOUR_RGB('',0.694117647058824,0.0980392156862745,0.0980392156862745);
#7352=FILL_AREA_STYLE_COLOUR('',#7351);
#7353=FILL_AREA_STYLE('',(#7352));
#7354=SURFACE_STYLE_FILL_AREA(#7353);
#7355=SURFACE_SIDE_STYLE('',(#7354));
#7356=SURFACE_STYLE_USAGE(.NEGATIVE.,#7355);
#7357=PRESENTATION_STYLE_ASSIGNMENT((#7356));
#7358=STYLED_ITEM('',(#7357),#7350);
#7359=CARTESIAN_POINT('',(0.0270727750166811,0.000801,0.0558982849352798));
#7360=DIRECTION('',(-0.435889894354072,0.,-0.899999999999998));
#7361=DIRECTION('',(-0.899999999999998,0.,0.435889894354072));
#7362=AXIS2_PLACEMENT_3D('',#7359,#7360,#7361);
#7363=PLANE('',#7362);
#7364=ORIENTED_EDGE('',*,*,#110,.F.);
#7365=CARTESIAN_POINT('',(0.0273141101056459,0.000801,0.0557814010170211));
#7366=DIRECTION('',(0.,-1.,0.));
#7367=VECTOR('',#7366,1.);
#7368=LINE('',#7365,#7367);
#7369=CARTESIAN_POINT('',(0.0273141101056459,0.000801,0.0557814010170211));
#7370=VERTEX_POINT('',#7369);
#7371=EDGE_CURVE('',#7370,#101,#7368,.T.);
#7372=ORIENTED_EDGE('',*,*,#7371,.F.);
#7373=CARTESIAN_POINT('',(0.0270727750166811,0.000801,0.0558982849352798));
#7374=DIRECTION('',(0.899999999999998,0.,-0.435889894354072));
#7375=VECTOR('',#7374,1.);
#7376=LINE('',#7373,#7375);
#7377=EDGE_CURVE('',#7370,#7338,#7376,.T.);
#7378=ORIENTED_EDGE('',*,*,#7377,.T.);
#7379=ORIENTED_EDGE('',*,*,#7339,.T.);
#7380=EDGE_LOOP('',(#7364,#7372,#7378,#7379));
#7381=FACE_BOUND('',#7380,.T.);
#7382=ADVANCED_FACE('',(#7381),#7363,.T.);
#7383=COLOUR_RGB('',0.694117647058824,0.0980392156862745,0.0980392156862745);
#7384=FILL_AREA_STYLE_COLOUR('',#7383);
#7385=FILL_AREA_STYLE('',(#7384));
#7386=SURFACE_STYLE_FILL_AREA(#7385);
#7387=SURFACE_SIDE_STYLE('',(#7386));
#7388=SURFACE_STYLE_USAGE(.NEGATIVE.,#7387);
#7389=PRESENTATION_STYLE_ASSIGNMENT((#7388));
#7390=STYLED_ITEM('',(#7389),#7382);
#7391=CARTESIAN_POINT('',(0.,0.000801,0.0557814010170211));
#7392=DIRECTION('',(0.,0.,-1.));
#7393=DIRECTION('',(-1.,0.,0.));
#7394=AXIS2_PLACEMENT_3D('',#7391,#7392,#7393);
#7395=PLANE('',#7394);
#7396=ORIENTED_EDGE('',*,*,#102,.F.);
#7397=CARTESIAN_POINT('',(-0.0273141101056459,0.000801,0.0557814010170211));
#7398=DIRECTION('',(0.,-1.,0.));
#7399=VECTOR('',#7398,1.);
#7400=LINE('',#7397,#7399);
#7401=CARTESIAN_POINT('',(-0.0273141101056459,0.000801,0.0557814010170211));
#7402=VERTEX_POINT('',#7401);
#7403=EDGE_CURVE('',#7402,#93,#7400,.T.);
#7404=ORIENTED_EDGE('',*,*,#7403,.F.);
#7405=CARTESIAN_POINT('',(0.,0.000801,0.0557814010170211));
#7406=DIRECTION('',(1.,0.,0.));
#7407=VECTOR('',#7406,1.);
#7408=LINE('',#7405,#7407);
#7409=EDGE_CURVE('',#7402,#7370,#7408,.T.);
#7410=ORIENTED_EDGE('',*,*,#7409,.T.);
#7411=ORIENTED_EDGE('',*,*,#7371,.T.);
#7412=EDGE_LOOP('',(#7396,#7404,#7410,#7411));
#7413=FACE_BOUND('',#7412,.T.);
#7414=ADVANCED_FACE('',(#7413),#7395,.T.);
#7415=COLOUR_RGB('',0.694117647058824,0.0980392156862745,0.0980392156862745);
#7416=FILL_AREA_STYLE_COLOUR('',#7415);
#7417=FILL_AREA_STYLE('',(#7416));
#7418=SURFACE_STYLE_FILL_AREA(#7417);
#7419=SURFACE_SIDE_STYLE('',(#7418));
#7420=SURFACE_STYLE_USAGE(.NEGATIVE.,#7419);
#7421=PRESENTATION_STYLE_ASSIGNMENT((#7420));
#7422=STYLED_ITEM('',(#7421),#7414);
#7423=CARTESIAN_POINT('',(-0.0270727750166819,0.000801,0.0558982849352794));
#7424=DIRECTION('',(-0.435889894354085,0.,0.899999999999991));
#7425=DIRECTION('',(0.899999999999992,0.,0.435889894354085));
#7426=AXIS2_PLACEMENT_3D('',#7423,#7424,#7425);
#7427=PLANE('',#7426);
#7428=ORIENTED_EDGE('',*,*,#94,.T.);
#7429=CARTESIAN_POINT('',(-0.0311332279552794,0.000801,0.0539317178214627));
#7430=DIRECTION('',(0.,-1.,0.));
#7431=VECTOR('',#7430,1.);
#7432=LINE('',#7429,#7431);
#7433=CARTESIAN_POINT('',(-0.0311332279552794,0.000801,0.0539317178214627));
#7434=VERTEX_POINT('',#7433);
#7435=EDGE_CURVE('',#7434,#85,#7432,.T.);
#7436=ORIENTED_EDGE('',*,*,#7435,.F.);
#7437=CARTESIAN_POINT('',(-0.0270727750166819,0.000801,0.0558982849352794));
#7438=DIRECTION('',(-0.899999999999991,0.,-0.435889894354085));
#7439=VECTOR('',#7438,1.);
#7440=LINE('',#7437,#7439);
#7441=EDGE_CURVE('',#7402,#7434,#7440,.T.);
#7442=ORIENTED_EDGE('',*,*,#7441,.F.);
#7443=ORIENTED_EDGE('',*,*,#7403,.T.);
#7444=EDGE_LOOP('',(#7428,#7436,#7442,#7443));
#7445=FACE_BOUND('',#7444,.T.);
#7446=ADVANCED_FACE('',(#7445),#7427,.F.);
#7447=COLOUR_RGB('',0.694117647058824,0.0980392156862745,0.0980392156862745);
#7448=FILL_AREA_STYLE_COLOUR('',#7447);
#7449=FILL_AREA_STYLE('',(#7448));
#7450=SURFACE_STYLE_FILL_AREA(#7449);
#7451=SURFACE_SIDE_STYLE('',(#7450));
#7452=SURFACE_STYLE_USAGE(.NEGATIVE.,#7451);
#7453=PRESENTATION_STYLE_ASSIGNMENT((#7452));
#7454=STYLED_ITEM('',(#7453),#7446);
#7455=CARTESIAN_POINT('',(-0.0425324728883711,0.000801,0.0425324728883711));
#7456=DIRECTION('',(-0.707106781186548,0.,0.707106781186548));
#7457=DIRECTION('',(0.707106781186548,0.,0.707106781186548));
#7458=AXIS2_PLACEMENT_3D('',#7455,#7456,#7457);
#7459=PLANE('',#7458);
#7460=ORIENTED_EDGE('',*,*,#86,.T.);
#7461=CARTESIAN_POINT('',(-0.0541584486609954,0.000801,0.0309064971157467));
#7462=DIRECTION('',(0.,-1.,0.));
#7463=VECTOR('',#7462,1.);
#7464=LINE('',#7461,#7463);
#7465=CARTESIAN_POINT('',(-0.0541584486609954,0.000801,0.0309064971157467));
#7466=VERTEX_POINT('',#7465);
#7467=EDGE_CURVE('',#7466,#77,#7464,.T.);
#7468=ORIENTED_EDGE('',*,*,#7467,.F.);
#7469=CARTESIAN_POINT('',(-0.0425324728883711,0.000801,0.0425324728883711));
#7470=DIRECTION('',(-0.707106781186548,0.,-0.707106781186548));
#7471=VECTOR('',#7470,1.);
#7472=LINE('',#7469,#7471);
#7473=EDGE_CURVE('',#7434,#7466,#7472,.T.);
#7474=ORIENTED_EDGE('',*,*,#7473,.F.);
#7475=ORIENTED_EDGE('',*,*,#7435,.T.);
#7476=EDGE_LOOP('',(#7460,#7468,#7474,#7475));
#7477=FACE_BOUND('',#7476,.T.);
#7478=ADVANCED_FACE('',(#7477),#7459,.F.);
#7479=COLOUR_RGB('',0.694117647058824,0.0980392156862745,0.0980392156862745);
#7480=FILL_AREA_STYLE_COLOUR('',#7479);
#7481=FILL_AREA_STYLE('',(#7480));
#7482=SURFACE_STYLE_FILL_AREA(#7481);
#7483=SURFACE_SIDE_STYLE('',(#7482));
#7484=SURFACE_STYLE_USAGE(.NEGATIVE.,#7483);
#7485=PRESENTATION_STYLE_ASSIGNMENT((#7484));
#7486=STYLED_ITEM('',(#7485),#7478);
#7487=CARTESIAN_POINT('',(-0.0635,0.000801,0.0402480484547512));
#7488=DIRECTION('',(0.,-1.,0.));
#7489=DIRECTION('',(0.,0.,-1.));
#7490=AXIS2_PLACEMENT_3D('',#7487,#7488,#7489);
#7491=CYLINDRICAL_SURFACE('',#7490,0.0132109485972248);
#7492=ORIENTED_EDGE('',*,*,#78,.T.);
#7493=CARTESIAN_POINT('',(-0.0635,0.000801,0.0270370998575264));
#7494=DIRECTION('',(0.,-1.,0.));
#7495=VECTOR('',#7494,1.);
#7496=LINE('',#7493,#7495);
#7497=CARTESIAN_POINT('',(-0.0635,0.000801,0.0270370998575264));
#7498=VERTEX_POINT('',#7497);
#7499=EDGE_CURVE('',#7498,#68,#7496,.T.);
#7500=ORIENTED_EDGE('',*,*,#7499,.F.);
#7501=CARTESIAN_POINT('',(-0.0635,0.000801,0.0402480484547512));
#7502=DIRECTION('',(0.,1.,0.));
#7503=DIRECTION('',(0.,0.,1.));
#7504=AXIS2_PLACEMENT_3D('',#7501,#7502,#7503);
#7505=CIRCLE('',#7504,0.0132109485972248);
#7506=EDGE_CURVE('',#7466,#7498,#7505,.T.);
#7507=ORIENTED_EDGE('',*,*,#7506,.F.);
#7508=ORIENTED_EDGE('',*,*,#7467,.T.);
#7509=EDGE_LOOP('',(#7492,#7500,#7507,#7508));
#7510=FACE_BOUND('',#7509,.T.);
#7511=ADVANCED_FACE('',(#7510),#7491,.T.);
#7512=COLOUR_RGB('',0.694117647058824,0.0980392156862745,0.0980392156862745);
#7513=FILL_AREA_STYLE_COLOUR('',#7512);
#7514=FILL_AREA_STYLE('',(#7513));
#7515=SURFACE_STYLE_FILL_AREA(#7514);
#7516=SURFACE_SIDE_STYLE('',(#7515));
#7517=SURFACE_STYLE_USAGE(.NEGATIVE.,#7516);
#7518=PRESENTATION_STYLE_ASSIGNMENT((#7517));
#7519=STYLED_ITEM('',(#7518),#7511);
#7520=CARTESIAN_POINT('',(4.32016803810106E-18,0.000801,0.0270370998575264));
#7521=DIRECTION('',(-1.59786665761729E-16,0.,-1.));
#7522=DIRECTION('',(-1.,0.,1.59786665761729E-16));
#7523=AXIS2_PLACEMENT_3D('',#7520,#7521,#7522);
#7524=PLANE('',#7523);
#7525=ORIENTED_EDGE('',*,*,#69,.F.);
#7526=CARTESIAN_POINT('',(-0.0852129942314911,0.000801,0.0270370998575264));
#7527=DIRECTION('',(0.,-1.,0.));
#7528=VECTOR('',#7527,1.);
#7529=LINE('',#7526,#7528);
#7530=CARTESIAN_POINT('',(-0.0852129942314911,0.000801,0.0270370998575264));
#7531=VERTEX_POINT('',#7530);
#7532=EDGE_CURVE('',#7531,#60,#7529,.T.);
#7533=ORIENTED_EDGE('',*,*,#7532,.F.);
#7534=CARTESIAN_POINT('',(4.32016803810106E-18,0.000801,0.0270370998575264));
#7535=DIRECTION('',(1.,0.,-1.59786665761729E-16));
#7536=VECTOR('',#7535,1.);
#7537=LINE('',#7534,#7536);
#7538=EDGE_CURVE('',#7531,#7498,#7537,.T.);
#7539=ORIENTED_EDGE('',*,*,#7538,.T.);
#7540=ORIENTED_EDGE('',*,*,#7499,.T.);
#7541=EDGE_LOOP('',(#7525,#7533,#7539,#7540));
#7542=FACE_BOUND('',#7541,.T.);
#7543=ADVANCED_FACE('',(#7542),#7524,.T.);
#7544=COLOUR_RGB('',0.694117647058824,0.0980392156862745,0.0980392156862745);
#7545=FILL_AREA_STYLE_COLOUR('',#7544);
#7546=FILL_AREA_STYLE('',(#7545));
#7547=SURFACE_STYLE_FILL_AREA(#7546);
#7548=SURFACE_SIDE_STYLE('',(#7547));
#7549=SURFACE_STYLE_USAGE(.NEGATIVE.,#7548);
#7550=PRESENTATION_STYLE_ASSIGNMENT((#7549));
#7551=STYLED_ITEM('',(#7550),#7543);
#7552=CARTESIAN_POINT('',(-0.0561250470445088,0.000801,0.0561250470445088));
#7553=DIRECTION('',(-0.707106781186548,0.,0.707106781186547));
#7554=DIRECTION('',(0.707106781186547,0.,0.707106781186548));
#7555=AXIS2_PLACEMENT_3D('',#7552,#7553,#7554);
#7556=PLANE('',#7555);
#7557=ORIENTED_EDGE('',*,*,#61,.T.);
#7558=CARTESIAN_POINT('',(-0.0891,0.000801,0.0231500940890175));
#7559=DIRECTION('',(0.,-1.,0.));
#7560=VECTOR('',#7559,1.);
#7561=LINE('',#7558,#7560);
#7562=CARTESIAN_POINT('',(-0.0891,0.000801,0.0231500940890175));
#7563=VERTEX_POINT('',#7562);
#7564=EDGE_CURVE('',#7563,#52,#7561,.T.);
#7565=ORIENTED_EDGE('',*,*,#7564,.F.);
#7566=CARTESIAN_POINT('',(-0.0561250470445088,0.000801,0.0561250470445088));
#7567=DIRECTION('',(-0.707106781186547,0.,-0.707106781186548));
#7568=VECTOR('',#7567,1.);
#7569=LINE('',#7566,#7568);
#7570=EDGE_CURVE('',#7531,#7563,#7569,.T.);
#7571=ORIENTED_EDGE('',*,*,#7570,.F.);
#7572=ORIENTED_EDGE('',*,*,#7532,.T.);
#7573=EDGE_LOOP('',(#7557,#7565,#7571,#7572));
#7574=FACE_BOUND('',#7573,.T.);
#7575=ADVANCED_FACE('',(#7574),#7556,.F.);
#7576=COLOUR_RGB('',0.694117647058824,0.0980392156862745,0.0980392156862745);
#7577=FILL_AREA_STYLE_COLOUR('',#7576);
#7578=FILL_AREA_STYLE('',(#7577));
#7579=SURFACE_STYLE_FILL_AREA(#7578);
#7580=SURFACE_SIDE_STYLE('',(#7579));
#7581=SURFACE_STYLE_USAGE(.NEGATIVE.,#7580);
#7582=PRESENTATION_STYLE_ASSIGNMENT((#7581));
#7583=STYLED_ITEM('',(#7582),#7575);
#7584=CARTESIAN_POINT('',(-0.0891,0.000801,0.));
#7585=DIRECTION('',(-1.,0.,0.));
#7586=DIRECTION('',(0.,0.,1.));
#7587=AXIS2_PLACEMENT_3D('',#7584,#7585,#7586);
#7588=PLANE('',#7587);
#7589=ORIENTED_EDGE('',*,*,#53,.T.);
#7590=CARTESIAN_POINT('',(-0.0891,0.000801,-0.0222758943739647));
#7591=DIRECTION('',(0.,-1.,0.));
#7592=VECTOR('',#7591,1.);
#7593=LINE('',#7590,#7592);
#7594=CARTESIAN_POINT('',(-0.0891,0.000801,-0.0222758943739647));
#7595=VERTEX_POINT('',#7594);
#7596=EDGE_CURVE('',#7595,#44,#7593,.T.);
#7597=ORIENTED_EDGE('',*,*,#7596,.F.);
#7598=CARTESIAN_POINT('',(-0.0891,0.000801,0.));
#7599=DIRECTION('',(0.,0.,-1.));
#7600=VECTOR('',#7599,1.);
#7601=LINE('',#7598,#7600);
#7602=EDGE_CURVE('',#7563,#7595,#7601,.T.);
#7603=ORIENTED_EDGE('',*,*,#7602,.F.);
#7604=ORIENTED_EDGE('',*,*,#7564,.T.);
#7605=EDGE_LOOP('',(#7589,#7597,#7603,#7604));
#7606=FACE_BOUND('',#7605,.T.);
#7607=ADVANCED_FACE('',(#7606),#7588,.F.);
#7608=COLOUR_RGB('',0.694117647058824,0.0980392156862745,0.0980392156862745);
#7609=FILL_AREA_STYLE_COLOUR('',#7608);
#7610=FILL_AREA_STYLE('',(#7609));
#7611=SURFACE_STYLE_FILL_AREA(#7610);
#7612=SURFACE_SIDE_STYLE('',(#7611));
#7613=SURFACE_STYLE_USAGE(.NEGATIVE.,#7612);
#7614=PRESENTATION_STYLE_ASSIGNMENT((#7613));
#7615=STYLED_ITEM('',(#7614),#7607);
#7616=CARTESIAN_POINT('',(0.064302117421768,0.000801,-0.0391998266896455));
#7617=DIRECTION('',(0.,-1.,0.));
#7618=DIRECTION('',(0.,0.,-1.));
#7619=AXIS2_PLACEMENT_3D('',#7616,#7617,#7618);
#7620=CYLINDRICAL_SURFACE('',#7619,0.0113869265471721);
#7621=ORIENTED_EDGE('',*,*,#6649,.F.);
#7622=CARTESIAN_POINT('',(0.0562503444433895,0.000801,-0.031148053711267));
#7623=DIRECTION('',(0.,-1.,0.));
#7624=VECTOR('',#7623,1.);
#7625=LINE('',#7622,#7624);
#7626=CARTESIAN_POINT('',(0.0562503444433895,0.000801,-0.031148053711267));
#7627=VERTEX_POINT('',#7626);
#7628=EDGE_CURVE('',#7627,#6646,#7625,.T.);
#7629=ORIENTED_EDGE('',*,*,#7628,.F.);
#7630=CARTESIAN_POINT('',(0.064302117421768,0.000801,-0.0391998266896455));
#7631=DIRECTION('',(0.,1.,0.));
#7632=DIRECTION('',(0.,0.,1.));
#7633=AXIS2_PLACEMENT_3D('',#7630,#7631,#7632);
#7634=CIRCLE('',#7633,0.0113869265471721);
#7635=CARTESIAN_POINT('',(0.064302117421768,0.000801,-0.0278129001424734));
#7636=VERTEX_POINT('',#7635);
#7637=EDGE_CURVE('',#7627,#7636,#7634,.T.);
#7638=ORIENTED_EDGE('',*,*,#7637,.T.);
#7639=CARTESIAN_POINT('',(0.064302117421768,0.000801,-0.0278129001424734));
#7640=DIRECTION('',(0.,-1.,0.));
#7641=VECTOR('',#7640,1.);
#7642=LINE('',#7639,#7641);
#7643=EDGE_CURVE('',#7636,#6648,#7642,.T.);
#7644=ORIENTED_EDGE('',*,*,#7643,.T.);
#7645=EDGE_LOOP('',(#7621,#7629,#7638,#7644));
#7646=FACE_BOUND('',#7645,.T.);
#7647=ADVANCED_FACE('',(#7646),#7620,.F.);
#7648=COLOUR_RGB('',0.694117647058824,0.0980392156862745,0.0980392156862745);
#7649=FILL_AREA_STYLE_COLOUR('',#7648);
#7650=FILL_AREA_STYLE('',(#7649));
#7651=SURFACE_STYLE_FILL_AREA(#7650);
#7652=SURFACE_SIDE_STYLE('',(#7651));
#7653=SURFACE_STYLE_USAGE(.NEGATIVE.,#7652);
#7654=PRESENTATION_STYLE_ASSIGNMENT((#7653));
#7655=STYLED_ITEM('',(#7654),#7647);
#7656=CARTESIAN_POINT('',(0.0436991990773283,0.000801,-0.0436991990773283));
#7657=DIRECTION('',(-0.707106781186548,0.,0.707106781186548));
#7658=DIRECTION('',(0.707106781186548,0.,0.707106781186548));
#7659=AXIS2_PLACEMENT_3D('',#7656,#7657,#7658);
#7660=PLANE('',#7659);
#7661=ORIENTED_EDGE('',*,*,#6836,.T.);
#7662=CARTESIAN_POINT('',(0.0364513545701662,0.000801,-0.0509470435844903));
#7663=DIRECTION('',(0.,-1.,0.));
#7664=VECTOR('',#7663,1.);
#7665=LINE('',#7662,#7664);
#7666=CARTESIAN_POINT('',(0.0364513545701662,0.000801,-0.0509470435844903));
#7667=VERTEX_POINT('',#7666);
#7668=EDGE_CURVE('',#7667,#6829,#7665,.T.);
#7669=ORIENTED_EDGE('',*,*,#7668,.F.);
#7670=CARTESIAN_POINT('',(0.0436991990773283,0.000801,-0.0436991990773283));
#7671=DIRECTION('',(-0.707106781186548,0.,-0.707106781186548));
#7672=VECTOR('',#7671,1.);
#7673=LINE('',#7670,#7672);
#7674=EDGE_CURVE('',#7627,#7667,#7673,.T.);
#7675=ORIENTED_EDGE('',*,*,#7674,.F.);
#7676=ORIENTED_EDGE('',*,*,#7628,.T.);
#7677=EDGE_LOOP('',(#7661,#7669,#7675,#7676));
#7678=FACE_BOUND('',#7677,.T.);
#7679=ADVANCED_FACE('',(#7678),#7660,.F.);
#7680=COLOUR_RGB('',0.694117647058824,0.0980392156862745,0.0980392156862745);
#7681=FILL_AREA_STYLE_COLOUR('',#7680);
#7682=FILL_AREA_STYLE('',(#7681));
#7683=SURFACE_STYLE_FILL_AREA(#7682);
#7684=SURFACE_SIDE_STYLE('',(#7683));
#7685=SURFACE_STYLE_USAGE(.NEGATIVE.,#7684);
#7686=PRESENTATION_STYLE_ASSIGNMENT((#7685));
#7687=STYLED_ITEM('',(#7686),#7679);
#7688=CARTESIAN_POINT('',(0.0144299718171981,0.000801,-0.0289256608315222));
#7689=DIRECTION('',(0.,-1.,0.));
#7690=DIRECTION('',(0.,0.,-1.));
#7691=AXIS2_PLACEMENT_3D('',#7688,#7689,#7690);
#7692=CYLINDRICAL_SURFACE('',#7691,0.0311429381514566);
#7693=ORIENTED_EDGE('',*,*,#6830,.T.);
#7694=CARTESIAN_POINT('',(0.0144299718171981,0.000801,-0.0600685989829789));
#7695=DIRECTION('',(0.,-1.,0.));
#7696=VECTOR('',#7695,1.);
#7697=LINE('',#7694,#7696);
#7698=CARTESIAN_POINT('',(0.0144299718171981,0.000801,-0.0600685989829789));
#7699=VERTEX_POINT('',#7698);
#7700=EDGE_CURVE('',#7699,#6820,#7697,.T.);
#7701=ORIENTED_EDGE('',*,*,#7700,.F.);
#7702=CARTESIAN_POINT('',(0.0144299718171981,0.000801,-0.0289256608315222));
#7703=DIRECTION('',(0.,1.,0.));
#7704=DIRECTION('',(0.,0.,1.));
#7705=AXIS2_PLACEMENT_3D('',#7702,#7703,#7704);
#7706=CIRCLE('',#7705,0.0311429381514566);
#7707=EDGE_CURVE('',#7667,#7699,#7706,.T.);
#7708=ORIENTED_EDGE('',*,*,#7707,.F.);
#7709=ORIENTED_EDGE('',*,*,#7668,.T.);
#7710=EDGE_LOOP('',(#7693,#7701,#7708,#7709));
#7711=FACE_BOUND('',#7710,.T.);
#7712=ADVANCED_FACE('',(#7711),#7692,.T.);
#7713=COLOUR_RGB('',0.694117647058824,0.0980392156862745,0.0980392156862745);
#7714=FILL_AREA_STYLE_COLOUR('',#7713);
#7715=FILL_AREA_STYLE('',(#7714));
#7716=SURFACE_STYLE_FILL_AREA(#7715);
#7717=SURFACE_SIDE_STYLE('',(#7716));
#7718=SURFACE_STYLE_USAGE(.NEGATIVE.,#7717);
#7719=PRESENTATION_STYLE_ASSIGNMENT((#7718));
#7720=STYLED_ITEM('',(#7719),#7712);
#7721=CARTESIAN_POINT('',(1.44424965127953E-17,0.000801,-0.0600685989829789));
#7722=DIRECTION('',(2.40433383786557E-16,0.,-1.));
#7723=DIRECTION('',(-1.,0.,-2.40433383786557E-16));
#7724=AXIS2_PLACEMENT_3D('',#7721,#7722,#7723);
#7725=PLANE('',#7724);
#7726=ORIENTED_EDGE('',*,*,#6821,.F.);
#7727=CARTESIAN_POINT('',(-0.0144299718171983,0.000801,-0.0600685989829789));
#7728=DIRECTION('',(0.,-1.,0.));
#7729=VECTOR('',#7728,1.);
#7730=LINE('',#7727,#7729);
#7731=CARTESIAN_POINT('',(-0.0144299718171983,0.000801,-0.0600685989829789));
#7732=VERTEX_POINT('',#7731);
#7733=EDGE_CURVE('',#7732,#6812,#7730,.T.);
#7734=ORIENTED_EDGE('',*,*,#7733,.F.);
#7735=CARTESIAN_POINT('',(1.44424965127953E-17,0.000801,-0.0600685989829789));
#7736=DIRECTION('',(1.,0.,2.40433383786557E-16));
#7737=VECTOR('',#7736,1.);
#7738=LINE('',#7735,#7737);
#7739=EDGE_CURVE('',#7732,#7699,#7738,.T.);
#7740=ORIENTED_EDGE('',*,*,#7739,.T.);
#7741=ORIENTED_EDGE('',*,*,#7700,.T.);
#7742=EDGE_LOOP('',(#7726,#7734,#7740,#7741));
#7743=FACE_BOUND('',#7742,.T.);
#7744=ADVANCED_FACE('',(#7743),#7725,.T.);
#7745=COLOUR_RGB('',0.694117647058824,0.0980392156862745,0.0980392156862745);
#7746=FILL_AREA_STYLE_COLOUR('',#7745);
#7747=FILL_AREA_STYLE('',(#7746));
#7748=SURFACE_STYLE_FILL_AREA(#7747);
#7749=SURFACE_SIDE_STYLE('',(#7748));
#7750=SURFACE_STYLE_USAGE(.NEGATIVE.,#7749);
#7751=PRESENTATION_STYLE_ASSIGNMENT((#7750));
#7752=STYLED_ITEM('',(#7751),#7744);
#7753=CARTESIAN_POINT('',(-0.0144299718171983,0.000801,-0.0289256608315223));
#7754=DIRECTION('',(0.,-1.,0.));
#7755=DIRECTION('',(0.,0.,-1.));
#7756=AXIS2_PLACEMENT_3D('',#7753,#7754,#7755);
#7757=CYLINDRICAL_SURFACE('',#7756,0.0311429381514566);
#7758=ORIENTED_EDGE('',*,*,#6813,.T.);
#7759=CARTESIAN_POINT('',(-0.0364513545701672,0.000801,-0.0509470435844898));
#7760=DIRECTION('',(0.,-1.,0.));
#7761=VECTOR('',#7760,1.);
#7762=LINE('',#7759,#7761);
#7763=CARTESIAN_POINT('',(-0.0364513545701672,0.000801,-0.0509470435844898));
#7764=VERTEX_POINT('',#7763);
#7765=EDGE_CURVE('',#7764,#6803,#7762,.T.);
#7766=ORIENTED_EDGE('',*,*,#7765,.F.);
#7767=CARTESIAN_POINT('',(-0.0144299718171983,0.000801,-0.0289256608315223));
#7768=DIRECTION('',(0.,1.,0.));
#7769=DIRECTION('',(0.,0.,1.));
#7770=AXIS2_PLACEMENT_3D('',#7767,#7768,#7769);
#7771=CIRCLE('',#7770,0.0311429381514566);
#7772=EDGE_CURVE('',#7732,#7764,#7771,.T.);
#7773=ORIENTED_EDGE('',*,*,#7772,.F.);
#7774=ORIENTED_EDGE('',*,*,#7733,.T.);
#7775=EDGE_LOOP('',(#7758,#7766,#7773,#7774));
#7776=FACE_BOUND('',#7775,.T.);
#7777=ADVANCED_FACE('',(#7776),#7757,.T.);
#7778=COLOUR_RGB('',0.694117647058824,0.0980392156862745,0.0980392156862745);
#7779=FILL_AREA_STYLE_COLOUR('',#7778);
#7780=FILL_AREA_STYLE('',(#7779));
#7781=SURFACE_STYLE_FILL_AREA(#7780);
#7782=SURFACE_SIDE_STYLE('',(#7781));
#7783=SURFACE_STYLE_USAGE(.NEGATIVE.,#7782);
#7784=PRESENTATION_STYLE_ASSIGNMENT((#7783));
#7785=STYLED_ITEM('',(#7784),#7777);
#7786=CARTESIAN_POINT('',(-0.0436991990773285,0.000801,-0.0436991990773285));
#7787=DIRECTION('',(-0.707106781186548,0.,-0.707106781186547));
#7788=DIRECTION('',(-0.707106781186547,0.,0.707106781186548));
#7789=AXIS2_PLACEMENT_3D('',#7786,#7787,#7788);
#7790=PLANE('',#7789);
#7791=ORIENTED_EDGE('',*,*,#6804,.F.);
#7792=CARTESIAN_POINT('',(-0.0562503444433899,0.000801,-0.0311480537112671));
#7793=DIRECTION('',(0.,-1.,0.));
#7794=VECTOR('',#7793,1.);
#7795=LINE('',#7792,#7794);
#7796=CARTESIAN_POINT('',(-0.0562503444433899,0.000801,-0.0311480537112671));
#7797=VERTEX_POINT('',#7796);
#7798=EDGE_CURVE('',#7797,#6795,#7795,.T.);
#7799=ORIENTED_EDGE('',*,*,#7798,.F.);
#7800=CARTESIAN_POINT('',(-0.0436991990773285,0.000801,-0.0436991990773285));
#7801=DIRECTION('',(0.707106781186547,0.,-0.707106781186548));
#7802=VECTOR('',#7801,1.);
#7803=LINE('',#7800,#7802);
#7804=EDGE_CURVE('',#7797,#7764,#7803,.T.);
#7805=ORIENTED_EDGE('',*,*,#7804,.T.);
#7806=ORIENTED_EDGE('',*,*,#7765,.T.);
#7807=EDGE_LOOP('',(#7791,#7799,#7805,#7806));
#7808=FACE_BOUND('',#7807,.T.);
#7809=ADVANCED_FACE('',(#7808),#7790,.T.);
#7810=COLOUR_RGB('',0.694117647058824,0.0980392156862745,0.0980392156862745);
#7811=FILL_AREA_STYLE_COLOUR('',#7810);
#7812=FILL_AREA_STYLE('',(#7811));
#7813=SURFACE_STYLE_FILL_AREA(#7812);
#7814=SURFACE_SIDE_STYLE('',(#7813));
#7815=SURFACE_STYLE_USAGE(.NEGATIVE.,#7814);
#7816=PRESENTATION_STYLE_ASSIGNMENT((#7815));
#7817=STYLED_ITEM('',(#7816),#7809);
#7818=CARTESIAN_POINT('',(-0.0643021174217683,0.000801,-0.0391998266896455));
#7819=DIRECTION('',(0.,-1.,0.));
#7820=DIRECTION('',(0.,0.,-1.));
#7821=AXIS2_PLACEMENT_3D('',#7818,#7819,#7820);
#7822=CYLINDRICAL_SURFACE('',#7821,0.0113869265471719);
#7823=ORIENTED_EDGE('',*,*,#6796,.F.);
#7824=CARTESIAN_POINT('',(-0.0643021174217683,0.000801,-0.0278129001424736));
#7825=DIRECTION('',(0.,-1.,0.));
#7826=VECTOR('',#7825,1.);
#7827=LINE('',#7824,#7826);
#7828=CARTESIAN_POINT('',(-0.0643021174217683,0.000801,-0.0278129001424736));
#7829=VERTEX_POINT('',#7828);
#7830=EDGE_CURVE('',#7829,#6786,#7827,.T.);
#7831=ORIENTED_EDGE('',*,*,#7830,.F.);
#7832=CARTESIAN_POINT('',(-0.0643021174217683,0.000801,-0.0391998266896455));
#7833=DIRECTION('',(0.,1.,0.));
#7834=DIRECTION('',(0.,0.,1.));
#7835=AXIS2_PLACEMENT_3D('',#7832,#7833,#7834);
#7836=CIRCLE('',#7835,0.0113869265471719);
#7837=EDGE_CURVE('',#7829,#7797,#7836,.T.);
#7838=ORIENTED_EDGE('',*,*,#7837,.T.);
#7839=ORIENTED_EDGE('',*,*,#7798,.T.);
#7840=EDGE_LOOP('',(#7823,#7831,#7838,#7839));
#7841=FACE_BOUND('',#7840,.T.);
#7842=ADVANCED_FACE('',(#7841),#7822,.F.);
#7843=COLOUR_RGB('',0.694117647058824,0.0980392156862745,0.0980392156862745);
#7844=FILL_AREA_STYLE_COLOUR('',#7843);
#7845=FILL_AREA_STYLE('',(#7844));
#7846=SURFACE_STYLE_FILL_AREA(#7845);
#7847=SURFACE_SIDE_STYLE('',(#7846));
#7848=SURFACE_STYLE_USAGE(.NEGATIVE.,#7847);
#7849=PRESENTATION_STYLE_ASSIGNMENT((#7848));
#7850=STYLED_ITEM('',(#7849),#7842);
#7851=CARTESIAN_POINT('',(-4.46855194184654E-18,0.000801,-0.0278129001424736));
#7852=DIRECTION('',(-1.60664724604628E-16,0.,-1.));
#7853=DIRECTION('',(-1.,0.,1.60664724604628E-16));
#7854=AXIS2_PLACEMENT_3D('',#7851,#7852,#7853);
#7855=PLANE('',#7854);
#7856=ORIENTED_EDGE('',*,*,#6787,.F.);
#7857=CARTESIAN_POINT('',(-0.0858964466094067,0.000801,-0.0278129001424736));
#7858=DIRECTION('',(0.,-1.,0.));
#7859=VECTOR('',#7858,1.);
#7860=LINE('',#7857,#7859);
#7861=CARTESIAN_POINT('',(-0.0858964466094067,0.000801,-0.0278129001424736));
#7862=VERTEX_POINT('',#7861);
#7863=EDGE_CURVE('',#7862,#6778,#7860,.T.);
#7864=ORIENTED_EDGE('',*,*,#7863,.F.);
#7865=CARTESIAN_POINT('',(-4.46855194184654E-18,0.000801,-0.0278129001424736));
#7866=DIRECTION('',(1.,0.,-1.60664724604628E-16));
#7867=VECTOR('',#7866,1.);
#7868=LINE('',#7865,#7867);
#7869=EDGE_CURVE('',#7862,#7829,#7868,.T.);
#7870=ORIENTED_EDGE('',*,*,#7869,.T.);
#7871=ORIENTED_EDGE('',*,*,#7830,.T.);
#7872=EDGE_LOOP('',(#7856,#7864,#7870,#7871));
#7873=FACE_BOUND('',#7872,.T.);
#7874=ADVANCED_FACE('',(#7873),#7855,.T.);
#7875=COLOUR_RGB('',0.694117647058824,0.0980392156862745,0.0980392156862745);
#7876=FILL_AREA_STYLE_COLOUR('',#7875);
#7877=FILL_AREA_STYLE('',(#7876));
#7878=SURFACE_STYLE_FILL_AREA(#7877);
#7879=SURFACE_SIDE_STYLE('',(#7878));
#7880=SURFACE_STYLE_USAGE(.NEGATIVE.,#7879);
#7881=PRESENTATION_STYLE_ASSIGNMENT((#7880));
#7882=STYLED_ITEM('',(#7881),#7874);
#7883=CARTESIAN_POINT('',(-0.0568546733759402,0.000801,-0.0568546733759402));
#7884=DIRECTION('',(-0.707106781186548,0.,-0.707106781186548));
#7885=DIRECTION('',(-0.707106781186548,0.,0.707106781186548));
#7886=AXIS2_PLACEMENT_3D('',#7883,#7884,#7885);
#7887=PLANE('',#7886);
#7888=ORIENTED_EDGE('',*,*,#6779,.F.);
#7889=CARTESIAN_POINT('',(-0.09075,0.000801,-0.0229593467518803));
#7890=DIRECTION('',(0.,-1.,0.));
#7891=VECTOR('',#7890,1.);
#7892=LINE('',#7889,#7891);
#7893=CARTESIAN_POINT('',(-0.09075,0.000801,-0.0229593467518803));
#7894=VERTEX_POINT('',#7893);
#7895=EDGE_CURVE('',#7894,#6770,#7892,.T.);
#7896=ORIENTED_EDGE('',*,*,#7895,.F.);
#7897=CARTESIAN_POINT('',(-0.0568546733759402,0.000801,-0.0568546733759402));
#7898=DIRECTION('',(0.707106781186548,0.,-0.707106781186548));
#7899=VECTOR('',#7898,1.);
#7900=LINE('',#7897,#7899);
#7901=EDGE_CURVE('',#7894,#7862,#7900,.T.);
#7902=ORIENTED_EDGE('',*,*,#7901,.T.);
#7903=ORIENTED_EDGE('',*,*,#7863,.T.);
#7904=EDGE_LOOP('',(#7888,#7896,#7902,#7903));
#7905=FACE_BOUND('',#7904,.T.);
#7906=ADVANCED_FACE('',(#7905),#7887,.T.);
#7907=COLOUR_RGB('',0.694117647058824,0.0980392156862745,0.0980392156862745);
#7908=FILL_AREA_STYLE_COLOUR('',#7907);
#7909=FILL_AREA_STYLE('',(#7908));
#7910=SURFACE_STYLE_FILL_AREA(#7909);
#7911=SURFACE_SIDE_STYLE('',(#7910));
#7912=SURFACE_STYLE_USAGE(.NEGATIVE.,#7911);
#7913=PRESENTATION_STYLE_ASSIGNMENT((#7912));
#7914=STYLED_ITEM('',(#7913),#7906);
#7915=CARTESIAN_POINT('',(-0.09075,0.000801,0.));
#7916=DIRECTION('',(-1.,0.,0.));
#7917=DIRECTION('',(0.,0.,1.));
#7918=AXIS2_PLACEMENT_3D('',#7915,#7916,#7917);
#7919=PLANE('',#7918);
#7920=ORIENTED_EDGE('',*,*,#6771,.F.);
#7921=CARTESIAN_POINT('',(-0.09075,0.000801,0.0238335464669331));
#7922=DIRECTION('',(0.,-1.,0.));
#7923=VECTOR('',#7922,1.);
#7924=LINE('',#7921,#7923);
#7925=CARTESIAN_POINT('',(-0.09075,0.000801,0.0238335464669331));
#7926=VERTEX_POINT('',#7925);
#7927=EDGE_CURVE('',#7926,#6762,#7924,.T.);
#7928=ORIENTED_EDGE('',*,*,#7927,.F.);
#7929=CARTESIAN_POINT('',(-0.09075,0.000801,0.));
#7930=DIRECTION('',(0.,0.,-1.));
#7931=VECTOR('',#7930,1.);
#7932=LINE('',#7929,#7931);
#7933=EDGE_CURVE('',#7926,#7894,#7932,.T.);
#7934=ORIENTED_EDGE('',*,*,#7933,.T.);
#7935=ORIENTED_EDGE('',*,*,#7895,.T.);
#7936=EDGE_LOOP('',(#7920,#7928,#7934,#7935));
#7937=FACE_BOUND('',#7936,.T.);
#7938=ADVANCED_FACE('',(#7937),#7919,.T.);
#7939=COLOUR_RGB('',0.694117647058824,0.0980392156862745,0.0980392156862745);
#7940=FILL_AREA_STYLE_COLOUR('',#7939);
#7941=FILL_AREA_STYLE('',(#7940));
#7942=SURFACE_STYLE_FILL_AREA(#7941);
#7943=SURFACE_SIDE_STYLE('',(#7942));
#7944=SURFACE_STYLE_USAGE(.NEGATIVE.,#7943);
#7945=PRESENTATION_STYLE_ASSIGNMENT((#7944));
#7946=STYLED_ITEM('',(#7945),#7938);
#7947=CARTESIAN_POINT('',(-0.0572917732334666,0.000801,0.0572917732334666));
#7948=DIRECTION('',(-0.707106781186548,0.,0.707106781186548));
#7949=DIRECTION('',(0.707106781186548,0.,0.707106781186548));
#7950=AXIS2_PLACEMENT_3D('',#7947,#7948,#7949);
#7951=PLANE('',#7950);
#7952=ORIENTED_EDGE('',*,*,#6763,.F.);
#7953=CARTESIAN_POINT('',(-0.0858964466094067,0.000801,0.0286870998575264));
#7954=DIRECTION('',(0.,-1.,0.));
#7955=VECTOR('',#7954,1.);
#7956=LINE('',#7953,#7955);
#7957=CARTESIAN_POINT('',(-0.0858964466094067,0.000801,0.0286870998575264));
#7958=VERTEX_POINT('',#7957);
#7959=EDGE_CURVE('',#7958,#6754,#7956,.T.);
#7960=ORIENTED_EDGE('',*,*,#7959,.F.);
#7961=CARTESIAN_POINT('',(-0.0572917732334666,0.000801,0.0572917732334666));
#7962=DIRECTION('',(-0.707106781186548,0.,-0.707106781186548));
#7963=VECTOR('',#7962,1.);
#7964=LINE('',#7961,#7963);
#7965=EDGE_CURVE('',#7958,#7926,#7964,.T.);
#7966=ORIENTED_EDGE('',*,*,#7965,.T.);
#7967=ORIENTED_EDGE('',*,*,#7927,.T.);
#7968=EDGE_LOOP('',(#7952,#7960,#7966,#7967));
#7969=FACE_BOUND('',#7968,.T.);
#7970=ADVANCED_FACE('',(#7969),#7951,.T.);
#7971=COLOUR_RGB('',0.694117647058824,0.0980392156862745,0.0980392156862745);
#7972=FILL_AREA_STYLE_COLOUR('',#7971);
#7973=FILL_AREA_STYLE('',(#7972));
#7974=SURFACE_STYLE_FILL_AREA(#7973);
#7975=SURFACE_SIDE_STYLE('',(#7974));
#7976=SURFACE_STYLE_USAGE(.NEGATIVE.,#7975);
#7977=PRESENTATION_STYLE_ASSIGNMENT((#7976));
#7978=STYLED_ITEM('',(#7977),#7970);
#7979=CARTESIAN_POINT('',(0.,0.000801,0.0286870998575264));
#7980=DIRECTION('',(0.,0.,-1.));
#7981=DIRECTION('',(-1.,0.,0.));
#7982=AXIS2_PLACEMENT_3D('',#7979,#7980,#7981);
#7983=PLANE('',#7982);
#7984=ORIENTED_EDGE('',*,*,#6755,.T.);
#7985=CARTESIAN_POINT('',(-0.0635,0.000801,0.0286870998575264));
#7986=DIRECTION('',(0.,-1.,0.));
#7987=VECTOR('',#7986,1.);
#7988=LINE('',#7985,#7987);
#7989=CARTESIAN_POINT('',(-0.0635,0.000801,0.0286870998575264));
#7990=VERTEX_POINT('',#7989);
#7991=EDGE_CURVE('',#7990,#6746,#7988,.T.);
#7992=ORIENTED_EDGE('',*,*,#7991,.F.);
#7993=CARTESIAN_POINT('',(0.,0.000801,0.0286870998575264));
#7994=DIRECTION('',(1.,0.,0.));
#7995=VECTOR('',#7994,1.);
#7996=LINE('',#7993,#7995);
#7997=EDGE_CURVE('',#7958,#7990,#7996,.T.);
#7998=ORIENTED_EDGE('',*,*,#7997,.F.);
#7999=ORIENTED_EDGE('',*,*,#7959,.T.);
#8000=EDGE_LOOP('',(#7984,#7992,#7998,#7999));
#8001=FACE_BOUND('',#8000,.T.);
#8002=ADVANCED_FACE('',(#8001),#7983,.F.);
#8003=COLOUR_RGB('',0.694117647058824,0.0980392156862745,0.0980392156862745);
#8004=FILL_AREA_STYLE_COLOUR('',#8003);
#8005=FILL_AREA_STYLE('',(#8004));
#8006=SURFACE_STYLE_FILL_AREA(#8005);
#8007=SURFACE_SIDE_STYLE('',(#8006));
#8008=SURFACE_STYLE_USAGE(.NEGATIVE.,#8007);
#8009=PRESENTATION_STYLE_ASSIGNMENT((#8008));
#8010=STYLED_ITEM('',(#8009),#8002);
#8011=CARTESIAN_POINT('',(-0.0635,0.000801,0.0402480484547512));
#8012=DIRECTION('',(0.,-1.,0.));
#8013=DIRECTION('',(0.,0.,-1.));
#8014=AXIS2_PLACEMENT_3D('',#8011,#8012,#8013);
#8015=CYLINDRICAL_SURFACE('',#8014,0.0115609485972248);
#8016=ORIENTED_EDGE('',*,*,#6747,.F.);
#8017=CARTESIAN_POINT('',(-0.0553251748499533,0.000801,0.0320732233047045));
#8018=DIRECTION('',(0.,-1.,0.));
#8019=VECTOR('',#8018,1.);
#8020=LINE('',#8017,#8019);
#8021=CARTESIAN_POINT('',(-0.0553251748499533,0.000801,0.0320732233047045));
#8022=VERTEX_POINT('',#8021);
#8023=EDGE_CURVE('',#8022,#6737,#8020,.T.);
#8024=ORIENTED_EDGE('',*,*,#8023,.F.);
#8025=CARTESIAN_POINT('',(-0.0635,0.000801,0.0402480484547512));
#8026=DIRECTION('',(0.,1.,0.));
#8027=DIRECTION('',(0.,0.,1.));
#8028=AXIS2_PLACEMENT_3D('',#8025,#8026,#8027);
#8029=CIRCLE('',#8028,0.0115609485972248);
#8030=EDGE_CURVE('',#8022,#7990,#8029,.T.);
#8031=ORIENTED_EDGE('',*,*,#8030,.T.);
#8032=ORIENTED_EDGE('',*,*,#7991,.T.);
#8033=EDGE_LOOP('',(#8016,#8024,#8031,#8032));
#8034=FACE_BOUND('',#8033,.T.);
#8035=ADVANCED_FACE('',(#8034),#8015,.F.);
#8036=COLOUR_RGB('',0.694117647058824,0.0980392156862745,0.0980392156862745);
#8037=FILL_AREA_STYLE_COLOUR('',#8036);
#8038=FILL_AREA_STYLE('',(#8037));
#8039=SURFACE_STYLE_FILL_AREA(#8038);
#8040=SURFACE_SIDE_STYLE('',(#8039));
#8041=SURFACE_STYLE_USAGE(.NEGATIVE.,#8040);
#8042=PRESENTATION_STYLE_ASSIGNMENT((#8041));
#8043=STYLED_ITEM('',(#8042),#8035);
#8044=CARTESIAN_POINT('',(-0.0436991990773289,0.000801,0.0436991990773289));
#8045=DIRECTION('',(-0.707106781186548,0.,0.707106781186547));
#8046=DIRECTION('',(0.707106781186547,0.,0.707106781186548));
#8047=AXIS2_PLACEMENT_3D('',#8044,#8045,#8046);
#8048=PLANE('',#8047);
#8049=ORIENTED_EDGE('',*,*,#6738,.F.);
#8050=CARTESIAN_POINT('',(-0.0321030563099057,0.000801,0.055295341844752));
#8051=DIRECTION('',(0.,-1.,0.));
#8052=VECTOR('',#8051,1.);
#8053=LINE('',#8050,#8052);
#8054=CARTESIAN_POINT('',(-0.0321030563099057,0.000801,0.055295341844752));
#8055=VERTEX_POINT('',#8054);
#8056=EDGE_CURVE('',#8055,#6729,#8053,.T.);
#8057=ORIENTED_EDGE('',*,*,#8056,.F.);
#8058=CARTESIAN_POINT('',(-0.0436991990773289,0.000801,0.0436991990773289));
#8059=DIRECTION('',(-0.707106781186547,0.,-0.707106781186548));
#8060=VECTOR('',#8059,1.);
#8061=LINE('',#8058,#8060);
#8062=EDGE_CURVE('',#8055,#8022,#8061,.T.);
#8063=ORIENTED_EDGE('',*,*,#8062,.T.);
#8064=ORIENTED_EDGE('',*,*,#8023,.T.);
#8065=EDGE_LOOP('',(#8049,#8057,#8063,#8064));
#8066=FACE_BOUND('',#8065,.T.);
#8067=ADVANCED_FACE('',(#8066),#8048,.T.);
#8068=COLOUR_RGB('',0.694117647058824,0.0980392156862745,0.0980392156862745);
#8069=FILL_AREA_STYLE_COLOUR('',#8068);
#8070=FILL_AREA_STYLE('',(#8069));
#8071=SURFACE_STYLE_FILL_AREA(#8070);
#8072=SURFACE_SIDE_STYLE('',(#8071));
#8073=SURFACE_STYLE_USAGE(.NEGATIVE.,#8072);
#8074=PRESENTATION_STYLE_ASSIGNMENT((#8073));
#8075=STYLED_ITEM('',(#8074),#8067);
#8076=CARTESIAN_POINT('',(-0.0277919933423661,0.000801,0.0573832849352794));
#8077=DIRECTION('',(-0.435889894354084,0.,0.899999999999992));
#8078=DIRECTION('',(0.899999999999992,0.,0.435889894354084));
#8079=AXIS2_PLACEMENT_3D('',#8076,#8077,#8078);
#8080=PLANE('',#8079);
#8081=ORIENTED_EDGE('',*,*,#6730,.F.);
#8082=CARTESIAN_POINT('',(-0.0276926460665323,0.000801,0.0574314010170211));
#8083=DIRECTION('',(0.,-1.,0.));
#8084=VECTOR('',#8083,1.);
#8085=LINE('',#8082,#8084);
#8086=CARTESIAN_POINT('',(-0.0276926460665323,0.000801,0.0574314010170211));
#8087=VERTEX_POINT('',#8086);
#8088=EDGE_CURVE('',#8087,#6721,#8085,.T.);
#8089=ORIENTED_EDGE('',*,*,#8088,.F.);
#8090=CARTESIAN_POINT('',(-0.0277919933423661,0.000801,0.0573832849352794));
#8091=DIRECTION('',(-0.899999999999992,0.,-0.435889894354084));
#8092=VECTOR('',#8091,1.);
#8093=LINE('',#8090,#8092);
#8094=EDGE_CURVE('',#8087,#8055,#8093,.T.);
#8095=ORIENTED_EDGE('',*,*,#8094,.T.);
#8096=ORIENTED_EDGE('',*,*,#8056,.T.);
#8097=EDGE_LOOP('',(#8081,#8089,#8095,#8096));
#8098=FACE_BOUND('',#8097,.T.);
#8099=ADVANCED_FACE('',(#8098),#8080,.T.);
#8100=COLOUR_RGB('',0.694117647058824,0.0980392156862745,0.0980392156862745);
#8101=FILL_AREA_STYLE_COLOUR('',#8100);
#8102=FILL_AREA_STYLE('',(#8101));
#8103=SURFACE_STYLE_FILL_AREA(#8102);
#8104=SURFACE_SIDE_STYLE('',(#8103));
#8105=SURFACE_STYLE_USAGE(.NEGATIVE.,#8104);
#8106=PRESENTATION_STYLE_ASSIGNMENT((#8105));
#8107=STYLED_ITEM('',(#8106),#8099);
#8108=CARTESIAN_POINT('',(0.,0.000801,0.0574314010170211));
#8109=DIRECTION('',(0.,0.,-1.));
#8110=DIRECTION('',(-1.,0.,0.));
#8111=AXIS2_PLACEMENT_3D('',#8108,#8109,#8110);
#8112=PLANE('',#8111);
#8113=ORIENTED_EDGE('',*,*,#6722,.T.);
#8114=CARTESIAN_POINT('',(0.0276926460665323,0.000801,0.0574314010170211));
#8115=DIRECTION('',(0.,-1.,0.));
#8116=VECTOR('',#8115,1.);
#8117=LINE('',#8114,#8116);
#8118=CARTESIAN_POINT('',(0.0276926460665323,0.000801,0.0574314010170211));
#8119=VERTEX_POINT('',#8118);
#8120=EDGE_CURVE('',#8119,#6713,#8117,.T.);
#8121=ORIENTED_EDGE('',*,*,#8120,.F.);
#8122=CARTESIAN_POINT('',(0.,0.000801,0.0574314010170211));
#8123=DIRECTION('',(1.,0.,0.));
#8124=VECTOR('',#8123,1.);
#8125=LINE('',#8122,#8124);
#8126=EDGE_CURVE('',#8087,#8119,#8125,.T.);
#8127=ORIENTED_EDGE('',*,*,#8126,.F.);
#8128=ORIENTED_EDGE('',*,*,#8088,.T.);
#8129=EDGE_LOOP('',(#8113,#8121,#8127,#8128));
#8130=FACE_BOUND('',#8129,.T.);
#8131=ADVANCED_FACE('',(#8130),#8112,.F.);
#8132=COLOUR_RGB('',0.694117647058824,0.0980392156862745,0.0980392156862745);
#8133=FILL_AREA_STYLE_COLOUR('',#8132);
#8134=FILL_AREA_STYLE('',(#8133));
#8135=SURFACE_STYLE_FILL_AREA(#8134);
#8136=SURFACE_SIDE_STYLE('',(#8135));
#8137=SURFACE_STYLE_USAGE(.NEGATIVE.,#8136);
#8138=PRESENTATION_STYLE_ASSIGNMENT((#8137));
#8139=STYLED_ITEM('',(#8138),#8131);
#8140=CARTESIAN_POINT('',(0.0277919933423654,0.000801,0.0573832849352797));
#8141=DIRECTION('',(-0.435889894354073,0.,-0.899999999999997));
#8142=DIRECTION('',(-0.899999999999997,0.,0.435889894354074));
#8143=AXIS2_PLACEMENT_3D('',#8140,#8141,#8142);
#8144=PLANE('',#8143);
#8145=ORIENTED_EDGE('',*,*,#6714,.T.);
#8146=CARTESIAN_POINT('',(0.0321030563099051,0.000801,0.0552953418447524));
#8147=DIRECTION('',(0.,-1.,0.));
#8148=VECTOR('',#8147,1.);
#8149=LINE('',#8146,#8148);
#8150=CARTESIAN_POINT('',(0.0321030563099051,0.000801,0.0552953418447524));
#8151=VERTEX_POINT('',#8150);
#8152=EDGE_CURVE('',#8151,#6705,#8149,.T.);
#8153=ORIENTED_EDGE('',*,*,#8152,.F.);
#8154=CARTESIAN_POINT('',(0.0277919933423654,0.000801,0.0573832849352797));
#8155=DIRECTION('',(0.899999999999997,0.,-0.435889894354073));
#8156=VECTOR('',#8155,1.);
#8157=LINE('',#8154,#8156);
#8158=EDGE_CURVE('',#8119,#8151,#8157,.T.);
#8159=ORIENTED_EDGE('',*,*,#8158,.F.);
#8160=ORIENTED_EDGE('',*,*,#8120,.T.);
#8161=EDGE_LOOP('',(#8145,#8153,#8159,#8160));
#8162=FACE_BOUND('',#8161,.T.);
#8163=ADVANCED_FACE('',(#8162),#8144,.F.);
#8164=COLOUR_RGB('',0.694117647058824,0.0980392156862745,0.0980392156862745);
#8165=FILL_AREA_STYLE_COLOUR('',#8164);
#8166=FILL_AREA_STYLE('',(#8165));
#8167=SURFACE_STYLE_FILL_AREA(#8166);
#8168=SURFACE_SIDE_STYLE('',(#8167));
#8169=SURFACE_STYLE_USAGE(.NEGATIVE.,#8168);
#8170=PRESENTATION_STYLE_ASSIGNMENT((#8169));
#8171=STYLED_ITEM('',(#8170),#8163);
#8172=CARTESIAN_POINT('',(0.0436991990773285,0.000801,0.0436991990773291));
#8173=DIRECTION('',(-0.707106781186542,0.,-0.707106781186553));
#8174=DIRECTION('',(-0.707106781186553,0.,0.707106781186542));
#8175=AXIS2_PLACEMENT_3D('',#8172,#8173,#8174);
#8176=PLANE('',#8175);
#8177=ORIENTED_EDGE('',*,*,#6706,.T.);
#8178=CARTESIAN_POINT('',(0.0553251748499521,0.000801,0.0320732233047057));
#8179=DIRECTION('',(0.,-1.,0.));
#8180=VECTOR('',#8179,1.);
#8181=LINE('',#8178,#8180);
#8182=CARTESIAN_POINT('',(0.0553251748499521,0.000801,0.0320732233047057));
#8183=VERTEX_POINT('',#8182);
#8184=EDGE_CURVE('',#8183,#6697,#8181,.T.);
#8185=ORIENTED_EDGE('',*,*,#8184,.F.);
#8186=CARTESIAN_POINT('',(0.0436991990773285,0.000801,0.0436991990773291));
#8187=DIRECTION('',(0.707106781186553,0.,-0.707106781186542));
#8188=VECTOR('',#8187,1.);
#8189=LINE('',#8186,#8188);
#8190=EDGE_CURVE('',#8151,#8183,#8189,.T.);
#8191=ORIENTED_EDGE('',*,*,#8190,.F.);
#8192=ORIENTED_EDGE('',*,*,#8152,.T.);
#8193=EDGE_LOOP('',(#8177,#8185,#8191,#8192));
#8194=FACE_BOUND('',#8193,.T.);
#8195=ADVANCED_FACE('',(#8194),#8176,.F.);
#8196=COLOUR_RGB('',0.694117647058824,0.0980392156862745,0.0980392156862745);
#8197=FILL_AREA_STYLE_COLOUR('',#8196);
#8198=FILL_AREA_STYLE('',(#8197));
#8199=SURFACE_STYLE_FILL_AREA(#8198);
#8200=SURFACE_SIDE_STYLE('',(#8199));
#8201=SURFACE_STYLE_USAGE(.NEGATIVE.,#8200);
#8202=PRESENTATION_STYLE_ASSIGNMENT((#8201));
#8203=STYLED_ITEM('',(#8202),#8195);
#8204=CARTESIAN_POINT('',(0.0635000000000013,0.000801,0.0402480484547549));
#8205=DIRECTION('',(0.,-1.,0.));
#8206=DIRECTION('',(0.,0.,-1.));
#8207=AXIS2_PLACEMENT_3D('',#8204,#8205,#8206);
#8208=CYLINDRICAL_SURFACE('',#8207,0.0115609485972282);
#8209=ORIENTED_EDGE('',*,*,#6698,.F.);
#8210=CARTESIAN_POINT('',(0.0635000000000013,0.000801,0.0286870998575267));
#8211=DIRECTION('',(0.,-1.,0.));
#8212=VECTOR('',#8211,1.);
#8213=LINE('',#8210,#8212);
#8214=CARTESIAN_POINT('',(0.0635000000000013,0.000801,0.0286870998575267));
#8215=VERTEX_POINT('',#8214);
#8216=EDGE_CURVE('',#8215,#6688,#8213,.T.);
#8217=ORIENTED_EDGE('',*,*,#8216,.F.);
#8218=CARTESIAN_POINT('',(0.0635000000000013,0.000801,0.0402480484547549));
#8219=DIRECTION('',(0.,1.,0.));
#8220=DIRECTION('',(0.,0.,1.));
#8221=AXIS2_PLACEMENT_3D('',#8218,#8219,#8220);
#8222=CIRCLE('',#8221,0.0115609485972282);
#8223=EDGE_CURVE('',#8215,#8183,#8222,.T.);
#8224=ORIENTED_EDGE('',*,*,#8223,.T.);
#8225=ORIENTED_EDGE('',*,*,#8184,.T.);
#8226=EDGE_LOOP('',(#8209,#8217,#8224,#8225));
#8227=FACE_BOUND('',#8226,.T.);
#8228=ADVANCED_FACE('',(#8227),#8208,.F.);
#8229=COLOUR_RGB('',0.694117647058824,0.0980392156862745,0.0980392156862745);
#8230=FILL_AREA_STYLE_COLOUR('',#8229);
#8231=FILL_AREA_STYLE('',(#8230));
#8232=SURFACE_STYLE_FILL_AREA(#8231);
#8233=SURFACE_SIDE_STYLE('',(#8232));
#8234=SURFACE_STYLE_USAGE(.NEGATIVE.,#8233);
#8235=PRESENTATION_STYLE_ASSIGNMENT((#8234));
#8236=STYLED_ITEM('',(#8235),#8228);
#8237=CARTESIAN_POINT('',(3.0218763525243E-16,0.000801,0.0286870998575273));
#8238=DIRECTION('',(-1.05339207083751E-14,0.,-1.));
#8239=DIRECTION('',(-1.,0.,1.05339207083751E-14));
#8240=AXIS2_PLACEMENT_3D('',#8237,#8238,#8239);
#8241=PLANE('',#8240);
#8242=ORIENTED_EDGE('',*,*,#6689,.T.);
#8243=CARTESIAN_POINT('',(0.085896446609408,0.000801,0.0286870998575264));
#8244=DIRECTION('',(0.,-1.,0.));
#8245=VECTOR('',#8244,1.);
#8246=LINE('',#8243,#8245);
#8247=CARTESIAN_POINT('',(0.085896446609408,0.000801,0.0286870998575264));
#8248=VERTEX_POINT('',#8247);
#8249=EDGE_CURVE('',#8248,#6680,#8246,.T.);
#8250=ORIENTED_EDGE('',*,*,#8249,.F.);
#8251=CARTESIAN_POINT('',(3.0218763525243E-16,0.000801,0.0286870998575273));
#8252=DIRECTION('',(1.,0.,-1.05339207083751E-14));
#8253=VECTOR('',#8252,1.);
#8254=LINE('',#8251,#8253);
#8255=EDGE_CURVE('',#8215,#8248,#8254,.T.);
#8256=ORIENTED_EDGE('',*,*,#8255,.F.);
#8257=ORIENTED_EDGE('',*,*,#8216,.T.);
#8258=EDGE_LOOP('',(#8242,#8250,#8256,#8257));
#8259=FACE_BOUND('',#8258,.T.);
#8260=ADVANCED_FACE('',(#8259),#8241,.F.);
#8261=COLOUR_RGB('',0.694117647058824,0.0980392156862745,0.0980392156862745);
#8262=FILL_AREA_STYLE_COLOUR('',#8261);
#8263=FILL_AREA_STYLE('',(#8262));
#8264=SURFACE_STYLE_FILL_AREA(#8263);
#8265=SURFACE_SIDE_STYLE('',(#8264));
#8266=SURFACE_STYLE_USAGE(.NEGATIVE.,#8265);
#8267=PRESENTATION_STYLE_ASSIGNMENT((#8266));
#8268=STYLED_ITEM('',(#8267),#8260);
#8269=CARTESIAN_POINT('',(0.0572917732334671,0.000801,0.0572917732334672));
#8270=DIRECTION('',(-0.707106781186547,0.,-0.707106781186548));
#8271=DIRECTION('',(-0.707106781186548,0.,0.707106781186547));
#8272=AXIS2_PLACEMENT_3D('',#8269,#8270,#8271);
#8273=PLANE('',#8272);
#8274=ORIENTED_EDGE('',*,*,#6681,.T.);
#8275=CARTESIAN_POINT('',(0.0907500000000013,0.000801,0.0238335464669331));
#8276=DIRECTION('',(0.,-1.,0.));
#8277=VECTOR('',#8276,1.);
#8278=LINE('',#8275,#8277);
#8279=CARTESIAN_POINT('',(0.0907500000000013,0.000801,0.0238335464669331));
#8280=VERTEX_POINT('',#8279);
#8281=EDGE_CURVE('',#8280,#6672,#8278,.T.);
#8282=ORIENTED_EDGE('',*,*,#8281,.F.);
#8283=CARTESIAN_POINT('',(0.0572917732334671,0.000801,0.0572917732334672));
#8284=DIRECTION('',(0.707106781186548,0.,-0.707106781186547));
#8285=VECTOR('',#8284,1.);
#8286=LINE('',#8283,#8285);
#8287=EDGE_CURVE('',#8248,#8280,#8286,.T.);
#8288=ORIENTED_EDGE('',*,*,#8287,.F.);
#8289=ORIENTED_EDGE('',*,*,#8249,.T.);
#8290=EDGE_LOOP('',(#8274,#8282,#8288,#8289));
#8291=FACE_BOUND('',#8290,.T.);
#8292=ADVANCED_FACE('',(#8291),#8273,.F.);
#8293=COLOUR_RGB('',0.694117647058824,0.0980392156862745,0.0980392156862745);
#8294=FILL_AREA_STYLE_COLOUR('',#8293);
#8295=FILL_AREA_STYLE('',(#8294));
#8296=SURFACE_STYLE_FILL_AREA(#8295);
#8297=SURFACE_SIDE_STYLE('',(#8296));
#8298=SURFACE_STYLE_USAGE(.NEGATIVE.,#8297);
#8299=PRESENTATION_STYLE_ASSIGNMENT((#8298));
#8300=STYLED_ITEM('',(#8299),#8292);
#8301=CARTESIAN_POINT('',(0.0907500000000005,0.000801,-2.74528318311779E-15));
#8302=DIRECTION('',(1.,0.,-3.02510543594246E-14));
#8303=DIRECTION('',(-3.02510543594246E-14,0.,-1.));
#8304=AXIS2_PLACEMENT_3D('',#8301,#8302,#8303);
#8305=PLANE('',#8304);
#8306=ORIENTED_EDGE('',*,*,#6673,.F.);
#8307=CARTESIAN_POINT('',(0.0907499999999998,0.000801,-0.0229593467518803));
#8308=DIRECTION('',(0.,-1.,0.));
#8309=VECTOR('',#8308,1.);
#8310=LINE('',#8307,#8309);
#8311=CARTESIAN_POINT('',(0.0907499999999998,0.000801,-0.0229593467518803));
#8312=VERTEX_POINT('',#8311);
#8313=EDGE_CURVE('',#8312,#6664,#8310,.T.);
#8314=ORIENTED_EDGE('',*,*,#8313,.F.);
#8315=CARTESIAN_POINT('',(0.0907500000000005,0.000801,-2.74528318311779E-15));
#8316=DIRECTION('',(3.02510543594246E-14,0.,1.));
#8317=VECTOR('',#8316,1.);
#8318=LINE('',#8315,#8317);
#8319=EDGE_CURVE('',#8312,#8280,#8318,.T.);
#8320=ORIENTED_EDGE('',*,*,#8319,.T.);
#8321=ORIENTED_EDGE('',*,*,#8281,.T.);
#8322=EDGE_LOOP('',(#8306,#8314,#8320,#8321));
#8323=FACE_BOUND('',#8322,.T.);
#8324=ADVANCED_FACE('',(#8323),#8305,.T.);
#8325=COLOUR_RGB('',0.694117647058824,0.0980392156862745,0.0980392156862745);
#8326=FILL_AREA_STYLE_COLOUR('',#8325);
#8327=FILL_AREA_STYLE('',(#8326));
#8328=SURFACE_STYLE_FILL_AREA(#8327);
#8329=SURFACE_SIDE_STYLE('',(#8328));
#8330=SURFACE_STYLE_USAGE(.NEGATIVE.,#8329);
#8331=PRESENTATION_STYLE_ASSIGNMENT((#8330));
#8332=STYLED_ITEM('',(#8331),#8324);
#8333=CARTESIAN_POINT('',(0.0568546733759399,0.000801,-0.0568546733759401));
#8334=DIRECTION('',(0.707106781186546,0.,-0.707106781186549));
#8335=DIRECTION('',(-0.707106781186549,0.,-0.707106781186546));
#8336=AXIS2_PLACEMENT_3D('',#8333,#8334,#8335);
#8337=PLANE('',#8336);
#8338=ORIENTED_EDGE('',*,*,#6665,.F.);
#8339=CARTESIAN_POINT('',(0.0858964466094065,0.000801,-0.0278129001424736));
#8340=DIRECTION('',(0.,-1.,0.));
#8341=VECTOR('',#8340,1.);
#8342=LINE('',#8339,#8341);
#8343=CARTESIAN_POINT('',(0.0858964466094065,0.000801,-0.0278129001424736));
#8344=VERTEX_POINT('',#8343);
#8345=EDGE_CURVE('',#8344,#6656,#8342,.T.);
#8346=ORIENTED_EDGE('',*,*,#8345,.F.);
#8347=CARTESIAN_POINT('',(0.0568546733759399,0.000801,-0.0568546733759401));
#8348=DIRECTION('',(0.707106781186549,0.,0.707106781186546));
#8349=VECTOR('',#8348,1.);
#8350=LINE('',#8347,#8349);
#8351=EDGE_CURVE('',#8344,#8312,#8350,.T.);
#8352=ORIENTED_EDGE('',*,*,#8351,.T.);
#8353=ORIENTED_EDGE('',*,*,#8313,.T.);
#8354=EDGE_LOOP('',(#8338,#8346,#8352,#8353));
#8355=FACE_BOUND('',#8354,.T.);
#8356=ADVANCED_FACE('',(#8355),#8337,.T.);
#8357=COLOUR_RGB('',0.694117647058824,0.0980392156862745,0.0980392156862745);
#8358=FILL_AREA_STYLE_COLOUR('',#8357);
#8359=FILL_AREA_STYLE('',(#8358));
#8360=SURFACE_STYLE_FILL_AREA(#8359);
#8361=SURFACE_SIDE_STYLE('',(#8360));
#8362=SURFACE_STYLE_USAGE(.NEGATIVE.,#8361);
#8363=PRESENTATION_STYLE_ASSIGNMENT((#8362));
#8364=STYLED_ITEM('',(#8363),#8356);
#8365=CARTESIAN_POINT('',(-2.27896149034167E-16,0.000801,-0.0278129001424729));
#8366=DIRECTION('',(-8.19390095483602E-15,0.,-1.));
#8367=DIRECTION('',(-1.,0.,8.19390095483602E-15));
#8368=AXIS2_PLACEMENT_3D('',#8365,#8366,#8367);
#8369=PLANE('',#8368);
#8370=ORIENTED_EDGE('',*,*,#6657,.F.);
#8371=ORIENTED_EDGE('',*,*,#7643,.F.);
#8372=CARTESIAN_POINT('',(-2.27896149034167E-16,0.000801,-0.0278129001424729));
#8373=DIRECTION('',(1.,0.,-8.19390095483602E-15));
#8374=VECTOR('',#8373,1.);
#8375=LINE('',#8372,#8374);
#8376=EDGE_CURVE('',#7636,#8344,#8375,.T.);
#8377=ORIENTED_EDGE('',*,*,#8376,.T.);
#8378=ORIENTED_EDGE('',*,*,#8345,.T.);
#8379=EDGE_LOOP('',(#8370,#8371,#8377,#8378));
#8380=FACE_BOUND('',#8379,.T.);
#8381=ADVANCED_FACE('',(#8380),#8369,.T.);
#8382=COLOUR_RGB('',0.694117647058824,0.0980392156862745,0.0980392156862745);
#8383=FILL_AREA_STYLE_COLOUR('',#8382);
#8384=FILL_AREA_STYLE('',(#8383));
#8385=SURFACE_STYLE_FILL_AREA(#8384);
#8386=SURFACE_SIDE_STYLE('',(#8385));
#8387=SURFACE_STYLE_USAGE(.NEGATIVE.,#8386);
#8388=PRESENTATION_STYLE_ASSIGNMENT((#8387));
#8389=STYLED_ITEM('',(#8388),#8381);
#8390=CARTESIAN_POINT('',(-0.0556879471869824,0.000801,-0.0556879471869823));
#8391=DIRECTION('',(-0.707106781186548,0.,-0.707106781186547));
#8392=DIRECTION('',(-0.707106781186547,0.,0.707106781186548));
#8393=AXIS2_PLACEMENT_3D('',#8390,#8391,#8392);
#8394=PLANE('',#8393);
#8395=ORIENTED_EDGE('',*,*,#45,.T.);
#8396=ORIENTED_EDGE('',*,*,#6893,.F.);
#8397=CARTESIAN_POINT('',(-0.0556879471869824,0.000801,-0.0556879471869823));
#8398=DIRECTION('',(0.707106781186547,0.,-0.707106781186548));
#8399=VECTOR('',#8398,1.);
#8400=LINE('',#8397,#8399);
#8401=EDGE_CURVE('',#7595,#6886,#8400,.T.);
#8402=ORIENTED_EDGE('',*,*,#8401,.F.);
#8403=ORIENTED_EDGE('',*,*,#7596,.T.);
#8404=EDGE_LOOP('',(#8395,#8396,#8402,#8403));
#8405=FACE_BOUND('',#8404,.T.);
#8406=ADVANCED_FACE('',(#8405),#8394,.F.);
#8407=COLOUR_RGB('',0.694117647058824,0.0980392156862745,0.0980392156862745);
#8408=FILL_AREA_STYLE_COLOUR('',#8407);
#8409=FILL_AREA_STYLE('',(#8408));
#8410=SURFACE_STYLE_FILL_AREA(#8409);
#8411=SURFACE_SIDE_STYLE('',(#8410));
#8412=SURFACE_STYLE_USAGE(.NEGATIVE.,#8411);
#8413=PRESENTATION_STYLE_ASSIGNMENT((#8412));
#8414=STYLED_ITEM('',(#8413),#8406);
#8415=CARTESIAN_POINT('',(0.,0.000801,0.));
#8416=DIRECTION('',(0.,1.,0.));
#8417=DIRECTION('',(0.,0.,1.));
#8418=AXIS2_PLACEMENT_3D('',#8415,#8416,#8417);
#8419=PLANE('',#8418);
#8420=ORIENTED_EDGE('',*,*,#7637,.F.);
#8421=ORIENTED_EDGE('',*,*,#7674,.T.);
#8422=ORIENTED_EDGE('',*,*,#7707,.T.);
#8423=ORIENTED_EDGE('',*,*,#7739,.F.);
#8424=ORIENTED_EDGE('',*,*,#7772,.T.);
#8425=ORIENTED_EDGE('',*,*,#7804,.F.);
#8426=ORIENTED_EDGE('',*,*,#7837,.F.);
#8427=ORIENTED_EDGE('',*,*,#7869,.F.);
#8428=ORIENTED_EDGE('',*,*,#7901,.F.);
#8429=ORIENTED_EDGE('',*,*,#7933,.F.);
#8430=ORIENTED_EDGE('',*,*,#7965,.F.);
#8431=ORIENTED_EDGE('',*,*,#7997,.T.);
#8432=ORIENTED_EDGE('',*,*,#8030,.F.);
#8433=ORIENTED_EDGE('',*,*,#8062,.F.);
#8434=ORIENTED_EDGE('',*,*,#8094,.F.);
#8435=ORIENTED_EDGE('',*,*,#8126,.T.);
#8436=ORIENTED_EDGE('',*,*,#8158,.T.);
#8437=ORIENTED_EDGE('',*,*,#8190,.T.);
#8438=ORIENTED_EDGE('',*,*,#8223,.F.);
#8439=ORIENTED_EDGE('',*,*,#8255,.T.);
#8440=ORIENTED_EDGE('',*,*,#8287,.T.);
#8441=ORIENTED_EDGE('',*,*,#8319,.F.);
#8442=ORIENTED_EDGE('',*,*,#8351,.F.);
#8443=ORIENTED_EDGE('',*,*,#8376,.F.);
#8444=EDGE_LOOP('',(#8420,#8421,#8422,#8423,#8424,#8425,#8426,#8427,#8428,#8429,#8430,#8431,#8432,#8433,#8434,#8435,#8436,#8437,#8438,#8439,#8440,#8441,#8442,#8443));
#8445=FACE_BOUND('',#8444,.T.);
#8446=ORIENTED_EDGE('',*,*,#6887,.T.);
#8447=ORIENTED_EDGE('',*,*,#6925,.T.);
#8448=ORIENTED_EDGE('',*,*,#6957,.T.);
#8449=ORIENTED_EDGE('',*,*,#6990,.F.);
#8450=ORIENTED_EDGE('',*,*,#7022,.T.);
#8451=ORIENTED_EDGE('',*,*,#7055,.F.);
#8452=ORIENTED_EDGE('',*,*,#7087,.F.);
#8453=ORIENTED_EDGE('',*,*,#7120,.T.);
#8454=ORIENTED_EDGE('',*,*,#7152,.T.);
#8455=ORIENTED_EDGE('',*,*,#7184,.T.);
#8456=ORIENTED_EDGE('',*,*,#7216,.T.);
#8457=ORIENTED_EDGE('',*,*,#7248,.F.);
#8458=ORIENTED_EDGE('',*,*,#7280,.F.);
#8459=ORIENTED_EDGE('',*,*,#7313,.T.);
#8460=ORIENTED_EDGE('',*,*,#7345,.F.);
#8461=ORIENTED_EDGE('',*,*,#7377,.F.);
#8462=ORIENTED_EDGE('',*,*,#7409,.F.);
#8463=ORIENTED_EDGE('',*,*,#7441,.T.);
#8464=ORIENTED_EDGE('',*,*,#7473,.T.);
#8465=ORIENTED_EDGE('',*,*,#7506,.T.);
#8466=ORIENTED_EDGE('',*,*,#7538,.F.);
#8467=ORIENTED_EDGE('',*,*,#7570,.T.);
#8468=ORIENTED_EDGE('',*,*,#7602,.T.);
#8469=ORIENTED_EDGE('',*,*,#8401,.T.);
#8470=EDGE_LOOP('',(#8446,#8447,#8448,#8449,#8450,#8451,#8452,#8453,#8454,#8455,#8456,#8457,#8458,#8459,#8460,#8461,#8462,#8463,#8464,#8465,#8466,#8467,#8468,#8469));
#8471=FACE_BOUND('',#8470,.T.);
#8472=ADVANCED_FACE('',(#8445,#8471),#8419,.T.);
#8473=COLOUR_RGB('',0.694117647058824,0.0980392156862745,0.0980392156862745);
#8474=FILL_AREA_STYLE_COLOUR('',#8473);
#8475=FILL_AREA_STYLE('',(#8474));
#8476=SURFACE_STYLE_FILL_AREA(#8475);
#8477=SURFACE_SIDE_STYLE('',(#8476));
#8478=SURFACE_STYLE_USAGE(.NEGATIVE.,#8477);
#8479=PRESENTATION_STYLE_ASSIGNMENT((#8478));
#8480=STYLED_ITEM('',(#8479),#8472);
#8481=CARTESIAN_POINT('',(-0.0320319371877506,0.000801,0.044277626202077));
#8482=DIRECTION('',(0.,-1.,0.));
#8483=DIRECTION('',(0.,0.,-1.));
#8484=AXIS2_PLACEMENT_3D('',#8481,#8482,#8483);
#8485=CYLINDRICAL_SURFACE('',#8484,0.00025);
#8486=CARTESIAN_POINT('',(-0.0320319371877506,0.000801,0.044277626202077));
#8487=DIRECTION('',(0.,1.,0.));
#8488=DIRECTION('',(0.,0.,1.));
#8489=AXIS2_PLACEMENT_3D('',#8486,#8487,#8488);
#8490=CIRCLE('',#8489,0.00025);
#8491=CARTESIAN_POINT('',(-0.0320319371877506,0.000801,0.044027626202077));
#8492=VERTEX_POINT('',#8491);
#8493=EDGE_CURVE('',#8492,#8492,#8490,.T.);
#8494=ORIENTED_EDGE('',*,*,#8493,.T.);
#8495=EDGE_LOOP('',(#8494));
#8496=FACE_BOUND('',#8495,.T.);
#8497=CARTESIAN_POINT('',(-0.0320319371877506,-0.000801,0.044277626202077));
#8498=DIRECTION('',(0.,1.,0.));
#8499=DIRECTION('',(0.,0.,1.));
#8500=AXIS2_PLACEMENT_3D('',#8497,#8498,#8499);
#8501=CIRCLE('',#8500,0.00025);
#8502=CARTESIAN_POINT('',(-0.0320319371877506,-0.000801,0.044027626202077));
#8503=VERTEX_POINT('',#8502);
#8504=EDGE_CURVE('',#8503,#8503,#8501,.T.);
#8505=ORIENTED_EDGE('',*,*,#8504,.F.);
#8506=EDGE_LOOP('',(#8505));
#8507=FACE_BOUND('',#8506,.T.);
#8508=ADVANCED_FACE('',(#8496,#8507),#8485,.F.);
#8509=COLOUR_RGB('',0.694117647058824,0.0980392156862745,0.0980392156862745);
#8510=FILL_AREA_STYLE_COLOUR('',#8509);
#8511=FILL_AREA_STYLE('',(#8510));
#8512=SURFACE_STYLE_FILL_AREA(#8511);
#8513=SURFACE_SIDE_STYLE('',(#8512));
#8514=SURFACE_STYLE_USAGE(.NEGATIVE.,#8513);
#8515=PRESENTATION_STYLE_ASSIGNMENT((#8514));
#8516=STYLED_ITEM('',(#8515),#8508);
#8517=CARTESIAN_POINT('',(-0.0300833800292356,0.000801,0.045402626202077));
#8518=DIRECTION('',(0.,-1.,0.));
#8519=DIRECTION('',(0.,0.,-1.));
#8520=AXIS2_PLACEMENT_3D('',#8517,#8518,#8519);
#8521=CYLINDRICAL_SURFACE('',#8520,0.00025);
#8522=CARTESIAN_POINT('',(-0.0300833800292356,0.000801,0.045402626202077));
#8523=DIRECTION('',(0.,1.,0.));
#8524=DIRECTION('',(0.,0.,1.));
#8525=AXIS2_PLACEMENT_3D('',#8522,#8523,#8524);
#8526=CIRCLE('',#8525,0.00025);
#8527=CARTESIAN_POINT('',(-0.0300833800292356,0.000801,0.045152626202077));
#8528=VERTEX_POINT('',#8527);
#8529=EDGE_CURVE('',#8528,#8528,#8526,.T.);
#8530=ORIENTED_EDGE('',*,*,#8529,.T.);
#8531=EDGE_LOOP('',(#8530));
#8532=FACE_BOUND('',#8531,.T.);
#8533=CARTESIAN_POINT('',(-0.0300833800292356,-0.000801,0.045402626202077));
#8534=DIRECTION('',(0.,1.,0.));
#8535=DIRECTION('',(0.,0.,1.));
#8536=AXIS2_PLACEMENT_3D('',#8533,#8534,#8535);
#8537=CIRCLE('',#8536,0.00025);
#8538=CARTESIAN_POINT('',(-0.0300833800292356,-0.000801,0.045152626202077));
#8539=VERTEX_POINT('',#8538);
#8540=EDGE_CURVE('',#8539,#8539,#8537,.T.);
#8541=ORIENTED_EDGE('',*,*,#8540,.F.);
#8542=EDGE_LOOP('',(#8541));
#8543=FACE_BOUND('',#8542,.T.);
#8544=ADVANCED_FACE('',(#8532,#8543),#8521,.F.);
#8545=COLOUR_RGB('',0.694117647058824,0.0980392156862745,0.0980392156862745);
#8546=FILL_AREA_STYLE_COLOUR('',#8545);
#8547=FILL_AREA_STYLE('',(#8546));
#8548=SURFACE_STYLE_FILL_AREA(#8547);
#8549=SURFACE_SIDE_STYLE('',(#8548));
#8550=SURFACE_STYLE_USAGE(.NEGATIVE.,#8549);
#8551=PRESENTATION_STYLE_ASSIGNMENT((#8550));
#8552=STYLED_ITEM('',(#8551),#8544);
#8553=CARTESIAN_POINT('',(-0.0300833800292356,0.000801,0.047652626202077));
#8554=DIRECTION('',(0.,-1.,0.));
#8555=DIRECTION('',(0.,0.,-1.));
#8556=AXIS2_PLACEMENT_3D('',#8553,#8554,#8555);
#8557=CYLINDRICAL_SURFACE('',#8556,0.00025);
#8558=CARTESIAN_POINT('',(-0.0300833800292356,0.000801,0.047652626202077));
#8559=DIRECTION('',(0.,1.,0.));
#8560=DIRECTION('',(0.,0.,1.));
#8561=AXIS2_PLACEMENT_3D('',#8558,#8559,#8560);
#8562=CIRCLE('',#8561,0.00025);
#8563=CARTESIAN_POINT('',(-0.0300833800292356,0.000801,0.047402626202077));
#8564=VERTEX_POINT('',#8563);
#8565=EDGE_CURVE('',#8564,#8564,#8562,.T.);
#8566=ORIENTED_EDGE('',*,*,#8565,.T.);
#8567=EDGE_LOOP('',(#8566));
#8568=FACE_BOUND('',#8567,.T.);
#8569=CARTESIAN_POINT('',(-0.0300833800292356,-0.000801,0.047652626202077));
#8570=DIRECTION('',(0.,1.,0.));
#8571=DIRECTION('',(0.,0.,1.));
#8572=AXIS2_PLACEMENT_3D('',#8569,#8570,#8571);
#8573=CIRCLE('',#8572,0.00025);
#8574=CARTESIAN_POINT('',(-0.0300833800292356,-0.000801,0.047402626202077));
#8575=VERTEX_POINT('',#8574);
#8576=EDGE_CURVE('',#8575,#8575,#8573,.T.);
#8577=ORIENTED_EDGE('',*,*,#8576,.F.);
#8578=EDGE_LOOP('',(#8577));
#8579=FACE_BOUND('',#8578,.T.);
#8580=ADVANCED_FACE('',(#8568,#8579),#8557,.F.);
#8581=COLOUR_RGB('',0.694117647058824,0.0980392156862745,0.0980392156862745);
#8582=FILL_AREA_STYLE_COLOUR('',#8581);
#8583=FILL_AREA_STYLE('',(#8582));
#8584=SURFACE_STYLE_FILL_AREA(#8583);
#8585=SURFACE_SIDE_STYLE('',(#8584));
#8586=SURFACE_STYLE_USAGE(.NEGATIVE.,#8585);
#8587=PRESENTATION_STYLE_ASSIGNMENT((#8586));
#8588=STYLED_ITEM('',(#8587),#8580);
#8589=CARTESIAN_POINT('',(-0.0320319371877506,0.000801,0.048777626202077));
#8590=DIRECTION('',(0.,-1.,0.));
#8591=DIRECTION('',(0.,0.,-1.));
#8592=AXIS2_PLACEMENT_3D('',#8589,#8590,#8591);
#8593=CYLINDRICAL_SURFACE('',#8592,0.00025);
#8594=CARTESIAN_POINT('',(-0.0320319371877506,0.000801,0.048777626202077));
#8595=DIRECTION('',(0.,1.,0.));
#8596=DIRECTION('',(0.,0.,1.));
#8597=AXIS2_PLACEMENT_3D('',#8594,#8595,#8596);
#8598=CIRCLE('',#8597,0.00025);
#8599=CARTESIAN_POINT('',(-0.0320319371877506,0.000801,0.048527626202077));
#8600=VERTEX_POINT('',#8599);
#8601=EDGE_CURVE('',#8600,#8600,#8598,.T.);
#8602=ORIENTED_EDGE('',*,*,#8601,.T.);
#8603=EDGE_LOOP('',(#8602));
#8604=FACE_BOUND('',#8603,.T.);
#8605=CARTESIAN_POINT('',(-0.0320319371877506,-0.000801,0.048777626202077));
#8606=DIRECTION('',(0.,1.,0.));
#8607=DIRECTION('',(0.,0.,1.));
#8608=AXIS2_PLACEMENT_3D('',#8605,#8606,#8607);
#8609=CIRCLE('',#8608,0.00025);
#8610=CARTESIAN_POINT('',(-0.0320319371877506,-0.000801,0.048527626202077));
#8611=VERTEX_POINT('',#8610);
#8612=EDGE_CURVE('',#8611,#8611,#8609,.T.);
#8613=ORIENTED_EDGE('',*,*,#8612,.F.);
#8614=EDGE_LOOP('',(#8613));
#8615=FACE_BOUND('',#8614,.T.);
#8616=ADVANCED_FACE('',(#8604,#8615),#8593,.F.);
#8617=COLOUR_RGB('',0.694117647058824,0.0980392156862745,0.0980392156862745);
#8618=FILL_AREA_STYLE_COLOUR('',#8617);
#8619=FILL_AREA_STYLE('',(#8618));
#8620=SURFACE_STYLE_FILL_AREA(#8619);
#8621=SURFACE_SIDE_STYLE('',(#8620));
#8622=SURFACE_STYLE_USAGE(.NEGATIVE.,#8621);
#8623=PRESENTATION_STYLE_ASSIGNMENT((#8622));
#8624=STYLED_ITEM('',(#8623),#8616);
#8625=CARTESIAN_POINT('',(-0.0339804943462656,0.000801,0.047652626202077));
#8626=DIRECTION('',(0.,-1.,0.));
#8627=DIRECTION('',(0.,0.,-1.));
#8628=AXIS2_PLACEMENT_3D('',#8625,#8626,#8627);
#8629=CYLINDRICAL_SURFACE('',#8628,0.00025);
#8630=CARTESIAN_POINT('',(-0.0339804943462656,0.000801,0.047652626202077));
#8631=DIRECTION('',(0.,1.,0.));
#8632=DIRECTION('',(0.,0.,1.));
#8633=AXIS2_PLACEMENT_3D('',#8630,#8631,#8632);
#8634=CIRCLE('',#8633,0.00025);
#8635=CARTESIAN_POINT('',(-0.0339804943462656,0.000801,0.047402626202077));
#8636=VERTEX_POINT('',#8635);
#8637=EDGE_CURVE('',#8636,#8636,#8634,.T.);
#8638=ORIENTED_EDGE('',*,*,#8637,.T.);
#8639=EDGE_LOOP('',(#8638));
#8640=FACE_BOUND('',#8639,.T.);
#8641=CARTESIAN_POINT('',(-0.0339804943462656,-0.000801,0.047652626202077));
#8642=DIRECTION('',(0.,1.,0.));
#8643=DIRECTION('',(0.,0.,1.));
#8644=AXIS2_PLACEMENT_3D('',#8641,#8642,#8643);
#8645=CIRCLE('',#8644,0.00025);
#8646=CARTESIAN_POINT('',(-0.0339804943462656,-0.000801,0.047402626202077));
#8647=VERTEX_POINT('',#8646);
#8648=EDGE_CURVE('',#8647,#8647,#8645,.T.);
#8649=ORIENTED_EDGE('',*,*,#8648,.F.);
#8650=EDGE_LOOP('',(#8649));
#8651=FACE_BOUND('',#8650,.T.);
#8652=ADVANCED_FACE('',(#8640,#8651),#8629,.F.);
#8653=COLOUR_RGB('',0.694117647058824,0.0980392156862745,0.0980392156862745);
#8654=FILL_AREA_STYLE_COLOUR('',#8653);
#8655=FILL_AREA_STYLE('',(#8654));
#8656=SURFACE_STYLE_FILL_AREA(#8655);
#8657=SURFACE_SIDE_STYLE('',(#8656));
#8658=SURFACE_STYLE_USAGE(.NEGATIVE.,#8657);
#8659=PRESENTATION_STYLE_ASSIGNMENT((#8658));
#8660=STYLED_ITEM('',(#8659),#8652);
#8661=CARTESIAN_POINT('',(-0.0339804943462656,0.000801,0.045402626202077));
#8662=DIRECTION('',(0.,-1.,0.));
#8663=DIRECTION('',(0.,0.,-1.));
#8664=AXIS2_PLACEMENT_3D('',#8661,#8662,#8663);
#8665=CYLINDRICAL_SURFACE('',#8664,0.00025);
#8666=CARTESIAN_POINT('',(-0.0339804943462656,0.000801,0.045402626202077));
#8667=DIRECTION('',(0.,1.,0.));
#8668=DIRECTION('',(0.,0.,1.));
#8669=AXIS2_PLACEMENT_3D('',#8666,#8667,#8668);
#8670=CIRCLE('',#8669,0.00025);
#8671=CARTESIAN_POINT('',(-0.0339804943462656,0.000801,0.045152626202077));
#8672=VERTEX_POINT('',#8671);
#8673=EDGE_CURVE('',#8672,#8672,#8670,.T.);
#8674=ORIENTED_EDGE('',*,*,#8673,.T.);
#8675=EDGE_LOOP('',(#8674));
#8676=FACE_BOUND('',#8675,.T.);
#8677=CARTESIAN_POINT('',(-0.0339804943462656,-0.000801,0.045402626202077));
#8678=DIRECTION('',(0.,1.,0.));
#8679=DIRECTION('',(0.,0.,1.));
#8680=AXIS2_PLACEMENT_3D('',#8677,#8678,#8679);
#8681=CIRCLE('',#8680,0.00025);
#8682=CARTESIAN_POINT('',(-0.0339804943462656,-0.000801,0.045152626202077));
#8683=VERTEX_POINT('',#8682);
#8684=EDGE_CURVE('',#8683,#8683,#8681,.T.);
#8685=ORIENTED_EDGE('',*,*,#8684,.F.);
#8686=EDGE_LOOP('',(#8685));
#8687=FACE_BOUND('',#8686,.T.);
#8688=ADVANCED_FACE('',(#8676,#8687),#8665,.F.);
#8689=COLOUR_RGB('',0.694117647058824,0.0980392156862745,0.0980392156862745);
#8690=FILL_AREA_STYLE_COLOUR('',#8689);
#8691=FILL_AREA_STYLE('',(#8690));
#8692=SURFACE_STYLE_FILL_AREA(#8691);
#8693=SURFACE_SIDE_STYLE('',(#8692));
#8694=SURFACE_STYLE_USAGE(.NEGATIVE.,#8693);
#8695=PRESENTATION_STYLE_ASSIGNMENT((#8694));
#8696=STYLED_ITEM('',(#8695),#8688);
#8697=CARTESIAN_POINT('',(-0.0320319371877506,0.000801,0.046527626202077));
#8698=DIRECTION('',(0.,-1.,0.));
#8699=DIRECTION('',(0.,0.,-1.));
#8700=AXIS2_PLACEMENT_3D('',#8697,#8698,#8699);
#8701=CYLINDRICAL_SURFACE('',#8700,0.003);
#8702=CARTESIAN_POINT('',(-0.0320319371877506,0.000801,0.046527626202077));
#8703=DIRECTION('',(0.,1.,0.));
#8704=DIRECTION('',(0.,0.,1.));
#8705=AXIS2_PLACEMENT_3D('',#8702,#8703,#8704);
#8706=CIRCLE('',#8705,0.003);
#8707=CARTESIAN_POINT('',(-0.0320319371877506,0.000801,0.043527626202077));
#8708=VERTEX_POINT('',#8707);
#8709=EDGE_CURVE('',#8708,#8708,#8706,.T.);
#8710=ORIENTED_EDGE('',*,*,#8709,.F.);
#8711=EDGE_LOOP('',(#8710));
#8712=FACE_BOUND('',#8711,.T.);
#8713=ORIENTED_EDGE('',*,*,#969,.T.);
#8714=EDGE_LOOP('',(#8713));
#8715=FACE_BOUND('',#8714,.T.);
#8716=ADVANCED_FACE('',(#8712,#8715),#8701,.T.);
#8717=COLOUR_RGB('',0.694117647058824,0.0980392156862745,0.0980392156862745);
#8718=FILL_AREA_STYLE_COLOUR('',#8717);
#8719=FILL_AREA_STYLE('',(#8718));
#8720=SURFACE_STYLE_FILL_AREA(#8719);
#8721=SURFACE_SIDE_STYLE('',(#8720));
#8722=SURFACE_STYLE_USAGE(.NEGATIVE.,#8721);
#8723=PRESENTATION_STYLE_ASSIGNMENT((#8722));
#8724=STYLED_ITEM('',(#8723),#8716);
#8725=CARTESIAN_POINT('',(0.,0.000801,0.));
#8726=DIRECTION('',(0.,1.,0.));
#8727=DIRECTION('',(0.,0.,1.));
#8728=AXIS2_PLACEMENT_3D('',#8725,#8726,#8727);
#8729=PLANE('',#8728);
#8730=ORIENTED_EDGE('',*,*,#8673,.F.);
#8731=EDGE_LOOP('',(#8730));
#8732=FACE_BOUND('',#8731,.T.);
#8733=ORIENTED_EDGE('',*,*,#8637,.F.);
#8734=EDGE_LOOP('',(#8733));
#8735=FACE_BOUND('',#8734,.T.);
#8736=ORIENTED_EDGE('',*,*,#8601,.F.);
#8737=EDGE_LOOP('',(#8736));
#8738=FACE_BOUND('',#8737,.T.);
#8739=ORIENTED_EDGE('',*,*,#8565,.F.);
#8740=EDGE_LOOP('',(#8739));
#8741=FACE_BOUND('',#8740,.T.);
#8742=ORIENTED_EDGE('',*,*,#8529,.F.);
#8743=EDGE_LOOP('',(#8742));
#8744=FACE_BOUND('',#8743,.T.);
#8745=ORIENTED_EDGE('',*,*,#8493,.F.);
#8746=EDGE_LOOP('',(#8745));
#8747=FACE_BOUND('',#8746,.T.);
#8748=ORIENTED_EDGE('',*,*,#6568,.F.);
#8749=EDGE_LOOP('',(#8748));
#8750=FACE_BOUND('',#8749,.T.);
#8751=ORIENTED_EDGE('',*,*,#8709,.T.);
#8752=EDGE_LOOP('',(#8751));
#8753=FACE_BOUND('',#8752,.T.);
#8754=ADVANCED_FACE('',(#8732,#8735,#8738,#8741,#8744,#8747,#8750,#8753),#8729,.T.);
#8755=COLOUR_RGB('',0.694117647058824,0.0980392156862745,0.0980392156862745);
#8756=FILL_AREA_STYLE_COLOUR('',#8755);
#8757=FILL_AREA_STYLE('',(#8756));
#8758=SURFACE_STYLE_FILL_AREA(#8757);
#8759=SURFACE_SIDE_STYLE('',(#8758));
#8760=SURFACE_STYLE_USAGE(.NEGATIVE.,#8759);
#8761=PRESENTATION_STYLE_ASSIGNMENT((#8760));
#8762=STYLED_ITEM('',(#8761),#8754);
#8763=CARTESIAN_POINT('',(-0.0465276262020768,0.000801,0.0297819371877508));
#8764=DIRECTION('',(0.,-1.,0.));
#8765=DIRECTION('',(0.,0.,-1.));
#8766=AXIS2_PLACEMENT_3D('',#8763,#8764,#8765);
#8767=CYLINDRICAL_SURFACE('',#8766,0.00025);
#8768=CARTESIAN_POINT('',(-0.0465276262020768,0.000801,0.0297819371877508));
#8769=DIRECTION('',(0.,1.,0.));
#8770=DIRECTION('',(0.,0.,1.));
#8771=AXIS2_PLACEMENT_3D('',#8768,#8769,#8770);
#8772=CIRCLE('',#8771,0.00025);
#8773=CARTESIAN_POINT('',(-0.0465276262020768,0.000801,0.0295319371877508));
#8774=VERTEX_POINT('',#8773);
#8775=EDGE_CURVE('',#8774,#8774,#8772,.T.);
#8776=ORIENTED_EDGE('',*,*,#8775,.T.);
#8777=EDGE_LOOP('',(#8776));
#8778=FACE_BOUND('',#8777,.T.);
#8779=CARTESIAN_POINT('',(-0.0465276262020768,-0.000801,0.0297819371877508));
#8780=DIRECTION('',(0.,1.,0.));
#8781=DIRECTION('',(0.,0.,1.));
#8782=AXIS2_PLACEMENT_3D('',#8779,#8780,#8781);
#8783=CIRCLE('',#8782,0.00025);
#8784=CARTESIAN_POINT('',(-0.0465276262020768,-0.000801,0.0295319371877508));
#8785=VERTEX_POINT('',#8784);
#8786=EDGE_CURVE('',#8785,#8785,#8783,.T.);
#8787=ORIENTED_EDGE('',*,*,#8786,.F.);
#8788=EDGE_LOOP('',(#8787));
#8789=FACE_BOUND('',#8788,.T.);
#8790=ADVANCED_FACE('',(#8778,#8789),#8767,.F.);
#8791=COLOUR_RGB('',0.694117647058824,0.0980392156862745,0.0980392156862745);
#8792=FILL_AREA_STYLE_COLOUR('',#8791);
#8793=FILL_AREA_STYLE('',(#8792));
#8794=SURFACE_STYLE_FILL_AREA(#8793);
#8795=SURFACE_SIDE_STYLE('',(#8794));
#8796=SURFACE_STYLE_USAGE(.NEGATIVE.,#8795);
#8797=PRESENTATION_STYLE_ASSIGNMENT((#8796));
#8798=STYLED_ITEM('',(#8797),#8790);
#8799=CARTESIAN_POINT('',(-0.0445790690435618,0.000801,0.0309069371877508));
#8800=DIRECTION('',(0.,-1.,0.));
#8801=DIRECTION('',(0.,0.,-1.));
#8802=AXIS2_PLACEMENT_3D('',#8799,#8800,#8801);
#8803=CYLINDRICAL_SURFACE('',#8802,0.00025);
#8804=CARTESIAN_POINT('',(-0.0445790690435618,0.000801,0.0309069371877508));
#8805=DIRECTION('',(0.,1.,0.));
#8806=DIRECTION('',(0.,0.,1.));
#8807=AXIS2_PLACEMENT_3D('',#8804,#8805,#8806);
#8808=CIRCLE('',#8807,0.00025);
#8809=CARTESIAN_POINT('',(-0.0445790690435618,0.000801,0.0306569371877508));
#8810=VERTEX_POINT('',#8809);
#8811=EDGE_CURVE('',#8810,#8810,#8808,.T.);
#8812=ORIENTED_EDGE('',*,*,#8811,.T.);
#8813=EDGE_LOOP('',(#8812));
#8814=FACE_BOUND('',#8813,.T.);
#8815=CARTESIAN_POINT('',(-0.0445790690435618,-0.000801,0.0309069371877508));
#8816=DIRECTION('',(0.,1.,0.));
#8817=DIRECTION('',(0.,0.,1.));
#8818=AXIS2_PLACEMENT_3D('',#8815,#8816,#8817);
#8819=CIRCLE('',#8818,0.00025);
#8820=CARTESIAN_POINT('',(-0.0445790690435618,-0.000801,0.0306569371877508));
#8821=VERTEX_POINT('',#8820);
#8822=EDGE_CURVE('',#8821,#8821,#8819,.T.);
#8823=ORIENTED_EDGE('',*,*,#8822,.F.);
#8824=EDGE_LOOP('',(#8823));
#8825=FACE_BOUND('',#8824,.T.);
#8826=ADVANCED_FACE('',(#8814,#8825),#8803,.F.);
#8827=COLOUR_RGB('',0.694117647058824,0.0980392156862745,0.0980392156862745);
#8828=FILL_AREA_STYLE_COLOUR('',#8827);
#8829=FILL_AREA_STYLE('',(#8828));
#8830=SURFACE_STYLE_FILL_AREA(#8829);
#8831=SURFACE_SIDE_STYLE('',(#8830));
#8832=SURFACE_STYLE_USAGE(.NEGATIVE.,#8831);
#8833=PRESENTATION_STYLE_ASSIGNMENT((#8832));
#8834=STYLED_ITEM('',(#8833),#8826);
#8835=CARTESIAN_POINT('',(-0.0445790690435618,0.000801,0.0331569371877508));
#8836=DIRECTION('',(0.,-1.,0.));
#8837=DIRECTION('',(0.,0.,-1.));
#8838=AXIS2_PLACEMENT_3D('',#8835,#8836,#8837);
#8839=CYLINDRICAL_SURFACE('',#8838,0.00025);
#8840=CARTESIAN_POINT('',(-0.0445790690435618,0.000801,0.0331569371877508));
#8841=DIRECTION('',(0.,1.,0.));
#8842=DIRECTION('',(0.,0.,1.));
#8843=AXIS2_PLACEMENT_3D('',#8840,#8841,#8842);
#8844=CIRCLE('',#8843,0.00025);
#8845=CARTESIAN_POINT('',(-0.0445790690435618,0.000801,0.0329069371877508));
#8846=VERTEX_POINT('',#8845);
#8847=EDGE_CURVE('',#8846,#8846,#8844,.T.);
#8848=ORIENTED_EDGE('',*,*,#8847,.T.);
#8849=EDGE_LOOP('',(#8848));
#8850=FACE_BOUND('',#8849,.T.);
#8851=CARTESIAN_POINT('',(-0.0445790690435618,-0.000801,0.0331569371877508));
#8852=DIRECTION('',(0.,1.,0.));
#8853=DIRECTION('',(0.,0.,1.));
#8854=AXIS2_PLACEMENT_3D('',#8851,#8852,#8853);
#8855=CIRCLE('',#8854,0.00025);
#8856=CARTESIAN_POINT('',(-0.0445790690435618,-0.000801,0.0329069371877508));
#8857=VERTEX_POINT('',#8856);
#8858=EDGE_CURVE('',#8857,#8857,#8855,.T.);
#8859=ORIENTED_EDGE('',*,*,#8858,.F.);
#8860=EDGE_LOOP('',(#8859));
#8861=FACE_BOUND('',#8860,.T.);
#8862=ADVANCED_FACE('',(#8850,#8861),#8839,.F.);
#8863=COLOUR_RGB('',0.694117647058824,0.0980392156862745,0.0980392156862745);
#8864=FILL_AREA_STYLE_COLOUR('',#8863);
#8865=FILL_AREA_STYLE('',(#8864));
#8866=SURFACE_STYLE_FILL_AREA(#8865);
#8867=SURFACE_SIDE_STYLE('',(#8866));
#8868=SURFACE_STYLE_USAGE(.NEGATIVE.,#8867);
#8869=PRESENTATION_STYLE_ASSIGNMENT((#8868));
#8870=STYLED_ITEM('',(#8869),#8862);
#8871=CARTESIAN_POINT('',(-0.0465276262020768,0.000801,0.0342819371877508));
#8872=DIRECTION('',(0.,-1.,0.));
#8873=DIRECTION('',(0.,0.,-1.));
#8874=AXIS2_PLACEMENT_3D('',#8871,#8872,#8873);
#8875=CYLINDRICAL_SURFACE('',#8874,0.00025);
#8876=CARTESIAN_POINT('',(-0.0465276262020768,0.000801,0.0342819371877508));
#8877=DIRECTION('',(0.,1.,0.));
#8878=DIRECTION('',(0.,0.,1.));
#8879=AXIS2_PLACEMENT_3D('',#8876,#8877,#8878);
#8880=CIRCLE('',#8879,0.00025);
#8881=CARTESIAN_POINT('',(-0.0465276262020768,0.000801,0.0340319371877508));
#8882=VERTEX_POINT('',#8881);
#8883=EDGE_CURVE('',#8882,#8882,#8880,.T.);
#8884=ORIENTED_EDGE('',*,*,#8883,.T.);
#8885=EDGE_LOOP('',(#8884));
#8886=FACE_BOUND('',#8885,.T.);
#8887=CARTESIAN_POINT('',(-0.0465276262020768,-0.000801,0.0342819371877508));
#8888=DIRECTION('',(0.,1.,0.));
#8889=DIRECTION('',(0.,0.,1.));
#8890=AXIS2_PLACEMENT_3D('',#8887,#8888,#8889);
#8891=CIRCLE('',#8890,0.00025);
#8892=CARTESIAN_POINT('',(-0.0465276262020768,-0.000801,0.0340319371877508));
#8893=VERTEX_POINT('',#8892);
#8894=EDGE_CURVE('',#8893,#8893,#8891,.T.);
#8895=ORIENTED_EDGE('',*,*,#8894,.F.);
#8896=EDGE_LOOP('',(#8895));
#8897=FACE_BOUND('',#8896,.T.);
#8898=ADVANCED_FACE('',(#8886,#8897),#8875,.F.);
#8899=COLOUR_RGB('',0.694117647058824,0.0980392156862745,0.0980392156862745);
#8900=FILL_AREA_STYLE_COLOUR('',#8899);
#8901=FILL_AREA_STYLE('',(#8900));
#8902=SURFACE_STYLE_FILL_AREA(#8901);
#8903=SURFACE_SIDE_STYLE('',(#8902));
#8904=SURFACE_STYLE_USAGE(.NEGATIVE.,#8903);
#8905=PRESENTATION_STYLE_ASSIGNMENT((#8904));
#8906=STYLED_ITEM('',(#8905),#8898);
#8907=CARTESIAN_POINT('',(-0.0484761833605917,0.000801,0.0331569371877508));
#8908=DIRECTION('',(0.,-1.,0.));
#8909=DIRECTION('',(0.,0.,-1.));
#8910=AXIS2_PLACEMENT_3D('',#8907,#8908,#8909);
#8911=CYLINDRICAL_SURFACE('',#8910,0.00025);
#8912=CARTESIAN_POINT('',(-0.0484761833605917,0.000801,0.0331569371877508));
#8913=DIRECTION('',(0.,1.,0.));
#8914=DIRECTION('',(0.,0.,1.));
#8915=AXIS2_PLACEMENT_3D('',#8912,#8913,#8914);
#8916=CIRCLE('',#8915,0.00025);
#8917=CARTESIAN_POINT('',(-0.0484761833605917,0.000801,0.0329069371877508));
#8918=VERTEX_POINT('',#8917);
#8919=EDGE_CURVE('',#8918,#8918,#8916,.T.);
#8920=ORIENTED_EDGE('',*,*,#8919,.T.);
#8921=EDGE_LOOP('',(#8920));
#8922=FACE_BOUND('',#8921,.T.);
#8923=CARTESIAN_POINT('',(-0.0484761833605917,-0.000801,0.0331569371877508));
#8924=DIRECTION('',(0.,1.,0.));
#8925=DIRECTION('',(0.,0.,1.));
#8926=AXIS2_PLACEMENT_3D('',#8923,#8924,#8925);
#8927=CIRCLE('',#8926,0.00025);
#8928=CARTESIAN_POINT('',(-0.0484761833605917,-0.000801,0.0329069371877508));
#8929=VERTEX_POINT('',#8928);
#8930=EDGE_CURVE('',#8929,#8929,#8927,.T.);
#8931=ORIENTED_EDGE('',*,*,#8930,.F.);
#8932=EDGE_LOOP('',(#8931));
#8933=FACE_BOUND('',#8932,.T.);
#8934=ADVANCED_FACE('',(#8922,#8933),#8911,.F.);
#8935=COLOUR_RGB('',0.694117647058824,0.0980392156862745,0.0980392156862745);
#8936=FILL_AREA_STYLE_COLOUR('',#8935);
#8937=FILL_AREA_STYLE('',(#8936));
#8938=SURFACE_STYLE_FILL_AREA(#8937);
#8939=SURFACE_SIDE_STYLE('',(#8938));
#8940=SURFACE_STYLE_USAGE(.NEGATIVE.,#8939);
#8941=PRESENTATION_STYLE_ASSIGNMENT((#8940));
#8942=STYLED_ITEM('',(#8941),#8934);
#8943=CARTESIAN_POINT('',(-0.0484761833605917,0.000801,0.0309069371877508));
#8944=DIRECTION('',(0.,-1.,0.));
#8945=DIRECTION('',(0.,0.,-1.));
#8946=AXIS2_PLACEMENT_3D('',#8943,#8944,#8945);
#8947=CYLINDRICAL_SURFACE('',#8946,0.00025);
#8948=CARTESIAN_POINT('',(-0.0484761833605917,0.000801,0.0309069371877508));
#8949=DIRECTION('',(0.,1.,0.));
#8950=DIRECTION('',(0.,0.,1.));
#8951=AXIS2_PLACEMENT_3D('',#8948,#8949,#8950);
#8952=CIRCLE('',#8951,0.00025);
#8953=CARTESIAN_POINT('',(-0.0484761833605917,0.000801,0.0306569371877508));
#8954=VERTEX_POINT('',#8953);
#8955=EDGE_CURVE('',#8954,#8954,#8952,.T.);
#8956=ORIENTED_EDGE('',*,*,#8955,.T.);
#8957=EDGE_LOOP('',(#8956));
#8958=FACE_BOUND('',#8957,.T.);
#8959=CARTESIAN_POINT('',(-0.0484761833605917,-0.000801,0.0309069371877508));
#8960=DIRECTION('',(0.,1.,0.));
#8961=DIRECTION('',(0.,0.,1.));
#8962=AXIS2_PLACEMENT_3D('',#8959,#8960,#8961);
#8963=CIRCLE('',#8962,0.00025);
#8964=CARTESIAN_POINT('',(-0.0484761833605917,-0.000801,0.0306569371877508));
#8965=VERTEX_POINT('',#8964);
#8966=EDGE_CURVE('',#8965,#8965,#8963,.T.);
#8967=ORIENTED_EDGE('',*,*,#8966,.F.);
#8968=EDGE_LOOP('',(#8967));
#8969=FACE_BOUND('',#8968,.T.);
#8970=ADVANCED_FACE('',(#8958,#8969),#8947,.F.);
#8971=COLOUR_RGB('',0.694117647058824,0.0980392156862745,0.0980392156862745);
#8972=FILL_AREA_STYLE_COLOUR('',#8971);
#8973=FILL_AREA_STYLE('',(#8972));
#8974=SURFACE_STYLE_FILL_AREA(#8973);
#8975=SURFACE_SIDE_STYLE('',(#8974));
#8976=SURFACE_STYLE_USAGE(.NEGATIVE.,#8975);
#8977=PRESENTATION_STYLE_ASSIGNMENT((#8976));
#8978=STYLED_ITEM('',(#8977),#8970);
#8979=CARTESIAN_POINT('',(-0.0465276262020768,0.000801,0.0320319371877508));
#8980=DIRECTION('',(0.,-1.,0.));
#8981=DIRECTION('',(0.,0.,-1.));
#8982=AXIS2_PLACEMENT_3D('',#8979,#8980,#8981);
#8983=CYLINDRICAL_SURFACE('',#8982,0.003);
#8984=CARTESIAN_POINT('',(-0.0465276262020768,0.000801,0.0320319371877508));
#8985=DIRECTION('',(0.,1.,0.));
#8986=DIRECTION('',(0.,0.,1.));
#8987=AXIS2_PLACEMENT_3D('',#8984,#8985,#8986);
#8988=CIRCLE('',#8987,0.003);
#8989=CARTESIAN_POINT('',(-0.0465276262020768,0.000801,0.0290319371877508));
#8990=VERTEX_POINT('',#8989);
#8991=EDGE_CURVE('',#8990,#8990,#8988,.T.);
#8992=ORIENTED_EDGE('',*,*,#8991,.F.);
#8993=EDGE_LOOP('',(#8992));
#8994=FACE_BOUND('',#8993,.T.);
#8995=ORIENTED_EDGE('',*,*,#980,.T.);
#8996=EDGE_LOOP('',(#8995));
#8997=FACE_BOUND('',#8996,.T.);
#8998=ADVANCED_FACE('',(#8994,#8997),#8983,.T.);
#8999=COLOUR_RGB('',0.694117647058824,0.0980392156862745,0.0980392156862745);
#9000=FILL_AREA_STYLE_COLOUR('',#8999);
#9001=FILL_AREA_STYLE('',(#9000));
#9002=SURFACE_STYLE_FILL_AREA(#9001);
#9003=SURFACE_SIDE_STYLE('',(#9002));
#9004=SURFACE_STYLE_USAGE(.NEGATIVE.,#9003);
#9005=PRESENTATION_STYLE_ASSIGNMENT((#9004));
#9006=STYLED_ITEM('',(#9005),#8998);
#9007=CARTESIAN_POINT('',(0.,0.000801,0.));
#9008=DIRECTION('',(0.,1.,0.));
#9009=DIRECTION('',(0.,0.,1.));
#9010=AXIS2_PLACEMENT_3D('',#9007,#9008,#9009);
#9011=PLANE('',#9010);
#9012=ORIENTED_EDGE('',*,*,#8955,.F.);
#9013=EDGE_LOOP('',(#9012));
#9014=FACE_BOUND('',#9013,.T.);
#9015=ORIENTED_EDGE('',*,*,#8919,.F.);
#9016=EDGE_LOOP('',(#9015));
#9017=FACE_BOUND('',#9016,.T.);
#9018=ORIENTED_EDGE('',*,*,#8883,.F.);
#9019=EDGE_LOOP('',(#9018));
#9020=FACE_BOUND('',#9019,.T.);
#9021=ORIENTED_EDGE('',*,*,#8847,.F.);
#9022=EDGE_LOOP('',(#9021));
#9023=FACE_BOUND('',#9022,.T.);
#9024=ORIENTED_EDGE('',*,*,#8811,.F.);
#9025=EDGE_LOOP('',(#9024));
#9026=FACE_BOUND('',#9025,.T.);
#9027=ORIENTED_EDGE('',*,*,#8775,.F.);
#9028=EDGE_LOOP('',(#9027));
#9029=FACE_BOUND('',#9028,.T.);
#9030=ORIENTED_EDGE('',*,*,#6540,.F.);
#9031=EDGE_LOOP('',(#9030));
#9032=FACE_BOUND('',#9031,.T.);
#9033=ORIENTED_EDGE('',*,*,#8991,.T.);
#9034=EDGE_LOOP('',(#9033));
#9035=FACE_BOUND('',#9034,.T.);
#9036=ADVANCED_FACE('',(#9014,#9017,#9020,#9023,#9026,#9029,#9032,#9035),#9011,.T.);
#9037=COLOUR_RGB('',0.694117647058824,0.0980392156862745,0.0980392156862745);
#9038=FILL_AREA_STYLE_COLOUR('',#9037);
#9039=FILL_AREA_STYLE('',(#9038));
#9040=SURFACE_STYLE_FILL_AREA(#9039);
#9041=SURFACE_SIDE_STYLE('',(#9040));
#9042=SURFACE_STYLE_USAGE(.NEGATIVE.,#9041);
#9043=PRESENTATION_STYLE_ASSIGNMENT((#9042));
#9044=STYLED_ITEM('',(#9043),#9036);
#9045=CARTESIAN_POINT('',(-0.0465276262020768,0.000801,-0.0297819371877484));
#9046=DIRECTION('',(0.,-1.,0.));
#9047=DIRECTION('',(0.,0.,-1.));
#9048=AXIS2_PLACEMENT_3D('',#9045,#9046,#9047);
#9049=CYLINDRICAL_SURFACE('',#9048,0.00025);
#9050=CARTESIAN_POINT('',(-0.0465276262020768,0.000801,-0.0297819371877484));
#9051=DIRECTION('',(0.,1.,0.));
#9052=DIRECTION('',(0.,0.,1.));
#9053=AXIS2_PLACEMENT_3D('',#9050,#9051,#9052);
#9054=CIRCLE('',#9053,0.00025);
#9055=CARTESIAN_POINT('',(-0.0465276262020768,0.000801,-0.0300319371877484));
#9056=VERTEX_POINT('',#9055);
#9057=EDGE_CURVE('',#9056,#9056,#9054,.T.);
#9058=ORIENTED_EDGE('',*,*,#9057,.T.);
#9059=EDGE_LOOP('',(#9058));
#9060=FACE_BOUND('',#9059,.T.);
#9061=CARTESIAN_POINT('',(-0.0465276262020768,-0.000801,-0.0297819371877484));
#9062=DIRECTION('',(0.,1.,0.));
#9063=DIRECTION('',(0.,0.,1.));
#9064=AXIS2_PLACEMENT_3D('',#9061,#9062,#9063);
#9065=CIRCLE('',#9064,0.00025);
#9066=CARTESIAN_POINT('',(-0.0465276262020768,-0.000801,-0.0300319371877484));
#9067=VERTEX_POINT('',#9066);
#9068=EDGE_CURVE('',#9067,#9067,#9065,.T.);
#9069=ORIENTED_EDGE('',*,*,#9068,.F.);
#9070=EDGE_LOOP('',(#9069));
#9071=FACE_BOUND('',#9070,.T.);
#9072=ADVANCED_FACE('',(#9060,#9071),#9049,.F.);
#9073=COLOUR_RGB('',0.694117647058824,0.0980392156862745,0.0980392156862745);
#9074=FILL_AREA_STYLE_COLOUR('',#9073);
#9075=FILL_AREA_STYLE('',(#9074));
#9076=SURFACE_STYLE_FILL_AREA(#9075);
#9077=SURFACE_SIDE_STYLE('',(#9076));
#9078=SURFACE_STYLE_USAGE(.NEGATIVE.,#9077);
#9079=PRESENTATION_STYLE_ASSIGNMENT((#9078));
#9080=STYLED_ITEM('',(#9079),#9072);
#9081=CARTESIAN_POINT('',(-0.0445790690435618,0.000801,-0.0309069371877484));
#9082=DIRECTION('',(0.,-1.,0.));
#9083=DIRECTION('',(0.,0.,-1.));
#9084=AXIS2_PLACEMENT_3D('',#9081,#9082,#9083);
#9085=CYLINDRICAL_SURFACE('',#9084,0.00025);
#9086=CARTESIAN_POINT('',(-0.0445790690435618,0.000801,-0.0309069371877484));
#9087=DIRECTION('',(0.,1.,0.));
#9088=DIRECTION('',(0.,0.,1.));
#9089=AXIS2_PLACEMENT_3D('',#9086,#9087,#9088);
#9090=CIRCLE('',#9089,0.00025);
#9091=CARTESIAN_POINT('',(-0.0445790690435618,0.000801,-0.0311569371877484));
#9092=VERTEX_POINT('',#9091);
#9093=EDGE_CURVE('',#9092,#9092,#9090,.T.);
#9094=ORIENTED_EDGE('',*,*,#9093,.T.);
#9095=EDGE_LOOP('',(#9094));
#9096=FACE_BOUND('',#9095,.T.);
#9097=CARTESIAN_POINT('',(-0.0445790690435618,-0.000801,-0.0309069371877484));
#9098=DIRECTION('',(0.,1.,0.));
#9099=DIRECTION('',(0.,0.,1.));
#9100=AXIS2_PLACEMENT_3D('',#9097,#9098,#9099);
#9101=CIRCLE('',#9100,0.00025);
#9102=CARTESIAN_POINT('',(-0.0445790690435618,-0.000801,-0.0311569371877484));
#9103=VERTEX_POINT('',#9102);
#9104=EDGE_CURVE('',#9103,#9103,#9101,.T.);
#9105=ORIENTED_EDGE('',*,*,#9104,.F.);
#9106=EDGE_LOOP('',(#9105));
#9107=FACE_BOUND('',#9106,.T.);
#9108=ADVANCED_FACE('',(#9096,#9107),#9085,.F.);
#9109=COLOUR_RGB('',0.694117647058824,0.0980392156862745,0.0980392156862745);
#9110=FILL_AREA_STYLE_COLOUR('',#9109);
#9111=FILL_AREA_STYLE('',(#9110));
#9112=SURFACE_STYLE_FILL_AREA(#9111);
#9113=SURFACE_SIDE_STYLE('',(#9112));
#9114=SURFACE_STYLE_USAGE(.NEGATIVE.,#9113);
#9115=PRESENTATION_STYLE_ASSIGNMENT((#9114));
#9116=STYLED_ITEM('',(#9115),#9108);
#9117=CARTESIAN_POINT('',(-0.0445790690435618,0.000801,-0.0331569371877484));
#9118=DIRECTION('',(0.,-1.,0.));
#9119=DIRECTION('',(0.,0.,-1.));
#9120=AXIS2_PLACEMENT_3D('',#9117,#9118,#9119);
#9121=CYLINDRICAL_SURFACE('',#9120,0.00025);
#9122=CARTESIAN_POINT('',(-0.0445790690435618,0.000801,-0.0331569371877484));
#9123=DIRECTION('',(0.,1.,0.));
#9124=DIRECTION('',(0.,0.,1.));
#9125=AXIS2_PLACEMENT_3D('',#9122,#9123,#9124);
#9126=CIRCLE('',#9125,0.00025);
#9127=CARTESIAN_POINT('',(-0.0445790690435618,0.000801,-0.0334069371877484));
#9128=VERTEX_POINT('',#9127);
#9129=EDGE_CURVE('',#9128,#9128,#9126,.T.);
#9130=ORIENTED_EDGE('',*,*,#9129,.T.);
#9131=EDGE_LOOP('',(#9130));
#9132=FACE_BOUND('',#9131,.T.);
#9133=CARTESIAN_POINT('',(-0.0445790690435618,-0.000801,-0.0331569371877484));
#9134=DIRECTION('',(0.,1.,0.));
#9135=DIRECTION('',(0.,0.,1.));
#9136=AXIS2_PLACEMENT_3D('',#9133,#9134,#9135);
#9137=CIRCLE('',#9136,0.00025);
#9138=CARTESIAN_POINT('',(-0.0445790690435618,-0.000801,-0.0334069371877484));
#9139=VERTEX_POINT('',#9138);
#9140=EDGE_CURVE('',#9139,#9139,#9137,.T.);
#9141=ORIENTED_EDGE('',*,*,#9140,.F.);
#9142=EDGE_LOOP('',(#9141));
#9143=FACE_BOUND('',#9142,.T.);
#9144=ADVANCED_FACE('',(#9132,#9143),#9121,.F.);
#9145=COLOUR_RGB('',0.694117647058824,0.0980392156862745,0.0980392156862745);
#9146=FILL_AREA_STYLE_COLOUR('',#9145);
#9147=FILL_AREA_STYLE('',(#9146));
#9148=SURFACE_STYLE_FILL_AREA(#9147);
#9149=SURFACE_SIDE_STYLE('',(#9148));
#9150=SURFACE_STYLE_USAGE(.NEGATIVE.,#9149);
#9151=PRESENTATION_STYLE_ASSIGNMENT((#9150));
#9152=STYLED_ITEM('',(#9151),#9144);
#9153=CARTESIAN_POINT('',(-0.0465276262020767,0.000801,-0.0342819371877484));
#9154=DIRECTION('',(0.,-1.,0.));
#9155=DIRECTION('',(0.,0.,-1.));
#9156=AXIS2_PLACEMENT_3D('',#9153,#9154,#9155);
#9157=CYLINDRICAL_SURFACE('',#9156,0.00025);
#9158=CARTESIAN_POINT('',(-0.0465276262020767,0.000801,-0.0342819371877484));
#9159=DIRECTION('',(0.,1.,0.));
#9160=DIRECTION('',(0.,0.,1.));
#9161=AXIS2_PLACEMENT_3D('',#9158,#9159,#9160);
#9162=CIRCLE('',#9161,0.00025);
#9163=CARTESIAN_POINT('',(-0.0465276262020767,0.000801,-0.0345319371877484));
#9164=VERTEX_POINT('',#9163);
#9165=EDGE_CURVE('',#9164,#9164,#9162,.T.);
#9166=ORIENTED_EDGE('',*,*,#9165,.T.);
#9167=EDGE_LOOP('',(#9166));
#9168=FACE_BOUND('',#9167,.T.);
#9169=CARTESIAN_POINT('',(-0.0465276262020767,-0.000801,-0.0342819371877484));
#9170=DIRECTION('',(0.,1.,0.));
#9171=DIRECTION('',(0.,0.,1.));
#9172=AXIS2_PLACEMENT_3D('',#9169,#9170,#9171);
#9173=CIRCLE('',#9172,0.00025);
#9174=CARTESIAN_POINT('',(-0.0465276262020767,-0.000801,-0.0345319371877484));
#9175=VERTEX_POINT('',#9174);
#9176=EDGE_CURVE('',#9175,#9175,#9173,.T.);
#9177=ORIENTED_EDGE('',*,*,#9176,.F.);
#9178=EDGE_LOOP('',(#9177));
#9179=FACE_BOUND('',#9178,.T.);
#9180=ADVANCED_FACE('',(#9168,#9179),#9157,.F.);
#9181=COLOUR_RGB('',0.694117647058824,0.0980392156862745,0.0980392156862745);
#9182=FILL_AREA_STYLE_COLOUR('',#9181);
#9183=FILL_AREA_STYLE('',(#9182));
#9184=SURFACE_STYLE_FILL_AREA(#9183);
#9185=SURFACE_SIDE_STYLE('',(#9184));
#9186=SURFACE_STYLE_USAGE(.NEGATIVE.,#9185);
#9187=PRESENTATION_STYLE_ASSIGNMENT((#9186));
#9188=STYLED_ITEM('',(#9187),#9180);
#9189=CARTESIAN_POINT('',(-0.0484761833605917,0.000801,-0.0331569371877484));
#9190=DIRECTION('',(0.,-1.,0.));
#9191=DIRECTION('',(0.,0.,-1.));
#9192=AXIS2_PLACEMENT_3D('',#9189,#9190,#9191);
#9193=CYLINDRICAL_SURFACE('',#9192,0.00025);
#9194=CARTESIAN_POINT('',(-0.0484761833605917,0.000801,-0.0331569371877484));
#9195=DIRECTION('',(0.,1.,0.));
#9196=DIRECTION('',(0.,0.,1.));
#9197=AXIS2_PLACEMENT_3D('',#9194,#9195,#9196);
#9198=CIRCLE('',#9197,0.00025);
#9199=CARTESIAN_POINT('',(-0.0484761833605917,0.000801,-0.0334069371877484));
#9200=VERTEX_POINT('',#9199);
#9201=EDGE_CURVE('',#9200,#9200,#9198,.T.);
#9202=ORIENTED_EDGE('',*,*,#9201,.T.);
#9203=EDGE_LOOP('',(#9202));
#9204=FACE_BOUND('',#9203,.T.);
#9205=CARTESIAN_POINT('',(-0.0484761833605917,-0.000801,-0.0331569371877484));
#9206=DIRECTION('',(0.,1.,0.));
#9207=DIRECTION('',(0.,0.,1.));
#9208=AXIS2_PLACEMENT_3D('',#9205,#9206,#9207);
#9209=CIRCLE('',#9208,0.00025);
#9210=CARTESIAN_POINT('',(-0.0484761833605917,-0.000801,-0.0334069371877484));
#9211=VERTEX_POINT('',#9210);
#9212=EDGE_CURVE('',#9211,#9211,#9209,.T.);
#9213=ORIENTED_EDGE('',*,*,#9212,.F.);
#9214=EDGE_LOOP('',(#9213));
#9215=FACE_BOUND('',#9214,.T.);
#9216=ADVANCED_FACE('',(#9204,#9215),#9193,.F.);
#9217=COLOUR_RGB('',0.694117647058824,0.0980392156862745,0.0980392156862745);
#9218=FILL_AREA_STYLE_COLOUR('',#9217);
#9219=FILL_AREA_STYLE('',(#9218));
#9220=SURFACE_STYLE_FILL_AREA(#9219);
#9221=SURFACE_SIDE_STYLE('',(#9220));
#9222=SURFACE_STYLE_USAGE(.NEGATIVE.,#9221);
#9223=PRESENTATION_STYLE_ASSIGNMENT((#9222));
#9224=STYLED_ITEM('',(#9223),#9216);
#9225=CARTESIAN_POINT('',(-0.0484761833605917,0.000801,-0.0309069371877484));
#9226=DIRECTION('',(0.,-1.,0.));
#9227=DIRECTION('',(0.,0.,-1.));
#9228=AXIS2_PLACEMENT_3D('',#9225,#9226,#9227);
#9229=CYLINDRICAL_SURFACE('',#9228,0.00025);
#9230=CARTESIAN_POINT('',(-0.0484761833605917,0.000801,-0.0309069371877484));
#9231=DIRECTION('',(0.,1.,0.));
#9232=DIRECTION('',(0.,0.,1.));
#9233=AXIS2_PLACEMENT_3D('',#9230,#9231,#9232);
#9234=CIRCLE('',#9233,0.00025);
#9235=CARTESIAN_POINT('',(-0.0484761833605917,0.000801,-0.0311569371877484));
#9236=VERTEX_POINT('',#9235);
#9237=EDGE_CURVE('',#9236,#9236,#9234,.T.);
#9238=ORIENTED_EDGE('',*,*,#9237,.T.);
#9239=EDGE_LOOP('',(#9238));
#9240=FACE_BOUND('',#9239,.T.);
#9241=CARTESIAN_POINT('',(-0.0484761833605917,-0.000801,-0.0309069371877484));
#9242=DIRECTION('',(0.,1.,0.));
#9243=DIRECTION('',(0.,0.,1.));
#9244=AXIS2_PLACEMENT_3D('',#9241,#9242,#9243);
#9245=CIRCLE('',#9244,0.00025);
#9246=CARTESIAN_POINT('',(-0.0484761833605917,-0.000801,-0.0311569371877484));
#9247=VERTEX_POINT('',#9246);
#9248=EDGE_CURVE('',#9247,#9247,#9245,.T.);
#9249=ORIENTED_EDGE('',*,*,#9248,.F.);
#9250=EDGE_LOOP('',(#9249));
#9251=FACE_BOUND('',#9250,.T.);
#9252=ADVANCED_FACE('',(#9240,#9251),#9229,.F.);
#9253=COLOUR_RGB('',0.694117647058824,0.0980392156862745,0.0980392156862745);
#9254=FILL_AREA_STYLE_COLOUR('',#9253);
#9255=FILL_AREA_STYLE('',(#9254));
#9256=SURFACE_STYLE_FILL_AREA(#9255);
#9257=SURFACE_SIDE_STYLE('',(#9256));
#9258=SURFACE_STYLE_USAGE(.NEGATIVE.,#9257);
#9259=PRESENTATION_STYLE_ASSIGNMENT((#9258));
#9260=STYLED_ITEM('',(#9259),#9252);
#9261=CARTESIAN_POINT('',(-0.0465276262020768,0.000801,-0.0320319371877484));
#9262=DIRECTION('',(0.,-1.,0.));
#9263=DIRECTION('',(0.,0.,-1.));
#9264=AXIS2_PLACEMENT_3D('',#9261,#9262,#9263);
#9265=CYLINDRICAL_SURFACE('',#9264,0.003);
#9266=CARTESIAN_POINT('',(-0.0465276262020768,0.000801,-0.0320319371877484));
#9267=DIRECTION('',(0.,1.,0.));
#9268=DIRECTION('',(0.,0.,1.));
#9269=AXIS2_PLACEMENT_3D('',#9266,#9267,#9268);
#9270=CIRCLE('',#9269,0.003);
#9271=CARTESIAN_POINT('',(-0.0465276262020768,0.000801,-0.0350319371877484));
#9272=VERTEX_POINT('',#9271);
#9273=EDGE_CURVE('',#9272,#9272,#9270,.T.);
#9274=ORIENTED_EDGE('',*,*,#9273,.F.);
#9275=EDGE_LOOP('',(#9274));
#9276=FACE_BOUND('',#9275,.T.);
#9277=ORIENTED_EDGE('',*,*,#991,.T.);
#9278=EDGE_LOOP('',(#9277));
#9279=FACE_BOUND('',#9278,.T.);
#9280=ADVANCED_FACE('',(#9276,#9279),#9265,.T.);
#9281=COLOUR_RGB('',0.694117647058824,0.0980392156862745,0.0980392156862745);
#9282=FILL_AREA_STYLE_COLOUR('',#9281);
#9283=FILL_AREA_STYLE('',(#9282));
#9284=SURFACE_STYLE_FILL_AREA(#9283);
#9285=SURFACE_SIDE_STYLE('',(#9284));
#9286=SURFACE_STYLE_USAGE(.NEGATIVE.,#9285);
#9287=PRESENTATION_STYLE_ASSIGNMENT((#9286));
#9288=STYLED_ITEM('',(#9287),#9280);
#9289=CARTESIAN_POINT('',(0.,0.000801,0.));
#9290=DIRECTION('',(0.,1.,0.));
#9291=DIRECTION('',(0.,0.,1.));
#9292=AXIS2_PLACEMENT_3D('',#9289,#9290,#9291);
#9293=PLANE('',#9292);
#9294=ORIENTED_EDGE('',*,*,#9237,.F.);
#9295=EDGE_LOOP('',(#9294));
#9296=FACE_BOUND('',#9295,.T.);
#9297=ORIENTED_EDGE('',*,*,#9201,.F.);
#9298=EDGE_LOOP('',(#9297));
#9299=FACE_BOUND('',#9298,.T.);
#9300=ORIENTED_EDGE('',*,*,#9165,.F.);
#9301=EDGE_LOOP('',(#9300));
#9302=FACE_BOUND('',#9301,.T.);
#9303=ORIENTED_EDGE('',*,*,#9129,.F.);
#9304=EDGE_LOOP('',(#9303));
#9305=FACE_BOUND('',#9304,.T.);
#9306=ORIENTED_EDGE('',*,*,#9093,.F.);
#9307=EDGE_LOOP('',(#9306));
#9308=FACE_BOUND('',#9307,.T.);
#9309=ORIENTED_EDGE('',*,*,#9057,.F.);
#9310=EDGE_LOOP('',(#9309));
#9311=FACE_BOUND('',#9310,.T.);
#9312=ORIENTED_EDGE('',*,*,#6456,.F.);
#9313=EDGE_LOOP('',(#9312));
#9314=FACE_BOUND('',#9313,.T.);
#9315=ORIENTED_EDGE('',*,*,#9273,.T.);
#9316=EDGE_LOOP('',(#9315));
#9317=FACE_BOUND('',#9316,.T.);
#9318=ADVANCED_FACE('',(#9296,#9299,#9302,#9305,#9308,#9311,#9314,#9317),#9293,.T.);
#9319=COLOUR_RGB('',0.694117647058824,0.0980392156862745,0.0980392156862745);
#9320=FILL_AREA_STYLE_COLOUR('',#9319);
#9321=FILL_AREA_STYLE('',(#9320));
#9322=SURFACE_STYLE_FILL_AREA(#9321);
#9323=SURFACE_SIDE_STYLE('',(#9322));
#9324=SURFACE_STYLE_USAGE(.NEGATIVE.,#9323);
#9325=PRESENTATION_STYLE_ASSIGNMENT((#9324));
#9326=STYLED_ITEM('',(#9325),#9318);
#9327=CARTESIAN_POINT('',(-0.0320319371877506,0.000801,-0.0487776262020745));
#9328=DIRECTION('',(0.,-1.,0.));
#9329=DIRECTION('',(0.,0.,-1.));
#9330=AXIS2_PLACEMENT_3D('',#9327,#9328,#9329);
#9331=CYLINDRICAL_SURFACE('',#9330,0.00025);
#9332=CARTESIAN_POINT('',(-0.0320319371877506,0.000801,-0.0487776262020745));
#9333=DIRECTION('',(0.,1.,0.));
#9334=DIRECTION('',(0.,0.,1.));
#9335=AXIS2_PLACEMENT_3D('',#9332,#9333,#9334);
#9336=CIRCLE('',#9335,0.00025);
#9337=CARTESIAN_POINT('',(-0.0320319371877506,0.000801,-0.0490276262020745));
#9338=VERTEX_POINT('',#9337);
#9339=EDGE_CURVE('',#9338,#9338,#9336,.T.);
#9340=ORIENTED_EDGE('',*,*,#9339,.T.);
#9341=EDGE_LOOP('',(#9340));
#9342=FACE_BOUND('',#9341,.T.);
#9343=CARTESIAN_POINT('',(-0.0320319371877506,-0.000801,-0.0487776262020745));
#9344=DIRECTION('',(0.,1.,0.));
#9345=DIRECTION('',(0.,0.,1.));
#9346=AXIS2_PLACEMENT_3D('',#9343,#9344,#9345);
#9347=CIRCLE('',#9346,0.00025);
#9348=CARTESIAN_POINT('',(-0.0320319371877506,-0.000801,-0.0490276262020745));
#9349=VERTEX_POINT('',#9348);
#9350=EDGE_CURVE('',#9349,#9349,#9347,.T.);
#9351=ORIENTED_EDGE('',*,*,#9350,.F.);
#9352=EDGE_LOOP('',(#9351));
#9353=FACE_BOUND('',#9352,.T.);
#9354=ADVANCED_FACE('',(#9342,#9353),#9331,.F.);
#9355=COLOUR_RGB('',0.694117647058824,0.0980392156862745,0.0980392156862745);
#9356=FILL_AREA_STYLE_COLOUR('',#9355);
#9357=FILL_AREA_STYLE('',(#9356));
#9358=SURFACE_STYLE_FILL_AREA(#9357);
#9359=SURFACE_SIDE_STYLE('',(#9358));
#9360=SURFACE_STYLE_USAGE(.NEGATIVE.,#9359);
#9361=PRESENTATION_STYLE_ASSIGNMENT((#9360));
#9362=STYLED_ITEM('',(#9361),#9354);
#9363=CARTESIAN_POINT('',(-0.0300833800292356,0.000801,-0.0476526262020745));
#9364=DIRECTION('',(0.,-1.,0.));
#9365=DIRECTION('',(0.,0.,-1.));
#9366=AXIS2_PLACEMENT_3D('',#9363,#9364,#9365);
#9367=CYLINDRICAL_SURFACE('',#9366,0.00025);
#9368=CARTESIAN_POINT('',(-0.0300833800292356,0.000801,-0.0476526262020745));
#9369=DIRECTION('',(0.,1.,0.));
#9370=DIRECTION('',(0.,0.,1.));
#9371=AXIS2_PLACEMENT_3D('',#9368,#9369,#9370);
#9372=CIRCLE('',#9371,0.00025);
#9373=CARTESIAN_POINT('',(-0.0300833800292356,0.000801,-0.0479026262020745));
#9374=VERTEX_POINT('',#9373);
#9375=EDGE_CURVE('',#9374,#9374,#9372,.T.);
#9376=ORIENTED_EDGE('',*,*,#9375,.T.);
#9377=EDGE_LOOP('',(#9376));
#9378=FACE_BOUND('',#9377,.T.);
#9379=CARTESIAN_POINT('',(-0.0300833800292356,-0.000801,-0.0476526262020745));
#9380=DIRECTION('',(0.,1.,0.));
#9381=DIRECTION('',(0.,0.,1.));
#9382=AXIS2_PLACEMENT_3D('',#9379,#9380,#9381);
#9383=CIRCLE('',#9382,0.00025);
#9384=CARTESIAN_POINT('',(-0.0300833800292356,-0.000801,-0.0479026262020745));
#9385=VERTEX_POINT('',#9384);
#9386=EDGE_CURVE('',#9385,#9385,#9383,.T.);
#9387=ORIENTED_EDGE('',*,*,#9386,.F.);
#9388=EDGE_LOOP('',(#9387));
#9389=FACE_BOUND('',#9388,.T.);
#9390=ADVANCED_FACE('',(#9378,#9389),#9367,.F.);
#9391=COLOUR_RGB('',0.694117647058824,0.0980392156862745,0.0980392156862745);
#9392=FILL_AREA_STYLE_COLOUR('',#9391);
#9393=FILL_AREA_STYLE('',(#9392));
#9394=SURFACE_STYLE_FILL_AREA(#9393);
#9395=SURFACE_SIDE_STYLE('',(#9394));
#9396=SURFACE_STYLE_USAGE(.NEGATIVE.,#9395);
#9397=PRESENTATION_STYLE_ASSIGNMENT((#9396));
#9398=STYLED_ITEM('',(#9397),#9390);
#9399=CARTESIAN_POINT('',(-0.0300833800292356,0.000801,-0.0454026262020745));
#9400=DIRECTION('',(0.,-1.,0.));
#9401=DIRECTION('',(0.,0.,-1.));
#9402=AXIS2_PLACEMENT_3D('',#9399,#9400,#9401);
#9403=CYLINDRICAL_SURFACE('',#9402,0.00025);
#9404=CARTESIAN_POINT('',(-0.0300833800292356,0.000801,-0.0454026262020745));
#9405=DIRECTION('',(0.,1.,0.));
#9406=DIRECTION('',(0.,0.,1.));
#9407=AXIS2_PLACEMENT_3D('',#9404,#9405,#9406);
#9408=CIRCLE('',#9407,0.00025);
#9409=CARTESIAN_POINT('',(-0.0300833800292356,0.000801,-0.0456526262020745));
#9410=VERTEX_POINT('',#9409);
#9411=EDGE_CURVE('',#9410,#9410,#9408,.T.);
#9412=ORIENTED_EDGE('',*,*,#9411,.T.);
#9413=EDGE_LOOP('',(#9412));
#9414=FACE_BOUND('',#9413,.T.);
#9415=CARTESIAN_POINT('',(-0.0300833800292356,-0.000801,-0.0454026262020745));
#9416=DIRECTION('',(0.,1.,0.));
#9417=DIRECTION('',(0.,0.,1.));
#9418=AXIS2_PLACEMENT_3D('',#9415,#9416,#9417);
#9419=CIRCLE('',#9418,0.00025);
#9420=CARTESIAN_POINT('',(-0.0300833800292356,-0.000801,-0.0456526262020745));
#9421=VERTEX_POINT('',#9420);
#9422=EDGE_CURVE('',#9421,#9421,#9419,.T.);
#9423=ORIENTED_EDGE('',*,*,#9422,.F.);
#9424=EDGE_LOOP('',(#9423));
#9425=FACE_BOUND('',#9424,.T.);
#9426=ADVANCED_FACE('',(#9414,#9425),#9403,.F.);
#9427=COLOUR_RGB('',0.694117647058824,0.0980392156862745,0.0980392156862745);
#9428=FILL_AREA_STYLE_COLOUR('',#9427);
#9429=FILL_AREA_STYLE('',(#9428));
#9430=SURFACE_STYLE_FILL_AREA(#9429);
#9431=SURFACE_SIDE_STYLE('',(#9430));
#9432=SURFACE_STYLE_USAGE(.NEGATIVE.,#9431);
#9433=PRESENTATION_STYLE_ASSIGNMENT((#9432));
#9434=STYLED_ITEM('',(#9433),#9426);
#9435=CARTESIAN_POINT('',(-0.0320319371877506,0.000801,-0.0442776262020745));
#9436=DIRECTION('',(0.,-1.,0.));
#9437=DIRECTION('',(0.,0.,-1.));
#9438=AXIS2_PLACEMENT_3D('',#9435,#9436,#9437);
#9439=CYLINDRICAL_SURFACE('',#9438,0.00025);
#9440=CARTESIAN_POINT('',(-0.0320319371877506,0.000801,-0.0442776262020745));
#9441=DIRECTION('',(0.,1.,0.));
#9442=DIRECTION('',(0.,0.,1.));
#9443=AXIS2_PLACEMENT_3D('',#9440,#9441,#9442);
#9444=CIRCLE('',#9443,0.00025);
#9445=CARTESIAN_POINT('',(-0.0320319371877506,0.000801,-0.0445276262020745));
#9446=VERTEX_POINT('',#9445);
#9447=EDGE_CURVE('',#9446,#9446,#9444,.T.);
#9448=ORIENTED_EDGE('',*,*,#9447,.T.);
#9449=EDGE_LOOP('',(#9448));
#9450=FACE_BOUND('',#9449,.T.);
#9451=CARTESIAN_POINT('',(-0.0320319371877506,-0.000801,-0.0442776262020745));
#9452=DIRECTION('',(0.,1.,0.));
#9453=DIRECTION('',(0.,0.,1.));
#9454=AXIS2_PLACEMENT_3D('',#9451,#9452,#9453);
#9455=CIRCLE('',#9454,0.00025);
#9456=CARTESIAN_POINT('',(-0.0320319371877506,-0.000801,-0.0445276262020745));
#9457=VERTEX_POINT('',#9456);
#9458=EDGE_CURVE('',#9457,#9457,#9455,.T.);
#9459=ORIENTED_EDGE('',*,*,#9458,.F.);
#9460=EDGE_LOOP('',(#9459));
#9461=FACE_BOUND('',#9460,.T.);
#9462=ADVANCED_FACE('',(#9450,#9461),#9439,.F.);
#9463=COLOUR_RGB('',0.694117647058824,0.0980392156862745,0.0980392156862745);
#9464=FILL_AREA_STYLE_COLOUR('',#9463);
#9465=FILL_AREA_STYLE('',(#9464));
#9466=SURFACE_STYLE_FILL_AREA(#9465);
#9467=SURFACE_SIDE_STYLE('',(#9466));
#9468=SURFACE_STYLE_USAGE(.NEGATIVE.,#9467);
#9469=PRESENTATION_STYLE_ASSIGNMENT((#9468));
#9470=STYLED_ITEM('',(#9469),#9462);
#9471=CARTESIAN_POINT('',(-0.0339804943462656,0.000801,-0.0476526262020745));
#9472=DIRECTION('',(0.,-1.,0.));
#9473=DIRECTION('',(0.,0.,-1.));
#9474=AXIS2_PLACEMENT_3D('',#9471,#9472,#9473);
#9475=CYLINDRICAL_SURFACE('',#9474,0.00025);
#9476=CARTESIAN_POINT('',(-0.0339804943462656,0.000801,-0.0476526262020745));
#9477=DIRECTION('',(0.,1.,0.));
#9478=DIRECTION('',(0.,0.,1.));
#9479=AXIS2_PLACEMENT_3D('',#9476,#9477,#9478);
#9480=CIRCLE('',#9479,0.00025);
#9481=CARTESIAN_POINT('',(-0.0339804943462656,0.000801,-0.0479026262020745));
#9482=VERTEX_POINT('',#9481);
#9483=EDGE_CURVE('',#9482,#9482,#9480,.T.);
#9484=ORIENTED_EDGE('',*,*,#9483,.T.);
#9485=EDGE_LOOP('',(#9484));
#9486=FACE_BOUND('',#9485,.T.);
#9487=CARTESIAN_POINT('',(-0.0339804943462656,-0.000801,-0.0476526262020745));
#9488=DIRECTION('',(0.,1.,0.));
#9489=DIRECTION('',(0.,0.,1.));
#9490=AXIS2_PLACEMENT_3D('',#9487,#9488,#9489);
#9491=CIRCLE('',#9490,0.00025);
#9492=CARTESIAN_POINT('',(-0.0339804943462656,-0.000801,-0.0479026262020745));
#9493=VERTEX_POINT('',#9492);
#9494=EDGE_CURVE('',#9493,#9493,#9491,.T.);
#9495=ORIENTED_EDGE('',*,*,#9494,.F.);
#9496=EDGE_LOOP('',(#9495));
#9497=FACE_BOUND('',#9496,.T.);
#9498=ADVANCED_FACE('',(#9486,#9497),#9475,.F.);
#9499=COLOUR_RGB('',0.694117647058824,0.0980392156862745,0.0980392156862745);
#9500=FILL_AREA_STYLE_COLOUR('',#9499);
#9501=FILL_AREA_STYLE('',(#9500));
#9502=SURFACE_STYLE_FILL_AREA(#9501);
#9503=SURFACE_SIDE_STYLE('',(#9502));
#9504=SURFACE_STYLE_USAGE(.NEGATIVE.,#9503);
#9505=PRESENTATION_STYLE_ASSIGNMENT((#9504));
#9506=STYLED_ITEM('',(#9505),#9498);
#9507=CARTESIAN_POINT('',(-0.0339804943462656,0.000801,-0.0454026262020745));
#9508=DIRECTION('',(0.,-1.,0.));
#9509=DIRECTION('',(0.,0.,-1.));
#9510=AXIS2_PLACEMENT_3D('',#9507,#9508,#9509);
#9511=CYLINDRICAL_SURFACE('',#9510,0.00025);
#9512=CARTESIAN_POINT('',(-0.0339804943462656,0.000801,-0.0454026262020745));
#9513=DIRECTION('',(0.,1.,0.));
#9514=DIRECTION('',(0.,0.,1.));
#9515=AXIS2_PLACEMENT_3D('',#9512,#9513,#9514);
#9516=CIRCLE('',#9515,0.00025);
#9517=CARTESIAN_POINT('',(-0.0339804943462656,0.000801,-0.0456526262020745));
#9518=VERTEX_POINT('',#9517);
#9519=EDGE_CURVE('',#9518,#9518,#9516,.T.);
#9520=ORIENTED_EDGE('',*,*,#9519,.T.);
#9521=EDGE_LOOP('',(#9520));
#9522=FACE_BOUND('',#9521,.T.);
#9523=CARTESIAN_POINT('',(-0.0339804943462656,-0.000801,-0.0454026262020745));
#9524=DIRECTION('',(0.,1.,0.));
#9525=DIRECTION('',(0.,0.,1.));
#9526=AXIS2_PLACEMENT_3D('',#9523,#9524,#9525);
#9527=CIRCLE('',#9526,0.00025);
#9528=CARTESIAN_POINT('',(-0.0339804943462656,-0.000801,-0.0456526262020745));
#9529=VERTEX_POINT('',#9528);
#9530=EDGE_CURVE('',#9529,#9529,#9527,.T.);
#9531=ORIENTED_EDGE('',*,*,#9530,.F.);
#9532=EDGE_LOOP('',(#9531));
#9533=FACE_BOUND('',#9532,.T.);
#9534=ADVANCED_FACE('',(#9522,#9533),#9511,.F.);
#9535=COLOUR_RGB('',0.694117647058824,0.0980392156862745,0.0980392156862745);
#9536=FILL_AREA_STYLE_COLOUR('',#9535);
#9537=FILL_AREA_STYLE('',(#9536));
#9538=SURFACE_STYLE_FILL_AREA(#9537);
#9539=SURFACE_SIDE_STYLE('',(#9538));
#9540=SURFACE_STYLE_USAGE(.NEGATIVE.,#9539);
#9541=PRESENTATION_STYLE_ASSIGNMENT((#9540));
#9542=STYLED_ITEM('',(#9541),#9534);
#9543=CARTESIAN_POINT('',(-0.0320319371877506,0.000801,-0.0465276262020745));
#9544=DIRECTION('',(0.,-1.,0.));
#9545=DIRECTION('',(0.,0.,-1.));
#9546=AXIS2_PLACEMENT_3D('',#9543,#9544,#9545);
#9547=CYLINDRICAL_SURFACE('',#9546,0.003);
#9548=CARTESIAN_POINT('',(-0.0320319371877506,0.000801,-0.0465276262020745));
#9549=DIRECTION('',(0.,1.,0.));
#9550=DIRECTION('',(0.,0.,1.));
#9551=AXIS2_PLACEMENT_3D('',#9548,#9549,#9550);
#9552=CIRCLE('',#9551,0.003);
#9553=CARTESIAN_POINT('',(-0.0320319371877506,0.000801,-0.0495276262020745));
#9554=VERTEX_POINT('',#9553);
#9555=EDGE_CURVE('',#9554,#9554,#9552,.T.);
#9556=ORIENTED_EDGE('',*,*,#9555,.F.);
#9557=EDGE_LOOP('',(#9556));
#9558=FACE_BOUND('',#9557,.T.);
#9559=ORIENTED_EDGE('',*,*,#1002,.T.);
#9560=EDGE_LOOP('',(#9559));
#9561=FACE_BOUND('',#9560,.T.);
#9562=ADVANCED_FACE('',(#9558,#9561),#9547,.T.);
#9563=COLOUR_RGB('',0.694117647058824,0.0980392156862745,0.0980392156862745);
#9564=FILL_AREA_STYLE_COLOUR('',#9563);
#9565=FILL_AREA_STYLE('',(#9564));
#9566=SURFACE_STYLE_FILL_AREA(#9565);
#9567=SURFACE_SIDE_STYLE('',(#9566));
#9568=SURFACE_STYLE_USAGE(.NEGATIVE.,#9567);
#9569=PRESENTATION_STYLE_ASSIGNMENT((#9568));
#9570=STYLED_ITEM('',(#9569),#9562);
#9571=CARTESIAN_POINT('',(0.,0.000801,0.));
#9572=DIRECTION('',(0.,1.,0.));
#9573=DIRECTION('',(0.,0.,1.));
#9574=AXIS2_PLACEMENT_3D('',#9571,#9572,#9573);
#9575=PLANE('',#9574);
#9576=ORIENTED_EDGE('',*,*,#9519,.F.);
#9577=EDGE_LOOP('',(#9576));
#9578=FACE_BOUND('',#9577,.T.);
#9579=ORIENTED_EDGE('',*,*,#9483,.F.);
#9580=EDGE_LOOP('',(#9579));
#9581=FACE_BOUND('',#9580,.T.);
#9582=ORIENTED_EDGE('',*,*,#9447,.F.);
#9583=EDGE_LOOP('',(#9582));
#9584=FACE_BOUND('',#9583,.T.);
#9585=ORIENTED_EDGE('',*,*,#9411,.F.);
#9586=EDGE_LOOP('',(#9585));
#9587=FACE_BOUND('',#9586,.T.);
#9588=ORIENTED_EDGE('',*,*,#9375,.F.);
#9589=EDGE_LOOP('',(#9588));
#9590=FACE_BOUND('',#9589,.T.);
#9591=ORIENTED_EDGE('',*,*,#9339,.F.);
#9592=EDGE_LOOP('',(#9591));
#9593=FACE_BOUND('',#9592,.T.);
#9594=ORIENTED_EDGE('',*,*,#6428,.F.);
#9595=EDGE_LOOP('',(#9594));
#9596=FACE_BOUND('',#9595,.T.);
#9597=ORIENTED_EDGE('',*,*,#9555,.T.);
#9598=EDGE_LOOP('',(#9597));
#9599=FACE_BOUND('',#9598,.T.);
#9600=ADVANCED_FACE('',(#9578,#9581,#9584,#9587,#9590,#9593,#9596,#9599),#9575,.T.);
#9601=COLOUR_RGB('',0.694117647058824,0.0980392156862745,0.0980392156862745);
#9602=FILL_AREA_STYLE_COLOUR('',#9601);
#9603=FILL_AREA_STYLE('',(#9602));
#9604=SURFACE_STYLE_FILL_AREA(#9603);
#9605=SURFACE_SIDE_STYLE('',(#9604));
#9606=SURFACE_STYLE_USAGE(.NEGATIVE.,#9605);
#9607=PRESENTATION_STYLE_ASSIGNMENT((#9606));
#9608=STYLED_ITEM('',(#9607),#9600);
#9609=CARTESIAN_POINT('',(0.0320319371877486,0.000801,-0.0442776262020746));
#9610=DIRECTION('',(0.,-1.,0.));
#9611=DIRECTION('',(0.,0.,-1.));
#9612=AXIS2_PLACEMENT_3D('',#9609,#9610,#9611);
#9613=CYLINDRICAL_SURFACE('',#9612,0.00025);
#9614=CARTESIAN_POINT('',(0.0320319371877486,0.000801,-0.0442776262020746));
#9615=DIRECTION('',(0.,1.,0.));
#9616=DIRECTION('',(0.,0.,1.));
#9617=AXIS2_PLACEMENT_3D('',#9614,#9615,#9616);
#9618=CIRCLE('',#9617,0.00025);
#9619=CARTESIAN_POINT('',(0.0320319371877486,0.000801,-0.0445276262020746));
#9620=VERTEX_POINT('',#9619);
#9621=EDGE_CURVE('',#9620,#9620,#9618,.T.);
#9622=ORIENTED_EDGE('',*,*,#9621,.T.);
#9623=EDGE_LOOP('',(#9622));
#9624=FACE_BOUND('',#9623,.T.);
#9625=CARTESIAN_POINT('',(0.0320319371877486,-0.000801,-0.0442776262020746));
#9626=DIRECTION('',(0.,1.,0.));
#9627=DIRECTION('',(0.,0.,1.));
#9628=AXIS2_PLACEMENT_3D('',#9625,#9626,#9627);
#9629=CIRCLE('',#9628,0.00025);
#9630=CARTESIAN_POINT('',(0.0320319371877486,-0.000801,-0.0445276262020746));
#9631=VERTEX_POINT('',#9630);
#9632=EDGE_CURVE('',#9631,#9631,#9629,.T.);
#9633=ORIENTED_EDGE('',*,*,#9632,.F.);
#9634=EDGE_LOOP('',(#9633));
#9635=FACE_BOUND('',#9634,.T.);
#9636=ADVANCED_FACE('',(#9624,#9635),#9613,.F.);
#9637=COLOUR_RGB('',0.694117647058824,0.0980392156862745,0.0980392156862745);
#9638=FILL_AREA_STYLE_COLOUR('',#9637);
#9639=FILL_AREA_STYLE('',(#9638));
#9640=SURFACE_STYLE_FILL_AREA(#9639);
#9641=SURFACE_SIDE_STYLE('',(#9640));
#9642=SURFACE_STYLE_USAGE(.NEGATIVE.,#9641);
#9643=PRESENTATION_STYLE_ASSIGNMENT((#9642));
#9644=STYLED_ITEM('',(#9643),#9636);
#9645=CARTESIAN_POINT('',(0.0339804943462636,0.000801,-0.0454026262020746));
#9646=DIRECTION('',(0.,-1.,0.));
#9647=DIRECTION('',(0.,0.,-1.));
#9648=AXIS2_PLACEMENT_3D('',#9645,#9646,#9647);
#9649=CYLINDRICAL_SURFACE('',#9648,0.00025);
#9650=CARTESIAN_POINT('',(0.0339804943462636,0.000801,-0.0454026262020746));
#9651=DIRECTION('',(0.,1.,0.));
#9652=DIRECTION('',(0.,0.,1.));
#9653=AXIS2_PLACEMENT_3D('',#9650,#9651,#9652);
#9654=CIRCLE('',#9653,0.00025);
#9655=CARTESIAN_POINT('',(0.0339804943462636,0.000801,-0.0456526262020746));
#9656=VERTEX_POINT('',#9655);
#9657=EDGE_CURVE('',#9656,#9656,#9654,.T.);
#9658=ORIENTED_EDGE('',*,*,#9657,.T.);
#9659=EDGE_LOOP('',(#9658));
#9660=FACE_BOUND('',#9659,.T.);
#9661=CARTESIAN_POINT('',(0.0339804943462636,-0.000801,-0.0454026262020746));
#9662=DIRECTION('',(0.,1.,0.));
#9663=DIRECTION('',(0.,0.,1.));
#9664=AXIS2_PLACEMENT_3D('',#9661,#9662,#9663);
#9665=CIRCLE('',#9664,0.00025);
#9666=CARTESIAN_POINT('',(0.0339804943462636,-0.000801,-0.0456526262020746));
#9667=VERTEX_POINT('',#9666);
#9668=EDGE_CURVE('',#9667,#9667,#9665,.T.);
#9669=ORIENTED_EDGE('',*,*,#9668,.F.);
#9670=EDGE_LOOP('',(#9669));
#9671=FACE_BOUND('',#9670,.T.);
#9672=ADVANCED_FACE('',(#9660,#9671),#9649,.F.);
#9673=COLOUR_RGB('',0.694117647058824,0.0980392156862745,0.0980392156862745);
#9674=FILL_AREA_STYLE_COLOUR('',#9673);
#9675=FILL_AREA_STYLE('',(#9674));
#9676=SURFACE_STYLE_FILL_AREA(#9675);
#9677=SURFACE_SIDE_STYLE('',(#9676));
#9678=SURFACE_STYLE_USAGE(.NEGATIVE.,#9677);
#9679=PRESENTATION_STYLE_ASSIGNMENT((#9678));
#9680=STYLED_ITEM('',(#9679),#9672);
#9681=CARTESIAN_POINT('',(0.0339804943462636,0.000801,-0.0476526262020746));
#9682=DIRECTION('',(0.,-1.,0.));
#9683=DIRECTION('',(0.,0.,-1.));
#9684=AXIS2_PLACEMENT_3D('',#9681,#9682,#9683);
#9685=CYLINDRICAL_SURFACE('',#9684,0.00025);
#9686=CARTESIAN_POINT('',(0.0339804943462636,0.000801,-0.0476526262020746));
#9687=DIRECTION('',(0.,1.,0.));
#9688=DIRECTION('',(0.,0.,1.));
#9689=AXIS2_PLACEMENT_3D('',#9686,#9687,#9688);
#9690=CIRCLE('',#9689,0.00025);
#9691=CARTESIAN_POINT('',(0.0339804943462636,0.000801,-0.0479026262020746));
#9692=VERTEX_POINT('',#9691);
#9693=EDGE_CURVE('',#9692,#9692,#9690,.T.);
#9694=ORIENTED_EDGE('',*,*,#9693,.T.);
#9695=EDGE_LOOP('',(#9694));
#9696=FACE_BOUND('',#9695,.T.);
#9697=CARTESIAN_POINT('',(0.0339804943462636,-0.000801,-0.0476526262020746));
#9698=DIRECTION('',(0.,1.,0.));
#9699=DIRECTION('',(0.,0.,1.));
#9700=AXIS2_PLACEMENT_3D('',#9697,#9698,#9699);
#9701=CIRCLE('',#9700,0.00025);
#9702=CARTESIAN_POINT('',(0.0339804943462636,-0.000801,-0.0479026262020746));
#9703=VERTEX_POINT('',#9702);
#9704=EDGE_CURVE('',#9703,#9703,#9701,.T.);
#9705=ORIENTED_EDGE('',*,*,#9704,.F.);
#9706=EDGE_LOOP('',(#9705));
#9707=FACE_BOUND('',#9706,.T.);
#9708=ADVANCED_FACE('',(#9696,#9707),#9685,.F.);
#9709=COLOUR_RGB('',0.694117647058824,0.0980392156862745,0.0980392156862745);
#9710=FILL_AREA_STYLE_COLOUR('',#9709);
#9711=FILL_AREA_STYLE('',(#9710));
#9712=SURFACE_STYLE_FILL_AREA(#9711);
#9713=SURFACE_SIDE_STYLE('',(#9712));
#9714=SURFACE_STYLE_USAGE(.NEGATIVE.,#9713);
#9715=PRESENTATION_STYLE_ASSIGNMENT((#9714));
#9716=STYLED_ITEM('',(#9715),#9708);
#9717=CARTESIAN_POINT('',(0.0320319371877486,0.000801,-0.0487776262020746));
#9718=DIRECTION('',(0.,-1.,0.));
#9719=DIRECTION('',(0.,0.,-1.));
#9720=AXIS2_PLACEMENT_3D('',#9717,#9718,#9719);
#9721=CYLINDRICAL_SURFACE('',#9720,0.00025);
#9722=CARTESIAN_POINT('',(0.0320319371877486,0.000801,-0.0487776262020746));
#9723=DIRECTION('',(0.,1.,0.));
#9724=DIRECTION('',(0.,0.,1.));
#9725=AXIS2_PLACEMENT_3D('',#9722,#9723,#9724);
#9726=CIRCLE('',#9725,0.00025);
#9727=CARTESIAN_POINT('',(0.0320319371877486,0.000801,-0.0490276262020746));
#9728=VERTEX_POINT('',#9727);
#9729=EDGE_CURVE('',#9728,#9728,#9726,.T.);
#9730=ORIENTED_EDGE('',*,*,#9729,.T.);
#9731=EDGE_LOOP('',(#9730));
#9732=FACE_BOUND('',#9731,.T.);
#9733=CARTESIAN_POINT('',(0.0320319371877486,-0.000801,-0.0487776262020746));
#9734=DIRECTION('',(0.,1.,0.));
#9735=DIRECTION('',(0.,0.,1.));
#9736=AXIS2_PLACEMENT_3D('',#9733,#9734,#9735);
#9737=CIRCLE('',#9736,0.00025);
#9738=CARTESIAN_POINT('',(0.0320319371877486,-0.000801,-0.0490276262020746));
#9739=VERTEX_POINT('',#9738);
#9740=EDGE_CURVE('',#9739,#9739,#9737,.T.);
#9741=ORIENTED_EDGE('',*,*,#9740,.F.);
#9742=EDGE_LOOP('',(#9741));
#9743=FACE_BOUND('',#9742,.T.);
#9744=ADVANCED_FACE('',(#9732,#9743),#9721,.F.);
#9745=COLOUR_RGB('',0.694117647058824,0.0980392156862745,0.0980392156862745);
#9746=FILL_AREA_STYLE_COLOUR('',#9745);
#9747=FILL_AREA_STYLE('',(#9746));
#9748=SURFACE_STYLE_FILL_AREA(#9747);
#9749=SURFACE_SIDE_STYLE('',(#9748));
#9750=SURFACE_STYLE_USAGE(.NEGATIVE.,#9749);
#9751=PRESENTATION_STYLE_ASSIGNMENT((#9750));
#9752=STYLED_ITEM('',(#9751),#9744);
#9753=CARTESIAN_POINT('',(0.0300833800292337,0.000801,-0.0476526262020746));
#9754=DIRECTION('',(0.,-1.,0.));
#9755=DIRECTION('',(0.,0.,-1.));
#9756=AXIS2_PLACEMENT_3D('',#9753,#9754,#9755);
#9757=CYLINDRICAL_SURFACE('',#9756,0.00025);
#9758=CARTESIAN_POINT('',(0.0300833800292337,0.000801,-0.0476526262020746));
#9759=DIRECTION('',(0.,1.,0.));
#9760=DIRECTION('',(0.,0.,1.));
#9761=AXIS2_PLACEMENT_3D('',#9758,#9759,#9760);
#9762=CIRCLE('',#9761,0.00025);
#9763=CARTESIAN_POINT('',(0.0300833800292337,0.000801,-0.0479026262020746));
#9764=VERTEX_POINT('',#9763);
#9765=EDGE_CURVE('',#9764,#9764,#9762,.T.);
#9766=ORIENTED_EDGE('',*,*,#9765,.T.);
#9767=EDGE_LOOP('',(#9766));
#9768=FACE_BOUND('',#9767,.T.);
#9769=CARTESIAN_POINT('',(0.0300833800292337,-0.000801,-0.0476526262020746));
#9770=DIRECTION('',(0.,1.,0.));
#9771=DIRECTION('',(0.,0.,1.));
#9772=AXIS2_PLACEMENT_3D('',#9769,#9770,#9771);
#9773=CIRCLE('',#9772,0.00025);
#9774=CARTESIAN_POINT('',(0.0300833800292337,-0.000801,-0.0479026262020746));
#9775=VERTEX_POINT('',#9774);
#9776=EDGE_CURVE('',#9775,#9775,#9773,.T.);
#9777=ORIENTED_EDGE('',*,*,#9776,.F.);
#9778=EDGE_LOOP('',(#9777));
#9779=FACE_BOUND('',#9778,.T.);
#9780=ADVANCED_FACE('',(#9768,#9779),#9757,.F.);
#9781=COLOUR_RGB('',0.694117647058824,0.0980392156862745,0.0980392156862745);
#9782=FILL_AREA_STYLE_COLOUR('',#9781);
#9783=FILL_AREA_STYLE('',(#9782));
#9784=SURFACE_STYLE_FILL_AREA(#9783);
#9785=SURFACE_SIDE_STYLE('',(#9784));
#9786=SURFACE_STYLE_USAGE(.NEGATIVE.,#9785);
#9787=PRESENTATION_STYLE_ASSIGNMENT((#9786));
#9788=STYLED_ITEM('',(#9787),#9780);
#9789=CARTESIAN_POINT('',(0.0300833800292337,0.000801,-0.0454026262020746));
#9790=DIRECTION('',(0.,-1.,0.));
#9791=DIRECTION('',(0.,0.,-1.));
#9792=AXIS2_PLACEMENT_3D('',#9789,#9790,#9791);
#9793=CYLINDRICAL_SURFACE('',#9792,0.00025);
#9794=CARTESIAN_POINT('',(0.0300833800292337,0.000801,-0.0454026262020746));
#9795=DIRECTION('',(0.,1.,0.));
#9796=DIRECTION('',(0.,0.,1.));
#9797=AXIS2_PLACEMENT_3D('',#9794,#9795,#9796);
#9798=CIRCLE('',#9797,0.00025);
#9799=CARTESIAN_POINT('',(0.0300833800292337,0.000801,-0.0456526262020746));
#9800=VERTEX_POINT('',#9799);
#9801=EDGE_CURVE('',#9800,#9800,#9798,.T.);
#9802=ORIENTED_EDGE('',*,*,#9801,.T.);
#9803=EDGE_LOOP('',(#9802));
#9804=FACE_BOUND('',#9803,.T.);
#9805=CARTESIAN_POINT('',(0.0300833800292337,-0.000801,-0.0454026262020746));
#9806=DIRECTION('',(0.,1.,0.));
#9807=DIRECTION('',(0.,0.,1.));
#9808=AXIS2_PLACEMENT_3D('',#9805,#9806,#9807);
#9809=CIRCLE('',#9808,0.00025);
#9810=CARTESIAN_POINT('',(0.0300833800292337,-0.000801,-0.0456526262020746));
#9811=VERTEX_POINT('',#9810);
#9812=EDGE_CURVE('',#9811,#9811,#9809,.T.);
#9813=ORIENTED_EDGE('',*,*,#9812,.F.);
#9814=EDGE_LOOP('',(#9813));
#9815=FACE_BOUND('',#9814,.T.);
#9816=ADVANCED_FACE('',(#9804,#9815),#9793,.F.);
#9817=COLOUR_RGB('',0.694117647058824,0.0980392156862745,0.0980392156862745);
#9818=FILL_AREA_STYLE_COLOUR('',#9817);
#9819=FILL_AREA_STYLE('',(#9818));
#9820=SURFACE_STYLE_FILL_AREA(#9819);
#9821=SURFACE_SIDE_STYLE('',(#9820));
#9822=SURFACE_STYLE_USAGE(.NEGATIVE.,#9821);
#9823=PRESENTATION_STYLE_ASSIGNMENT((#9822));
#9824=STYLED_ITEM('',(#9823),#9816);
#9825=CARTESIAN_POINT('',(0.0320319371877486,0.000801,-0.0465276262020746));
#9826=DIRECTION('',(0.,-1.,0.));
#9827=DIRECTION('',(0.,0.,-1.));
#9828=AXIS2_PLACEMENT_3D('',#9825,#9826,#9827);
#9829=CYLINDRICAL_SURFACE('',#9828,0.003);
#9830=CARTESIAN_POINT('',(0.0320319371877486,0.000801,-0.0465276262020746));
#9831=DIRECTION('',(0.,1.,0.));
#9832=DIRECTION('',(0.,0.,1.));
#9833=AXIS2_PLACEMENT_3D('',#9830,#9831,#9832);
#9834=CIRCLE('',#9833,0.003);
#9835=CARTESIAN_POINT('',(0.0320319371877486,0.000801,-0.0495276262020746));
#9836=VERTEX_POINT('',#9835);
#9837=EDGE_CURVE('',#9836,#9836,#9834,.T.);
#9838=ORIENTED_EDGE('',*,*,#9837,.F.);
#9839=EDGE_LOOP('',(#9838));
#9840=FACE_BOUND('',#9839,.T.);
#9841=ORIENTED_EDGE('',*,*,#1013,.T.);
#9842=EDGE_LOOP('',(#9841));
#9843=FACE_BOUND('',#9842,.T.);
#9844=ADVANCED_FACE('',(#9840,#9843),#9829,.T.);
#9845=COLOUR_RGB('',0.694117647058824,0.0980392156862745,0.0980392156862745);
#9846=FILL_AREA_STYLE_COLOUR('',#9845);
#9847=FILL_AREA_STYLE('',(#9846));
#9848=SURFACE_STYLE_FILL_AREA(#9847);
#9849=SURFACE_SIDE_STYLE('',(#9848));
#9850=SURFACE_STYLE_USAGE(.NEGATIVE.,#9849);
#9851=PRESENTATION_STYLE_ASSIGNMENT((#9850));
#9852=STYLED_ITEM('',(#9851),#9844);
#9853=CARTESIAN_POINT('',(0.,0.000801,0.));
#9854=DIRECTION('',(0.,1.,0.));
#9855=DIRECTION('',(0.,0.,1.));
#9856=AXIS2_PLACEMENT_3D('',#9853,#9854,#9855);
#9857=PLANE('',#9856);
#9858=ORIENTED_EDGE('',*,*,#9801,.F.);
#9859=EDGE_LOOP('',(#9858));
#9860=FACE_BOUND('',#9859,.T.);
#9861=ORIENTED_EDGE('',*,*,#9765,.F.);
#9862=EDGE_LOOP('',(#9861));
#9863=FACE_BOUND('',#9862,.T.);
#9864=ORIENTED_EDGE('',*,*,#9729,.F.);
#9865=EDGE_LOOP('',(#9864));
#9866=FACE_BOUND('',#9865,.T.);
#9867=ORIENTED_EDGE('',*,*,#9693,.F.);
#9868=EDGE_LOOP('',(#9867));
#9869=FACE_BOUND('',#9868,.T.);
#9870=ORIENTED_EDGE('',*,*,#9657,.F.);
#9871=EDGE_LOOP('',(#9870));
#9872=FACE_BOUND('',#9871,.T.);
#9873=ORIENTED_EDGE('',*,*,#9621,.F.);
#9874=EDGE_LOOP('',(#9873));
#9875=FACE_BOUND('',#9874,.T.);
#9876=ORIENTED_EDGE('',*,*,#6596,.F.);
#9877=EDGE_LOOP('',(#9876));
#9878=FACE_BOUND('',#9877,.T.);
#9879=ORIENTED_EDGE('',*,*,#9837,.T.);
#9880=EDGE_LOOP('',(#9879));
#9881=FACE_BOUND('',#9880,.T.);
#9882=ADVANCED_FACE('',(#9860,#9863,#9866,#9869,#9872,#9875,#9878,#9881),#9857,.T.);
#9883=COLOUR_RGB('',0.694117647058824,0.0980392156862745,0.0980392156862745);
#9884=FILL_AREA_STYLE_COLOUR('',#9883);
#9885=FILL_AREA_STYLE('',(#9884));
#9886=SURFACE_STYLE_FILL_AREA(#9885);
#9887=SURFACE_SIDE_STYLE('',(#9886));
#9888=SURFACE_STYLE_USAGE(.NEGATIVE.,#9887);
#9889=PRESENTATION_STYLE_ASSIGNMENT((#9888));
#9890=STYLED_ITEM('',(#9889),#9882);
#9891=CARTESIAN_POINT('',(0.0465276262020748,0.000801,-0.0297819371877484));
#9892=DIRECTION('',(0.,-1.,0.));
#9893=DIRECTION('',(0.,0.,-1.));
#9894=AXIS2_PLACEMENT_3D('',#9891,#9892,#9893);
#9895=CYLINDRICAL_SURFACE('',#9894,0.00025);
#9896=CARTESIAN_POINT('',(0.0465276262020748,0.000801,-0.0297819371877484));
#9897=DIRECTION('',(0.,1.,0.));
#9898=DIRECTION('',(0.,0.,1.));
#9899=AXIS2_PLACEMENT_3D('',#9896,#9897,#9898);
#9900=CIRCLE('',#9899,0.00025);
#9901=CARTESIAN_POINT('',(0.0465276262020748,0.000801,-0.0300319371877484));
#9902=VERTEX_POINT('',#9901);
#9903=EDGE_CURVE('',#9902,#9902,#9900,.T.);
#9904=ORIENTED_EDGE('',*,*,#9903,.T.);
#9905=EDGE_LOOP('',(#9904));
#9906=FACE_BOUND('',#9905,.T.);
#9907=CARTESIAN_POINT('',(0.0465276262020748,-0.000801,-0.0297819371877484));
#9908=DIRECTION('',(0.,1.,0.));
#9909=DIRECTION('',(0.,0.,1.));
#9910=AXIS2_PLACEMENT_3D('',#9907,#9908,#9909);
#9911=CIRCLE('',#9910,0.00025);
#9912=CARTESIAN_POINT('',(0.0465276262020748,-0.000801,-0.0300319371877484));
#9913=VERTEX_POINT('',#9912);
#9914=EDGE_CURVE('',#9913,#9913,#9911,.T.);
#9915=ORIENTED_EDGE('',*,*,#9914,.F.);
#9916=EDGE_LOOP('',(#9915));
#9917=FACE_BOUND('',#9916,.T.);
#9918=ADVANCED_FACE('',(#9906,#9917),#9895,.F.);
#9919=COLOUR_RGB('',0.694117647058824,0.0980392156862745,0.0980392156862745);
#9920=FILL_AREA_STYLE_COLOUR('',#9919);
#9921=FILL_AREA_STYLE('',(#9920));
#9922=SURFACE_STYLE_FILL_AREA(#9921);
#9923=SURFACE_SIDE_STYLE('',(#9922));
#9924=SURFACE_STYLE_USAGE(.NEGATIVE.,#9923);
#9925=PRESENTATION_STYLE_ASSIGNMENT((#9924));
#9926=STYLED_ITEM('',(#9925),#9918);
#9927=CARTESIAN_POINT('',(0.0484761833605898,0.000801,-0.0309069371877484));
#9928=DIRECTION('',(0.,-1.,0.));
#9929=DIRECTION('',(0.,0.,-1.));
#9930=AXIS2_PLACEMENT_3D('',#9927,#9928,#9929);
#9931=CYLINDRICAL_SURFACE('',#9930,0.00025);
#9932=CARTESIAN_POINT('',(0.0484761833605898,0.000801,-0.0309069371877484));
#9933=DIRECTION('',(0.,1.,0.));
#9934=DIRECTION('',(0.,0.,1.));
#9935=AXIS2_PLACEMENT_3D('',#9932,#9933,#9934);
#9936=CIRCLE('',#9935,0.00025);
#9937=CARTESIAN_POINT('',(0.0484761833605898,0.000801,-0.0311569371877484));
#9938=VERTEX_POINT('',#9937);
#9939=EDGE_CURVE('',#9938,#9938,#9936,.T.);
#9940=ORIENTED_EDGE('',*,*,#9939,.T.);
#9941=EDGE_LOOP('',(#9940));
#9942=FACE_BOUND('',#9941,.T.);
#9943=CARTESIAN_POINT('',(0.0484761833605898,-0.000801,-0.0309069371877484));
#9944=DIRECTION('',(0.,1.,0.));
#9945=DIRECTION('',(0.,0.,1.));
#9946=AXIS2_PLACEMENT_3D('',#9943,#9944,#9945);
#9947=CIRCLE('',#9946,0.00025);
#9948=CARTESIAN_POINT('',(0.0484761833605898,-0.000801,-0.0311569371877484));
#9949=VERTEX_POINT('',#9948);
#9950=EDGE_CURVE('',#9949,#9949,#9947,.T.);
#9951=ORIENTED_EDGE('',*,*,#9950,.F.);
#9952=EDGE_LOOP('',(#9951));
#9953=FACE_BOUND('',#9952,.T.);
#9954=ADVANCED_FACE('',(#9942,#9953),#9931,.F.);
#9955=COLOUR_RGB('',0.694117647058824,0.0980392156862745,0.0980392156862745);
#9956=FILL_AREA_STYLE_COLOUR('',#9955);
#9957=FILL_AREA_STYLE('',(#9956));
#9958=SURFACE_STYLE_FILL_AREA(#9957);
#9959=SURFACE_SIDE_STYLE('',(#9958));
#9960=SURFACE_STYLE_USAGE(.NEGATIVE.,#9959);
#9961=PRESENTATION_STYLE_ASSIGNMENT((#9960));
#9962=STYLED_ITEM('',(#9961),#9954);
#9963=CARTESIAN_POINT('',(0.0484761833605898,0.000801,-0.0331569371877484));
#9964=DIRECTION('',(0.,-1.,0.));
#9965=DIRECTION('',(0.,0.,-1.));
#9966=AXIS2_PLACEMENT_3D('',#9963,#9964,#9965);
#9967=CYLINDRICAL_SURFACE('',#9966,0.00025);
#9968=CARTESIAN_POINT('',(0.0484761833605898,0.000801,-0.0331569371877484));
#9969=DIRECTION('',(0.,1.,0.));
#9970=DIRECTION('',(0.,0.,1.));
#9971=AXIS2_PLACEMENT_3D('',#9968,#9969,#9970);
#9972=CIRCLE('',#9971,0.00025);
#9973=CARTESIAN_POINT('',(0.0484761833605898,0.000801,-0.0334069371877484));
#9974=VERTEX_POINT('',#9973);
#9975=EDGE_CURVE('',#9974,#9974,#9972,.T.);
#9976=ORIENTED_EDGE('',*,*,#9975,.T.);
#9977=EDGE_LOOP('',(#9976));
#9978=FACE_BOUND('',#9977,.T.);
#9979=CARTESIAN_POINT('',(0.0484761833605898,-0.000801,-0.0331569371877484));
#9980=DIRECTION('',(0.,1.,0.));
#9981=DIRECTION('',(0.,0.,1.));
#9982=AXIS2_PLACEMENT_3D('',#9979,#9980,#9981);
#9983=CIRCLE('',#9982,0.00025);
#9984=CARTESIAN_POINT('',(0.0484761833605898,-0.000801,-0.0334069371877484));
#9985=VERTEX_POINT('',#9984);
#9986=EDGE_CURVE('',#9985,#9985,#9983,.T.);
#9987=ORIENTED_EDGE('',*,*,#9986,.F.);
#9988=EDGE_LOOP('',(#9987));
#9989=FACE_BOUND('',#9988,.T.);
#9990=ADVANCED_FACE('',(#9978,#9989),#9967,.F.);
#9991=COLOUR_RGB('',0.694117647058824,0.0980392156862745,0.0980392156862745);
#9992=FILL_AREA_STYLE_COLOUR('',#9991);
#9993=FILL_AREA_STYLE('',(#9992));
#9994=SURFACE_STYLE_FILL_AREA(#9993);
#9995=SURFACE_SIDE_STYLE('',(#9994));
#9996=SURFACE_STYLE_USAGE(.NEGATIVE.,#9995);
#9997=PRESENTATION_STYLE_ASSIGNMENT((#9996));
#9998=STYLED_ITEM('',(#9997),#9990);
#9999=CARTESIAN_POINT('',(0.0465276262020748,0.000801,-0.0342819371877484));
#10000=DIRECTION('',(0.,-1.,0.));
#10001=DIRECTION('',(0.,0.,-1.));
#10002=AXIS2_PLACEMENT_3D('',#9999,#10000,#10001);
#10003=CYLINDRICAL_SURFACE('',#10002,0.00025);
#10004=CARTESIAN_POINT('',(0.0465276262020748,0.000801,-0.0342819371877484));
#10005=DIRECTION('',(0.,1.,0.));
#10006=DIRECTION('',(0.,0.,1.));
#10007=AXIS2_PLACEMENT_3D('',#10004,#10005,#10006);
#10008=CIRCLE('',#10007,0.00025);
#10009=CARTESIAN_POINT('',(0.0465276262020748,0.000801,-0.0345319371877484));
#10010=VERTEX_POINT('',#10009);
#10011=EDGE_CURVE('',#10010,#10010,#10008,.T.);
#10012=ORIENTED_EDGE('',*,*,#10011,.T.);
#10013=EDGE_LOOP('',(#10012));
#10014=FACE_BOUND('',#10013,.T.);
#10015=CARTESIAN_POINT('',(0.0465276262020748,-0.000801,-0.0342819371877484));
#10016=DIRECTION('',(0.,1.,0.));
#10017=DIRECTION('',(0.,0.,1.));
#10018=AXIS2_PLACEMENT_3D('',#10015,#10016,#10017);
#10019=CIRCLE('',#10018,0.00025);
#10020=CARTESIAN_POINT('',(0.0465276262020748,-0.000801,-0.0345319371877484));
#10021=VERTEX_POINT('',#10020);
#10022=EDGE_CURVE('',#10021,#10021,#10019,.T.);
#10023=ORIENTED_EDGE('',*,*,#10022,.F.);
#10024=EDGE_LOOP('',(#10023));
#10025=FACE_BOUND('',#10024,.T.);
#10026=ADVANCED_FACE('',(#10014,#10025),#10003,.F.);
#10027=COLOUR_RGB('',0.694117647058824,0.0980392156862745,0.0980392156862745);
#10028=FILL_AREA_STYLE_COLOUR('',#10027);
#10029=FILL_AREA_STYLE('',(#10028));
#10030=SURFACE_STYLE_FILL_AREA(#10029);
#10031=SURFACE_SIDE_STYLE('',(#10030));
#10032=SURFACE_STYLE_USAGE(.NEGATIVE.,#10031);
#10033=PRESENTATION_STYLE_ASSIGNMENT((#10032));
#10034=STYLED_ITEM('',(#10033),#10026);
#10035=CARTESIAN_POINT('',(0.0445790690435598,0.000801,-0.0331569371877484));
#10036=DIRECTION('',(0.,-1.,0.));
#10037=DIRECTION('',(0.,0.,-1.));
#10038=AXIS2_PLACEMENT_3D('',#10035,#10036,#10037);
#10039=CYLINDRICAL_SURFACE('',#10038,0.00025);
#10040=CARTESIAN_POINT('',(0.0445790690435598,0.000801,-0.0331569371877484));
#10041=DIRECTION('',(0.,1.,0.));
#10042=DIRECTION('',(0.,0.,1.));
#10043=AXIS2_PLACEMENT_3D('',#10040,#10041,#10042);
#10044=CIRCLE('',#10043,0.00025);
#10045=CARTESIAN_POINT('',(0.0445790690435598,0.000801,-0.0334069371877484));
#10046=VERTEX_POINT('',#10045);
#10047=EDGE_CURVE('',#10046,#10046,#10044,.T.);
#10048=ORIENTED_EDGE('',*,*,#10047,.T.);
#10049=EDGE_LOOP('',(#10048));
#10050=FACE_BOUND('',#10049,.T.);
#10051=CARTESIAN_POINT('',(0.0445790690435598,-0.000801,-0.0331569371877484));
#10052=DIRECTION('',(0.,1.,0.));
#10053=DIRECTION('',(0.,0.,1.));
#10054=AXIS2_PLACEMENT_3D('',#10051,#10052,#10053);
#10055=CIRCLE('',#10054,0.00025);
#10056=CARTESIAN_POINT('',(0.0445790690435598,-0.000801,-0.0334069371877484));
#10057=VERTEX_POINT('',#10056);
#10058=EDGE_CURVE('',#10057,#10057,#10055,.T.);
#10059=ORIENTED_EDGE('',*,*,#10058,.F.);
#10060=EDGE_LOOP('',(#10059));
#10061=FACE_BOUND('',#10060,.T.);
#10062=ADVANCED_FACE('',(#10050,#10061),#10039,.F.);
#10063=COLOUR_RGB('',0.694117647058824,0.0980392156862745,0.0980392156862745);
#10064=FILL_AREA_STYLE_COLOUR('',#10063);
#10065=FILL_AREA_STYLE('',(#10064));
#10066=SURFACE_STYLE_FILL_AREA(#10065);
#10067=SURFACE_SIDE_STYLE('',(#10066));
#10068=SURFACE_STYLE_USAGE(.NEGATIVE.,#10067);
#10069=PRESENTATION_STYLE_ASSIGNMENT((#10068));
#10070=STYLED_ITEM('',(#10069),#10062);
#10071=CARTESIAN_POINT('',(0.0445790690435598,0.000801,-0.0309069371877484));
#10072=DIRECTION('',(0.,-1.,0.));
#10073=DIRECTION('',(0.,0.,-1.));
#10074=AXIS2_PLACEMENT_3D('',#10071,#10072,#10073);
#10075=CYLINDRICAL_SURFACE('',#10074,0.00025);
#10076=CARTESIAN_POINT('',(0.0445790690435598,0.000801,-0.0309069371877484));
#10077=DIRECTION('',(0.,1.,0.));
#10078=DIRECTION('',(0.,0.,1.));
#10079=AXIS2_PLACEMENT_3D('',#10076,#10077,#10078);
#10080=CIRCLE('',#10079,0.00025);
#10081=CARTESIAN_POINT('',(0.0445790690435598,0.000801,-0.0311569371877484));
#10082=VERTEX_POINT('',#10081);
#10083=EDGE_CURVE('',#10082,#10082,#10080,.T.);
#10084=ORIENTED_EDGE('',*,*,#10083,.T.);
#10085=EDGE_LOOP('',(#10084));
#10086=FACE_BOUND('',#10085,.T.);
#10087=CARTESIAN_POINT('',(0.0445790690435598,-0.000801,-0.0309069371877484));
#10088=DIRECTION('',(0.,1.,0.));
#10089=DIRECTION('',(0.,0.,1.));
#10090=AXIS2_PLACEMENT_3D('',#10087,#10088,#10089);
#10091=CIRCLE('',#10090,0.00025);
#10092=CARTESIAN_POINT('',(0.0445790690435598,-0.000801,-0.0311569371877484));
#10093=VERTEX_POINT('',#10092);
#10094=EDGE_CURVE('',#10093,#10093,#10091,.T.);
#10095=ORIENTED_EDGE('',*,*,#10094,.F.);
#10096=EDGE_LOOP('',(#10095));
#10097=FACE_BOUND('',#10096,.T.);
#10098=ADVANCED_FACE('',(#10086,#10097),#10075,.F.);
#10099=COLOUR_RGB('',0.694117647058824,0.0980392156862745,0.0980392156862745);
#10100=FILL_AREA_STYLE_COLOUR('',#10099);
#10101=FILL_AREA_STYLE('',(#10100));
#10102=SURFACE_STYLE_FILL_AREA(#10101);
#10103=SURFACE_SIDE_STYLE('',(#10102));
#10104=SURFACE_STYLE_USAGE(.NEGATIVE.,#10103);
#10105=PRESENTATION_STYLE_ASSIGNMENT((#10104));
#10106=STYLED_ITEM('',(#10105),#10098);
#10107=CARTESIAN_POINT('',(0.0465276262020748,0.000801,-0.0320319371877484));
#10108=DIRECTION('',(0.,-1.,0.));
#10109=DIRECTION('',(0.,0.,-1.));
#10110=AXIS2_PLACEMENT_3D('',#10107,#10108,#10109);
#10111=CYLINDRICAL_SURFACE('',#10110,0.003);
#10112=CARTESIAN_POINT('',(0.0465276262020748,0.000801,-0.0320319371877484));
#10113=DIRECTION('',(0.,1.,0.));
#10114=DIRECTION('',(0.,0.,1.));
#10115=AXIS2_PLACEMENT_3D('',#10112,#10113,#10114);
#10116=CIRCLE('',#10115,0.003);
#10117=CARTESIAN_POINT('',(0.0465276262020748,0.000801,-0.0350319371877484));
#10118=VERTEX_POINT('',#10117);
#10119=EDGE_CURVE('',#10118,#10118,#10116,.T.);
#10120=ORIENTED_EDGE('',*,*,#10119,.F.);
#10121=EDGE_LOOP('',(#10120));
#10122=FACE_BOUND('',#10121,.T.);
#10123=ORIENTED_EDGE('',*,*,#1024,.T.);
#10124=EDGE_LOOP('',(#10123));
#10125=FACE_BOUND('',#10124,.T.);
#10126=ADVANCED_FACE('',(#10122,#10125),#10111,.T.);
#10127=COLOUR_RGB('',0.694117647058824,0.0980392156862745,0.0980392156862745);
#10128=FILL_AREA_STYLE_COLOUR('',#10127);
#10129=FILL_AREA_STYLE('',(#10128));
#10130=SURFACE_STYLE_FILL_AREA(#10129);
#10131=SURFACE_SIDE_STYLE('',(#10130));
#10132=SURFACE_STYLE_USAGE(.NEGATIVE.,#10131);
#10133=PRESENTATION_STYLE_ASSIGNMENT((#10132));
#10134=STYLED_ITEM('',(#10133),#10126);
#10135=CARTESIAN_POINT('',(0.,0.000801,0.));
#10136=DIRECTION('',(0.,1.,0.));
#10137=DIRECTION('',(0.,0.,1.));
#10138=AXIS2_PLACEMENT_3D('',#10135,#10136,#10137);
#10139=PLANE('',#10138);
#10140=ORIENTED_EDGE('',*,*,#10083,.F.);
#10141=EDGE_LOOP('',(#10140));
#10142=FACE_BOUND('',#10141,.T.);
#10143=ORIENTED_EDGE('',*,*,#10047,.F.);
#10144=EDGE_LOOP('',(#10143));
#10145=FACE_BOUND('',#10144,.T.);
#10146=ORIENTED_EDGE('',*,*,#10011,.F.);
#10147=EDGE_LOOP('',(#10146));
#10148=FACE_BOUND('',#10147,.T.);
#10149=ORIENTED_EDGE('',*,*,#9975,.F.);
#10150=EDGE_LOOP('',(#10149));
#10151=FACE_BOUND('',#10150,.T.);
#10152=ORIENTED_EDGE('',*,*,#9939,.F.);
#10153=EDGE_LOOP('',(#10152));
#10154=FACE_BOUND('',#10153,.T.);
#10155=ORIENTED_EDGE('',*,*,#9903,.F.);
#10156=EDGE_LOOP('',(#10155));
#10157=FACE_BOUND('',#10156,.T.);
#10158=ORIENTED_EDGE('',*,*,#6624,.F.);
#10159=EDGE_LOOP('',(#10158));
#10160=FACE_BOUND('',#10159,.T.);
#10161=ORIENTED_EDGE('',*,*,#10119,.T.);
#10162=EDGE_LOOP('',(#10161));
#10163=FACE_BOUND('',#10162,.T.);
#10164=ADVANCED_FACE('',(#10142,#10145,#10148,#10151,#10154,#10157,#10160,#10163),#10139,.T.);
#10165=COLOUR_RGB('',0.694117647058824,0.0980392156862745,0.0980392156862745);
#10166=FILL_AREA_STYLE_COLOUR('',#10165);
#10167=FILL_AREA_STYLE('',(#10166));
#10168=SURFACE_STYLE_FILL_AREA(#10167);
#10169=SURFACE_SIDE_STYLE('',(#10168));
#10170=SURFACE_STYLE_USAGE(.NEGATIVE.,#10169);
#10171=PRESENTATION_STYLE_ASSIGNMENT((#10170));
#10172=STYLED_ITEM('',(#10171),#10164);
#10173=CARTESIAN_POINT('',(0.0465276262020748,0.000801,0.0342819371877509));
#10174=DIRECTION('',(0.,-1.,0.));
#10175=DIRECTION('',(0.,0.,-1.));
#10176=AXIS2_PLACEMENT_3D('',#10173,#10174,#10175);
#10177=CYLINDRICAL_SURFACE('',#10176,0.00025);
#10178=CARTESIAN_POINT('',(0.0465276262020748,0.000801,0.0342819371877509));
#10179=DIRECTION('',(0.,1.,0.));
#10180=DIRECTION('',(0.,0.,1.));
#10181=AXIS2_PLACEMENT_3D('',#10178,#10179,#10180);
#10182=CIRCLE('',#10181,0.00025);
#10183=CARTESIAN_POINT('',(0.0465276262020748,0.000801,0.0340319371877509));
#10184=VERTEX_POINT('',#10183);
#10185=EDGE_CURVE('',#10184,#10184,#10182,.T.);
#10186=ORIENTED_EDGE('',*,*,#10185,.T.);
#10187=EDGE_LOOP('',(#10186));
#10188=FACE_BOUND('',#10187,.T.);
#10189=CARTESIAN_POINT('',(0.0465276262020748,-0.000801,0.0342819371877509));
#10190=DIRECTION('',(0.,1.,0.));
#10191=DIRECTION('',(0.,0.,1.));
#10192=AXIS2_PLACEMENT_3D('',#10189,#10190,#10191);
#10193=CIRCLE('',#10192,0.00025);
#10194=CARTESIAN_POINT('',(0.0465276262020748,-0.000801,0.0340319371877509));
#10195=VERTEX_POINT('',#10194);
#10196=EDGE_CURVE('',#10195,#10195,#10193,.T.);
#10197=ORIENTED_EDGE('',*,*,#10196,.F.);
#10198=EDGE_LOOP('',(#10197));
#10199=FACE_BOUND('',#10198,.T.);
#10200=ADVANCED_FACE('',(#10188,#10199),#10177,.F.);
#10201=COLOUR_RGB('',0.694117647058824,0.0980392156862745,0.0980392156862745);
#10202=FILL_AREA_STYLE_COLOUR('',#10201);
#10203=FILL_AREA_STYLE('',(#10202));
#10204=SURFACE_STYLE_FILL_AREA(#10203);
#10205=SURFACE_SIDE_STYLE('',(#10204));
#10206=SURFACE_STYLE_USAGE(.NEGATIVE.,#10205);
#10207=PRESENTATION_STYLE_ASSIGNMENT((#10206));
#10208=STYLED_ITEM('',(#10207),#10200);
#10209=CARTESIAN_POINT('',(0.0484761833605898,0.000801,0.0331569371877509));
#10210=DIRECTION('',(0.,-1.,0.));
#10211=DIRECTION('',(0.,0.,-1.));
#10212=AXIS2_PLACEMENT_3D('',#10209,#10210,#10211);
#10213=CYLINDRICAL_SURFACE('',#10212,0.00025);
#10214=CARTESIAN_POINT('',(0.0484761833605898,0.000801,0.0331569371877509));
#10215=DIRECTION('',(0.,1.,0.));
#10216=DIRECTION('',(0.,0.,1.));
#10217=AXIS2_PLACEMENT_3D('',#10214,#10215,#10216);
#10218=CIRCLE('',#10217,0.00025);
#10219=CARTESIAN_POINT('',(0.0484761833605898,0.000801,0.0329069371877509));
#10220=VERTEX_POINT('',#10219);
#10221=EDGE_CURVE('',#10220,#10220,#10218,.T.);
#10222=ORIENTED_EDGE('',*,*,#10221,.T.);
#10223=EDGE_LOOP('',(#10222));
#10224=FACE_BOUND('',#10223,.T.);
#10225=CARTESIAN_POINT('',(0.0484761833605898,-0.000801,0.0331569371877509));
#10226=DIRECTION('',(0.,1.,0.));
#10227=DIRECTION('',(0.,0.,1.));
#10228=AXIS2_PLACEMENT_3D('',#10225,#10226,#10227);
#10229=CIRCLE('',#10228,0.00025);
#10230=CARTESIAN_POINT('',(0.0484761833605898,-0.000801,0.0329069371877509));
#10231=VERTEX_POINT('',#10230);
#10232=EDGE_CURVE('',#10231,#10231,#10229,.T.);
#10233=ORIENTED_EDGE('',*,*,#10232,.F.);
#10234=EDGE_LOOP('',(#10233));
#10235=FACE_BOUND('',#10234,.T.);
#10236=ADVANCED_FACE('',(#10224,#10235),#10213,.F.);
#10237=COLOUR_RGB('',0.694117647058824,0.0980392156862745,0.0980392156862745);
#10238=FILL_AREA_STYLE_COLOUR('',#10237);
#10239=FILL_AREA_STYLE('',(#10238));
#10240=SURFACE_STYLE_FILL_AREA(#10239);
#10241=SURFACE_SIDE_STYLE('',(#10240));
#10242=SURFACE_STYLE_USAGE(.NEGATIVE.,#10241);
#10243=PRESENTATION_STYLE_ASSIGNMENT((#10242));
#10244=STYLED_ITEM('',(#10243),#10236);
#10245=CARTESIAN_POINT('',(0.0484761833605898,0.000801,0.0309069371877509));
#10246=DIRECTION('',(0.,-1.,0.));
#10247=DIRECTION('',(0.,0.,-1.));
#10248=AXIS2_PLACEMENT_3D('',#10245,#10246,#10247);
#10249=CYLINDRICAL_SURFACE('',#10248,0.00025);
#10250=CARTESIAN_POINT('',(0.0484761833605898,0.000801,0.0309069371877509));
#10251=DIRECTION('',(0.,1.,0.));
#10252=DIRECTION('',(0.,0.,1.));
#10253=AXIS2_PLACEMENT_3D('',#10250,#10251,#10252);
#10254=CIRCLE('',#10253,0.00025);
#10255=CARTESIAN_POINT('',(0.0484761833605898,0.000801,0.0306569371877509));
#10256=VERTEX_POINT('',#10255);
#10257=EDGE_CURVE('',#10256,#10256,#10254,.T.);
#10258=ORIENTED_EDGE('',*,*,#10257,.T.);
#10259=EDGE_LOOP('',(#10258));
#10260=FACE_BOUND('',#10259,.T.);
#10261=CARTESIAN_POINT('',(0.0484761833605898,-0.000801,0.0309069371877509));
#10262=DIRECTION('',(0.,1.,0.));
#10263=DIRECTION('',(0.,0.,1.));
#10264=AXIS2_PLACEMENT_3D('',#10261,#10262,#10263);
#10265=CIRCLE('',#10264,0.00025);
#10266=CARTESIAN_POINT('',(0.0484761833605898,-0.000801,0.0306569371877509));
#10267=VERTEX_POINT('',#10266);
#10268=EDGE_CURVE('',#10267,#10267,#10265,.T.);
#10269=ORIENTED_EDGE('',*,*,#10268,.F.);
#10270=EDGE_LOOP('',(#10269));
#10271=FACE_BOUND('',#10270,.T.);
#10272=ADVANCED_FACE('',(#10260,#10271),#10249,.F.);
#10273=COLOUR_RGB('',0.694117647058824,0.0980392156862745,0.0980392156862745);
#10274=FILL_AREA_STYLE_COLOUR('',#10273);
#10275=FILL_AREA_STYLE('',(#10274));
#10276=SURFACE_STYLE_FILL_AREA(#10275);
#10277=SURFACE_SIDE_STYLE('',(#10276));
#10278=SURFACE_STYLE_USAGE(.NEGATIVE.,#10277);
#10279=PRESENTATION_STYLE_ASSIGNMENT((#10278));
#10280=STYLED_ITEM('',(#10279),#10272);
#10281=CARTESIAN_POINT('',(0.0465276262020748,0.000801,0.0297819371877509));
#10282=DIRECTION('',(0.,-1.,0.));
#10283=DIRECTION('',(0.,0.,-1.));
#10284=AXIS2_PLACEMENT_3D('',#10281,#10282,#10283);
#10285=CYLINDRICAL_SURFACE('',#10284,0.00025);
#10286=CARTESIAN_POINT('',(0.0465276262020748,0.000801,0.0297819371877509));
#10287=DIRECTION('',(0.,1.,0.));
#10288=DIRECTION('',(0.,0.,1.));
#10289=AXIS2_PLACEMENT_3D('',#10286,#10287,#10288);
#10290=CIRCLE('',#10289,0.00025);
#10291=CARTESIAN_POINT('',(0.0465276262020748,0.000801,0.0295319371877509));
#10292=VERTEX_POINT('',#10291);
#10293=EDGE_CURVE('',#10292,#10292,#10290,.T.);
#10294=ORIENTED_EDGE('',*,*,#10293,.T.);
#10295=EDGE_LOOP('',(#10294));
#10296=FACE_BOUND('',#10295,.T.);
#10297=CARTESIAN_POINT('',(0.0465276262020748,-0.000801,0.0297819371877509));
#10298=DIRECTION('',(0.,1.,0.));
#10299=DIRECTION('',(0.,0.,1.));
#10300=AXIS2_PLACEMENT_3D('',#10297,#10298,#10299);
#10301=CIRCLE('',#10300,0.00025);
#10302=CARTESIAN_POINT('',(0.0465276262020748,-0.000801,0.0295319371877509));
#10303=VERTEX_POINT('',#10302);
#10304=EDGE_CURVE('',#10303,#10303,#10301,.T.);
#10305=ORIENTED_EDGE('',*,*,#10304,.F.);
#10306=EDGE_LOOP('',(#10305));
#10307=FACE_BOUND('',#10306,.T.);
#10308=ADVANCED_FACE('',(#10296,#10307),#10285,.F.);
#10309=COLOUR_RGB('',0.694117647058824,0.0980392156862745,0.0980392156862745);
#10310=FILL_AREA_STYLE_COLOUR('',#10309);
#10311=FILL_AREA_STYLE('',(#10310));
#10312=SURFACE_STYLE_FILL_AREA(#10311);
#10313=SURFACE_SIDE_STYLE('',(#10312));
#10314=SURFACE_STYLE_USAGE(.NEGATIVE.,#10313);
#10315=PRESENTATION_STYLE_ASSIGNMENT((#10314));
#10316=STYLED_ITEM('',(#10315),#10308);
#10317=CARTESIAN_POINT('',(0.0445790690435598,0.000801,0.0309069371877509));
#10318=DIRECTION('',(0.,-1.,0.));
#10319=DIRECTION('',(0.,0.,-1.));
#10320=AXIS2_PLACEMENT_3D('',#10317,#10318,#10319);
#10321=CYLINDRICAL_SURFACE('',#10320,0.00025);
#10322=CARTESIAN_POINT('',(0.0445790690435598,0.000801,0.0309069371877509));
#10323=DIRECTION('',(0.,1.,0.));
#10324=DIRECTION('',(0.,0.,1.));
#10325=AXIS2_PLACEMENT_3D('',#10322,#10323,#10324);
#10326=CIRCLE('',#10325,0.00025);
#10327=CARTESIAN_POINT('',(0.0445790690435598,0.000801,0.0306569371877509));
#10328=VERTEX_POINT('',#10327);
#10329=EDGE_CURVE('',#10328,#10328,#10326,.T.);
#10330=ORIENTED_EDGE('',*,*,#10329,.T.);
#10331=EDGE_LOOP('',(#10330));
#10332=FACE_BOUND('',#10331,.T.);
#10333=CARTESIAN_POINT('',(0.0445790690435598,-0.000801,0.0309069371877509));
#10334=DIRECTION('',(0.,1.,0.));
#10335=DIRECTION('',(0.,0.,1.));
#10336=AXIS2_PLACEMENT_3D('',#10333,#10334,#10335);
#10337=CIRCLE('',#10336,0.00025);
#10338=CARTESIAN_POINT('',(0.0445790690435598,-0.000801,0.0306569371877509));
#10339=VERTEX_POINT('',#10338);
#10340=EDGE_CURVE('',#10339,#10339,#10337,.T.);
#10341=ORIENTED_EDGE('',*,*,#10340,.F.);
#10342=EDGE_LOOP('',(#10341));
#10343=FACE_BOUND('',#10342,.T.);
#10344=ADVANCED_FACE('',(#10332,#10343),#10321,.F.);
#10345=COLOUR_RGB('',0.694117647058824,0.0980392156862745,0.0980392156862745);
#10346=FILL_AREA_STYLE_COLOUR('',#10345);
#10347=FILL_AREA_STYLE('',(#10346));
#10348=SURFACE_STYLE_FILL_AREA(#10347);
#10349=SURFACE_SIDE_STYLE('',(#10348));
#10350=SURFACE_STYLE_USAGE(.NEGATIVE.,#10349);
#10351=PRESENTATION_STYLE_ASSIGNMENT((#10350));
#10352=STYLED_ITEM('',(#10351),#10344);
#10353=CARTESIAN_POINT('',(0.0445790690435598,0.000801,0.0331569371877509));
#10354=DIRECTION('',(0.,-1.,0.));
#10355=DIRECTION('',(0.,0.,-1.));
#10356=AXIS2_PLACEMENT_3D('',#10353,#10354,#10355);
#10357=CYLINDRICAL_SURFACE('',#10356,0.00025);
#10358=CARTESIAN_POINT('',(0.0445790690435598,0.000801,0.0331569371877509));
#10359=DIRECTION('',(0.,1.,0.));
#10360=DIRECTION('',(0.,0.,1.));
#10361=AXIS2_PLACEMENT_3D('',#10358,#10359,#10360);
#10362=CIRCLE('',#10361,0.00025);
#10363=CARTESIAN_POINT('',(0.0445790690435598,0.000801,0.0329069371877509));
#10364=VERTEX_POINT('',#10363);
#10365=EDGE_CURVE('',#10364,#10364,#10362,.T.);
#10366=ORIENTED_EDGE('',*,*,#10365,.T.);
#10367=EDGE_LOOP('',(#10366));
#10368=FACE_BOUND('',#10367,.T.);
#10369=CARTESIAN_POINT('',(0.0445790690435598,-0.000801,0.0331569371877509));
#10370=DIRECTION('',(0.,1.,0.));
#10371=DIRECTION('',(0.,0.,1.));
#10372=AXIS2_PLACEMENT_3D('',#10369,#10370,#10371);
#10373=CIRCLE('',#10372,0.00025);
#10374=CARTESIAN_POINT('',(0.0445790690435598,-0.000801,0.0329069371877509));
#10375=VERTEX_POINT('',#10374);
#10376=EDGE_CURVE('',#10375,#10375,#10373,.T.);
#10377=ORIENTED_EDGE('',*,*,#10376,.F.);
#10378=EDGE_LOOP('',(#10377));
#10379=FACE_BOUND('',#10378,.T.);
#10380=ADVANCED_FACE('',(#10368,#10379),#10357,.F.);
#10381=COLOUR_RGB('',0.694117647058824,0.0980392156862745,0.0980392156862745);
#10382=FILL_AREA_STYLE_COLOUR('',#10381);
#10383=FILL_AREA_STYLE('',(#10382));
#10384=SURFACE_STYLE_FILL_AREA(#10383);
#10385=SURFACE_SIDE_STYLE('',(#10384));
#10386=SURFACE_STYLE_USAGE(.NEGATIVE.,#10385);
#10387=PRESENTATION_STYLE_ASSIGNMENT((#10386));
#10388=STYLED_ITEM('',(#10387),#10380);
#10389=CARTESIAN_POINT('',(0.0465276262020748,0.000801,0.0320319371877509));
#10390=DIRECTION('',(0.,-1.,0.));
#10391=DIRECTION('',(0.,0.,-1.));
#10392=AXIS2_PLACEMENT_3D('',#10389,#10390,#10391);
#10393=CYLINDRICAL_SURFACE('',#10392,0.003);
#10394=CARTESIAN_POINT('',(0.0465276262020748,0.000801,0.0320319371877509));
#10395=DIRECTION('',(0.,1.,0.));
#10396=DIRECTION('',(0.,0.,1.));
#10397=AXIS2_PLACEMENT_3D('',#10394,#10395,#10396);
#10398=CIRCLE('',#10397,0.003);
#10399=CARTESIAN_POINT('',(0.0465276262020748,0.000801,0.0290319371877509));
#10400=VERTEX_POINT('',#10399);
#10401=EDGE_CURVE('',#10400,#10400,#10398,.T.);
#10402=ORIENTED_EDGE('',*,*,#10401,.F.);
#10403=EDGE_LOOP('',(#10402));
#10404=FACE_BOUND('',#10403,.T.);
#10405=ORIENTED_EDGE('',*,*,#1035,.T.);
#10406=EDGE_LOOP('',(#10405));
#10407=FACE_BOUND('',#10406,.T.);
#10408=ADVANCED_FACE('',(#10404,#10407),#10393,.T.);
#10409=COLOUR_RGB('',0.694117647058824,0.0980392156862745,0.0980392156862745);
#10410=FILL_AREA_STYLE_COLOUR('',#10409);
#10411=FILL_AREA_STYLE('',(#10410));
#10412=SURFACE_STYLE_FILL_AREA(#10411);
#10413=SURFACE_SIDE_STYLE('',(#10412));
#10414=SURFACE_STYLE_USAGE(.NEGATIVE.,#10413);
#10415=PRESENTATION_STYLE_ASSIGNMENT((#10414));
#10416=STYLED_ITEM('',(#10415),#10408);
#10417=CARTESIAN_POINT('',(0.,0.000801,0.));
#10418=DIRECTION('',(0.,1.,0.));
#10419=DIRECTION('',(0.,0.,1.));
#10420=AXIS2_PLACEMENT_3D('',#10417,#10418,#10419);
#10421=PLANE('',#10420);
#10422=ORIENTED_EDGE('',*,*,#10365,.F.);
#10423=EDGE_LOOP('',(#10422));
#10424=FACE_BOUND('',#10423,.T.);
#10425=ORIENTED_EDGE('',*,*,#10329,.F.);
#10426=EDGE_LOOP('',(#10425));
#10427=FACE_BOUND('',#10426,.T.);
#10428=ORIENTED_EDGE('',*,*,#10293,.F.);
#10429=EDGE_LOOP('',(#10428));
#10430=FACE_BOUND('',#10429,.T.);
#10431=ORIENTED_EDGE('',*,*,#10257,.F.);
#10432=EDGE_LOOP('',(#10431));
#10433=FACE_BOUND('',#10432,.T.);
#10434=ORIENTED_EDGE('',*,*,#10221,.F.);
#10435=EDGE_LOOP('',(#10434));
#10436=FACE_BOUND('',#10435,.T.);
#10437=ORIENTED_EDGE('',*,*,#10185,.F.);
#10438=EDGE_LOOP('',(#10437));
#10439=FACE_BOUND('',#10438,.T.);
#10440=ORIENTED_EDGE('',*,*,#6484,.F.);
#10441=EDGE_LOOP('',(#10440));
#10442=FACE_BOUND('',#10441,.T.);
#10443=ORIENTED_EDGE('',*,*,#10401,.T.);
#10444=EDGE_LOOP('',(#10443));
#10445=FACE_BOUND('',#10444,.T.);
#10446=ADVANCED_FACE('',(#10424,#10427,#10430,#10433,#10436,#10439,#10442,#10445),#10421,.T.);
#10447=COLOUR_RGB('',0.694117647058824,0.0980392156862745,0.0980392156862745);
#10448=FILL_AREA_STYLE_COLOUR('',#10447);
#10449=FILL_AREA_STYLE('',(#10448));
#10450=SURFACE_STYLE_FILL_AREA(#10449);
#10451=SURFACE_SIDE_STYLE('',(#10450));
#10452=SURFACE_STYLE_USAGE(.NEGATIVE.,#10451);
#10453=PRESENTATION_STYLE_ASSIGNMENT((#10452));
#10454=STYLED_ITEM('',(#10453),#10446);
#10455=CARTESIAN_POINT('',(0.0320319371877486,0.000801,0.044277626202077));
#10456=DIRECTION('',(0.,-1.,0.));
#10457=DIRECTION('',(0.,0.,-1.));
#10458=AXIS2_PLACEMENT_3D('',#10455,#10456,#10457);
#10459=CYLINDRICAL_SURFACE('',#10458,0.00025);
#10460=CARTESIAN_POINT('',(0.0320319371877486,0.000801,0.044277626202077));
#10461=DIRECTION('',(0.,1.,0.));
#10462=DIRECTION('',(0.,0.,1.));
#10463=AXIS2_PLACEMENT_3D('',#10460,#10461,#10462);
#10464=CIRCLE('',#10463,0.00025);
#10465=CARTESIAN_POINT('',(0.0320319371877486,0.000801,0.044027626202077));
#10466=VERTEX_POINT('',#10465);
#10467=EDGE_CURVE('',#10466,#10466,#10464,.T.);
#10468=ORIENTED_EDGE('',*,*,#10467,.T.);
#10469=EDGE_LOOP('',(#10468));
#10470=FACE_BOUND('',#10469,.T.);
#10471=CARTESIAN_POINT('',(0.0320319371877486,-0.000801,0.044277626202077));
#10472=DIRECTION('',(0.,1.,0.));
#10473=DIRECTION('',(0.,0.,1.));
#10474=AXIS2_PLACEMENT_3D('',#10471,#10472,#10473);
#10475=CIRCLE('',#10474,0.00025);
#10476=CARTESIAN_POINT('',(0.0320319371877486,-0.000801,0.044027626202077));
#10477=VERTEX_POINT('',#10476);
#10478=EDGE_CURVE('',#10477,#10477,#10475,.T.);
#10479=ORIENTED_EDGE('',*,*,#10478,.F.);
#10480=EDGE_LOOP('',(#10479));
#10481=FACE_BOUND('',#10480,.T.);
#10482=ADVANCED_FACE('',(#10470,#10481),#10459,.F.);
#10483=COLOUR_RGB('',0.694117647058824,0.0980392156862745,0.0980392156862745);
#10484=FILL_AREA_STYLE_COLOUR('',#10483);
#10485=FILL_AREA_STYLE('',(#10484));
#10486=SURFACE_STYLE_FILL_AREA(#10485);
#10487=SURFACE_SIDE_STYLE('',(#10486));
#10488=SURFACE_STYLE_USAGE(.NEGATIVE.,#10487);
#10489=PRESENTATION_STYLE_ASSIGNMENT((#10488));
#10490=STYLED_ITEM('',(#10489),#10482);
#10491=CARTESIAN_POINT('',(0.0339804943462636,0.000801,0.045402626202077));
#10492=DIRECTION('',(0.,-1.,0.));
#10493=DIRECTION('',(0.,0.,-1.));
#10494=AXIS2_PLACEMENT_3D('',#10491,#10492,#10493);
#10495=CYLINDRICAL_SURFACE('',#10494,0.00025);
#10496=CARTESIAN_POINT('',(0.0339804943462636,0.000801,0.045402626202077));
#10497=DIRECTION('',(0.,1.,0.));
#10498=DIRECTION('',(0.,0.,1.));
#10499=AXIS2_PLACEMENT_3D('',#10496,#10497,#10498);
#10500=CIRCLE('',#10499,0.00025);
#10501=CARTESIAN_POINT('',(0.0339804943462636,0.000801,0.045152626202077));
#10502=VERTEX_POINT('',#10501);
#10503=EDGE_CURVE('',#10502,#10502,#10500,.T.);
#10504=ORIENTED_EDGE('',*,*,#10503,.T.);
#10505=EDGE_LOOP('',(#10504));
#10506=FACE_BOUND('',#10505,.T.);
#10507=CARTESIAN_POINT('',(0.0339804943462636,-0.000801,0.045402626202077));
#10508=DIRECTION('',(0.,1.,0.));
#10509=DIRECTION('',(0.,0.,1.));
#10510=AXIS2_PLACEMENT_3D('',#10507,#10508,#10509);
#10511=CIRCLE('',#10510,0.00025);
#10512=CARTESIAN_POINT('',(0.0339804943462636,-0.000801,0.045152626202077));
#10513=VERTEX_POINT('',#10512);
#10514=EDGE_CURVE('',#10513,#10513,#10511,.T.);
#10515=ORIENTED_EDGE('',*,*,#10514,.F.);
#10516=EDGE_LOOP('',(#10515));
#10517=FACE_BOUND('',#10516,.T.);
#10518=ADVANCED_FACE('',(#10506,#10517),#10495,.F.);
#10519=COLOUR_RGB('',0.694117647058824,0.0980392156862745,0.0980392156862745);
#10520=FILL_AREA_STYLE_COLOUR('',#10519);
#10521=FILL_AREA_STYLE('',(#10520));
#10522=SURFACE_STYLE_FILL_AREA(#10521);
#10523=SURFACE_SIDE_STYLE('',(#10522));
#10524=SURFACE_STYLE_USAGE(.NEGATIVE.,#10523);
#10525=PRESENTATION_STYLE_ASSIGNMENT((#10524));
#10526=STYLED_ITEM('',(#10525),#10518);
#10527=CARTESIAN_POINT('',(0.0339804943462636,0.000801,0.047652626202077));
#10528=DIRECTION('',(0.,-1.,0.));
#10529=DIRECTION('',(0.,0.,-1.));
#10530=AXIS2_PLACEMENT_3D('',#10527,#10528,#10529);
#10531=CYLINDRICAL_SURFACE('',#10530,0.00025);
#10532=CARTESIAN_POINT('',(0.0339804943462636,0.000801,0.047652626202077));
#10533=DIRECTION('',(0.,1.,0.));
#10534=DIRECTION('',(0.,0.,1.));
#10535=AXIS2_PLACEMENT_3D('',#10532,#10533,#10534);
#10536=CIRCLE('',#10535,0.00025);
#10537=CARTESIAN_POINT('',(0.0339804943462636,0.000801,0.047402626202077));
#10538=VERTEX_POINT('',#10537);
#10539=EDGE_CURVE('',#10538,#10538,#10536,.T.);
#10540=ORIENTED_EDGE('',*,*,#10539,.T.);
#10541=EDGE_LOOP('',(#10540));
#10542=FACE_BOUND('',#10541,.T.);
#10543=CARTESIAN_POINT('',(0.0339804943462636,-0.000801,0.047652626202077));
#10544=DIRECTION('',(0.,1.,0.));
#10545=DIRECTION('',(0.,0.,1.));
#10546=AXIS2_PLACEMENT_3D('',#10543,#10544,#10545);
#10547=CIRCLE('',#10546,0.00025);
#10548=CARTESIAN_POINT('',(0.0339804943462636,-0.000801,0.047402626202077));
#10549=VERTEX_POINT('',#10548);
#10550=EDGE_CURVE('',#10549,#10549,#10547,.T.);
#10551=ORIENTED_EDGE('',*,*,#10550,.F.);
#10552=EDGE_LOOP('',(#10551));
#10553=FACE_BOUND('',#10552,.T.);
#10554=ADVANCED_FACE('',(#10542,#10553),#10531,.F.);
#10555=COLOUR_RGB('',0.694117647058824,0.0980392156862745,0.0980392156862745);
#10556=FILL_AREA_STYLE_COLOUR('',#10555);
#10557=FILL_AREA_STYLE('',(#10556));
#10558=SURFACE_STYLE_FILL_AREA(#10557);
#10559=SURFACE_SIDE_STYLE('',(#10558));
#10560=SURFACE_STYLE_USAGE(.NEGATIVE.,#10559);
#10561=PRESENTATION_STYLE_ASSIGNMENT((#10560));
#10562=STYLED_ITEM('',(#10561),#10554);
#10563=CARTESIAN_POINT('',(0.0320319371877487,0.000801,0.048777626202077));
#10564=DIRECTION('',(0.,-1.,0.));
#10565=DIRECTION('',(0.,0.,-1.));
#10566=AXIS2_PLACEMENT_3D('',#10563,#10564,#10565);
#10567=CYLINDRICAL_SURFACE('',#10566,0.00025);
#10568=CARTESIAN_POINT('',(0.0320319371877487,0.000801,0.048777626202077));
#10569=DIRECTION('',(0.,1.,0.));
#10570=DIRECTION('',(0.,0.,1.));
#10571=AXIS2_PLACEMENT_3D('',#10568,#10569,#10570);
#10572=CIRCLE('',#10571,0.00025);
#10573=CARTESIAN_POINT('',(0.0320319371877487,0.000801,0.048527626202077));
#10574=VERTEX_POINT('',#10573);
#10575=EDGE_CURVE('',#10574,#10574,#10572,.T.);
#10576=ORIENTED_EDGE('',*,*,#10575,.T.);
#10577=EDGE_LOOP('',(#10576));
#10578=FACE_BOUND('',#10577,.T.);
#10579=CARTESIAN_POINT('',(0.0320319371877487,-0.000801,0.048777626202077));
#10580=DIRECTION('',(0.,1.,0.));
#10581=DIRECTION('',(0.,0.,1.));
#10582=AXIS2_PLACEMENT_3D('',#10579,#10580,#10581);
#10583=CIRCLE('',#10582,0.00025);
#10584=CARTESIAN_POINT('',(0.0320319371877487,-0.000801,0.048527626202077));
#10585=VERTEX_POINT('',#10584);
#10586=EDGE_CURVE('',#10585,#10585,#10583,.T.);
#10587=ORIENTED_EDGE('',*,*,#10586,.F.);
#10588=EDGE_LOOP('',(#10587));
#10589=FACE_BOUND('',#10588,.T.);
#10590=ADVANCED_FACE('',(#10578,#10589),#10567,.F.);
#10591=COLOUR_RGB('',0.694117647058824,0.0980392156862745,0.0980392156862745);
#10592=FILL_AREA_STYLE_COLOUR('',#10591);
#10593=FILL_AREA_STYLE('',(#10592));
#10594=SURFACE_STYLE_FILL_AREA(#10593);
#10595=SURFACE_SIDE_STYLE('',(#10594));
#10596=SURFACE_STYLE_USAGE(.NEGATIVE.,#10595);
#10597=PRESENTATION_STYLE_ASSIGNMENT((#10596));
#10598=STYLED_ITEM('',(#10597),#10590);
#10599=CARTESIAN_POINT('',(0.0300833800292337,0.000801,0.047652626202077));
#10600=DIRECTION('',(0.,-1.,0.));
#10601=DIRECTION('',(0.,0.,-1.));
#10602=AXIS2_PLACEMENT_3D('',#10599,#10600,#10601);
#10603=CYLINDRICAL_SURFACE('',#10602,0.00025);
#10604=CARTESIAN_POINT('',(0.0300833800292337,0.000801,0.047652626202077));
#10605=DIRECTION('',(0.,1.,0.));
#10606=DIRECTION('',(0.,0.,1.));
#10607=AXIS2_PLACEMENT_3D('',#10604,#10605,#10606);
#10608=CIRCLE('',#10607,0.00025);
#10609=CARTESIAN_POINT('',(0.0300833800292337,0.000801,0.047402626202077));
#10610=VERTEX_POINT('',#10609);
#10611=EDGE_CURVE('',#10610,#10610,#10608,.T.);
#10612=ORIENTED_EDGE('',*,*,#10611,.T.);
#10613=EDGE_LOOP('',(#10612));
#10614=FACE_BOUND('',#10613,.T.);
#10615=CARTESIAN_POINT('',(0.0300833800292337,-0.000801,0.047652626202077));
#10616=DIRECTION('',(0.,1.,0.));
#10617=DIRECTION('',(0.,0.,1.));
#10618=AXIS2_PLACEMENT_3D('',#10615,#10616,#10617);
#10619=CIRCLE('',#10618,0.00025);
#10620=CARTESIAN_POINT('',(0.0300833800292337,-0.000801,0.047402626202077));
#10621=VERTEX_POINT('',#10620);
#10622=EDGE_CURVE('',#10621,#10621,#10619,.T.);
#10623=ORIENTED_EDGE('',*,*,#10622,.F.);
#10624=EDGE_LOOP('',(#10623));
#10625=FACE_BOUND('',#10624,.T.);
#10626=ADVANCED_FACE('',(#10614,#10625),#10603,.F.);
#10627=COLOUR_RGB('',0.694117647058824,0.0980392156862745,0.0980392156862745);
#10628=FILL_AREA_STYLE_COLOUR('',#10627);
#10629=FILL_AREA_STYLE('',(#10628));
#10630=SURFACE_STYLE_FILL_AREA(#10629);
#10631=SURFACE_SIDE_STYLE('',(#10630));
#10632=SURFACE_STYLE_USAGE(.NEGATIVE.,#10631);
#10633=PRESENTATION_STYLE_ASSIGNMENT((#10632));
#10634=STYLED_ITEM('',(#10633),#10626);
#10635=CARTESIAN_POINT('',(0.0300833800292337,0.000801,0.045402626202077));
#10636=DIRECTION('',(0.,-1.,0.));
#10637=DIRECTION('',(0.,0.,-1.));
#10638=AXIS2_PLACEMENT_3D('',#10635,#10636,#10637);
#10639=CYLINDRICAL_SURFACE('',#10638,0.00025);
#10640=CARTESIAN_POINT('',(0.0300833800292337,0.000801,0.045402626202077));
#10641=DIRECTION('',(0.,1.,0.));
#10642=DIRECTION('',(0.,0.,1.));
#10643=AXIS2_PLACEMENT_3D('',#10640,#10641,#10642);
#10644=CIRCLE('',#10643,0.00025);
#10645=CARTESIAN_POINT('',(0.0300833800292337,0.000801,0.045152626202077));
#10646=VERTEX_POINT('',#10645);
#10647=EDGE_CURVE('',#10646,#10646,#10644,.T.);
#10648=ORIENTED_EDGE('',*,*,#10647,.T.);
#10649=EDGE_LOOP('',(#10648));
#10650=FACE_BOUND('',#10649,.T.);
#10651=CARTESIAN_POINT('',(0.0300833800292337,-0.000801,0.045402626202077));
#10652=DIRECTION('',(0.,1.,0.));
#10653=DIRECTION('',(0.,0.,1.));
#10654=AXIS2_PLACEMENT_3D('',#10651,#10652,#10653);
#10655=CIRCLE('',#10654,0.00025);
#10656=CARTESIAN_POINT('',(0.0300833800292337,-0.000801,0.045152626202077));
#10657=VERTEX_POINT('',#10656);
#10658=EDGE_CURVE('',#10657,#10657,#10655,.T.);
#10659=ORIENTED_EDGE('',*,*,#10658,.F.);
#10660=EDGE_LOOP('',(#10659));
#10661=FACE_BOUND('',#10660,.T.);
#10662=ADVANCED_FACE('',(#10650,#10661),#10639,.F.);
#10663=COLOUR_RGB('',0.694117647058824,0.0980392156862745,0.0980392156862745);
#10664=FILL_AREA_STYLE_COLOUR('',#10663);
#10665=FILL_AREA_STYLE('',(#10664));
#10666=SURFACE_STYLE_FILL_AREA(#10665);
#10667=SURFACE_SIDE_STYLE('',(#10666));
#10668=SURFACE_STYLE_USAGE(.NEGATIVE.,#10667);
#10669=PRESENTATION_STYLE_ASSIGNMENT((#10668));
#10670=STYLED_ITEM('',(#10669),#10662);
#10671=CARTESIAN_POINT('',(0.0320319371877486,0.000801,0.046527626202077));
#10672=DIRECTION('',(0.,-1.,0.));
#10673=DIRECTION('',(0.,0.,-1.));
#10674=AXIS2_PLACEMENT_3D('',#10671,#10672,#10673);
#10675=CYLINDRICAL_SURFACE('',#10674,0.003);
#10676=CARTESIAN_POINT('',(0.0320319371877486,0.000801,0.046527626202077));
#10677=DIRECTION('',(0.,1.,0.));
#10678=DIRECTION('',(0.,0.,1.));
#10679=AXIS2_PLACEMENT_3D('',#10676,#10677,#10678);
#10680=CIRCLE('',#10679,0.003);
#10681=CARTESIAN_POINT('',(0.0320319371877486,0.000801,0.043527626202077));
#10682=VERTEX_POINT('',#10681);
#10683=EDGE_CURVE('',#10682,#10682,#10680,.T.);
#10684=ORIENTED_EDGE('',*,*,#10683,.F.);
#10685=EDGE_LOOP('',(#10684));
#10686=FACE_BOUND('',#10685,.T.);
#10687=ORIENTED_EDGE('',*,*,#1046,.T.);
#10688=EDGE_LOOP('',(#10687));
#10689=FACE_BOUND('',#10688,.T.);
#10690=ADVANCED_FACE('',(#10686,#10689),#10675,.T.);
#10691=COLOUR_RGB('',0.694117647058824,0.0980392156862745,0.0980392156862745);
#10692=FILL_AREA_STYLE_COLOUR('',#10691);
#10693=FILL_AREA_STYLE('',(#10692));
#10694=SURFACE_STYLE_FILL_AREA(#10693);
#10695=SURFACE_SIDE_STYLE('',(#10694));
#10696=SURFACE_STYLE_USAGE(.NEGATIVE.,#10695);
#10697=PRESENTATION_STYLE_ASSIGNMENT((#10696));
#10698=STYLED_ITEM('',(#10697),#10690);
#10699=CARTESIAN_POINT('',(0.,0.000801,0.));
#10700=DIRECTION('',(0.,1.,0.));
#10701=DIRECTION('',(0.,0.,1.));
#10702=AXIS2_PLACEMENT_3D('',#10699,#10700,#10701);
#10703=PLANE('',#10702);
#10704=ORIENTED_EDGE('',*,*,#10647,.F.);
#10705=EDGE_LOOP('',(#10704));
#10706=FACE_BOUND('',#10705,.T.);
#10707=ORIENTED_EDGE('',*,*,#10611,.F.);
#10708=EDGE_LOOP('',(#10707));
#10709=FACE_BOUND('',#10708,.T.);
#10710=ORIENTED_EDGE('',*,*,#10575,.F.);
#10711=EDGE_LOOP('',(#10710));
#10712=FACE_BOUND('',#10711,.T.);
#10713=ORIENTED_EDGE('',*,*,#10539,.F.);
#10714=EDGE_LOOP('',(#10713));
#10715=FACE_BOUND('',#10714,.T.);
#10716=ORIENTED_EDGE('',*,*,#10503,.F.);
#10717=EDGE_LOOP('',(#10716));
#10718=FACE_BOUND('',#10717,.T.);
#10719=ORIENTED_EDGE('',*,*,#10467,.F.);
#10720=EDGE_LOOP('',(#10719));
#10721=FACE_BOUND('',#10720,.T.);
#10722=ORIENTED_EDGE('',*,*,#6512,.F.);
#10723=EDGE_LOOP('',(#10722));
#10724=FACE_BOUND('',#10723,.T.);
#10725=ORIENTED_EDGE('',*,*,#10683,.T.);
#10726=EDGE_LOOP('',(#10725));
#10727=FACE_BOUND('',#10726,.T.);
#10728=ADVANCED_FACE('',(#10706,#10709,#10712,#10715,#10718,#10721,#10724,#10727),#10703,.T.);
#10729=COLOUR_RGB('',0.694117647058824,0.0980392156862745,0.0980392156862745);
#10730=FILL_AREA_STYLE_COLOUR('',#10729);
#10731=FILL_AREA_STYLE('',(#10730));
#10732=SURFACE_STYLE_FILL_AREA(#10731);
#10733=SURFACE_SIDE_STYLE('',(#10732));
#10734=SURFACE_STYLE_USAGE(.NEGATIVE.,#10733);
#10735=PRESENTATION_STYLE_ASSIGNMENT((#10734));
#10736=STYLED_ITEM('',(#10735),#10728);
#10737=CARTESIAN_POINT('',(0.,0.000801,0.0336314010170212));
#10738=DIRECTION('',(0.,0.,-1.));
#10739=DIRECTION('',(-1.,0.,0.));
#10740=AXIS2_PLACEMENT_3D('',#10737,#10738,#10739);
#10741=PLANE('',#10740);
#10742=ORIENTED_EDGE('',*,*,#1058,.F.);
#10743=CARTESIAN_POINT('',(-0.013,0.000801,0.0336314010170212));
#10744=DIRECTION('',(0.,-1.,0.));
#10745=VECTOR('',#10744,1.);
#10746=LINE('',#10743,#10745);
#10747=CARTESIAN_POINT('',(-0.013,0.000801,0.0336314010170212));
#10748=VERTEX_POINT('',#10747);
#10749=EDGE_CURVE('',#10748,#1055,#10746,.T.);
#10750=ORIENTED_EDGE('',*,*,#10749,.F.);
#10751=CARTESIAN_POINT('',(0.,0.000801,0.0336314010170212));
#10752=DIRECTION('',(1.,0.,0.));
#10753=VECTOR('',#10752,1.);
#10754=LINE('',#10751,#10753);
#10755=CARTESIAN_POINT('',(0.013,0.000801,0.0336314010170212));
#10756=VERTEX_POINT('',#10755);
#10757=EDGE_CURVE('',#10748,#10756,#10754,.T.);
#10758=ORIENTED_EDGE('',*,*,#10757,.T.);
#10759=CARTESIAN_POINT('',(0.013,0.000801,0.0336314010170212));
#10760=DIRECTION('',(0.,-1.,0.));
#10761=VECTOR('',#10760,1.);
#10762=LINE('',#10759,#10761);
#10763=EDGE_CURVE('',#10756,#1057,#10762,.T.);
#10764=ORIENTED_EDGE('',*,*,#10763,.T.);
#10765=EDGE_LOOP('',(#10742,#10750,#10758,#10764));
#10766=FACE_BOUND('',#10765,.T.);
#10767=ADVANCED_FACE('',(#10766),#10741,.T.);
#10768=COLOUR_RGB('',0.694117647058824,0.0980392156862745,0.0980392156862745);
#10769=FILL_AREA_STYLE_COLOUR('',#10768);
#10770=FILL_AREA_STYLE('',(#10769));
#10771=SURFACE_STYLE_FILL_AREA(#10770);
#10772=SURFACE_SIDE_STYLE('',(#10771));
#10773=SURFACE_STYLE_USAGE(.NEGATIVE.,#10772);
#10774=PRESENTATION_STYLE_ASSIGNMENT((#10773));
#10775=STYLED_ITEM('',(#10774),#10767);
#10776=CARTESIAN_POINT('',(-0.013,0.000801,0.0386814010170211));
#10777=DIRECTION('',(0.,-1.,0.));
#10778=DIRECTION('',(0.,0.,-1.));
#10779=AXIS2_PLACEMENT_3D('',#10776,#10777,#10778);
#10780=CYLINDRICAL_SURFACE('',#10779,0.00504999999999996);
#10781=ORIENTED_EDGE('',*,*,#1116,.T.);
#10782=CARTESIAN_POINT('',(-0.0180499999999999,0.000801,0.0386814010170211));
#10783=DIRECTION('',(0.,-1.,0.));
#10784=VECTOR('',#10783,1.);
#10785=LINE('',#10782,#10784);
#10786=CARTESIAN_POINT('',(-0.0180499999999999,0.000801,0.0386814010170211));
#10787=VERTEX_POINT('',#10786);
#10788=EDGE_CURVE('',#10787,#1108,#10785,.T.);
#10789=ORIENTED_EDGE('',*,*,#10788,.F.);
#10790=CARTESIAN_POINT('',(-0.013,0.000801,0.0386814010170211));
#10791=DIRECTION('',(0.,1.,0.));
#10792=DIRECTION('',(0.,0.,1.));
#10793=AXIS2_PLACEMENT_3D('',#10790,#10791,#10792);
#10794=CIRCLE('',#10793,0.00504999999999996);
#10795=EDGE_CURVE('',#10748,#10787,#10794,.T.);
#10796=ORIENTED_EDGE('',*,*,#10795,.F.);
#10797=ORIENTED_EDGE('',*,*,#10749,.T.);
#10798=EDGE_LOOP('',(#10781,#10789,#10796,#10797));
#10799=FACE_BOUND('',#10798,.T.);
#10800=ADVANCED_FACE('',(#10799),#10780,.T.);
#10801=COLOUR_RGB('',0.694117647058824,0.0980392156862745,0.0980392156862745);
#10802=FILL_AREA_STYLE_COLOUR('',#10801);
#10803=FILL_AREA_STYLE('',(#10802));
#10804=SURFACE_STYLE_FILL_AREA(#10803);
#10805=SURFACE_SIDE_STYLE('',(#10804));
#10806=SURFACE_STYLE_USAGE(.NEGATIVE.,#10805);
#10807=PRESENTATION_STYLE_ASSIGNMENT((#10806));
#10808=STYLED_ITEM('',(#10807),#10800);
#10809=CARTESIAN_POINT('',(-0.0180499999999999,0.000801,-1.04372529137938E-17));
#10810=DIRECTION('',(1.,0.,5.78241158658937E-16));
#10811=DIRECTION('',(5.78241158658937E-16,0.,-1.));
#10812=AXIS2_PLACEMENT_3D('',#10809,#10810,#10811);
#10813=PLANE('',#10812);
#10814=ORIENTED_EDGE('',*,*,#1109,.T.);
#10815=CARTESIAN_POINT('',(-0.0180499999999999,0.000801,0.0446814010170211));
#10816=DIRECTION('',(0.,-1.,0.));
#10817=VECTOR('',#10816,1.);
#10818=LINE('',#10815,#10817);
#10819=CARTESIAN_POINT('',(-0.0180499999999999,0.000801,0.0446814010170211));
#10820=VERTEX_POINT('',#10819);
#10821=EDGE_CURVE('',#10820,#1100,#10818,.T.);
#10822=ORIENTED_EDGE('',*,*,#10821,.F.);
#10823=CARTESIAN_POINT('',(-0.0180499999999999,0.000801,-1.04372529137938E-17));
#10824=DIRECTION('',(-5.78241158658937E-16,0.,1.));
#10825=VECTOR('',#10824,1.);
#10826=LINE('',#10823,#10825);
#10827=EDGE_CURVE('',#10787,#10820,#10826,.T.);
#10828=ORIENTED_EDGE('',*,*,#10827,.F.);
#10829=ORIENTED_EDGE('',*,*,#10788,.T.);
#10830=EDGE_LOOP('',(#10814,#10822,#10828,#10829));
#10831=FACE_BOUND('',#10830,.T.);
#10832=ADVANCED_FACE('',(#10831),#10813,.F.);
#10833=COLOUR_RGB('',0.694117647058824,0.0980392156862745,0.0980392156862745);
#10834=FILL_AREA_STYLE_COLOUR('',#10833);
#10835=FILL_AREA_STYLE('',(#10834));
#10836=SURFACE_STYLE_FILL_AREA(#10835);
#10837=SURFACE_SIDE_STYLE('',(#10836));
#10838=SURFACE_STYLE_USAGE(.NEGATIVE.,#10837);
#10839=PRESENTATION_STYLE_ASSIGNMENT((#10838));
#10840=STYLED_ITEM('',(#10839),#10832);
#10841=CARTESIAN_POINT('',(-0.013,0.000801,0.0446814010170211));
#10842=DIRECTION('',(0.,-1.,0.));
#10843=DIRECTION('',(0.,0.,-1.));
#10844=AXIS2_PLACEMENT_3D('',#10841,#10842,#10843);
#10845=CYLINDRICAL_SURFACE('',#10844,0.00504999999999998);
#10846=ORIENTED_EDGE('',*,*,#1101,.T.);
#10847=CARTESIAN_POINT('',(-0.013,0.000801,0.0497314010170211));
#10848=DIRECTION('',(0.,-1.,0.));
#10849=VECTOR('',#10848,1.);
#10850=LINE('',#10847,#10849);
#10851=CARTESIAN_POINT('',(-0.013,0.000801,0.0497314010170211));
#10852=VERTEX_POINT('',#10851);
#10853=EDGE_CURVE('',#10852,#1091,#10850,.T.);
#10854=ORIENTED_EDGE('',*,*,#10853,.F.);
#10855=CARTESIAN_POINT('',(-0.013,0.000801,0.0446814010170211));
#10856=DIRECTION('',(0.,1.,0.));
#10857=DIRECTION('',(0.,0.,1.));
#10858=AXIS2_PLACEMENT_3D('',#10855,#10856,#10857);
#10859=CIRCLE('',#10858,0.00504999999999998);
#10860=EDGE_CURVE('',#10820,#10852,#10859,.T.);
#10861=ORIENTED_EDGE('',*,*,#10860,.F.);
#10862=ORIENTED_EDGE('',*,*,#10821,.T.);
#10863=EDGE_LOOP('',(#10846,#10854,#10861,#10862));
#10864=FACE_BOUND('',#10863,.T.);
#10865=ADVANCED_FACE('',(#10864),#10845,.T.);
#10866=COLOUR_RGB('',0.694117647058824,0.0980392156862745,0.0980392156862745);
#10867=FILL_AREA_STYLE_COLOUR('',#10866);
#10868=FILL_AREA_STYLE('',(#10867));
#10869=SURFACE_STYLE_FILL_AREA(#10868);
#10870=SURFACE_SIDE_STYLE('',(#10869));
#10871=SURFACE_STYLE_USAGE(.NEGATIVE.,#10870);
#10872=PRESENTATION_STYLE_ASSIGNMENT((#10871));
#10873=STYLED_ITEM('',(#10872),#10865);
#10874=CARTESIAN_POINT('',(0.,0.000801,0.0497314010170211));
#10875=DIRECTION('',(0.,0.,-1.));
#10876=DIRECTION('',(-1.,0.,0.));
#10877=AXIS2_PLACEMENT_3D('',#10874,#10875,#10876);
#10878=PLANE('',#10877);
#10879=ORIENTED_EDGE('',*,*,#1092,.T.);
#10880=CARTESIAN_POINT('',(0.013,0.000801,0.0497314010170211));
#10881=DIRECTION('',(0.,-1.,0.));
#10882=VECTOR('',#10881,1.);
#10883=LINE('',#10880,#10882);
#10884=CARTESIAN_POINT('',(0.013,0.000801,0.0497314010170211));
#10885=VERTEX_POINT('',#10884);
#10886=EDGE_CURVE('',#10885,#1083,#10883,.T.);
#10887=ORIENTED_EDGE('',*,*,#10886,.F.);
#10888=CARTESIAN_POINT('',(0.,0.000801,0.0497314010170211));
#10889=DIRECTION('',(1.,0.,0.));
#10890=VECTOR('',#10889,1.);
#10891=LINE('',#10888,#10890);
#10892=EDGE_CURVE('',#10852,#10885,#10891,.T.);
#10893=ORIENTED_EDGE('',*,*,#10892,.F.);
#10894=ORIENTED_EDGE('',*,*,#10853,.T.);
#10895=EDGE_LOOP('',(#10879,#10887,#10893,#10894));
#10896=FACE_BOUND('',#10895,.T.);
#10897=ADVANCED_FACE('',(#10896),#10878,.F.);
#10898=COLOUR_RGB('',0.694117647058824,0.0980392156862745,0.0980392156862745);
#10899=FILL_AREA_STYLE_COLOUR('',#10898);
#10900=FILL_AREA_STYLE('',(#10899));
#10901=SURFACE_STYLE_FILL_AREA(#10900);
#10902=SURFACE_SIDE_STYLE('',(#10901));
#10903=SURFACE_STYLE_USAGE(.NEGATIVE.,#10902);
#10904=PRESENTATION_STYLE_ASSIGNMENT((#10903));
#10905=STYLED_ITEM('',(#10904),#10897);
#10906=CARTESIAN_POINT('',(0.013,0.000801,0.0446814010170212));
#10907=DIRECTION('',(0.,-1.,0.));
#10908=DIRECTION('',(0.,0.,-1.));
#10909=AXIS2_PLACEMENT_3D('',#10906,#10907,#10908);
#10910=CYLINDRICAL_SURFACE('',#10909,0.00504999999999996);
#10911=ORIENTED_EDGE('',*,*,#1084,.T.);
#10912=CARTESIAN_POINT('',(0.01805,0.000801,0.0446814010170212));
#10913=DIRECTION('',(0.,-1.,0.));
#10914=VECTOR('',#10913,1.);
#10915=LINE('',#10912,#10914);
#10916=CARTESIAN_POINT('',(0.01805,0.000801,0.0446814010170212));
#10917=VERTEX_POINT('',#10916);
#10918=EDGE_CURVE('',#10917,#1074,#10915,.T.);
#10919=ORIENTED_EDGE('',*,*,#10918,.F.);
#10920=CARTESIAN_POINT('',(0.013,0.000801,0.0446814010170212));
#10921=DIRECTION('',(0.,1.,0.));
#10922=DIRECTION('',(0.,0.,1.));
#10923=AXIS2_PLACEMENT_3D('',#10920,#10921,#10922);
#10924=CIRCLE('',#10923,0.00504999999999996);
#10925=EDGE_CURVE('',#10885,#10917,#10924,.T.);
#10926=ORIENTED_EDGE('',*,*,#10925,.F.);
#10927=ORIENTED_EDGE('',*,*,#10886,.T.);
#10928=EDGE_LOOP('',(#10911,#10919,#10926,#10927));
#10929=FACE_BOUND('',#10928,.T.);
#10930=ADVANCED_FACE('',(#10929),#10910,.T.);
#10931=COLOUR_RGB('',0.694117647058824,0.0980392156862745,0.0980392156862745);
#10932=FILL_AREA_STYLE_COLOUR('',#10931);
#10933=FILL_AREA_STYLE('',(#10932));
#10934=SURFACE_STYLE_FILL_AREA(#10933);
#10935=SURFACE_SIDE_STYLE('',(#10934));
#10936=SURFACE_STYLE_USAGE(.NEGATIVE.,#10935);
#10937=PRESENTATION_STYLE_ASSIGNMENT((#10936));
#10938=STYLED_ITEM('',(#10937),#10930);
#10939=CARTESIAN_POINT('',(0.0180499999999997,0.000801,-1.14809782051729E-16));
#10940=DIRECTION('',(-1.,0.,6.36065274524826E-15));
#10941=DIRECTION('',(6.36065274524826E-15,0.,1.));
#10942=AXIS2_PLACEMENT_3D('',#10939,#10940,#10941);
#10943=PLANE('',#10942);
#10944=ORIENTED_EDGE('',*,*,#1075,.T.);
#10945=CARTESIAN_POINT('',(0.01805,0.000801,0.0386814010170211));
#10946=DIRECTION('',(0.,-1.,0.));
#10947=VECTOR('',#10946,1.);
#10948=LINE('',#10945,#10947);
#10949=CARTESIAN_POINT('',(0.01805,0.000801,0.0386814010170211));
#10950=VERTEX_POINT('',#10949);
#10951=EDGE_CURVE('',#10950,#1066,#10948,.T.);
#10952=ORIENTED_EDGE('',*,*,#10951,.F.);
#10953=CARTESIAN_POINT('',(0.0180499999999997,0.000801,-1.14809782051729E-16));
#10954=DIRECTION('',(-6.36065274524826E-15,0.,-1.));
#10955=VECTOR('',#10954,1.);
#10956=LINE('',#10953,#10955);
#10957=EDGE_CURVE('',#10917,#10950,#10956,.T.);
#10958=ORIENTED_EDGE('',*,*,#10957,.F.);
#10959=ORIENTED_EDGE('',*,*,#10918,.T.);
#10960=EDGE_LOOP('',(#10944,#10952,#10958,#10959));
#10961=FACE_BOUND('',#10960,.T.);
#10962=ADVANCED_FACE('',(#10961),#10943,.F.);
#10963=COLOUR_RGB('',0.694117647058824,0.0980392156862745,0.0980392156862745);
#10964=FILL_AREA_STYLE_COLOUR('',#10963);
#10965=FILL_AREA_STYLE('',(#10964));
#10966=SURFACE_STYLE_FILL_AREA(#10965);
#10967=SURFACE_SIDE_STYLE('',(#10966));
#10968=SURFACE_STYLE_USAGE(.NEGATIVE.,#10967);
#10969=PRESENTATION_STYLE_ASSIGNMENT((#10968));
#10970=STYLED_ITEM('',(#10969),#10962);
#10971=CARTESIAN_POINT('',(0.013,0.000801,0.0446814010170212));
#10972=DIRECTION('',(0.,-1.,0.));
#10973=DIRECTION('',(0.,0.,-1.));
#10974=AXIS2_PLACEMENT_3D('',#10971,#10972,#10973);
#10975=CYLINDRICAL_SURFACE('',#10974,0.00324999999999996);
#10976=ORIENTED_EDGE('',*,*,#4208,.F.);
#10977=CARTESIAN_POINT('',(0.013,0.000801,0.0479314010170211));
#10978=DIRECTION('',(0.,-1.,0.));
#10979=VECTOR('',#10978,1.);
#10980=LINE('',#10977,#10979);
#10981=CARTESIAN_POINT('',(0.013,0.000801,0.0479314010170211));
#10982=VERTEX_POINT('',#10981);
#10983=EDGE_CURVE('',#10982,#4205,#10980,.T.);
#10984=ORIENTED_EDGE('',*,*,#10983,.F.);
#10985=CARTESIAN_POINT('',(0.013,0.000801,0.0446814010170212));
#10986=DIRECTION('',(0.,1.,0.));
#10987=DIRECTION('',(0.,0.,1.));
#10988=AXIS2_PLACEMENT_3D('',#10985,#10986,#10987);
#10989=CIRCLE('',#10988,0.00324999999999996);
#10990=CARTESIAN_POINT('',(0.01625,0.000801,0.0446814010170212));
#10991=VERTEX_POINT('',#10990);
#10992=EDGE_CURVE('',#10982,#10991,#10989,.T.);
#10993=ORIENTED_EDGE('',*,*,#10992,.T.);
#10994=CARTESIAN_POINT('',(0.01625,0.000801,0.0446814010170212));
#10995=DIRECTION('',(0.,-1.,0.));
#10996=VECTOR('',#10995,1.);
#10997=LINE('',#10994,#10996);
#10998=EDGE_CURVE('',#10991,#4207,#10997,.T.);
#10999=ORIENTED_EDGE('',*,*,#10998,.T.);
#11000=EDGE_LOOP('',(#10976,#10984,#10993,#10999));
#11001=FACE_BOUND('',#11000,.T.);
#11002=ADVANCED_FACE('',(#11001),#10975,.F.);
#11003=COLOUR_RGB('',0.694117647058824,0.0980392156862745,0.0980392156862745);
#11004=FILL_AREA_STYLE_COLOUR('',#11003);
#11005=FILL_AREA_STYLE('',(#11004));
#11006=SURFACE_STYLE_FILL_AREA(#11005);
#11007=SURFACE_SIDE_STYLE('',(#11006));
#11008=SURFACE_STYLE_USAGE(.NEGATIVE.,#11007);
#11009=PRESENTATION_STYLE_ASSIGNMENT((#11008));
#11010=STYLED_ITEM('',(#11009),#11002);
#11011=CARTESIAN_POINT('',(0.,0.000801,0.0479314010170211));
#11012=DIRECTION('',(0.,0.,-1.));
#11013=DIRECTION('',(-1.,0.,0.));
#11014=AXIS2_PLACEMENT_3D('',#11011,#11012,#11013);
#11015=PLANE('',#11014);
#11016=ORIENTED_EDGE('',*,*,#4265,.F.);
#11017=CARTESIAN_POINT('',(-0.013,0.000801,0.0479314010170211));
#11018=DIRECTION('',(0.,-1.,0.));
#11019=VECTOR('',#11018,1.);
#11020=LINE('',#11017,#11019);
#11021=CARTESIAN_POINT('',(-0.013,0.000801,0.0479314010170211));
#11022=VERTEX_POINT('',#11021);
#11023=EDGE_CURVE('',#11022,#4258,#11020,.T.);
#11024=ORIENTED_EDGE('',*,*,#11023,.F.);
#11025=CARTESIAN_POINT('',(0.,0.000801,0.0479314010170211));
#11026=DIRECTION('',(1.,0.,0.));
#11027=VECTOR('',#11026,1.);
#11028=LINE('',#11025,#11027);
#11029=EDGE_CURVE('',#11022,#10982,#11028,.T.);
#11030=ORIENTED_EDGE('',*,*,#11029,.T.);
#11031=ORIENTED_EDGE('',*,*,#10983,.T.);
#11032=EDGE_LOOP('',(#11016,#11024,#11030,#11031));
#11033=FACE_BOUND('',#11032,.T.);
#11034=ADVANCED_FACE('',(#11033),#11015,.T.);
#11035=COLOUR_RGB('',0.694117647058824,0.0980392156862745,0.0980392156862745);
#11036=FILL_AREA_STYLE_COLOUR('',#11035);
#11037=FILL_AREA_STYLE('',(#11036));
#11038=SURFACE_STYLE_FILL_AREA(#11037);
#11039=SURFACE_SIDE_STYLE('',(#11038));
#11040=SURFACE_STYLE_USAGE(.NEGATIVE.,#11039);
#11041=PRESENTATION_STYLE_ASSIGNMENT((#11040));
#11042=STYLED_ITEM('',(#11041),#11034);
#11043=CARTESIAN_POINT('',(-0.013,0.000801,0.0446814010170211));
#11044=DIRECTION('',(0.,-1.,0.));
#11045=DIRECTION('',(0.,0.,-1.));
#11046=AXIS2_PLACEMENT_3D('',#11043,#11044,#11045);
#11047=CYLINDRICAL_SURFACE('',#11046,0.00324999999999998);
#11048=ORIENTED_EDGE('',*,*,#4259,.F.);
#11049=CARTESIAN_POINT('',(-0.0162499999999999,0.000801,0.0446814010170211));
#11050=DIRECTION('',(0.,-1.,0.));
#11051=VECTOR('',#11050,1.);
#11052=LINE('',#11049,#11051);
#11053=CARTESIAN_POINT('',(-0.0162499999999999,0.000801,0.0446814010170211));
#11054=VERTEX_POINT('',#11053);
#11055=EDGE_CURVE('',#11054,#4249,#11052,.T.);
#11056=ORIENTED_EDGE('',*,*,#11055,.F.);
#11057=CARTESIAN_POINT('',(-0.013,0.000801,0.0446814010170211));
#11058=DIRECTION('',(0.,1.,0.));
#11059=DIRECTION('',(0.,0.,1.));
#11060=AXIS2_PLACEMENT_3D('',#11057,#11058,#11059);
#11061=CIRCLE('',#11060,0.00324999999999998);
#11062=EDGE_CURVE('',#11054,#11022,#11061,.T.);
#11063=ORIENTED_EDGE('',*,*,#11062,.T.);
#11064=ORIENTED_EDGE('',*,*,#11023,.T.);
#11065=EDGE_LOOP('',(#11048,#11056,#11063,#11064));
#11066=FACE_BOUND('',#11065,.T.);
#11067=ADVANCED_FACE('',(#11066),#11047,.F.);
#11068=COLOUR_RGB('',0.694117647058824,0.0980392156862745,0.0980392156862745);
#11069=FILL_AREA_STYLE_COLOUR('',#11068);
#11070=FILL_AREA_STYLE('',(#11069));
#11071=SURFACE_STYLE_FILL_AREA(#11070);
#11072=SURFACE_SIDE_STYLE('',(#11071));
#11073=SURFACE_STYLE_USAGE(.NEGATIVE.,#11072);
#11074=PRESENTATION_STYLE_ASSIGNMENT((#11073));
#11075=STYLED_ITEM('',(#11074),#11067);
#11076=CARTESIAN_POINT('',(-0.0162499999999999,0.000801,0.));
#11077=DIRECTION('',(1.,0.,0.));
#11078=DIRECTION('',(0.,0.,-1.));
#11079=AXIS2_PLACEMENT_3D('',#11076,#11077,#11078);
#11080=PLANE('',#11079);
#11081=ORIENTED_EDGE('',*,*,#4250,.F.);
#11082=CARTESIAN_POINT('',(-0.0162499999999999,0.000801,0.0386814010170211));
#11083=DIRECTION('',(0.,-1.,0.));
#11084=VECTOR('',#11083,1.);
#11085=LINE('',#11082,#11084);
#11086=CARTESIAN_POINT('',(-0.0162499999999999,0.000801,0.0386814010170211));
#11087=VERTEX_POINT('',#11086);
#11088=EDGE_CURVE('',#11087,#4241,#11085,.T.);
#11089=ORIENTED_EDGE('',*,*,#11088,.F.);
#11090=CARTESIAN_POINT('',(-0.0162499999999999,0.000801,0.));
#11091=DIRECTION('',(0.,0.,1.));
#11092=VECTOR('',#11091,1.);
#11093=LINE('',#11090,#11092);
#11094=EDGE_CURVE('',#11087,#11054,#11093,.T.);
#11095=ORIENTED_EDGE('',*,*,#11094,.T.);
#11096=ORIENTED_EDGE('',*,*,#11055,.T.);
#11097=EDGE_LOOP('',(#11081,#11089,#11095,#11096));
#11098=FACE_BOUND('',#11097,.T.);
#11099=ADVANCED_FACE('',(#11098),#11080,.T.);
#11100=COLOUR_RGB('',0.694117647058824,0.0980392156862745,0.0980392156862745);
#11101=FILL_AREA_STYLE_COLOUR('',#11100);
#11102=FILL_AREA_STYLE('',(#11101));
#11103=SURFACE_STYLE_FILL_AREA(#11102);
#11104=SURFACE_SIDE_STYLE('',(#11103));
#11105=SURFACE_STYLE_USAGE(.NEGATIVE.,#11104);
#11106=PRESENTATION_STYLE_ASSIGNMENT((#11105));
#11107=STYLED_ITEM('',(#11106),#11099);
#11108=CARTESIAN_POINT('',(-0.013,0.000801,0.0386814010170211));
#11109=DIRECTION('',(0.,-1.,0.));
#11110=DIRECTION('',(0.,0.,-1.));
#11111=AXIS2_PLACEMENT_3D('',#11108,#11109,#11110);
#11112=CYLINDRICAL_SURFACE('',#11111,0.00324999999999996);
#11113=ORIENTED_EDGE('',*,*,#4242,.F.);
#11114=CARTESIAN_POINT('',(-0.013,0.000801,0.0354314010170212));
#11115=DIRECTION('',(0.,-1.,0.));
#11116=VECTOR('',#11115,1.);
#11117=LINE('',#11114,#11116);
#11118=CARTESIAN_POINT('',(-0.013,0.000801,0.0354314010170212));
#11119=VERTEX_POINT('',#11118);
#11120=EDGE_CURVE('',#11119,#4232,#11117,.T.);
#11121=ORIENTED_EDGE('',*,*,#11120,.F.);
#11122=CARTESIAN_POINT('',(-0.013,0.000801,0.0386814010170211));
#11123=DIRECTION('',(0.,1.,0.));
#11124=DIRECTION('',(0.,0.,1.));
#11125=AXIS2_PLACEMENT_3D('',#11122,#11123,#11124);
#11126=CIRCLE('',#11125,0.00324999999999996);
#11127=EDGE_CURVE('',#11119,#11087,#11126,.T.);
#11128=ORIENTED_EDGE('',*,*,#11127,.T.);
#11129=ORIENTED_EDGE('',*,*,#11088,.T.);
#11130=EDGE_LOOP('',(#11113,#11121,#11128,#11129));
#11131=FACE_BOUND('',#11130,.T.);
#11132=ADVANCED_FACE('',(#11131),#11112,.F.);
#11133=COLOUR_RGB('',0.694117647058824,0.0980392156862745,0.0980392156862745);
#11134=FILL_AREA_STYLE_COLOUR('',#11133);
#11135=FILL_AREA_STYLE('',(#11134));
#11136=SURFACE_STYLE_FILL_AREA(#11135);
#11137=SURFACE_SIDE_STYLE('',(#11136));
#11138=SURFACE_STYLE_USAGE(.NEGATIVE.,#11137);
#11139=PRESENTATION_STYLE_ASSIGNMENT((#11138));
#11140=STYLED_ITEM('',(#11139),#11132);
#11141=CARTESIAN_POINT('',(9.45595125091926E-18,0.000801,0.0354314010170212));
#11142=DIRECTION('',(-2.66880534765663E-16,0.,-1.));
#11143=DIRECTION('',(-1.,0.,2.66880534765663E-16));
#11144=AXIS2_PLACEMENT_3D('',#11141,#11142,#11143);
#11145=PLANE('',#11144);
#11146=ORIENTED_EDGE('',*,*,#4233,.T.);
#11147=CARTESIAN_POINT('',(0.013,0.000801,0.0354314010170212));
#11148=DIRECTION('',(0.,-1.,0.));
#11149=VECTOR('',#11148,1.);
#11150=LINE('',#11147,#11149);
#11151=CARTESIAN_POINT('',(0.013,0.000801,0.0354314010170212));
#11152=VERTEX_POINT('',#11151);
#11153=EDGE_CURVE('',#11152,#4224,#11150,.T.);
#11154=ORIENTED_EDGE('',*,*,#11153,.F.);
#11155=CARTESIAN_POINT('',(9.45595125091926E-18,0.000801,0.0354314010170212));
#11156=DIRECTION('',(1.,0.,-2.66880534765663E-16));
#11157=VECTOR('',#11156,1.);
#11158=LINE('',#11155,#11157);
#11159=EDGE_CURVE('',#11119,#11152,#11158,.T.);
#11160=ORIENTED_EDGE('',*,*,#11159,.F.);
#11161=ORIENTED_EDGE('',*,*,#11120,.T.);
#11162=EDGE_LOOP('',(#11146,#11154,#11160,#11161));
#11163=FACE_BOUND('',#11162,.T.);
#11164=ADVANCED_FACE('',(#11163),#11145,.F.);
#11165=COLOUR_RGB('',0.694117647058824,0.0980392156862745,0.0980392156862745);
#11166=FILL_AREA_STYLE_COLOUR('',#11165);
#11167=FILL_AREA_STYLE('',(#11166));
#11168=SURFACE_STYLE_FILL_AREA(#11167);
#11169=SURFACE_SIDE_STYLE('',(#11168));
#11170=SURFACE_STYLE_USAGE(.NEGATIVE.,#11169);
#11171=PRESENTATION_STYLE_ASSIGNMENT((#11170));
#11172=STYLED_ITEM('',(#11171),#11164);
#11173=CARTESIAN_POINT('',(0.013,0.000801,0.0386814010170211));
#11174=DIRECTION('',(0.,-1.,0.));
#11175=DIRECTION('',(0.,0.,-1.));
#11176=AXIS2_PLACEMENT_3D('',#11173,#11174,#11175);
#11177=CYLINDRICAL_SURFACE('',#11176,0.00324999999999998);
#11178=ORIENTED_EDGE('',*,*,#4225,.F.);
#11179=CARTESIAN_POINT('',(0.01625,0.000801,0.0386814010170211));
#11180=DIRECTION('',(0.,-1.,0.));
#11181=VECTOR('',#11180,1.);
#11182=LINE('',#11179,#11181);
#11183=CARTESIAN_POINT('',(0.01625,0.000801,0.0386814010170211));
#11184=VERTEX_POINT('',#11183);
#11185=EDGE_CURVE('',#11184,#4215,#11182,.T.);
#11186=ORIENTED_EDGE('',*,*,#11185,.F.);
#11187=CARTESIAN_POINT('',(0.013,0.000801,0.0386814010170211));
#11188=DIRECTION('',(0.,1.,0.));
#11189=DIRECTION('',(0.,0.,1.));
#11190=AXIS2_PLACEMENT_3D('',#11187,#11188,#11189);
#11191=CIRCLE('',#11190,0.00324999999999998);
#11192=EDGE_CURVE('',#11184,#11152,#11191,.T.);
#11193=ORIENTED_EDGE('',*,*,#11192,.T.);
#11194=ORIENTED_EDGE('',*,*,#11153,.T.);
#11195=EDGE_LOOP('',(#11178,#11186,#11193,#11194));
#11196=FACE_BOUND('',#11195,.T.);
#11197=ADVANCED_FACE('',(#11196),#11177,.F.);
#11198=COLOUR_RGB('',0.694117647058824,0.0980392156862745,0.0980392156862745);
#11199=FILL_AREA_STYLE_COLOUR('',#11198);
#11200=FILL_AREA_STYLE('',(#11199));
#11201=SURFACE_STYLE_FILL_AREA(#11200);
#11202=SURFACE_SIDE_STYLE('',(#11201));
#11203=SURFACE_STYLE_USAGE(.NEGATIVE.,#11202);
#11204=PRESENTATION_STYLE_ASSIGNMENT((#11203));
#11205=STYLED_ITEM('',(#11204),#11197);
#11206=CARTESIAN_POINT('',(0.01625,0.000801,0.));
#11207=DIRECTION('',(-1.,0.,0.));
#11208=DIRECTION('',(0.,0.,1.));
#11209=AXIS2_PLACEMENT_3D('',#11206,#11207,#11208);
#11210=PLANE('',#11209);
#11211=ORIENTED_EDGE('',*,*,#4216,.F.);
#11212=ORIENTED_EDGE('',*,*,#10998,.F.);
#11213=CARTESIAN_POINT('',(0.01625,0.000801,0.));
#11214=DIRECTION('',(0.,0.,-1.));
#11215=VECTOR('',#11214,1.);
#11216=LINE('',#11213,#11215);
#11217=EDGE_CURVE('',#10991,#11184,#11216,.T.);
#11218=ORIENTED_EDGE('',*,*,#11217,.T.);
#11219=ORIENTED_EDGE('',*,*,#11185,.T.);
#11220=EDGE_LOOP('',(#11211,#11212,#11218,#11219));
#11221=FACE_BOUND('',#11220,.T.);
#11222=ADVANCED_FACE('',(#11221),#11210,.T.);
#11223=COLOUR_RGB('',0.694117647058824,0.0980392156862745,0.0980392156862745);
#11224=FILL_AREA_STYLE_COLOUR('',#11223);
#11225=FILL_AREA_STYLE('',(#11224));
#11226=SURFACE_STYLE_FILL_AREA(#11225);
#11227=SURFACE_SIDE_STYLE('',(#11226));
#11228=SURFACE_STYLE_USAGE(.NEGATIVE.,#11227);
#11229=PRESENTATION_STYLE_ASSIGNMENT((#11228));
#11230=STYLED_ITEM('',(#11229),#11222);
#11231=CARTESIAN_POINT('',(0.013,0.000801,0.0386814010170211));
#11232=DIRECTION('',(0.,-1.,0.));
#11233=DIRECTION('',(0.,0.,-1.));
#11234=AXIS2_PLACEMENT_3D('',#11231,#11232,#11233);
#11235=CYLINDRICAL_SURFACE('',#11234,0.00504999999999996);
#11236=ORIENTED_EDGE('',*,*,#1067,.T.);
#11237=ORIENTED_EDGE('',*,*,#10763,.F.);
#11238=CARTESIAN_POINT('',(0.013,0.000801,0.0386814010170211));
#11239=DIRECTION('',(0.,1.,0.));
#11240=DIRECTION('',(0.,0.,1.));
#11241=AXIS2_PLACEMENT_3D('',#11238,#11239,#11240);
#11242=CIRCLE('',#11241,0.00504999999999996);
#11243=EDGE_CURVE('',#10950,#10756,#11242,.T.);
#11244=ORIENTED_EDGE('',*,*,#11243,.F.);
#11245=ORIENTED_EDGE('',*,*,#10951,.T.);
#11246=EDGE_LOOP('',(#11236,#11237,#11244,#11245));
#11247=FACE_BOUND('',#11246,.T.);
#11248=ADVANCED_FACE('',(#11247),#11235,.T.);
#11249=COLOUR_RGB('',0.694117647058824,0.0980392156862745,0.0980392156862745);
#11250=FILL_AREA_STYLE_COLOUR('',#11249);
#11251=FILL_AREA_STYLE('',(#11250));
#11252=SURFACE_STYLE_FILL_AREA(#11251);
#11253=SURFACE_SIDE_STYLE('',(#11252));
#11254=SURFACE_STYLE_USAGE(.NEGATIVE.,#11253);
#11255=PRESENTATION_STYLE_ASSIGNMENT((#11254));
#11256=STYLED_ITEM('',(#11255),#11248);
#11257=CARTESIAN_POINT('',(0.,0.000801,0.));
#11258=DIRECTION('',(0.,1.,0.));
#11259=DIRECTION('',(0.,0.,1.));
#11260=AXIS2_PLACEMENT_3D('',#11257,#11258,#11259);
#11261=PLANE('',#11260);
#11262=ORIENTED_EDGE('',*,*,#10992,.F.);
#11263=ORIENTED_EDGE('',*,*,#11029,.F.);
#11264=ORIENTED_EDGE('',*,*,#11062,.F.);
#11265=ORIENTED_EDGE('',*,*,#11094,.F.);
#11266=ORIENTED_EDGE('',*,*,#11127,.F.);
#11267=ORIENTED_EDGE('',*,*,#11159,.T.);
#11268=ORIENTED_EDGE('',*,*,#11192,.F.);
#11269=ORIENTED_EDGE('',*,*,#11217,.F.);
#11270=EDGE_LOOP('',(#11262,#11263,#11264,#11265,#11266,#11267,#11268,#11269));
#11271=FACE_BOUND('',#11270,.T.);
#11272=ORIENTED_EDGE('',*,*,#10757,.F.);
#11273=ORIENTED_EDGE('',*,*,#10795,.T.);
#11274=ORIENTED_EDGE('',*,*,#10827,.T.);
#11275=ORIENTED_EDGE('',*,*,#10860,.T.);
#11276=ORIENTED_EDGE('',*,*,#10892,.T.);
#11277=ORIENTED_EDGE('',*,*,#10925,.T.);
#11278=ORIENTED_EDGE('',*,*,#10957,.T.);
#11279=ORIENTED_EDGE('',*,*,#11243,.T.);
#11280=EDGE_LOOP('',(#11272,#11273,#11274,#11275,#11276,#11277,#11278,#11279));
#11281=FACE_BOUND('',#11280,.T.);
#11282=ADVANCED_FACE('',(#11271,#11281),#11261,.T.);
#11283=COLOUR_RGB('',0.694117647058824,0.0980392156862745,0.0980392156862745);
#11284=FILL_AREA_STYLE_COLOUR('',#11283);
#11285=FILL_AREA_STYLE('',(#11284));
#11286=SURFACE_STYLE_FILL_AREA(#11285);
#11287=SURFACE_SIDE_STYLE('',(#11286));
#11288=SURFACE_STYLE_USAGE(.NEGATIVE.,#11287);
#11289=PRESENTATION_STYLE_ASSIGNMENT((#11288));
#11290=STYLED_ITEM('',(#11289),#11282);
#11291=CARTESIAN_POINT('',(0.,-0.000801,-0.0261629001424736));
#11292=DIRECTION('',(0.,0.,1.));
#11293=DIRECTION('',(1.,0.,0.));
#11294=AXIS2_PLACEMENT_3D('',#11291,#11292,#11293);
#11295=PLANE('',#11294);
#11296=ORIENTED_EDGE('',*,*,#3385,.F.);
#11297=CARTESIAN_POINT('',(-0.0852129942314911,-0.000801,-0.0261629001424736));
#11298=DIRECTION('',(0.,1.,0.));
#11299=VECTOR('',#11298,1.);
#11300=LINE('',#11297,#11299);
#11301=CARTESIAN_POINT('',(-0.0852129942314911,-0.000801,-0.0261629001424736));
#11302=VERTEX_POINT('',#11301);
#11303=EDGE_CURVE('',#11302,#3376,#11300,.T.);
#11304=ORIENTED_EDGE('',*,*,#11303,.F.);
#11305=CARTESIAN_POINT('',(0.,-0.000801,-0.0261629001424736));
#11306=DIRECTION('',(1.,0.,0.));
#11307=VECTOR('',#11306,1.);
#11308=LINE('',#11305,#11307);
#11309=CARTESIAN_POINT('',(-0.0643021174217683,-0.000801,-0.0261629001424736));
#11310=VERTEX_POINT('',#11309);
#11311=EDGE_CURVE('',#11302,#11310,#11308,.T.);
#11312=ORIENTED_EDGE('',*,*,#11311,.T.);
#11313=CARTESIAN_POINT('',(-0.0643021174217683,-0.000801,-0.0261629001424736));
#11314=DIRECTION('',(0.,1.,0.));
#11315=VECTOR('',#11314,1.);
#11316=LINE('',#11313,#11315);
#11317=EDGE_CURVE('',#11310,#3384,#11316,.T.);
#11318=ORIENTED_EDGE('',*,*,#11317,.T.);
#11319=EDGE_LOOP('',(#11296,#11304,#11312,#11318));
#11320=FACE_BOUND('',#11319,.T.);
#11321=ADVANCED_FACE('',(#11320),#11295,.T.);
#11322=COLOUR_RGB('',0.694117647058824,0.0980392156862745,0.0980392156862745);
#11323=FILL_AREA_STYLE_COLOUR('',#11322);
#11324=FILL_AREA_STYLE('',(#11323));
#11325=SURFACE_STYLE_FILL_AREA(#11324);
#11326=SURFACE_SIDE_STYLE('',(#11325));
#11327=SURFACE_STYLE_USAGE(.NEGATIVE.,#11326);
#11328=PRESENTATION_STYLE_ASSIGNMENT((#11327));
#11329=STYLED_ITEM('',(#11328),#11321);
#11330=CARTESIAN_POINT('',(-0.0556879471869824,-0.000801,-0.0556879471869823));
#11331=DIRECTION('',(0.707106781186548,0.,0.707106781186547));
#11332=DIRECTION('',(0.707106781186547,0.,-0.707106781186548));
#11333=AXIS2_PLACEMENT_3D('',#11330,#11331,#11332);
#11334=PLANE('',#11333);
#11335=ORIENTED_EDGE('',*,*,#3377,.F.);
#11336=CARTESIAN_POINT('',(-0.0891,-0.000801,-0.0222758943739647));
#11337=DIRECTION('',(0.,1.,0.));
#11338=VECTOR('',#11337,1.);
#11339=LINE('',#11336,#11338);
#11340=CARTESIAN_POINT('',(-0.0891,-0.000801,-0.0222758943739647));
#11341=VERTEX_POINT('',#11340);
#11342=EDGE_CURVE('',#11341,#3374,#11339,.T.);
#11343=ORIENTED_EDGE('',*,*,#11342,.F.);
#11344=CARTESIAN_POINT('',(-0.0556879471869824,-0.000801,-0.0556879471869823));
#11345=DIRECTION('',(0.707106781186547,0.,-0.707106781186548));
#11346=VECTOR('',#11345,1.);
#11347=LINE('',#11344,#11346);
#11348=EDGE_CURVE('',#11341,#11302,#11347,.T.);
#11349=ORIENTED_EDGE('',*,*,#11348,.T.);
#11350=ORIENTED_EDGE('',*,*,#11303,.T.);
#11351=EDGE_LOOP('',(#11335,#11343,#11349,#11350));
#11352=FACE_BOUND('',#11351,.T.);
#11353=ADVANCED_FACE('',(#11352),#11334,.T.);
#11354=COLOUR_RGB('',0.694117647058824,0.0980392156862745,0.0980392156862745);
#11355=FILL_AREA_STYLE_COLOUR('',#11354);
#11356=FILL_AREA_STYLE('',(#11355));
#11357=SURFACE_STYLE_FILL_AREA(#11356);
#11358=SURFACE_SIDE_STYLE('',(#11357));
#11359=SURFACE_STYLE_USAGE(.NEGATIVE.,#11358);
#11360=PRESENTATION_STYLE_ASSIGNMENT((#11359));
#11361=STYLED_ITEM('',(#11360),#11353);
#11362=CARTESIAN_POINT('',(-0.0891,-0.000801,0.));
#11363=DIRECTION('',(1.,0.,0.));
#11364=DIRECTION('',(0.,0.,-1.));
#11365=AXIS2_PLACEMENT_3D('',#11362,#11363,#11364);
#11366=PLANE('',#11365);
#11367=ORIENTED_EDGE('',*,*,#3565,.F.);
#11368=CARTESIAN_POINT('',(-0.0891,-0.000801,0.0231500940890175));
#11369=DIRECTION('',(0.,1.,0.));
#11370=VECTOR('',#11369,1.);
#11371=LINE('',#11368,#11370);
#11372=CARTESIAN_POINT('',(-0.0891,-0.000801,0.0231500940890175));
#11373=VERTEX_POINT('',#11372);
#11374=EDGE_CURVE('',#11373,#3558,#11371,.T.);
#11375=ORIENTED_EDGE('',*,*,#11374,.F.);
#11376=CARTESIAN_POINT('',(-0.0891,-0.000801,0.));
#11377=DIRECTION('',(0.,0.,-1.));
#11378=VECTOR('',#11377,1.);
#11379=LINE('',#11376,#11378);
#11380=EDGE_CURVE('',#11373,#11341,#11379,.T.);
#11381=ORIENTED_EDGE('',*,*,#11380,.T.);
#11382=ORIENTED_EDGE('',*,*,#11342,.T.);
#11383=EDGE_LOOP('',(#11367,#11375,#11381,#11382));
#11384=FACE_BOUND('',#11383,.T.);
#11385=ADVANCED_FACE('',(#11384),#11366,.T.);
#11386=COLOUR_RGB('',0.694117647058824,0.0980392156862745,0.0980392156862745);
#11387=FILL_AREA_STYLE_COLOUR('',#11386);
#11388=FILL_AREA_STYLE('',(#11387));
#11389=SURFACE_STYLE_FILL_AREA(#11388);
#11390=SURFACE_SIDE_STYLE('',(#11389));
#11391=SURFACE_STYLE_USAGE(.NEGATIVE.,#11390);
#11392=PRESENTATION_STYLE_ASSIGNMENT((#11391));
#11393=STYLED_ITEM('',(#11392),#11385);
#11394=CARTESIAN_POINT('',(-0.0561250470445088,-0.000801,0.0561250470445088));
#11395=DIRECTION('',(0.707106781186548,0.,-0.707106781186547));
#11396=DIRECTION('',(-0.707106781186547,0.,-0.707106781186548));
#11397=AXIS2_PLACEMENT_3D('',#11394,#11395,#11396);
#11398=PLANE('',#11397);
#11399=ORIENTED_EDGE('',*,*,#3559,.F.);
#11400=CARTESIAN_POINT('',(-0.0852129942314911,-0.000801,0.0270370998575264));
#11401=DIRECTION('',(0.,1.,0.));
#11402=VECTOR('',#11401,1.);
#11403=LINE('',#11400,#11402);
#11404=CARTESIAN_POINT('',(-0.0852129942314911,-0.000801,0.0270370998575264));
#11405=VERTEX_POINT('',#11404);
#11406=EDGE_CURVE('',#11405,#3550,#11403,.T.);
#11407=ORIENTED_EDGE('',*,*,#11406,.F.);
#11408=CARTESIAN_POINT('',(-0.0561250470445088,-0.000801,0.0561250470445088));
#11409=DIRECTION('',(-0.707106781186547,0.,-0.707106781186548));
#11410=VECTOR('',#11409,1.);
#11411=LINE('',#11408,#11410);
#11412=EDGE_CURVE('',#11405,#11373,#11411,.T.);
#11413=ORIENTED_EDGE('',*,*,#11412,.T.);
#11414=ORIENTED_EDGE('',*,*,#11374,.T.);
#11415=EDGE_LOOP('',(#11399,#11407,#11413,#11414));
#11416=FACE_BOUND('',#11415,.T.);
#11417=ADVANCED_FACE('',(#11416),#11398,.T.);
#11418=COLOUR_RGB('',0.694117647058824,0.0980392156862745,0.0980392156862745);
#11419=FILL_AREA_STYLE_COLOUR('',#11418);
#11420=FILL_AREA_STYLE('',(#11419));
#11421=SURFACE_STYLE_FILL_AREA(#11420);
#11422=SURFACE_SIDE_STYLE('',(#11421));
#11423=SURFACE_STYLE_USAGE(.NEGATIVE.,#11422);
#11424=PRESENTATION_STYLE_ASSIGNMENT((#11423));
#11425=STYLED_ITEM('',(#11424),#11417);
#11426=CARTESIAN_POINT('',(4.32016803810106E-18,-0.000801,0.0270370998575264));
#11427=DIRECTION('',(1.59786665761729E-16,0.,1.));
#11428=DIRECTION('',(1.,0.,-1.59786665761729E-16));
#11429=AXIS2_PLACEMENT_3D('',#11426,#11427,#11428);
#11430=PLANE('',#11429);
#11431=ORIENTED_EDGE('',*,*,#3551,.T.);
#11432=CARTESIAN_POINT('',(-0.0635,-0.000801,0.0270370998575264));
#11433=DIRECTION('',(0.,1.,0.));
#11434=VECTOR('',#11433,1.);
#11435=LINE('',#11432,#11434);
#11436=CARTESIAN_POINT('',(-0.0635,-0.000801,0.0270370998575264));
#11437=VERTEX_POINT('',#11436);
#11438=EDGE_CURVE('',#11437,#3542,#11435,.T.);
#11439=ORIENTED_EDGE('',*,*,#11438,.F.);
#11440=CARTESIAN_POINT('',(4.32016803810106E-18,-0.000801,0.0270370998575264));
#11441=DIRECTION('',(1.,0.,-1.59786665761729E-16));
#11442=VECTOR('',#11441,1.);
#11443=LINE('',#11440,#11442);
#11444=EDGE_CURVE('',#11405,#11437,#11443,.T.);
#11445=ORIENTED_EDGE('',*,*,#11444,.F.);
#11446=ORIENTED_EDGE('',*,*,#11406,.T.);
#11447=EDGE_LOOP('',(#11431,#11439,#11445,#11446));
#11448=FACE_BOUND('',#11447,.T.);
#11449=ADVANCED_FACE('',(#11448),#11430,.F.);
#11450=COLOUR_RGB('',0.694117647058824,0.0980392156862745,0.0980392156862745);
#11451=FILL_AREA_STYLE_COLOUR('',#11450);
#11452=FILL_AREA_STYLE('',(#11451));
#11453=SURFACE_STYLE_FILL_AREA(#11452);
#11454=SURFACE_SIDE_STYLE('',(#11453));
#11455=SURFACE_STYLE_USAGE(.NEGATIVE.,#11454);
#11456=PRESENTATION_STYLE_ASSIGNMENT((#11455));
#11457=STYLED_ITEM('',(#11456),#11449);
#11458=CARTESIAN_POINT('',(-0.0635,-0.000801,0.0402480484547512));
#11459=DIRECTION('',(0.,1.,0.));
#11460=DIRECTION('',(0.,0.,1.));
#11461=AXIS2_PLACEMENT_3D('',#11458,#11459,#11460);
#11462=CYLINDRICAL_SURFACE('',#11461,0.0132109485972248);
#11463=ORIENTED_EDGE('',*,*,#3543,.F.);
#11464=CARTESIAN_POINT('',(-0.0541584486609954,-0.000801,0.0309064971157467));
#11465=DIRECTION('',(0.,1.,0.));
#11466=VECTOR('',#11465,1.);
#11467=LINE('',#11464,#11466);
#11468=CARTESIAN_POINT('',(-0.0541584486609954,-0.000801,0.0309064971157467));
#11469=VERTEX_POINT('',#11468);
#11470=EDGE_CURVE('',#11469,#3533,#11467,.T.);
#11471=ORIENTED_EDGE('',*,*,#11470,.F.);
#11472=CARTESIAN_POINT('',(-0.0635,-0.000801,0.0402480484547512));
#11473=DIRECTION('',(0.,1.,0.));
#11474=DIRECTION('',(0.,0.,1.));
#11475=AXIS2_PLACEMENT_3D('',#11472,#11473,#11474);
#11476=CIRCLE('',#11475,0.0132109485972248);
#11477=EDGE_CURVE('',#11469,#11437,#11476,.T.);
#11478=ORIENTED_EDGE('',*,*,#11477,.T.);
#11479=ORIENTED_EDGE('',*,*,#11438,.T.);
#11480=EDGE_LOOP('',(#11463,#11471,#11478,#11479));
#11481=FACE_BOUND('',#11480,.T.);
#11482=ADVANCED_FACE('',(#11481),#11462,.T.);
#11483=COLOUR_RGB('',0.694117647058824,0.0980392156862745,0.0980392156862745);
#11484=FILL_AREA_STYLE_COLOUR('',#11483);
#11485=FILL_AREA_STYLE('',(#11484));
#11486=SURFACE_STYLE_FILL_AREA(#11485);
#11487=SURFACE_SIDE_STYLE('',(#11486));
#11488=SURFACE_STYLE_USAGE(.NEGATIVE.,#11487);
#11489=PRESENTATION_STYLE_ASSIGNMENT((#11488));
#11490=STYLED_ITEM('',(#11489),#11482);
#11491=CARTESIAN_POINT('',(-0.0425324728883711,-0.000801,0.0425324728883711));
#11492=DIRECTION('',(0.707106781186548,0.,-0.707106781186548));
#11493=DIRECTION('',(-0.707106781186548,0.,-0.707106781186548));
#11494=AXIS2_PLACEMENT_3D('',#11491,#11492,#11493);
#11495=PLANE('',#11494);
#11496=ORIENTED_EDGE('',*,*,#3534,.F.);
#11497=CARTESIAN_POINT('',(-0.0311332279552794,-0.000801,0.0539317178214627));
#11498=DIRECTION('',(0.,1.,0.));
#11499=VECTOR('',#11498,1.);
#11500=LINE('',#11497,#11499);
#11501=CARTESIAN_POINT('',(-0.0311332279552794,-0.000801,0.0539317178214627));
#11502=VERTEX_POINT('',#11501);
#11503=EDGE_CURVE('',#11502,#3525,#11500,.T.);
#11504=ORIENTED_EDGE('',*,*,#11503,.F.);
#11505=CARTESIAN_POINT('',(-0.0425324728883711,-0.000801,0.0425324728883711));
#11506=DIRECTION('',(-0.707106781186548,0.,-0.707106781186548));
#11507=VECTOR('',#11506,1.);
#11508=LINE('',#11505,#11507);
#11509=EDGE_CURVE('',#11502,#11469,#11508,.T.);
#11510=ORIENTED_EDGE('',*,*,#11509,.T.);
#11511=ORIENTED_EDGE('',*,*,#11470,.T.);
#11512=EDGE_LOOP('',(#11496,#11504,#11510,#11511));
#11513=FACE_BOUND('',#11512,.T.);
#11514=ADVANCED_FACE('',(#11513),#11495,.T.);
#11515=COLOUR_RGB('',0.694117647058824,0.0980392156862745,0.0980392156862745);
#11516=FILL_AREA_STYLE_COLOUR('',#11515);
#11517=FILL_AREA_STYLE('',(#11516));
#11518=SURFACE_STYLE_FILL_AREA(#11517);
#11519=SURFACE_SIDE_STYLE('',(#11518));
#11520=SURFACE_STYLE_USAGE(.NEGATIVE.,#11519);
#11521=PRESENTATION_STYLE_ASSIGNMENT((#11520));
#11522=STYLED_ITEM('',(#11521),#11514);
#11523=CARTESIAN_POINT('',(-0.0270727750166819,-0.000801,0.0558982849352794));
#11524=DIRECTION('',(0.435889894354085,0.,-0.899999999999991));
#11525=DIRECTION('',(-0.899999999999992,0.,-0.435889894354085));
#11526=AXIS2_PLACEMENT_3D('',#11523,#11524,#11525);
#11527=PLANE('',#11526);
#11528=ORIENTED_EDGE('',*,*,#3526,.F.);
#11529=CARTESIAN_POINT('',(-0.0273141101056459,-0.000801,0.0557814010170211));
#11530=DIRECTION('',(0.,1.,0.));
#11531=VECTOR('',#11530,1.);
#11532=LINE('',#11529,#11531);
#11533=CARTESIAN_POINT('',(-0.0273141101056459,-0.000801,0.0557814010170211));
#11534=VERTEX_POINT('',#11533);
#11535=EDGE_CURVE('',#11534,#3517,#11532,.T.);
#11536=ORIENTED_EDGE('',*,*,#11535,.F.);
#11537=CARTESIAN_POINT('',(-0.0270727750166819,-0.000801,0.0558982849352794));
#11538=DIRECTION('',(-0.899999999999991,0.,-0.435889894354085));
#11539=VECTOR('',#11538,1.);
#11540=LINE('',#11537,#11539);
#11541=EDGE_CURVE('',#11534,#11502,#11540,.T.);
#11542=ORIENTED_EDGE('',*,*,#11541,.T.);
#11543=ORIENTED_EDGE('',*,*,#11503,.T.);
#11544=EDGE_LOOP('',(#11528,#11536,#11542,#11543));
#11545=FACE_BOUND('',#11544,.T.);
#11546=ADVANCED_FACE('',(#11545),#11527,.T.);
#11547=COLOUR_RGB('',0.694117647058824,0.0980392156862745,0.0980392156862745);
#11548=FILL_AREA_STYLE_COLOUR('',#11547);
#11549=FILL_AREA_STYLE('',(#11548));
#11550=SURFACE_STYLE_FILL_AREA(#11549);
#11551=SURFACE_SIDE_STYLE('',(#11550));
#11552=SURFACE_STYLE_USAGE(.NEGATIVE.,#11551);
#11553=PRESENTATION_STYLE_ASSIGNMENT((#11552));
#11554=STYLED_ITEM('',(#11553),#11546);
#11555=CARTESIAN_POINT('',(0.,-0.000801,0.0557814010170211));
#11556=DIRECTION('',(0.,0.,1.));
#11557=DIRECTION('',(1.,0.,0.));
#11558=AXIS2_PLACEMENT_3D('',#11555,#11556,#11557);
#11559=PLANE('',#11558);
#11560=ORIENTED_EDGE('',*,*,#3518,.T.);
#11561=CARTESIAN_POINT('',(0.0273141101056459,-0.000801,0.0557814010170211));
#11562=DIRECTION('',(0.,1.,0.));
#11563=VECTOR('',#11562,1.);
#11564=LINE('',#11561,#11563);
#11565=CARTESIAN_POINT('',(0.0273141101056459,-0.000801,0.0557814010170211));
#11566=VERTEX_POINT('',#11565);
#11567=EDGE_CURVE('',#11566,#3509,#11564,.T.);
#11568=ORIENTED_EDGE('',*,*,#11567,.F.);
#11569=CARTESIAN_POINT('',(0.,-0.000801,0.0557814010170211));
#11570=DIRECTION('',(1.,0.,0.));
#11571=VECTOR('',#11570,1.);
#11572=LINE('',#11569,#11571);
#11573=EDGE_CURVE('',#11534,#11566,#11572,.T.);
#11574=ORIENTED_EDGE('',*,*,#11573,.F.);
#11575=ORIENTED_EDGE('',*,*,#11535,.T.);
#11576=EDGE_LOOP('',(#11560,#11568,#11574,#11575));
#11577=FACE_BOUND('',#11576,.T.);
#11578=ADVANCED_FACE('',(#11577),#11559,.F.);
#11579=COLOUR_RGB('',0.694117647058824,0.0980392156862745,0.0980392156862745);
#11580=FILL_AREA_STYLE_COLOUR('',#11579);
#11581=FILL_AREA_STYLE('',(#11580));
#11582=SURFACE_STYLE_FILL_AREA(#11581);
#11583=SURFACE_SIDE_STYLE('',(#11582));
#11584=SURFACE_STYLE_USAGE(.NEGATIVE.,#11583);
#11585=PRESENTATION_STYLE_ASSIGNMENT((#11584));
#11586=STYLED_ITEM('',(#11585),#11578);
#11587=CARTESIAN_POINT('',(0.0270727750166811,-0.000801,0.0558982849352798));
#11588=DIRECTION('',(0.435889894354072,0.,0.899999999999998));
#11589=DIRECTION('',(0.899999999999998,0.,-0.435889894354072));
#11590=AXIS2_PLACEMENT_3D('',#11587,#11588,#11589);
#11591=PLANE('',#11590);
#11592=ORIENTED_EDGE('',*,*,#3510,.T.);
#11593=CARTESIAN_POINT('',(0.0311332279552788,-0.000801,0.0539317178214631));
#11594=DIRECTION('',(0.,1.,0.));
#11595=VECTOR('',#11594,1.);
#11596=LINE('',#11593,#11595);
#11597=CARTESIAN_POINT('',(0.0311332279552788,-0.000801,0.0539317178214631));
#11598=VERTEX_POINT('',#11597);
#11599=EDGE_CURVE('',#11598,#3501,#11596,.T.);
#11600=ORIENTED_EDGE('',*,*,#11599,.F.);
#11601=CARTESIAN_POINT('',(0.0270727750166811,-0.000801,0.0558982849352798));
#11602=DIRECTION('',(0.899999999999998,0.,-0.435889894354072));
#11603=VECTOR('',#11602,1.);
#11604=LINE('',#11601,#11603);
#11605=EDGE_CURVE('',#11566,#11598,#11604,.T.);
#11606=ORIENTED_EDGE('',*,*,#11605,.F.);
#11607=ORIENTED_EDGE('',*,*,#11567,.T.);
#11608=EDGE_LOOP('',(#11592,#11600,#11606,#11607));
#11609=FACE_BOUND('',#11608,.T.);
#11610=ADVANCED_FACE('',(#11609),#11591,.F.);
#11611=COLOUR_RGB('',0.694117647058824,0.0980392156862745,0.0980392156862745);
#11612=FILL_AREA_STYLE_COLOUR('',#11611);
#11613=FILL_AREA_STYLE('',(#11612));
#11614=SURFACE_STYLE_FILL_AREA(#11613);
#11615=SURFACE_SIDE_STYLE('',(#11614));
#11616=SURFACE_STYLE_USAGE(.NEGATIVE.,#11615);
#11617=PRESENTATION_STYLE_ASSIGNMENT((#11616));
#11618=STYLED_ITEM('',(#11617),#11610);
#11619=CARTESIAN_POINT('',(0.0425324728883707,-0.000801,0.0425324728883713));
#11620=DIRECTION('',(0.707106781186542,0.,0.707106781186553));
#11621=DIRECTION('',(0.707106781186553,0.,-0.707106781186542));
#11622=AXIS2_PLACEMENT_3D('',#11619,#11620,#11621);
#11623=PLANE('',#11622);
#11624=ORIENTED_EDGE('',*,*,#3502,.T.);
#11625=CARTESIAN_POINT('',(0.0541584486609943,-0.000801,0.0309064971157479));
#11626=DIRECTION('',(0.,1.,0.));
#11627=VECTOR('',#11626,1.);
#11628=LINE('',#11625,#11627);
#11629=CARTESIAN_POINT('',(0.0541584486609943,-0.000801,0.0309064971157479));
#11630=VERTEX_POINT('',#11629);
#11631=EDGE_CURVE('',#11630,#3493,#11628,.T.);
#11632=ORIENTED_EDGE('',*,*,#11631,.F.);
#11633=CARTESIAN_POINT('',(0.0425324728883707,-0.000801,0.0425324728883713));
#11634=DIRECTION('',(0.707106781186553,0.,-0.707106781186542));
#11635=VECTOR('',#11634,1.);
#11636=LINE('',#11633,#11635);
#11637=EDGE_CURVE('',#11598,#11630,#11636,.T.);
#11638=ORIENTED_EDGE('',*,*,#11637,.F.);
#11639=ORIENTED_EDGE('',*,*,#11599,.T.);
#11640=EDGE_LOOP('',(#11624,#11632,#11638,#11639));
#11641=FACE_BOUND('',#11640,.T.);
#11642=ADVANCED_FACE('',(#11641),#11623,.F.);
#11643=COLOUR_RGB('',0.694117647058824,0.0980392156862745,0.0980392156862745);
#11644=FILL_AREA_STYLE_COLOUR('',#11643);
#11645=FILL_AREA_STYLE('',(#11644));
#11646=SURFACE_STYLE_FILL_AREA(#11645);
#11647=SURFACE_SIDE_STYLE('',(#11646));
#11648=SURFACE_STYLE_USAGE(.NEGATIVE.,#11647);
#11649=PRESENTATION_STYLE_ASSIGNMENT((#11648));
#11650=STYLED_ITEM('',(#11649),#11642);
#11651=CARTESIAN_POINT('',(0.0635000000000013,-0.000801,0.0402480484547549));
#11652=DIRECTION('',(0.,1.,0.));
#11653=DIRECTION('',(0.,0.,1.));
#11654=AXIS2_PLACEMENT_3D('',#11651,#11652,#11653);
#11655=CYLINDRICAL_SURFACE('',#11654,0.0132109485972282);
#11656=ORIENTED_EDGE('',*,*,#3494,.F.);
#11657=CARTESIAN_POINT('',(0.0635000000000013,-0.000801,0.0270370998575267));
#11658=DIRECTION('',(0.,1.,0.));
#11659=VECTOR('',#11658,1.);
#11660=LINE('',#11657,#11659);
#11661=CARTESIAN_POINT('',(0.0635000000000013,-0.000801,0.0270370998575267));
#11662=VERTEX_POINT('',#11661);
#11663=EDGE_CURVE('',#11662,#3484,#11660,.T.);
#11664=ORIENTED_EDGE('',*,*,#11663,.F.);
#11665=CARTESIAN_POINT('',(0.0635000000000013,-0.000801,0.0402480484547549));
#11666=DIRECTION('',(0.,1.,0.));
#11667=DIRECTION('',(0.,0.,1.));
#11668=AXIS2_PLACEMENT_3D('',#11665,#11666,#11667);
#11669=CIRCLE('',#11668,0.0132109485972282);
#11670=EDGE_CURVE('',#11662,#11630,#11669,.T.);
#11671=ORIENTED_EDGE('',*,*,#11670,.T.);
#11672=ORIENTED_EDGE('',*,*,#11631,.T.);
#11673=EDGE_LOOP('',(#11656,#11664,#11671,#11672));
#11674=FACE_BOUND('',#11673,.T.);
#11675=ADVANCED_FACE('',(#11674),#11655,.T.);
#11676=COLOUR_RGB('',0.694117647058824,0.0980392156862745,0.0980392156862745);
#11677=FILL_AREA_STYLE_COLOUR('',#11676);
#11678=FILL_AREA_STYLE('',(#11677));
#11679=SURFACE_STYLE_FILL_AREA(#11678);
#11680=SURFACE_SIDE_STYLE('',(#11679));
#11681=SURFACE_STYLE_USAGE(.NEGATIVE.,#11680);
#11682=PRESENTATION_STYLE_ASSIGNMENT((#11681));
#11683=STYLED_ITEM('',(#11682),#11675);
#11684=CARTESIAN_POINT('',(0.,-0.000801,0.0270370998575267));
#11685=DIRECTION('',(0.,0.,1.));
#11686=DIRECTION('',(1.,0.,0.));
#11687=AXIS2_PLACEMENT_3D('',#11684,#11685,#11686);
#11688=PLANE('',#11687);
#11689=ORIENTED_EDGE('',*,*,#3485,.T.);
#11690=CARTESIAN_POINT('',(0.0852129942314921,-0.000801,0.0270370998575267));
#11691=DIRECTION('',(0.,1.,0.));
#11692=VECTOR('',#11691,1.);
#11693=LINE('',#11690,#11692);
#11694=CARTESIAN_POINT('',(0.0852129942314921,-0.000801,0.0270370998575267));
#11695=VERTEX_POINT('',#11694);
#11696=EDGE_CURVE('',#11695,#3476,#11693,.T.);
#11697=ORIENTED_EDGE('',*,*,#11696,.F.);
#11698=CARTESIAN_POINT('',(0.,-0.000801,0.0270370998575267));
#11699=DIRECTION('',(1.,0.,0.));
#11700=VECTOR('',#11699,1.);
#11701=LINE('',#11698,#11700);
#11702=EDGE_CURVE('',#11662,#11695,#11701,.T.);
#11703=ORIENTED_EDGE('',*,*,#11702,.F.);
#11704=ORIENTED_EDGE('',*,*,#11663,.T.);
#11705=EDGE_LOOP('',(#11689,#11697,#11703,#11704));
#11706=FACE_BOUND('',#11705,.T.);
#11707=ADVANCED_FACE('',(#11706),#11688,.F.);
#11708=COLOUR_RGB('',0.694117647058824,0.0980392156862745,0.0980392156862745);
#11709=FILL_AREA_STYLE_COLOUR('',#11708);
#11710=FILL_AREA_STYLE('',(#11709));
#11711=SURFACE_STYLE_FILL_AREA(#11710);
#11712=SURFACE_SIDE_STYLE('',(#11711));
#11713=SURFACE_STYLE_USAGE(.NEGATIVE.,#11712);
#11714=PRESENTATION_STYLE_ASSIGNMENT((#11713));
#11715=STYLED_ITEM('',(#11714),#11707);
#11716=CARTESIAN_POINT('',(0.0561250470445094,-0.000801,0.0561250470445094));
#11717=DIRECTION('',(0.707106781186548,0.,0.707106781186547));
#11718=DIRECTION('',(0.707106781186547,0.,-0.707106781186548));
#11719=AXIS2_PLACEMENT_3D('',#11716,#11717,#11718);
#11720=PLANE('',#11719);
#11721=ORIENTED_EDGE('',*,*,#3477,.T.);
#11722=CARTESIAN_POINT('',(0.0890999999999998,-0.000801,0.023150094089019));
#11723=DIRECTION('',(0.,1.,0.));
#11724=VECTOR('',#11723,1.);
#11725=LINE('',#11722,#11724);
#11726=CARTESIAN_POINT('',(0.0890999999999998,-0.000801,0.023150094089019));
#11727=VERTEX_POINT('',#11726);
#11728=EDGE_CURVE('',#11727,#3468,#11725,.T.);
#11729=ORIENTED_EDGE('',*,*,#11728,.F.);
#11730=CARTESIAN_POINT('',(0.0561250470445094,-0.000801,0.0561250470445094));
#11731=DIRECTION('',(0.707106781186547,0.,-0.707106781186548));
#11732=VECTOR('',#11731,1.);
#11733=LINE('',#11730,#11732);
#11734=EDGE_CURVE('',#11695,#11727,#11733,.T.);
#11735=ORIENTED_EDGE('',*,*,#11734,.F.);
#11736=ORIENTED_EDGE('',*,*,#11696,.T.);
#11737=EDGE_LOOP('',(#11721,#11729,#11735,#11736));
#11738=FACE_BOUND('',#11737,.T.);
#11739=ADVANCED_FACE('',(#11738),#11720,.F.);
#11740=COLOUR_RGB('',0.694117647058824,0.0980392156862745,0.0980392156862745);
#11741=FILL_AREA_STYLE_COLOUR('',#11740);
#11742=FILL_AREA_STYLE('',(#11741));
#11743=SURFACE_STYLE_FILL_AREA(#11742);
#11744=SURFACE_SIDE_STYLE('',(#11743));
#11745=SURFACE_STYLE_USAGE(.NEGATIVE.,#11744);
#11746=PRESENTATION_STYLE_ASSIGNMENT((#11745));
#11747=STYLED_ITEM('',(#11746),#11739);
#11748=CARTESIAN_POINT('',(0.0890999999999998,-0.000801,0.));
#11749=DIRECTION('',(-1.,0.,0.));
#11750=DIRECTION('',(0.,0.,1.));
#11751=AXIS2_PLACEMENT_3D('',#11748,#11749,#11750);
#11752=PLANE('',#11751);
#11753=ORIENTED_EDGE('',*,*,#3469,.F.);
#11754=CARTESIAN_POINT('',(0.0890999999999998,-0.000801,-0.0222758943739647));
#11755=DIRECTION('',(0.,1.,0.));
#11756=VECTOR('',#11755,1.);
#11757=LINE('',#11754,#11756);
#11758=CARTESIAN_POINT('',(0.0890999999999998,-0.000801,-0.0222758943739647));
#11759=VERTEX_POINT('',#11758);
#11760=EDGE_CURVE('',#11759,#3460,#11757,.T.);
#11761=ORIENTED_EDGE('',*,*,#11760,.F.);
#11762=CARTESIAN_POINT('',(0.0890999999999998,-0.000801,0.));
#11763=DIRECTION('',(0.,0.,1.));
#11764=VECTOR('',#11763,1.);
#11765=LINE('',#11762,#11764);
#11766=EDGE_CURVE('',#11759,#11727,#11765,.T.);
#11767=ORIENTED_EDGE('',*,*,#11766,.T.);
#11768=ORIENTED_EDGE('',*,*,#11728,.T.);
#11769=EDGE_LOOP('',(#11753,#11761,#11767,#11768));
#11770=FACE_BOUND('',#11769,.T.);
#11771=ADVANCED_FACE('',(#11770),#11752,.T.);
#11772=COLOUR_RGB('',0.694117647058824,0.0980392156862745,0.0980392156862745);
#11773=FILL_AREA_STYLE_COLOUR('',#11772);
#11774=FILL_AREA_STYLE('',(#11773));
#11775=SURFACE_STYLE_FILL_AREA(#11774);
#11776=SURFACE_SIDE_STYLE('',(#11775));
#11777=SURFACE_STYLE_USAGE(.NEGATIVE.,#11776);
#11778=PRESENTATION_STYLE_ASSIGNMENT((#11777));
#11779=STYLED_ITEM('',(#11778),#11771);
#11780=CARTESIAN_POINT('',(0.0556879471869824,-0.000801,-0.0556879471869822));
#11781=DIRECTION('',(-0.707106781186548,0.,0.707106781186547));
#11782=DIRECTION('',(0.707106781186547,0.,0.707106781186548));
#11783=AXIS2_PLACEMENT_3D('',#11780,#11781,#11782);
#11784=PLANE('',#11783);
#11785=ORIENTED_EDGE('',*,*,#3461,.F.);
#11786=CARTESIAN_POINT('',(0.0852129942314911,-0.000801,-0.0261629001424734));
#11787=DIRECTION('',(0.,1.,0.));
#11788=VECTOR('',#11787,1.);
#11789=LINE('',#11786,#11788);
#11790=CARTESIAN_POINT('',(0.0852129942314911,-0.000801,-0.0261629001424734));
#11791=VERTEX_POINT('',#11790);
#11792=EDGE_CURVE('',#11791,#3452,#11789,.T.);
#11793=ORIENTED_EDGE('',*,*,#11792,.F.);
#11794=CARTESIAN_POINT('',(0.0556879471869824,-0.000801,-0.0556879471869822));
#11795=DIRECTION('',(0.707106781186547,0.,0.707106781186548));
#11796=VECTOR('',#11795,1.);
#11797=LINE('',#11794,#11796);
#11798=EDGE_CURVE('',#11791,#11759,#11797,.T.);
#11799=ORIENTED_EDGE('',*,*,#11798,.T.);
#11800=ORIENTED_EDGE('',*,*,#11760,.T.);
#11801=EDGE_LOOP('',(#11785,#11793,#11799,#11800));
#11802=FACE_BOUND('',#11801,.T.);
#11803=ADVANCED_FACE('',(#11802),#11784,.T.);
#11804=COLOUR_RGB('',0.694117647058824,0.0980392156862745,0.0980392156862745);
#11805=FILL_AREA_STYLE_COLOUR('',#11804);
#11806=FILL_AREA_STYLE('',(#11805));
#11807=SURFACE_STYLE_FILL_AREA(#11806);
#11808=SURFACE_SIDE_STYLE('',(#11807));
#11809=SURFACE_STYLE_USAGE(.NEGATIVE.,#11808);
#11810=PRESENTATION_STYLE_ASSIGNMENT((#11809));
#11811=STYLED_ITEM('',(#11810),#11803);
#11812=CARTESIAN_POINT('',(0.,-0.000801,-0.0261629001424734));
#11813=DIRECTION('',(0.,0.,1.));
#11814=DIRECTION('',(1.,0.,0.));
#11815=AXIS2_PLACEMENT_3D('',#11812,#11813,#11814);
#11816=PLANE('',#11815);
#11817=ORIENTED_EDGE('',*,*,#3453,.F.);
#11818=CARTESIAN_POINT('',(0.064302117421768,-0.000801,-0.0261629001424734));
#11819=DIRECTION('',(0.,1.,0.));
#11820=VECTOR('',#11819,1.);
#11821=LINE('',#11818,#11820);
#11822=CARTESIAN_POINT('',(0.064302117421768,-0.000801,-0.0261629001424734));
#11823=VERTEX_POINT('',#11822);
#11824=EDGE_CURVE('',#11823,#3444,#11821,.T.);
#11825=ORIENTED_EDGE('',*,*,#11824,.F.);
#11826=CARTESIAN_POINT('',(0.,-0.000801,-0.0261629001424734));
#11827=DIRECTION('',(1.,0.,0.));
#11828=VECTOR('',#11827,1.);
#11829=LINE('',#11826,#11828);
#11830=EDGE_CURVE('',#11823,#11791,#11829,.T.);
#11831=ORIENTED_EDGE('',*,*,#11830,.T.);
#11832=ORIENTED_EDGE('',*,*,#11792,.T.);
#11833=EDGE_LOOP('',(#11817,#11825,#11831,#11832));
#11834=FACE_BOUND('',#11833,.T.);
#11835=ADVANCED_FACE('',(#11834),#11816,.T.);
#11836=COLOUR_RGB('',0.694117647058824,0.0980392156862745,0.0980392156862745);
#11837=FILL_AREA_STYLE_COLOUR('',#11836);
#11838=FILL_AREA_STYLE('',(#11837));
#11839=SURFACE_STYLE_FILL_AREA(#11838);
#11840=SURFACE_SIDE_STYLE('',(#11839));
#11841=SURFACE_STYLE_USAGE(.NEGATIVE.,#11840);
#11842=PRESENTATION_STYLE_ASSIGNMENT((#11841));
#11843=STYLED_ITEM('',(#11842),#11835);
#11844=CARTESIAN_POINT('',(0.064302117421768,-0.000801,-0.0391998266896455));
#11845=DIRECTION('',(0.,1.,0.));
#11846=DIRECTION('',(0.,0.,1.));
#11847=AXIS2_PLACEMENT_3D('',#11844,#11845,#11846);
#11848=CYLINDRICAL_SURFACE('',#11847,0.0130369265471721);
#11849=ORIENTED_EDGE('',*,*,#3445,.F.);
#11850=CARTESIAN_POINT('',(0.0550836182544317,-0.000801,-0.0299813275223092));
#11851=DIRECTION('',(0.,1.,0.));
#11852=VECTOR('',#11851,1.);
#11853=LINE('',#11850,#11852);
#11854=CARTESIAN_POINT('',(0.0550836182544317,-0.000801,-0.0299813275223092));
#11855=VERTEX_POINT('',#11854);
#11856=EDGE_CURVE('',#11855,#3435,#11853,.T.);
#11857=ORIENTED_EDGE('',*,*,#11856,.F.);
#11858=CARTESIAN_POINT('',(0.064302117421768,-0.000801,-0.0391998266896455));
#11859=DIRECTION('',(0.,1.,0.));
#11860=DIRECTION('',(0.,0.,1.));
#11861=AXIS2_PLACEMENT_3D('',#11858,#11859,#11860);
#11862=CIRCLE('',#11861,0.0130369265471721);
#11863=EDGE_CURVE('',#11855,#11823,#11862,.T.);
#11864=ORIENTED_EDGE('',*,*,#11863,.T.);
#11865=ORIENTED_EDGE('',*,*,#11824,.T.);
#11866=EDGE_LOOP('',(#11849,#11857,#11864,#11865));
#11867=FACE_BOUND('',#11866,.T.);
#11868=ADVANCED_FACE('',(#11867),#11848,.T.);
#11869=COLOUR_RGB('',0.694117647058824,0.0980392156862745,0.0980392156862745);
#11870=FILL_AREA_STYLE_COLOUR('',#11869);
#11871=FILL_AREA_STYLE('',(#11870));
#11872=SURFACE_STYLE_FILL_AREA(#11871);
#11873=SURFACE_SIDE_STYLE('',(#11872));
#11874=SURFACE_STYLE_USAGE(.NEGATIVE.,#11873);
#11875=PRESENTATION_STYLE_ASSIGNMENT((#11874));
#11876=STYLED_ITEM('',(#11875),#11868);
#11877=CARTESIAN_POINT('',(0.0425324728883705,-0.000801,-0.0425324728883705));
#11878=DIRECTION('',(0.707106781186547,0.,-0.707106781186548));
#11879=DIRECTION('',(-0.707106781186548,0.,-0.707106781186547));
#11880=AXIS2_PLACEMENT_3D('',#11877,#11878,#11879);
#11881=PLANE('',#11880);
#11882=ORIENTED_EDGE('',*,*,#3436,.T.);
#11883=CARTESIAN_POINT('',(0.0352846283812084,-0.000801,-0.0497803173955325));
#11884=DIRECTION('',(0.,1.,0.));
#11885=VECTOR('',#11884,1.);
#11886=LINE('',#11883,#11885);
#11887=CARTESIAN_POINT('',(0.0352846283812084,-0.000801,-0.0497803173955325));
#11888=VERTEX_POINT('',#11887);
#11889=EDGE_CURVE('',#11888,#3427,#11886,.T.);
#11890=ORIENTED_EDGE('',*,*,#11889,.F.);
#11891=CARTESIAN_POINT('',(0.0425324728883705,-0.000801,-0.0425324728883705));
#11892=DIRECTION('',(-0.707106781186548,0.,-0.707106781186547));
#11893=VECTOR('',#11892,1.);
#11894=LINE('',#11891,#11893);
#11895=EDGE_CURVE('',#11855,#11888,#11894,.T.);
#11896=ORIENTED_EDGE('',*,*,#11895,.F.);
#11897=ORIENTED_EDGE('',*,*,#11856,.T.);
#11898=EDGE_LOOP('',(#11882,#11890,#11896,#11897));
#11899=FACE_BOUND('',#11898,.T.);
#11900=ADVANCED_FACE('',(#11899),#11881,.F.);
#11901=COLOUR_RGB('',0.694117647058824,0.0980392156862745,0.0980392156862745);
#11902=FILL_AREA_STYLE_COLOUR('',#11901);
#11903=FILL_AREA_STYLE('',(#11902));
#11904=SURFACE_STYLE_FILL_AREA(#11903);
#11905=SURFACE_SIDE_STYLE('',(#11904));
#11906=SURFACE_STYLE_USAGE(.NEGATIVE.,#11905);
#11907=PRESENTATION_STYLE_ASSIGNMENT((#11906));
#11908=STYLED_ITEM('',(#11907),#11900);
#11909=CARTESIAN_POINT('',(0.0144299718171981,-0.000801,-0.0289256608315222));
#11910=DIRECTION('',(0.,1.,0.));
#11911=DIRECTION('',(0.,0.,1.));
#11912=AXIS2_PLACEMENT_3D('',#11909,#11910,#11911);
#11913=CYLINDRICAL_SURFACE('',#11912,0.0294929381514566);
#11914=ORIENTED_EDGE('',*,*,#3428,.T.);
#11915=CARTESIAN_POINT('',(0.0144299718171981,-0.000801,-0.0584185989829789));
#11916=DIRECTION('',(0.,1.,0.));
#11917=VECTOR('',#11916,1.);
#11918=LINE('',#11915,#11917);
#11919=CARTESIAN_POINT('',(0.0144299718171981,-0.000801,-0.0584185989829789));
#11920=VERTEX_POINT('',#11919);
#11921=EDGE_CURVE('',#11920,#3418,#11918,.T.);
#11922=ORIENTED_EDGE('',*,*,#11921,.F.);
#11923=CARTESIAN_POINT('',(0.0144299718171981,-0.000801,-0.0289256608315222));
#11924=DIRECTION('',(0.,1.,0.));
#11925=DIRECTION('',(0.,0.,1.));
#11926=AXIS2_PLACEMENT_3D('',#11923,#11924,#11925);
#11927=CIRCLE('',#11926,0.0294929381514566);
#11928=EDGE_CURVE('',#11888,#11920,#11927,.T.);
#11929=ORIENTED_EDGE('',*,*,#11928,.F.);
#11930=ORIENTED_EDGE('',*,*,#11889,.T.);
#11931=EDGE_LOOP('',(#11914,#11922,#11929,#11930));
#11932=FACE_BOUND('',#11931,.T.);
#11933=ADVANCED_FACE('',(#11932),#11913,.F.);
#11934=COLOUR_RGB('',0.694117647058824,0.0980392156862745,0.0980392156862745);
#11935=FILL_AREA_STYLE_COLOUR('',#11934);
#11936=FILL_AREA_STYLE('',(#11935));
#11937=SURFACE_STYLE_FILL_AREA(#11936);
#11938=SURFACE_SIDE_STYLE('',(#11937));
#11939=SURFACE_STYLE_USAGE(.NEGATIVE.,#11938);
#11940=PRESENTATION_STYLE_ASSIGNMENT((#11939));
#11941=STYLED_ITEM('',(#11940),#11933);
#11942=CARTESIAN_POINT('',(0.,-0.000801,-0.0584185989829789));
#11943=DIRECTION('',(0.,0.,1.));
#11944=DIRECTION('',(1.,0.,0.));
#11945=AXIS2_PLACEMENT_3D('',#11942,#11943,#11944);
#11946=PLANE('',#11945);
#11947=ORIENTED_EDGE('',*,*,#3419,.F.);
#11948=CARTESIAN_POINT('',(-0.0144299718171983,-0.000801,-0.0584185989829789));
#11949=DIRECTION('',(0.,1.,0.));
#11950=VECTOR('',#11949,1.);
#11951=LINE('',#11948,#11950);
#11952=CARTESIAN_POINT('',(-0.0144299718171983,-0.000801,-0.0584185989829789));
#11953=VERTEX_POINT('',#11952);
#11954=EDGE_CURVE('',#11953,#3410,#11951,.T.);
#11955=ORIENTED_EDGE('',*,*,#11954,.F.);
#11956=CARTESIAN_POINT('',(0.,-0.000801,-0.0584185989829789));
#11957=DIRECTION('',(1.,0.,0.));
#11958=VECTOR('',#11957,1.);
#11959=LINE('',#11956,#11958);
#11960=EDGE_CURVE('',#11953,#11920,#11959,.T.);
#11961=ORIENTED_EDGE('',*,*,#11960,.T.);
#11962=ORIENTED_EDGE('',*,*,#11921,.T.);
#11963=EDGE_LOOP('',(#11947,#11955,#11961,#11962));
#11964=FACE_BOUND('',#11963,.T.);
#11965=ADVANCED_FACE('',(#11964),#11946,.T.);
#11966=COLOUR_RGB('',0.694117647058824,0.0980392156862745,0.0980392156862745);
#11967=FILL_AREA_STYLE_COLOUR('',#11966);
#11968=FILL_AREA_STYLE('',(#11967));
#11969=SURFACE_STYLE_FILL_AREA(#11968);
#11970=SURFACE_SIDE_STYLE('',(#11969));
#11971=SURFACE_STYLE_USAGE(.NEGATIVE.,#11970);
#11972=PRESENTATION_STYLE_ASSIGNMENT((#11971));
#11973=STYLED_ITEM('',(#11972),#11965);
#11974=CARTESIAN_POINT('',(-0.0144299718171983,-0.000801,-0.0289256608315223));
#11975=DIRECTION('',(0.,1.,0.));
#11976=DIRECTION('',(0.,0.,1.));
#11977=AXIS2_PLACEMENT_3D('',#11974,#11975,#11976);
#11978=CYLINDRICAL_SURFACE('',#11977,0.0294929381514566);
#11979=ORIENTED_EDGE('',*,*,#3411,.T.);
#11980=CARTESIAN_POINT('',(-0.0352846283812094,-0.000801,-0.049780317395532));
#11981=DIRECTION('',(0.,1.,0.));
#11982=VECTOR('',#11981,1.);
#11983=LINE('',#11980,#11982);
#11984=CARTESIAN_POINT('',(-0.0352846283812094,-0.000801,-0.049780317395532));
#11985=VERTEX_POINT('',#11984);
#11986=EDGE_CURVE('',#11985,#3401,#11983,.T.);
#11987=ORIENTED_EDGE('',*,*,#11986,.F.);
#11988=CARTESIAN_POINT('',(-0.0144299718171983,-0.000801,-0.0289256608315223));
#11989=DIRECTION('',(0.,1.,0.));
#11990=DIRECTION('',(0.,0.,1.));
#11991=AXIS2_PLACEMENT_3D('',#11988,#11989,#11990);
#11992=CIRCLE('',#11991,0.0294929381514566);
#11993=EDGE_CURVE('',#11953,#11985,#11992,.T.);
#11994=ORIENTED_EDGE('',*,*,#11993,.F.);
#11995=ORIENTED_EDGE('',*,*,#11954,.T.);
#11996=EDGE_LOOP('',(#11979,#11987,#11994,#11995));
#11997=FACE_BOUND('',#11996,.T.);
#11998=ADVANCED_FACE('',(#11997),#11978,.F.);
#11999=COLOUR_RGB('',0.694117647058824,0.0980392156862745,0.0980392156862745);
#12000=FILL_AREA_STYLE_COLOUR('',#11999);
#12001=FILL_AREA_STYLE('',(#12000));
#12002=SURFACE_STYLE_FILL_AREA(#12001);
#12003=SURFACE_SIDE_STYLE('',(#12002));
#12004=SURFACE_STYLE_USAGE(.NEGATIVE.,#12003);
#12005=PRESENTATION_STYLE_ASSIGNMENT((#12004));
#12006=STYLED_ITEM('',(#12005),#11998);
#12007=CARTESIAN_POINT('',(-0.0425324728883707,-0.000801,-0.0425324728883707));
#12008=DIRECTION('',(0.707106781186548,0.,0.707106781186547));
#12009=DIRECTION('',(0.707106781186547,0.,-0.707106781186548));
#12010=AXIS2_PLACEMENT_3D('',#12007,#12008,#12009);
#12011=PLANE('',#12010);
#12012=ORIENTED_EDGE('',*,*,#3402,.F.);
#12013=CARTESIAN_POINT('',(-0.0550836182544321,-0.000801,-0.0299813275223093));
#12014=DIRECTION('',(0.,1.,0.));
#12015=VECTOR('',#12014,1.);
#12016=LINE('',#12013,#12015);
#12017=CARTESIAN_POINT('',(-0.0550836182544321,-0.000801,-0.0299813275223093));
#12018=VERTEX_POINT('',#12017);
#12019=EDGE_CURVE('',#12018,#3393,#12016,.T.);
#12020=ORIENTED_EDGE('',*,*,#12019,.F.);
#12021=CARTESIAN_POINT('',(-0.0425324728883707,-0.000801,-0.0425324728883707));
#12022=DIRECTION('',(0.707106781186547,0.,-0.707106781186548));
#12023=VECTOR('',#12022,1.);
#12024=LINE('',#12021,#12023);
#12025=EDGE_CURVE('',#12018,#11985,#12024,.T.);
#12026=ORIENTED_EDGE('',*,*,#12025,.T.);
#12027=ORIENTED_EDGE('',*,*,#11986,.T.);
#12028=EDGE_LOOP('',(#12012,#12020,#12026,#12027));
#12029=FACE_BOUND('',#12028,.T.);
#12030=ADVANCED_FACE('',(#12029),#12011,.T.);
#12031=COLOUR_RGB('',0.694117647058824,0.0980392156862745,0.0980392156862745);
#12032=FILL_AREA_STYLE_COLOUR('',#12031);
#12033=FILL_AREA_STYLE('',(#12032));
#12034=SURFACE_STYLE_FILL_AREA(#12033);
#12035=SURFACE_SIDE_STYLE('',(#12034));
#12036=SURFACE_STYLE_USAGE(.NEGATIVE.,#12035);
#12037=PRESENTATION_STYLE_ASSIGNMENT((#12036));
#12038=STYLED_ITEM('',(#12037),#12030);
#12039=CARTESIAN_POINT('',(0.064302117421768,-0.000801,-0.0391998266896455));
#12040=DIRECTION('',(0.,1.,0.));
#12041=DIRECTION('',(0.,0.,1.));
#12042=AXIS2_PLACEMENT_3D('',#12039,#12040,#12041);
#12043=CYLINDRICAL_SURFACE('',#12042,0.0113869265471721);
#12044=ORIENTED_EDGE('',*,*,#3937,.T.);
#12045=CARTESIAN_POINT('',(0.064302117421768,-0.000801,-0.0278129001424734));
#12046=DIRECTION('',(0.,1.,0.));
#12047=VECTOR('',#12046,1.);
#12048=LINE('',#12045,#12047);
#12049=CARTESIAN_POINT('',(0.064302117421768,-0.000801,-0.0278129001424734));
#12050=VERTEX_POINT('',#12049);
#12051=EDGE_CURVE('',#12050,#3936,#12048,.T.);
#12052=ORIENTED_EDGE('',*,*,#12051,.F.);
#12053=CARTESIAN_POINT('',(0.064302117421768,-0.000801,-0.0391998266896455));
#12054=DIRECTION('',(0.,1.,0.));
#12055=DIRECTION('',(0.,0.,1.));
#12056=AXIS2_PLACEMENT_3D('',#12053,#12054,#12055);
#12057=CIRCLE('',#12056,0.0113869265471721);
#12058=CARTESIAN_POINT('',(0.0562503444433895,-0.000801,-0.031148053711267));
#12059=VERTEX_POINT('',#12058);
#12060=EDGE_CURVE('',#12059,#12050,#12057,.T.);
#12061=ORIENTED_EDGE('',*,*,#12060,.F.);
#12062=CARTESIAN_POINT('',(0.0562503444433895,-0.000801,-0.031148053711267));
#12063=DIRECTION('',(0.,1.,0.));
#12064=VECTOR('',#12063,1.);
#12065=LINE('',#12062,#12064);
#12066=EDGE_CURVE('',#12059,#3934,#12065,.T.);
#12067=ORIENTED_EDGE('',*,*,#12066,.T.);
#12068=EDGE_LOOP('',(#12044,#12052,#12061,#12067));
#12069=FACE_BOUND('',#12068,.T.);
#12070=ADVANCED_FACE('',(#12069),#12043,.F.);
#12071=COLOUR_RGB('',0.694117647058824,0.0980392156862745,0.0980392156862745);
#12072=FILL_AREA_STYLE_COLOUR('',#12071);
#12073=FILL_AREA_STYLE('',(#12072));
#12074=SURFACE_STYLE_FILL_AREA(#12073);
#12075=SURFACE_SIDE_STYLE('',(#12074));
#12076=SURFACE_STYLE_USAGE(.NEGATIVE.,#12075);
#12077=PRESENTATION_STYLE_ASSIGNMENT((#12076));
#12078=STYLED_ITEM('',(#12077),#12070);
#12079=CARTESIAN_POINT('',(-2.27896149034167E-16,-0.000801,-0.0278129001424729));
#12080=DIRECTION('',(8.19390095483602E-15,0.,1.));
#12081=DIRECTION('',(1.,0.,-8.19390095483602E-15));
#12082=AXIS2_PLACEMENT_3D('',#12079,#12080,#12081);
#12083=PLANE('',#12082);
#12084=ORIENTED_EDGE('',*,*,#4124,.T.);
#12085=CARTESIAN_POINT('',(0.0858964466094065,-0.000801,-0.0278129001424736));
#12086=DIRECTION('',(0.,1.,0.));
#12087=VECTOR('',#12086,1.);
#12088=LINE('',#12085,#12087);
#12089=CARTESIAN_POINT('',(0.0858964466094065,-0.000801,-0.0278129001424736));
#12090=VERTEX_POINT('',#12089);
#12091=EDGE_CURVE('',#12090,#4117,#12088,.T.);
#12092=ORIENTED_EDGE('',*,*,#12091,.F.);
#12093=CARTESIAN_POINT('',(-2.27896149034167E-16,-0.000801,-0.0278129001424729));
#12094=DIRECTION('',(1.,0.,-8.19390095483602E-15));
#12095=VECTOR('',#12094,1.);
#12096=LINE('',#12093,#12095);
#12097=EDGE_CURVE('',#12050,#12090,#12096,.T.);
#12098=ORIENTED_EDGE('',*,*,#12097,.F.);
#12099=ORIENTED_EDGE('',*,*,#12051,.T.);
#12100=EDGE_LOOP('',(#12084,#12092,#12098,#12099));
#12101=FACE_BOUND('',#12100,.T.);
#12102=ADVANCED_FACE('',(#12101),#12083,.F.);
#12103=COLOUR_RGB('',0.694117647058824,0.0980392156862745,0.0980392156862745);
#12104=FILL_AREA_STYLE_COLOUR('',#12103);
#12105=FILL_AREA_STYLE('',(#12104));
#12106=SURFACE_STYLE_FILL_AREA(#12105);
#12107=SURFACE_SIDE_STYLE('',(#12106));
#12108=SURFACE_STYLE_USAGE(.NEGATIVE.,#12107);
#12109=PRESENTATION_STYLE_ASSIGNMENT((#12108));
#12110=STYLED_ITEM('',(#12109),#12102);
#12111=CARTESIAN_POINT('',(0.0568546733759399,-0.000801,-0.0568546733759401));
#12112=DIRECTION('',(-0.707106781186546,0.,0.707106781186549));
#12113=DIRECTION('',(0.707106781186549,0.,0.707106781186546));
#12114=AXIS2_PLACEMENT_3D('',#12111,#12112,#12113);
#12115=PLANE('',#12114);
#12116=ORIENTED_EDGE('',*,*,#4118,.T.);
#12117=CARTESIAN_POINT('',(0.0907499999999998,-0.000801,-0.0229593467518803));
#12118=DIRECTION('',(0.,1.,0.));
#12119=VECTOR('',#12118,1.);
#12120=LINE('',#12117,#12119);
#12121=CARTESIAN_POINT('',(0.0907499999999998,-0.000801,-0.0229593467518803));
#12122=VERTEX_POINT('',#12121);
#12123=EDGE_CURVE('',#12122,#4109,#12120,.T.);
#12124=ORIENTED_EDGE('',*,*,#12123,.F.);
#12125=CARTESIAN_POINT('',(0.0568546733759399,-0.000801,-0.0568546733759401));
#12126=DIRECTION('',(0.707106781186549,0.,0.707106781186546));
#12127=VECTOR('',#12126,1.);
#12128=LINE('',#12125,#12127);
#12129=EDGE_CURVE('',#12090,#12122,#12128,.T.);
#12130=ORIENTED_EDGE('',*,*,#12129,.F.);
#12131=ORIENTED_EDGE('',*,*,#12091,.T.);
#12132=EDGE_LOOP('',(#12116,#12124,#12130,#12131));
#12133=FACE_BOUND('',#12132,.T.);
#12134=ADVANCED_FACE('',(#12133),#12115,.F.);
#12135=COLOUR_RGB('',0.694117647058824,0.0980392156862745,0.0980392156862745);
#12136=FILL_AREA_STYLE_COLOUR('',#12135);
#12137=FILL_AREA_STYLE('',(#12136));
#12138=SURFACE_STYLE_FILL_AREA(#12137);
#12139=SURFACE_SIDE_STYLE('',(#12138));
#12140=SURFACE_STYLE_USAGE(.NEGATIVE.,#12139);
#12141=PRESENTATION_STYLE_ASSIGNMENT((#12140));
#12142=STYLED_ITEM('',(#12141),#12134);
#12143=CARTESIAN_POINT('',(0.0907500000000005,-0.000801,-2.74528318311779E-15));
#12144=DIRECTION('',(-1.,0.,3.02510543594246E-14));
#12145=DIRECTION('',(3.02510543594246E-14,0.,1.));
#12146=AXIS2_PLACEMENT_3D('',#12143,#12144,#12145);
#12147=PLANE('',#12146);
#12148=ORIENTED_EDGE('',*,*,#4110,.T.);
#12149=CARTESIAN_POINT('',(0.0907500000000013,-0.000801,0.0238335464669331));
#12150=DIRECTION('',(0.,1.,0.));
#12151=VECTOR('',#12150,1.);
#12152=LINE('',#12149,#12151);
#12153=CARTESIAN_POINT('',(0.0907500000000013,-0.000801,0.0238335464669331));
#12154=VERTEX_POINT('',#12153);
#12155=EDGE_CURVE('',#12154,#4101,#12152,.T.);
#12156=ORIENTED_EDGE('',*,*,#12155,.F.);
#12157=CARTESIAN_POINT('',(0.0907500000000005,-0.000801,-2.74528318311779E-15));
#12158=DIRECTION('',(3.02510543594246E-14,0.,1.));
#12159=VECTOR('',#12158,1.);
#12160=LINE('',#12157,#12159);
#12161=EDGE_CURVE('',#12122,#12154,#12160,.T.);
#12162=ORIENTED_EDGE('',*,*,#12161,.F.);
#12163=ORIENTED_EDGE('',*,*,#12123,.T.);
#12164=EDGE_LOOP('',(#12148,#12156,#12162,#12163));
#12165=FACE_BOUND('',#12164,.T.);
#12166=ADVANCED_FACE('',(#12165),#12147,.F.);
#12167=COLOUR_RGB('',0.694117647058824,0.0980392156862745,0.0980392156862745);
#12168=FILL_AREA_STYLE_COLOUR('',#12167);
#12169=FILL_AREA_STYLE('',(#12168));
#12170=SURFACE_STYLE_FILL_AREA(#12169);
#12171=SURFACE_SIDE_STYLE('',(#12170));
#12172=SURFACE_STYLE_USAGE(.NEGATIVE.,#12171);
#12173=PRESENTATION_STYLE_ASSIGNMENT((#12172));
#12174=STYLED_ITEM('',(#12173),#12166);
#12175=CARTESIAN_POINT('',(0.0572917732334671,-0.000801,0.0572917732334672));
#12176=DIRECTION('',(0.707106781186547,0.,0.707106781186548));
#12177=DIRECTION('',(0.707106781186548,0.,-0.707106781186547));
#12178=AXIS2_PLACEMENT_3D('',#12175,#12176,#12177);
#12179=PLANE('',#12178);
#12180=ORIENTED_EDGE('',*,*,#4102,.F.);
#12181=CARTESIAN_POINT('',(0.085896446609408,-0.000801,0.0286870998575264));
#12182=DIRECTION('',(0.,1.,0.));
#12183=VECTOR('',#12182,1.);
#12184=LINE('',#12181,#12183);
#12185=CARTESIAN_POINT('',(0.085896446609408,-0.000801,0.0286870998575264));
#12186=VERTEX_POINT('',#12185);
#12187=EDGE_CURVE('',#12186,#4093,#12184,.T.);
#12188=ORIENTED_EDGE('',*,*,#12187,.F.);
#12189=CARTESIAN_POINT('',(0.0572917732334671,-0.000801,0.0572917732334672));
#12190=DIRECTION('',(0.707106781186548,0.,-0.707106781186547));
#12191=VECTOR('',#12190,1.);
#12192=LINE('',#12189,#12191);
#12193=EDGE_CURVE('',#12186,#12154,#12192,.T.);
#12194=ORIENTED_EDGE('',*,*,#12193,.T.);
#12195=ORIENTED_EDGE('',*,*,#12155,.T.);
#12196=EDGE_LOOP('',(#12180,#12188,#12194,#12195));
#12197=FACE_BOUND('',#12196,.T.);
#12198=ADVANCED_FACE('',(#12197),#12179,.T.);
#12199=COLOUR_RGB('',0.694117647058824,0.0980392156862745,0.0980392156862745);
#12200=FILL_AREA_STYLE_COLOUR('',#12199);
#12201=FILL_AREA_STYLE('',(#12200));
#12202=SURFACE_STYLE_FILL_AREA(#12201);
#12203=SURFACE_SIDE_STYLE('',(#12202));
#12204=SURFACE_STYLE_USAGE(.NEGATIVE.,#12203);
#12205=PRESENTATION_STYLE_ASSIGNMENT((#12204));
#12206=STYLED_ITEM('',(#12205),#12198);
#12207=CARTESIAN_POINT('',(3.0218763525243E-16,-0.000801,0.0286870998575273));
#12208=DIRECTION('',(1.05339207083751E-14,0.,1.));
#12209=DIRECTION('',(1.,0.,-1.05339207083751E-14));
#12210=AXIS2_PLACEMENT_3D('',#12207,#12208,#12209);
#12211=PLANE('',#12210);
#12212=ORIENTED_EDGE('',*,*,#4094,.F.);
#12213=CARTESIAN_POINT('',(0.0635000000000013,-0.000801,0.0286870998575267));
#12214=DIRECTION('',(0.,1.,0.));
#12215=VECTOR('',#12214,1.);
#12216=LINE('',#12213,#12215);
#12217=CARTESIAN_POINT('',(0.0635000000000013,-0.000801,0.0286870998575267));
#12218=VERTEX_POINT('',#12217);
#12219=EDGE_CURVE('',#12218,#4085,#12216,.T.);
#12220=ORIENTED_EDGE('',*,*,#12219,.F.);
#12221=CARTESIAN_POINT('',(3.0218763525243E-16,-0.000801,0.0286870998575273));
#12222=DIRECTION('',(1.,0.,-1.05339207083751E-14));
#12223=VECTOR('',#12222,1.);
#12224=LINE('',#12221,#12223);
#12225=EDGE_CURVE('',#12218,#12186,#12224,.T.);
#12226=ORIENTED_EDGE('',*,*,#12225,.T.);
#12227=ORIENTED_EDGE('',*,*,#12187,.T.);
#12228=EDGE_LOOP('',(#12212,#12220,#12226,#12227));
#12229=FACE_BOUND('',#12228,.T.);
#12230=ADVANCED_FACE('',(#12229),#12211,.T.);
#12231=COLOUR_RGB('',0.694117647058824,0.0980392156862745,0.0980392156862745);
#12232=FILL_AREA_STYLE_COLOUR('',#12231);
#12233=FILL_AREA_STYLE('',(#12232));
#12234=SURFACE_STYLE_FILL_AREA(#12233);
#12235=SURFACE_SIDE_STYLE('',(#12234));
#12236=SURFACE_STYLE_USAGE(.NEGATIVE.,#12235);
#12237=PRESENTATION_STYLE_ASSIGNMENT((#12236));
#12238=STYLED_ITEM('',(#12237),#12230);
#12239=CARTESIAN_POINT('',(0.0635000000000013,-0.000801,0.0402480484547549));
#12240=DIRECTION('',(0.,1.,0.));
#12241=DIRECTION('',(0.,0.,1.));
#12242=AXIS2_PLACEMENT_3D('',#12239,#12240,#12241);
#12243=CYLINDRICAL_SURFACE('',#12242,0.0115609485972282);
#12244=ORIENTED_EDGE('',*,*,#4086,.T.);
#12245=CARTESIAN_POINT('',(0.0553251748499521,-0.000801,0.0320732233047057));
#12246=DIRECTION('',(0.,1.,0.));
#12247=VECTOR('',#12246,1.);
#12248=LINE('',#12245,#12247);
#12249=CARTESIAN_POINT('',(0.0553251748499521,-0.000801,0.0320732233047057));
#12250=VERTEX_POINT('',#12249);
#12251=EDGE_CURVE('',#12250,#4076,#12248,.T.);
#12252=ORIENTED_EDGE('',*,*,#12251,.F.);
#12253=CARTESIAN_POINT('',(0.0635000000000013,-0.000801,0.0402480484547549));
#12254=DIRECTION('',(0.,1.,0.));
#12255=DIRECTION('',(0.,0.,1.));
#12256=AXIS2_PLACEMENT_3D('',#12253,#12254,#12255);
#12257=CIRCLE('',#12256,0.0115609485972282);
#12258=EDGE_CURVE('',#12218,#12250,#12257,.T.);
#12259=ORIENTED_EDGE('',*,*,#12258,.F.);
#12260=ORIENTED_EDGE('',*,*,#12219,.T.);
#12261=EDGE_LOOP('',(#12244,#12252,#12259,#12260));
#12262=FACE_BOUND('',#12261,.T.);
#12263=ADVANCED_FACE('',(#12262),#12243,.F.);
#12264=COLOUR_RGB('',0.694117647058824,0.0980392156862745,0.0980392156862745);
#12265=FILL_AREA_STYLE_COLOUR('',#12264);
#12266=FILL_AREA_STYLE('',(#12265));
#12267=SURFACE_STYLE_FILL_AREA(#12266);
#12268=SURFACE_SIDE_STYLE('',(#12267));
#12269=SURFACE_STYLE_USAGE(.NEGATIVE.,#12268);
#12270=PRESENTATION_STYLE_ASSIGNMENT((#12269));
#12271=STYLED_ITEM('',(#12270),#12263);
#12272=CARTESIAN_POINT('',(0.0436991990773285,-0.000801,0.0436991990773291));
#12273=DIRECTION('',(0.707106781186542,0.,0.707106781186553));
#12274=DIRECTION('',(0.707106781186553,0.,-0.707106781186542));
#12275=AXIS2_PLACEMENT_3D('',#12272,#12273,#12274);
#12276=PLANE('',#12275);
#12277=ORIENTED_EDGE('',*,*,#4077,.F.);
#12278=CARTESIAN_POINT('',(0.0321030563099051,-0.000801,0.0552953418447524));
#12279=DIRECTION('',(0.,1.,0.));
#12280=VECTOR('',#12279,1.);
#12281=LINE('',#12278,#12280);
#12282=CARTESIAN_POINT('',(0.0321030563099051,-0.000801,0.0552953418447524));
#12283=VERTEX_POINT('',#12282);
#12284=EDGE_CURVE('',#12283,#4068,#12281,.T.);
#12285=ORIENTED_EDGE('',*,*,#12284,.F.);
#12286=CARTESIAN_POINT('',(0.0436991990773285,-0.000801,0.0436991990773291));
#12287=DIRECTION('',(0.707106781186553,0.,-0.707106781186542));
#12288=VECTOR('',#12287,1.);
#12289=LINE('',#12286,#12288);
#12290=EDGE_CURVE('',#12283,#12250,#12289,.T.);
#12291=ORIENTED_EDGE('',*,*,#12290,.T.);
#12292=ORIENTED_EDGE('',*,*,#12251,.T.);
#12293=EDGE_LOOP('',(#12277,#12285,#12291,#12292));
#12294=FACE_BOUND('',#12293,.T.);
#12295=ADVANCED_FACE('',(#12294),#12276,.T.);
#12296=COLOUR_RGB('',0.694117647058824,0.0980392156862745,0.0980392156862745);
#12297=FILL_AREA_STYLE_COLOUR('',#12296);
#12298=FILL_AREA_STYLE('',(#12297));
#12299=SURFACE_STYLE_FILL_AREA(#12298);
#12300=SURFACE_SIDE_STYLE('',(#12299));
#12301=SURFACE_STYLE_USAGE(.NEGATIVE.,#12300);
#12302=PRESENTATION_STYLE_ASSIGNMENT((#12301));
#12303=STYLED_ITEM('',(#12302),#12295);
#12304=CARTESIAN_POINT('',(0.0277919933423654,-0.000801,0.0573832849352797));
#12305=DIRECTION('',(0.435889894354073,0.,0.899999999999997));
#12306=DIRECTION('',(0.899999999999997,0.,-0.435889894354074));
#12307=AXIS2_PLACEMENT_3D('',#12304,#12305,#12306);
#12308=PLANE('',#12307);
#12309=ORIENTED_EDGE('',*,*,#4069,.F.);
#12310=CARTESIAN_POINT('',(0.0276926460665323,-0.000801,0.0574314010170211));
#12311=DIRECTION('',(0.,1.,0.));
#12312=VECTOR('',#12311,1.);
#12313=LINE('',#12310,#12312);
#12314=CARTESIAN_POINT('',(0.0276926460665323,-0.000801,0.0574314010170211));
#12315=VERTEX_POINT('',#12314);
#12316=EDGE_CURVE('',#12315,#4060,#12313,.T.);
#12317=ORIENTED_EDGE('',*,*,#12316,.F.);
#12318=CARTESIAN_POINT('',(0.0277919933423654,-0.000801,0.0573832849352797));
#12319=DIRECTION('',(0.899999999999997,0.,-0.435889894354073));
#12320=VECTOR('',#12319,1.);
#12321=LINE('',#12318,#12320);
#12322=EDGE_CURVE('',#12315,#12283,#12321,.T.);
#12323=ORIENTED_EDGE('',*,*,#12322,.T.);
#12324=ORIENTED_EDGE('',*,*,#12284,.T.);
#12325=EDGE_LOOP('',(#12309,#12317,#12323,#12324));
#12326=FACE_BOUND('',#12325,.T.);
#12327=ADVANCED_FACE('',(#12326),#12308,.T.);
#12328=COLOUR_RGB('',0.694117647058824,0.0980392156862745,0.0980392156862745);
#12329=FILL_AREA_STYLE_COLOUR('',#12328);
#12330=FILL_AREA_STYLE('',(#12329));
#12331=SURFACE_STYLE_FILL_AREA(#12330);
#12332=SURFACE_SIDE_STYLE('',(#12331));
#12333=SURFACE_STYLE_USAGE(.NEGATIVE.,#12332);
#12334=PRESENTATION_STYLE_ASSIGNMENT((#12333));
#12335=STYLED_ITEM('',(#12334),#12327);
#12336=CARTESIAN_POINT('',(0.,-0.000801,0.0574314010170211));
#12337=DIRECTION('',(0.,0.,1.));
#12338=DIRECTION('',(1.,0.,0.));
#12339=AXIS2_PLACEMENT_3D('',#12336,#12337,#12338);
#12340=PLANE('',#12339);
#12341=ORIENTED_EDGE('',*,*,#4061,.F.);
#12342=CARTESIAN_POINT('',(-0.0276926460665323,-0.000801,0.0574314010170211));
#12343=DIRECTION('',(0.,1.,0.));
#12344=VECTOR('',#12343,1.);
#12345=LINE('',#12342,#12344);
#12346=CARTESIAN_POINT('',(-0.0276926460665323,-0.000801,0.0574314010170211));
#12347=VERTEX_POINT('',#12346);
#12348=EDGE_CURVE('',#12347,#4052,#12345,.T.);
#12349=ORIENTED_EDGE('',*,*,#12348,.F.);
#12350=CARTESIAN_POINT('',(0.,-0.000801,0.0574314010170211));
#12351=DIRECTION('',(1.,0.,0.));
#12352=VECTOR('',#12351,1.);
#12353=LINE('',#12350,#12352);
#12354=EDGE_CURVE('',#12347,#12315,#12353,.T.);
#12355=ORIENTED_EDGE('',*,*,#12354,.T.);
#12356=ORIENTED_EDGE('',*,*,#12316,.T.);
#12357=EDGE_LOOP('',(#12341,#12349,#12355,#12356));
#12358=FACE_BOUND('',#12357,.T.);
#12359=ADVANCED_FACE('',(#12358),#12340,.T.);
#12360=COLOUR_RGB('',0.694117647058824,0.0980392156862745,0.0980392156862745);
#12361=FILL_AREA_STYLE_COLOUR('',#12360);
#12362=FILL_AREA_STYLE('',(#12361));
#12363=SURFACE_STYLE_FILL_AREA(#12362);
#12364=SURFACE_SIDE_STYLE('',(#12363));
#12365=SURFACE_STYLE_USAGE(.NEGATIVE.,#12364);
#12366=PRESENTATION_STYLE_ASSIGNMENT((#12365));
#12367=STYLED_ITEM('',(#12366),#12359);
#12368=CARTESIAN_POINT('',(-0.0277919933423661,-0.000801,0.0573832849352794));
#12369=DIRECTION('',(0.435889894354084,0.,-0.899999999999992));
#12370=DIRECTION('',(-0.899999999999992,0.,-0.435889894354084));
#12371=AXIS2_PLACEMENT_3D('',#12368,#12369,#12370);
#12372=PLANE('',#12371);
#12373=ORIENTED_EDGE('',*,*,#4053,.T.);
#12374=CARTESIAN_POINT('',(-0.0321030563099057,-0.000801,0.055295341844752));
#12375=DIRECTION('',(0.,1.,0.));
#12376=VECTOR('',#12375,1.);
#12377=LINE('',#12374,#12376);
#12378=CARTESIAN_POINT('',(-0.0321030563099057,-0.000801,0.055295341844752));
#12379=VERTEX_POINT('',#12378);
#12380=EDGE_CURVE('',#12379,#4044,#12377,.T.);
#12381=ORIENTED_EDGE('',*,*,#12380,.F.);
#12382=CARTESIAN_POINT('',(-0.0277919933423661,-0.000801,0.0573832849352794));
#12383=DIRECTION('',(-0.899999999999992,0.,-0.435889894354084));
#12384=VECTOR('',#12383,1.);
#12385=LINE('',#12382,#12384);
#12386=EDGE_CURVE('',#12347,#12379,#12385,.T.);
#12387=ORIENTED_EDGE('',*,*,#12386,.F.);
#12388=ORIENTED_EDGE('',*,*,#12348,.T.);
#12389=EDGE_LOOP('',(#12373,#12381,#12387,#12388));
#12390=FACE_BOUND('',#12389,.T.);
#12391=ADVANCED_FACE('',(#12390),#12372,.F.);
#12392=COLOUR_RGB('',0.694117647058824,0.0980392156862745,0.0980392156862745);
#12393=FILL_AREA_STYLE_COLOUR('',#12392);
#12394=FILL_AREA_STYLE('',(#12393));
#12395=SURFACE_STYLE_FILL_AREA(#12394);
#12396=SURFACE_SIDE_STYLE('',(#12395));
#12397=SURFACE_STYLE_USAGE(.NEGATIVE.,#12396);
#12398=PRESENTATION_STYLE_ASSIGNMENT((#12397));
#12399=STYLED_ITEM('',(#12398),#12391);
#12400=CARTESIAN_POINT('',(-0.0436991990773289,-0.000801,0.0436991990773289));
#12401=DIRECTION('',(0.707106781186548,0.,-0.707106781186547));
#12402=DIRECTION('',(-0.707106781186547,0.,-0.707106781186548));
#12403=AXIS2_PLACEMENT_3D('',#12400,#12401,#12402);
#12404=PLANE('',#12403);
#12405=ORIENTED_EDGE('',*,*,#4045,.T.);
#12406=CARTESIAN_POINT('',(-0.0553251748499533,-0.000801,0.0320732233047045));
#12407=DIRECTION('',(0.,1.,0.));
#12408=VECTOR('',#12407,1.);
#12409=LINE('',#12406,#12408);
#12410=CARTESIAN_POINT('',(-0.0553251748499533,-0.000801,0.0320732233047045));
#12411=VERTEX_POINT('',#12410);
#12412=EDGE_CURVE('',#12411,#4036,#12409,.T.);
#12413=ORIENTED_EDGE('',*,*,#12412,.F.);
#12414=CARTESIAN_POINT('',(-0.0436991990773289,-0.000801,0.0436991990773289));
#12415=DIRECTION('',(-0.707106781186547,0.,-0.707106781186548));
#12416=VECTOR('',#12415,1.);
#12417=LINE('',#12414,#12416);
#12418=EDGE_CURVE('',#12379,#12411,#12417,.T.);
#12419=ORIENTED_EDGE('',*,*,#12418,.F.);
#12420=ORIENTED_EDGE('',*,*,#12380,.T.);
#12421=EDGE_LOOP('',(#12405,#12413,#12419,#12420));
#12422=FACE_BOUND('',#12421,.T.);
#12423=ADVANCED_FACE('',(#12422),#12404,.F.);
#12424=COLOUR_RGB('',0.694117647058824,0.0980392156862745,0.0980392156862745);
#12425=FILL_AREA_STYLE_COLOUR('',#12424);
#12426=FILL_AREA_STYLE('',(#12425));
#12427=SURFACE_STYLE_FILL_AREA(#12426);
#12428=SURFACE_SIDE_STYLE('',(#12427));
#12429=SURFACE_STYLE_USAGE(.NEGATIVE.,#12428);
#12430=PRESENTATION_STYLE_ASSIGNMENT((#12429));
#12431=STYLED_ITEM('',(#12430),#12423);
#12432=CARTESIAN_POINT('',(-0.0635,-0.000801,0.0402480484547512));
#12433=DIRECTION('',(0.,1.,0.));
#12434=DIRECTION('',(0.,0.,1.));
#12435=AXIS2_PLACEMENT_3D('',#12432,#12433,#12434);
#12436=CYLINDRICAL_SURFACE('',#12435,0.0115609485972248);
#12437=ORIENTED_EDGE('',*,*,#4037,.T.);
#12438=CARTESIAN_POINT('',(-0.0635,-0.000801,0.0286870998575264));
#12439=DIRECTION('',(0.,1.,0.));
#12440=VECTOR('',#12439,1.);
#12441=LINE('',#12438,#12440);
#12442=CARTESIAN_POINT('',(-0.0635,-0.000801,0.0286870998575264));
#12443=VERTEX_POINT('',#12442);
#12444=EDGE_CURVE('',#12443,#4027,#12441,.T.);
#12445=ORIENTED_EDGE('',*,*,#12444,.F.);
#12446=CARTESIAN_POINT('',(-0.0635,-0.000801,0.0402480484547512));
#12447=DIRECTION('',(0.,1.,0.));
#12448=DIRECTION('',(0.,0.,1.));
#12449=AXIS2_PLACEMENT_3D('',#12446,#12447,#12448);
#12450=CIRCLE('',#12449,0.0115609485972248);
#12451=EDGE_CURVE('',#12411,#12443,#12450,.T.);
#12452=ORIENTED_EDGE('',*,*,#12451,.F.);
#12453=ORIENTED_EDGE('',*,*,#12412,.T.);
#12454=EDGE_LOOP('',(#12437,#12445,#12452,#12453));
#12455=FACE_BOUND('',#12454,.T.);
#12456=ADVANCED_FACE('',(#12455),#12436,.F.);
#12457=COLOUR_RGB('',0.694117647058824,0.0980392156862745,0.0980392156862745);
#12458=FILL_AREA_STYLE_COLOUR('',#12457);
#12459=FILL_AREA_STYLE('',(#12458));
#12460=SURFACE_STYLE_FILL_AREA(#12459);
#12461=SURFACE_SIDE_STYLE('',(#12460));
#12462=SURFACE_STYLE_USAGE(.NEGATIVE.,#12461);
#12463=PRESENTATION_STYLE_ASSIGNMENT((#12462));
#12464=STYLED_ITEM('',(#12463),#12456);
#12465=CARTESIAN_POINT('',(0.,-0.000801,0.0286870998575264));
#12466=DIRECTION('',(0.,0.,1.));
#12467=DIRECTION('',(1.,0.,0.));
#12468=AXIS2_PLACEMENT_3D('',#12465,#12466,#12467);
#12469=PLANE('',#12468);
#12470=ORIENTED_EDGE('',*,*,#4028,.F.);
#12471=CARTESIAN_POINT('',(-0.0858964466094067,-0.000801,0.0286870998575264));
#12472=DIRECTION('',(0.,1.,0.));
#12473=VECTOR('',#12472,1.);
#12474=LINE('',#12471,#12473);
#12475=CARTESIAN_POINT('',(-0.0858964466094067,-0.000801,0.0286870998575264));
#12476=VERTEX_POINT('',#12475);
#12477=EDGE_CURVE('',#12476,#4019,#12474,.T.);
#12478=ORIENTED_EDGE('',*,*,#12477,.F.);
#12479=CARTESIAN_POINT('',(0.,-0.000801,0.0286870998575264));
#12480=DIRECTION('',(1.,0.,0.));
#12481=VECTOR('',#12480,1.);
#12482=LINE('',#12479,#12481);
#12483=EDGE_CURVE('',#12476,#12443,#12482,.T.);
#12484=ORIENTED_EDGE('',*,*,#12483,.T.);
#12485=ORIENTED_EDGE('',*,*,#12444,.T.);
#12486=EDGE_LOOP('',(#12470,#12478,#12484,#12485));
#12487=FACE_BOUND('',#12486,.T.);
#12488=ADVANCED_FACE('',(#12487),#12469,.T.);
#12489=COLOUR_RGB('',0.694117647058824,0.0980392156862745,0.0980392156862745);
#12490=FILL_AREA_STYLE_COLOUR('',#12489);
#12491=FILL_AREA_STYLE('',(#12490));
#12492=SURFACE_STYLE_FILL_AREA(#12491);
#12493=SURFACE_SIDE_STYLE('',(#12492));
#12494=SURFACE_STYLE_USAGE(.NEGATIVE.,#12493);
#12495=PRESENTATION_STYLE_ASSIGNMENT((#12494));
#12496=STYLED_ITEM('',(#12495),#12488);
#12497=CARTESIAN_POINT('',(-0.0572917732334666,-0.000801,0.0572917732334666));
#12498=DIRECTION('',(0.707106781186548,0.,-0.707106781186548));
#12499=DIRECTION('',(-0.707106781186548,0.,-0.707106781186548));
#12500=AXIS2_PLACEMENT_3D('',#12497,#12498,#12499);
#12501=PLANE('',#12500);
#12502=ORIENTED_EDGE('',*,*,#4020,.T.);
#12503=CARTESIAN_POINT('',(-0.09075,-0.000801,0.0238335464669331));
#12504=DIRECTION('',(0.,1.,0.));
#12505=VECTOR('',#12504,1.);
#12506=LINE('',#12503,#12505);
#12507=CARTESIAN_POINT('',(-0.09075,-0.000801,0.0238335464669331));
#12508=VERTEX_POINT('',#12507);
#12509=EDGE_CURVE('',#12508,#4011,#12506,.T.);
#12510=ORIENTED_EDGE('',*,*,#12509,.F.);
#12511=CARTESIAN_POINT('',(-0.0572917732334666,-0.000801,0.0572917732334666));
#12512=DIRECTION('',(-0.707106781186548,0.,-0.707106781186548));
#12513=VECTOR('',#12512,1.);
#12514=LINE('',#12511,#12513);
#12515=EDGE_CURVE('',#12476,#12508,#12514,.T.);
#12516=ORIENTED_EDGE('',*,*,#12515,.F.);
#12517=ORIENTED_EDGE('',*,*,#12477,.T.);
#12518=EDGE_LOOP('',(#12502,#12510,#12516,#12517));
#12519=FACE_BOUND('',#12518,.T.);
#12520=ADVANCED_FACE('',(#12519),#12501,.F.);
#12521=COLOUR_RGB('',0.694117647058824,0.0980392156862745,0.0980392156862745);
#12522=FILL_AREA_STYLE_COLOUR('',#12521);
#12523=FILL_AREA_STYLE('',(#12522));
#12524=SURFACE_STYLE_FILL_AREA(#12523);
#12525=SURFACE_SIDE_STYLE('',(#12524));
#12526=SURFACE_STYLE_USAGE(.NEGATIVE.,#12525);
#12527=PRESENTATION_STYLE_ASSIGNMENT((#12526));
#12528=STYLED_ITEM('',(#12527),#12520);
#12529=CARTESIAN_POINT('',(-0.09075,-0.000801,0.));
#12530=DIRECTION('',(1.,0.,0.));
#12531=DIRECTION('',(0.,0.,-1.));
#12532=AXIS2_PLACEMENT_3D('',#12529,#12530,#12531);
#12533=PLANE('',#12532);
#12534=ORIENTED_EDGE('',*,*,#4012,.T.);
#12535=CARTESIAN_POINT('',(-0.09075,-0.000801,-0.0229593467518803));
#12536=DIRECTION('',(0.,1.,0.));
#12537=VECTOR('',#12536,1.);
#12538=LINE('',#12535,#12537);
#12539=CARTESIAN_POINT('',(-0.09075,-0.000801,-0.0229593467518803));
#12540=VERTEX_POINT('',#12539);
#12541=EDGE_CURVE('',#12540,#4003,#12538,.T.);
#12542=ORIENTED_EDGE('',*,*,#12541,.F.);
#12543=CARTESIAN_POINT('',(-0.09075,-0.000801,0.));
#12544=DIRECTION('',(0.,0.,-1.));
#12545=VECTOR('',#12544,1.);
#12546=LINE('',#12543,#12545);
#12547=EDGE_CURVE('',#12508,#12540,#12546,.T.);
#12548=ORIENTED_EDGE('',*,*,#12547,.F.);
#12549=ORIENTED_EDGE('',*,*,#12509,.T.);
#12550=EDGE_LOOP('',(#12534,#12542,#12548,#12549));
#12551=FACE_BOUND('',#12550,.T.);
#12552=ADVANCED_FACE('',(#12551),#12533,.F.);
#12553=COLOUR_RGB('',0.694117647058824,0.0980392156862745,0.0980392156862745);
#12554=FILL_AREA_STYLE_COLOUR('',#12553);
#12555=FILL_AREA_STYLE('',(#12554));
#12556=SURFACE_STYLE_FILL_AREA(#12555);
#12557=SURFACE_SIDE_STYLE('',(#12556));
#12558=SURFACE_STYLE_USAGE(.NEGATIVE.,#12557);
#12559=PRESENTATION_STYLE_ASSIGNMENT((#12558));
#12560=STYLED_ITEM('',(#12559),#12552);
#12561=CARTESIAN_POINT('',(-0.0568546733759402,-0.000801,-0.0568546733759402));
#12562=DIRECTION('',(0.707106781186548,0.,0.707106781186548));
#12563=DIRECTION('',(0.707106781186548,0.,-0.707106781186548));
#12564=AXIS2_PLACEMENT_3D('',#12561,#12562,#12563);
#12565=PLANE('',#12564);
#12566=ORIENTED_EDGE('',*,*,#4004,.T.);
#12567=CARTESIAN_POINT('',(-0.0858964466094067,-0.000801,-0.0278129001424736));
#12568=DIRECTION('',(0.,1.,0.));
#12569=VECTOR('',#12568,1.);
#12570=LINE('',#12567,#12569);
#12571=CARTESIAN_POINT('',(-0.0858964466094067,-0.000801,-0.0278129001424736));
#12572=VERTEX_POINT('',#12571);
#12573=EDGE_CURVE('',#12572,#3995,#12570,.T.);
#12574=ORIENTED_EDGE('',*,*,#12573,.F.);
#12575=CARTESIAN_POINT('',(-0.0568546733759402,-0.000801,-0.0568546733759402));
#12576=DIRECTION('',(0.707106781186548,0.,-0.707106781186548));
#12577=VECTOR('',#12576,1.);
#12578=LINE('',#12575,#12577);
#12579=EDGE_CURVE('',#12540,#12572,#12578,.T.);
#12580=ORIENTED_EDGE('',*,*,#12579,.F.);
#12581=ORIENTED_EDGE('',*,*,#12541,.T.);
#12582=EDGE_LOOP('',(#12566,#12574,#12580,#12581));
#12583=FACE_BOUND('',#12582,.T.);
#12584=ADVANCED_FACE('',(#12583),#12565,.F.);
#12585=COLOUR_RGB('',0.694117647058824,0.0980392156862745,0.0980392156862745);
#12586=FILL_AREA_STYLE_COLOUR('',#12585);
#12587=FILL_AREA_STYLE('',(#12586));
#12588=SURFACE_STYLE_FILL_AREA(#12587);
#12589=SURFACE_SIDE_STYLE('',(#12588));
#12590=SURFACE_STYLE_USAGE(.NEGATIVE.,#12589);
#12591=PRESENTATION_STYLE_ASSIGNMENT((#12590));
#12592=STYLED_ITEM('',(#12591),#12584);
#12593=CARTESIAN_POINT('',(-4.46855194184654E-18,-0.000801,-0.0278129001424736));
#12594=DIRECTION('',(1.60664724604628E-16,0.,1.));
#12595=DIRECTION('',(1.,0.,-1.60664724604628E-16));
#12596=AXIS2_PLACEMENT_3D('',#12593,#12594,#12595);
#12597=PLANE('',#12596);
#12598=ORIENTED_EDGE('',*,*,#3996,.T.);
#12599=CARTESIAN_POINT('',(-0.0643021174217683,-0.000801,-0.0278129001424736));
#12600=DIRECTION('',(0.,1.,0.));
#12601=VECTOR('',#12600,1.);
#12602=LINE('',#12599,#12601);
#12603=CARTESIAN_POINT('',(-0.0643021174217683,-0.000801,-0.0278129001424736));
#12604=VERTEX_POINT('',#12603);
#12605=EDGE_CURVE('',#12604,#3987,#12602,.T.);
#12606=ORIENTED_EDGE('',*,*,#12605,.F.);
#12607=CARTESIAN_POINT('',(-4.46855194184654E-18,-0.000801,-0.0278129001424736));
#12608=DIRECTION('',(1.,0.,-1.60664724604628E-16));
#12609=VECTOR('',#12608,1.);
#12610=LINE('',#12607,#12609);
#12611=EDGE_CURVE('',#12572,#12604,#12610,.T.);
#12612=ORIENTED_EDGE('',*,*,#12611,.F.);
#12613=ORIENTED_EDGE('',*,*,#12573,.T.);
#12614=EDGE_LOOP('',(#12598,#12606,#12612,#12613));
#12615=FACE_BOUND('',#12614,.T.);
#12616=ADVANCED_FACE('',(#12615),#12597,.F.);
#12617=COLOUR_RGB('',0.694117647058824,0.0980392156862745,0.0980392156862745);
#12618=FILL_AREA_STYLE_COLOUR('',#12617);
#12619=FILL_AREA_STYLE('',(#12618));
#12620=SURFACE_STYLE_FILL_AREA(#12619);
#12621=SURFACE_SIDE_STYLE('',(#12620));
#12622=SURFACE_STYLE_USAGE(.NEGATIVE.,#12621);
#12623=PRESENTATION_STYLE_ASSIGNMENT((#12622));
#12624=STYLED_ITEM('',(#12623),#12616);
#12625=CARTESIAN_POINT('',(-0.0643021174217683,-0.000801,-0.0391998266896455));
#12626=DIRECTION('',(0.,1.,0.));
#12627=DIRECTION('',(0.,0.,1.));
#12628=AXIS2_PLACEMENT_3D('',#12625,#12626,#12627);
#12629=CYLINDRICAL_SURFACE('',#12628,0.0113869265471719);
#12630=ORIENTED_EDGE('',*,*,#3988,.T.);
#12631=CARTESIAN_POINT('',(-0.0562503444433899,-0.000801,-0.0311480537112671));
#12632=DIRECTION('',(0.,1.,0.));
#12633=VECTOR('',#12632,1.);
#12634=LINE('',#12631,#12633);
#12635=CARTESIAN_POINT('',(-0.0562503444433899,-0.000801,-0.0311480537112671));
#12636=VERTEX_POINT('',#12635);
#12637=EDGE_CURVE('',#12636,#3978,#12634,.T.);
#12638=ORIENTED_EDGE('',*,*,#12637,.F.);
#12639=CARTESIAN_POINT('',(-0.0643021174217683,-0.000801,-0.0391998266896455));
#12640=DIRECTION('',(0.,1.,0.));
#12641=DIRECTION('',(0.,0.,1.));
#12642=AXIS2_PLACEMENT_3D('',#12639,#12640,#12641);
#12643=CIRCLE('',#12642,0.0113869265471719);
#12644=EDGE_CURVE('',#12604,#12636,#12643,.T.);
#12645=ORIENTED_EDGE('',*,*,#12644,.F.);
#12646=ORIENTED_EDGE('',*,*,#12605,.T.);
#12647=EDGE_LOOP('',(#12630,#12638,#12645,#12646));
#12648=FACE_BOUND('',#12647,.T.);
#12649=ADVANCED_FACE('',(#12648),#12629,.F.);
#12650=COLOUR_RGB('',0.694117647058824,0.0980392156862745,0.0980392156862745);
#12651=FILL_AREA_STYLE_COLOUR('',#12650);
#12652=FILL_AREA_STYLE('',(#12651));
#12653=SURFACE_STYLE_FILL_AREA(#12652);
#12654=SURFACE_SIDE_STYLE('',(#12653));
#12655=SURFACE_STYLE_USAGE(.NEGATIVE.,#12654);
#12656=PRESENTATION_STYLE_ASSIGNMENT((#12655));
#12657=STYLED_ITEM('',(#12656),#12649);
#12658=CARTESIAN_POINT('',(-0.0436991990773285,-0.000801,-0.0436991990773285));
#12659=DIRECTION('',(0.707106781186548,0.,0.707106781186547));
#12660=DIRECTION('',(0.707106781186547,0.,-0.707106781186548));
#12661=AXIS2_PLACEMENT_3D('',#12658,#12659,#12660);
#12662=PLANE('',#12661);
#12663=ORIENTED_EDGE('',*,*,#3979,.T.);
#12664=CARTESIAN_POINT('',(-0.0364513545701672,-0.000801,-0.0509470435844898));
#12665=DIRECTION('',(0.,1.,0.));
#12666=VECTOR('',#12665,1.);
#12667=LINE('',#12664,#12666);
#12668=CARTESIAN_POINT('',(-0.0364513545701672,-0.000801,-0.0509470435844898));
#12669=VERTEX_POINT('',#12668);
#12670=EDGE_CURVE('',#12669,#3970,#12667,.T.);
#12671=ORIENTED_EDGE('',*,*,#12670,.F.);
#12672=CARTESIAN_POINT('',(-0.0436991990773285,-0.000801,-0.0436991990773285));
#12673=DIRECTION('',(0.707106781186547,0.,-0.707106781186548));
#12674=VECTOR('',#12673,1.);
#12675=LINE('',#12672,#12674);
#12676=EDGE_CURVE('',#12636,#12669,#12675,.T.);
#12677=ORIENTED_EDGE('',*,*,#12676,.F.);
#12678=ORIENTED_EDGE('',*,*,#12637,.T.);
#12679=EDGE_LOOP('',(#12663,#12671,#12677,#12678));
#12680=FACE_BOUND('',#12679,.T.);
#12681=ADVANCED_FACE('',(#12680),#12662,.F.);
#12682=COLOUR_RGB('',0.694117647058824,0.0980392156862745,0.0980392156862745);
#12683=FILL_AREA_STYLE_COLOUR('',#12682);
#12684=FILL_AREA_STYLE('',(#12683));
#12685=SURFACE_STYLE_FILL_AREA(#12684);
#12686=SURFACE_SIDE_STYLE('',(#12685));
#12687=SURFACE_STYLE_USAGE(.NEGATIVE.,#12686);
#12688=PRESENTATION_STYLE_ASSIGNMENT((#12687));
#12689=STYLED_ITEM('',(#12688),#12681);
#12690=CARTESIAN_POINT('',(-0.0144299718171983,-0.000801,-0.0289256608315223));
#12691=DIRECTION('',(0.,1.,0.));
#12692=DIRECTION('',(0.,0.,1.));
#12693=AXIS2_PLACEMENT_3D('',#12690,#12691,#12692);
#12694=CYLINDRICAL_SURFACE('',#12693,0.0311429381514566);
#12695=ORIENTED_EDGE('',*,*,#3971,.F.);
#12696=CARTESIAN_POINT('',(-0.0144299718171983,-0.000801,-0.0600685989829789));
#12697=DIRECTION('',(0.,1.,0.));
#12698=VECTOR('',#12697,1.);
#12699=LINE('',#12696,#12698);
#12700=CARTESIAN_POINT('',(-0.0144299718171983,-0.000801,-0.0600685989829789));
#12701=VERTEX_POINT('',#12700);
#12702=EDGE_CURVE('',#12701,#3961,#12699,.T.);
#12703=ORIENTED_EDGE('',*,*,#12702,.F.);
#12704=CARTESIAN_POINT('',(-0.0144299718171983,-0.000801,-0.0289256608315223));
#12705=DIRECTION('',(0.,1.,0.));
#12706=DIRECTION('',(0.,0.,1.));
#12707=AXIS2_PLACEMENT_3D('',#12704,#12705,#12706);
#12708=CIRCLE('',#12707,0.0311429381514566);
#12709=EDGE_CURVE('',#12701,#12669,#12708,.T.);
#12710=ORIENTED_EDGE('',*,*,#12709,.T.);
#12711=ORIENTED_EDGE('',*,*,#12670,.T.);
#12712=EDGE_LOOP('',(#12695,#12703,#12710,#12711));
#12713=FACE_BOUND('',#12712,.T.);
#12714=ADVANCED_FACE('',(#12713),#12694,.T.);
#12715=COLOUR_RGB('',0.694117647058824,0.0980392156862745,0.0980392156862745);
#12716=FILL_AREA_STYLE_COLOUR('',#12715);
#12717=FILL_AREA_STYLE('',(#12716));
#12718=SURFACE_STYLE_FILL_AREA(#12717);
#12719=SURFACE_SIDE_STYLE('',(#12718));
#12720=SURFACE_STYLE_USAGE(.NEGATIVE.,#12719);
#12721=PRESENTATION_STYLE_ASSIGNMENT((#12720));
#12722=STYLED_ITEM('',(#12721),#12714);
#12723=CARTESIAN_POINT('',(1.44424965127953E-17,-0.000801,-0.0600685989829789));
#12724=DIRECTION('',(-2.40433383786557E-16,0.,1.));
#12725=DIRECTION('',(1.,0.,2.40433383786557E-16));
#12726=AXIS2_PLACEMENT_3D('',#12723,#12724,#12725);
#12727=PLANE('',#12726);
#12728=ORIENTED_EDGE('',*,*,#3962,.T.);
#12729=CARTESIAN_POINT('',(0.0144299718171981,-0.000801,-0.0600685989829789));
#12730=DIRECTION('',(0.,1.,0.));
#12731=VECTOR('',#12730,1.);
#12732=LINE('',#12729,#12731);
#12733=CARTESIAN_POINT('',(0.0144299718171981,-0.000801,-0.0600685989829789));
#12734=VERTEX_POINT('',#12733);
#12735=EDGE_CURVE('',#12734,#3953,#12732,.T.);
#12736=ORIENTED_EDGE('',*,*,#12735,.F.);
#12737=CARTESIAN_POINT('',(1.44424965127953E-17,-0.000801,-0.0600685989829789));
#12738=DIRECTION('',(1.,0.,2.40433383786557E-16));
#12739=VECTOR('',#12738,1.);
#12740=LINE('',#12737,#12739);
#12741=EDGE_CURVE('',#12701,#12734,#12740,.T.);
#12742=ORIENTED_EDGE('',*,*,#12741,.F.);
#12743=ORIENTED_EDGE('',*,*,#12702,.T.);
#12744=EDGE_LOOP('',(#12728,#12736,#12742,#12743));
#12745=FACE_BOUND('',#12744,.T.);
#12746=ADVANCED_FACE('',(#12745),#12727,.F.);
#12747=COLOUR_RGB('',0.694117647058824,0.0980392156862745,0.0980392156862745);
#12748=FILL_AREA_STYLE_COLOUR('',#12747);
#12749=FILL_AREA_STYLE('',(#12748));
#12750=SURFACE_STYLE_FILL_AREA(#12749);
#12751=SURFACE_SIDE_STYLE('',(#12750));
#12752=SURFACE_STYLE_USAGE(.NEGATIVE.,#12751);
#12753=PRESENTATION_STYLE_ASSIGNMENT((#12752));
#12754=STYLED_ITEM('',(#12753),#12746);
#12755=CARTESIAN_POINT('',(0.0144299718171981,-0.000801,-0.0289256608315222));
#12756=DIRECTION('',(0.,1.,0.));
#12757=DIRECTION('',(0.,0.,1.));
#12758=AXIS2_PLACEMENT_3D('',#12755,#12756,#12757);
#12759=CYLINDRICAL_SURFACE('',#12758,0.0311429381514566);
#12760=ORIENTED_EDGE('',*,*,#3954,.F.);
#12761=CARTESIAN_POINT('',(0.0364513545701662,-0.000801,-0.0509470435844903));
#12762=DIRECTION('',(0.,1.,0.));
#12763=VECTOR('',#12762,1.);
#12764=LINE('',#12761,#12763);
#12765=CARTESIAN_POINT('',(0.0364513545701662,-0.000801,-0.0509470435844903));
#12766=VERTEX_POINT('',#12765);
#12767=EDGE_CURVE('',#12766,#3944,#12764,.T.);
#12768=ORIENTED_EDGE('',*,*,#12767,.F.);
#12769=CARTESIAN_POINT('',(0.0144299718171981,-0.000801,-0.0289256608315222));
#12770=DIRECTION('',(0.,1.,0.));
#12771=DIRECTION('',(0.,0.,1.));
#12772=AXIS2_PLACEMENT_3D('',#12769,#12770,#12771);
#12773=CIRCLE('',#12772,0.0311429381514566);
#12774=EDGE_CURVE('',#12766,#12734,#12773,.T.);
#12775=ORIENTED_EDGE('',*,*,#12774,.T.);
#12776=ORIENTED_EDGE('',*,*,#12735,.T.);
#12777=EDGE_LOOP('',(#12760,#12768,#12775,#12776));
#12778=FACE_BOUND('',#12777,.T.);
#12779=ADVANCED_FACE('',(#12778),#12759,.T.);
#12780=COLOUR_RGB('',0.694117647058824,0.0980392156862745,0.0980392156862745);
#12781=FILL_AREA_STYLE_COLOUR('',#12780);
#12782=FILL_AREA_STYLE('',(#12781));
#12783=SURFACE_STYLE_FILL_AREA(#12782);
#12784=SURFACE_SIDE_STYLE('',(#12783));
#12785=SURFACE_STYLE_USAGE(.NEGATIVE.,#12784);
#12786=PRESENTATION_STYLE_ASSIGNMENT((#12785));
#12787=STYLED_ITEM('',(#12786),#12779);
#12788=CARTESIAN_POINT('',(0.0436991990773283,-0.000801,-0.0436991990773283));
#12789=DIRECTION('',(0.707106781186548,0.,-0.707106781186548));
#12790=DIRECTION('',(-0.707106781186548,0.,-0.707106781186548));
#12791=AXIS2_PLACEMENT_3D('',#12788,#12789,#12790);
#12792=PLANE('',#12791);
#12793=ORIENTED_EDGE('',*,*,#3945,.F.);
#12794=ORIENTED_EDGE('',*,*,#12066,.F.);
#12795=CARTESIAN_POINT('',(0.0436991990773283,-0.000801,-0.0436991990773283));
#12796=DIRECTION('',(-0.707106781186548,0.,-0.707106781186548));
#12797=VECTOR('',#12796,1.);
#12798=LINE('',#12795,#12797);
#12799=EDGE_CURVE('',#12059,#12766,#12798,.T.);
#12800=ORIENTED_EDGE('',*,*,#12799,.T.);
#12801=ORIENTED_EDGE('',*,*,#12767,.T.);
#12802=EDGE_LOOP('',(#12793,#12794,#12800,#12801));
#12803=FACE_BOUND('',#12802,.T.);
#12804=ADVANCED_FACE('',(#12803),#12792,.T.);
#12805=COLOUR_RGB('',0.694117647058824,0.0980392156862745,0.0980392156862745);
#12806=FILL_AREA_STYLE_COLOUR('',#12805);
#12807=FILL_AREA_STYLE('',(#12806));
#12808=SURFACE_STYLE_FILL_AREA(#12807);
#12809=SURFACE_SIDE_STYLE('',(#12808));
#12810=SURFACE_STYLE_USAGE(.NEGATIVE.,#12809);
#12811=PRESENTATION_STYLE_ASSIGNMENT((#12810));
#12812=STYLED_ITEM('',(#12811),#12804);
#12813=CARTESIAN_POINT('',(-0.0643021174217683,-0.000801,-0.0391998266896455));
#12814=DIRECTION('',(0.,1.,0.));
#12815=DIRECTION('',(0.,0.,1.));
#12816=AXIS2_PLACEMENT_3D('',#12813,#12814,#12815);
#12817=CYLINDRICAL_SURFACE('',#12816,0.0130369265471719);
#12818=ORIENTED_EDGE('',*,*,#3394,.F.);
#12819=ORIENTED_EDGE('',*,*,#11317,.F.);
#12820=CARTESIAN_POINT('',(-0.0643021174217683,-0.000801,-0.0391998266896455));
#12821=DIRECTION('',(0.,1.,0.));
#12822=DIRECTION('',(0.,0.,1.));
#12823=AXIS2_PLACEMENT_3D('',#12820,#12821,#12822);
#12824=CIRCLE('',#12823,0.0130369265471719);
#12825=EDGE_CURVE('',#11310,#12018,#12824,.T.);
#12826=ORIENTED_EDGE('',*,*,#12825,.T.);
#12827=ORIENTED_EDGE('',*,*,#12019,.T.);
#12828=EDGE_LOOP('',(#12818,#12819,#12826,#12827));
#12829=FACE_BOUND('',#12828,.T.);
#12830=ADVANCED_FACE('',(#12829),#12817,.T.);
#12831=COLOUR_RGB('',0.694117647058824,0.0980392156862745,0.0980392156862745);
#12832=FILL_AREA_STYLE_COLOUR('',#12831);
#12833=FILL_AREA_STYLE('',(#12832));
#12834=SURFACE_STYLE_FILL_AREA(#12833);
#12835=SURFACE_SIDE_STYLE('',(#12834));
#12836=SURFACE_STYLE_USAGE(.NEGATIVE.,#12835);
#12837=PRESENTATION_STYLE_ASSIGNMENT((#12836));
#12838=STYLED_ITEM('',(#12837),#12830);
#12839=CARTESIAN_POINT('',(0.,-0.000801,0.));
#12840=DIRECTION('',(0.,-1.,0.));
#12841=DIRECTION('',(0.,0.,1.));
#12842=AXIS2_PLACEMENT_3D('',#12839,#12840,#12841);
#12843=PLANE('',#12842);
#12844=ORIENTED_EDGE('',*,*,#12060,.T.);
#12845=ORIENTED_EDGE('',*,*,#12097,.T.);
#12846=ORIENTED_EDGE('',*,*,#12129,.T.);
#12847=ORIENTED_EDGE('',*,*,#12161,.T.);
#12848=ORIENTED_EDGE('',*,*,#12193,.F.);
#12849=ORIENTED_EDGE('',*,*,#12225,.F.);
#12850=ORIENTED_EDGE('',*,*,#12258,.T.);
#12851=ORIENTED_EDGE('',*,*,#12290,.F.);
#12852=ORIENTED_EDGE('',*,*,#12322,.F.);
#12853=ORIENTED_EDGE('',*,*,#12354,.F.);
#12854=ORIENTED_EDGE('',*,*,#12386,.T.);
#12855=ORIENTED_EDGE('',*,*,#12418,.T.);
#12856=ORIENTED_EDGE('',*,*,#12451,.T.);
#12857=ORIENTED_EDGE('',*,*,#12483,.F.);
#12858=ORIENTED_EDGE('',*,*,#12515,.T.);
#12859=ORIENTED_EDGE('',*,*,#12547,.T.);
#12860=ORIENTED_EDGE('',*,*,#12579,.T.);
#12861=ORIENTED_EDGE('',*,*,#12611,.T.);
#12862=ORIENTED_EDGE('',*,*,#12644,.T.);
#12863=ORIENTED_EDGE('',*,*,#12676,.T.);
#12864=ORIENTED_EDGE('',*,*,#12709,.F.);
#12865=ORIENTED_EDGE('',*,*,#12741,.T.);
#12866=ORIENTED_EDGE('',*,*,#12774,.F.);
#12867=ORIENTED_EDGE('',*,*,#12799,.F.);
#12868=EDGE_LOOP('',(#12844,#12845,#12846,#12847,#12848,#12849,#12850,#12851,#12852,#12853,#12854,#12855,#12856,#12857,#12858,#12859,#12860,#12861,#12862,#12863,#12864,#12865,#12866,#12867));
#12869=FACE_BOUND('',#12868,.T.);
#12870=ORIENTED_EDGE('',*,*,#11311,.F.);
#12871=ORIENTED_EDGE('',*,*,#11348,.F.);
#12872=ORIENTED_EDGE('',*,*,#11380,.F.);
#12873=ORIENTED_EDGE('',*,*,#11412,.F.);
#12874=ORIENTED_EDGE('',*,*,#11444,.T.);
#12875=ORIENTED_EDGE('',*,*,#11477,.F.);
#12876=ORIENTED_EDGE('',*,*,#11509,.F.);
#12877=ORIENTED_EDGE('',*,*,#11541,.F.);
#12878=ORIENTED_EDGE('',*,*,#11573,.T.);
#12879=ORIENTED_EDGE('',*,*,#11605,.T.);
#12880=ORIENTED_EDGE('',*,*,#11637,.T.);
#12881=ORIENTED_EDGE('',*,*,#11670,.F.);
#12882=ORIENTED_EDGE('',*,*,#11702,.T.);
#12883=ORIENTED_EDGE('',*,*,#11734,.T.);
#12884=ORIENTED_EDGE('',*,*,#11766,.F.);
#12885=ORIENTED_EDGE('',*,*,#11798,.F.);
#12886=ORIENTED_EDGE('',*,*,#11830,.F.);
#12887=ORIENTED_EDGE('',*,*,#11863,.F.);
#12888=ORIENTED_EDGE('',*,*,#11895,.T.);
#12889=ORIENTED_EDGE('',*,*,#11928,.T.);
#12890=ORIENTED_EDGE('',*,*,#11960,.F.);
#12891=ORIENTED_EDGE('',*,*,#11993,.T.);
#12892=ORIENTED_EDGE('',*,*,#12025,.F.);
#12893=ORIENTED_EDGE('',*,*,#12825,.F.);
#12894=EDGE_LOOP('',(#12870,#12871,#12872,#12873,#12874,#12875,#12876,#12877,#12878,#12879,#12880,#12881,#12882,#12883,#12884,#12885,#12886,#12887,#12888,#12889,#12890,#12891,#12892,#12893));
#12895=FACE_BOUND('',#12894,.T.);
#12896=ADVANCED_FACE('',(#12869,#12895),#12843,.T.);
#12897=COLOUR_RGB('',0.694117647058824,0.0980392156862745,0.0980392156862745);
#12898=FILL_AREA_STYLE_COLOUR('',#12897);
#12899=FILL_AREA_STYLE('',(#12898));
#12900=SURFACE_STYLE_FILL_AREA(#12899);
#12901=SURFACE_SIDE_STYLE('',(#12900));
#12902=SURFACE_STYLE_USAGE(.NEGATIVE.,#12901);
#12903=PRESENTATION_STYLE_ASSIGNMENT((#12902));
#12904=STYLED_ITEM('',(#12903),#12896);
#12905=CARTESIAN_POINT('',(-0.0320319371877506,-0.000801,0.046527626202077));
#12906=DIRECTION('',(0.,1.,0.));
#12907=DIRECTION('',(0.,0.,1.));
#12908=AXIS2_PLACEMENT_3D('',#12905,#12906,#12907);
#12909=CYLINDRICAL_SURFACE('',#12908,0.003);
#12910=CARTESIAN_POINT('',(-0.0320319371877506,-0.000801,0.046527626202077));
#12911=DIRECTION('',(0.,1.,0.));
#12912=DIRECTION('',(0.,0.,1.));
#12913=AXIS2_PLACEMENT_3D('',#12910,#12911,#12912);
#12914=CIRCLE('',#12913,0.003);
#12915=CARTESIAN_POINT('',(-0.0320319371877506,-0.000801,0.043527626202077));
#12916=VERTEX_POINT('',#12915);
#12917=EDGE_CURVE('',#12916,#12916,#12914,.T.);
#12918=ORIENTED_EDGE('',*,*,#12917,.T.);
#12919=EDGE_LOOP('',(#12918));
#12920=FACE_BOUND('',#12919,.T.);
#12921=ORIENTED_EDGE('',*,*,#3576,.F.);
#12922=EDGE_LOOP('',(#12921));
#12923=FACE_BOUND('',#12922,.T.);
#12924=ADVANCED_FACE('',(#12920,#12923),#12909,.T.);
#12925=COLOUR_RGB('',0.694117647058824,0.0980392156862745,0.0980392156862745);
#12926=FILL_AREA_STYLE_COLOUR('',#12925);
#12927=FILL_AREA_STYLE('',(#12926));
#12928=SURFACE_STYLE_FILL_AREA(#12927);
#12929=SURFACE_SIDE_STYLE('',(#12928));
#12930=SURFACE_STYLE_USAGE(.NEGATIVE.,#12929);
#12931=PRESENTATION_STYLE_ASSIGNMENT((#12930));
#12932=STYLED_ITEM('',(#12931),#12924);
#12933=CARTESIAN_POINT('',(0.,-0.000801,0.));
#12934=DIRECTION('',(0.,-1.,0.));
#12935=DIRECTION('',(0.,0.,1.));
#12936=AXIS2_PLACEMENT_3D('',#12933,#12934,#12935);
#12937=PLANE('',#12936);
#12938=ORIENTED_EDGE('',*,*,#8684,.T.);
#12939=EDGE_LOOP('',(#12938));
#12940=FACE_BOUND('',#12939,.T.);
#12941=ORIENTED_EDGE('',*,*,#8648,.T.);
#12942=EDGE_LOOP('',(#12941));
#12943=FACE_BOUND('',#12942,.T.);
#12944=ORIENTED_EDGE('',*,*,#8612,.T.);
#12945=EDGE_LOOP('',(#12944));
#12946=FACE_BOUND('',#12945,.T.);
#12947=ORIENTED_EDGE('',*,*,#8576,.T.);
#12948=EDGE_LOOP('',(#12947));
#12949=FACE_BOUND('',#12948,.T.);
#12950=ORIENTED_EDGE('',*,*,#8540,.T.);
#12951=EDGE_LOOP('',(#12950));
#12952=FACE_BOUND('',#12951,.T.);
#12953=ORIENTED_EDGE('',*,*,#8504,.T.);
#12954=EDGE_LOOP('',(#12953));
#12955=FACE_BOUND('',#12954,.T.);
#12956=ORIENTED_EDGE('',*,*,#6579,.T.);
#12957=EDGE_LOOP('',(#12956));
#12958=FACE_BOUND('',#12957,.T.);
#12959=ORIENTED_EDGE('',*,*,#12917,.F.);
#12960=EDGE_LOOP('',(#12959));
#12961=FACE_BOUND('',#12960,.T.);
#12962=ADVANCED_FACE('',(#12940,#12943,#12946,#12949,#12952,#12955,#12958,#12961),#12937,.T.);
#12963=COLOUR_RGB('',0.694117647058824,0.0980392156862745,0.0980392156862745);
#12964=FILL_AREA_STYLE_COLOUR('',#12963);
#12965=FILL_AREA_STYLE('',(#12964));
#12966=SURFACE_STYLE_FILL_AREA(#12965);
#12967=SURFACE_SIDE_STYLE('',(#12966));
#12968=SURFACE_STYLE_USAGE(.NEGATIVE.,#12967);
#12969=PRESENTATION_STYLE_ASSIGNMENT((#12968));
#12970=STYLED_ITEM('',(#12969),#12962);
#12971=CARTESIAN_POINT('',(-0.0465276262020768,-0.000801,0.0320319371877508));
#12972=DIRECTION('',(0.,1.,0.));
#12973=DIRECTION('',(0.,0.,1.));
#12974=AXIS2_PLACEMENT_3D('',#12971,#12972,#12973);
#12975=CYLINDRICAL_SURFACE('',#12974,0.003);
#12976=CARTESIAN_POINT('',(-0.0465276262020768,-0.000801,0.0320319371877508));
#12977=DIRECTION('',(0.,1.,0.));
#12978=DIRECTION('',(0.,0.,1.));
#12979=AXIS2_PLACEMENT_3D('',#12976,#12977,#12978);
#12980=CIRCLE('',#12979,0.003);
#12981=CARTESIAN_POINT('',(-0.0465276262020768,-0.000801,0.0290319371877508));
#12982=VERTEX_POINT('',#12981);
#12983=EDGE_CURVE('',#12982,#12982,#12980,.T.);
#12984=ORIENTED_EDGE('',*,*,#12983,.T.);
#12985=EDGE_LOOP('',(#12984));
#12986=FACE_BOUND('',#12985,.T.);
#12987=ORIENTED_EDGE('',*,*,#3587,.F.);
#12988=EDGE_LOOP('',(#12987));
#12989=FACE_BOUND('',#12988,.T.);
#12990=ADVANCED_FACE('',(#12986,#12989),#12975,.T.);
#12991=COLOUR_RGB('',0.694117647058824,0.0980392156862745,0.0980392156862745);
#12992=FILL_AREA_STYLE_COLOUR('',#12991);
#12993=FILL_AREA_STYLE('',(#12992));
#12994=SURFACE_STYLE_FILL_AREA(#12993);
#12995=SURFACE_SIDE_STYLE('',(#12994));
#12996=SURFACE_STYLE_USAGE(.NEGATIVE.,#12995);
#12997=PRESENTATION_STYLE_ASSIGNMENT((#12996));
#12998=STYLED_ITEM('',(#12997),#12990);
#12999=CARTESIAN_POINT('',(0.,-0.000801,0.));
#13000=DIRECTION('',(0.,-1.,0.));
#13001=DIRECTION('',(0.,0.,1.));
#13002=AXIS2_PLACEMENT_3D('',#12999,#13000,#13001);
#13003=PLANE('',#13002);
#13004=ORIENTED_EDGE('',*,*,#8966,.T.);
#13005=EDGE_LOOP('',(#13004));
#13006=FACE_BOUND('',#13005,.T.);
#13007=ORIENTED_EDGE('',*,*,#8930,.T.);
#13008=EDGE_LOOP('',(#13007));
#13009=FACE_BOUND('',#13008,.T.);
#13010=ORIENTED_EDGE('',*,*,#8894,.T.);
#13011=EDGE_LOOP('',(#13010));
#13012=FACE_BOUND('',#13011,.T.);
#13013=ORIENTED_EDGE('',*,*,#8858,.T.);
#13014=EDGE_LOOP('',(#13013));
#13015=FACE_BOUND('',#13014,.T.);
#13016=ORIENTED_EDGE('',*,*,#8822,.T.);
#13017=EDGE_LOOP('',(#13016));
#13018=FACE_BOUND('',#13017,.T.);
#13019=ORIENTED_EDGE('',*,*,#8786,.T.);
#13020=EDGE_LOOP('',(#13019));
#13021=FACE_BOUND('',#13020,.T.);
#13022=ORIENTED_EDGE('',*,*,#6551,.T.);
#13023=EDGE_LOOP('',(#13022));
#13024=FACE_BOUND('',#13023,.T.);
#13025=ORIENTED_EDGE('',*,*,#12983,.F.);
#13026=EDGE_LOOP('',(#13025));
#13027=FACE_BOUND('',#13026,.T.);
#13028=ADVANCED_FACE('',(#13006,#13009,#13012,#13015,#13018,#13021,#13024,#13027),#13003,.T.);
#13029=COLOUR_RGB('',0.694117647058824,0.0980392156862745,0.0980392156862745);
#13030=FILL_AREA_STYLE_COLOUR('',#13029);
#13031=FILL_AREA_STYLE('',(#13030));
#13032=SURFACE_STYLE_FILL_AREA(#13031);
#13033=SURFACE_SIDE_STYLE('',(#13032));
#13034=SURFACE_STYLE_USAGE(.NEGATIVE.,#13033);
#13035=PRESENTATION_STYLE_ASSIGNMENT((#13034));
#13036=STYLED_ITEM('',(#13035),#13028);
#13037=CARTESIAN_POINT('',(-0.0465276262020768,-0.000801,-0.0320319371877484));
#13038=DIRECTION('',(0.,1.,0.));
#13039=DIRECTION('',(0.,0.,1.));
#13040=AXIS2_PLACEMENT_3D('',#13037,#13038,#13039);
#13041=CYLINDRICAL_SURFACE('',#13040,0.003);
#13042=CARTESIAN_POINT('',(-0.0465276262020768,-0.000801,-0.0320319371877484));
#13043=DIRECTION('',(0.,1.,0.));
#13044=DIRECTION('',(0.,0.,1.));
#13045=AXIS2_PLACEMENT_3D('',#13042,#13043,#13044);
#13046=CIRCLE('',#13045,0.003);
#13047=CARTESIAN_POINT('',(-0.0465276262020768,-0.000801,-0.0350319371877484));
#13048=VERTEX_POINT('',#13047);
#13049=EDGE_CURVE('',#13048,#13048,#13046,.T.);
#13050=ORIENTED_EDGE('',*,*,#13049,.T.);
#13051=EDGE_LOOP('',(#13050));
#13052=FACE_BOUND('',#13051,.T.);
#13053=ORIENTED_EDGE('',*,*,#3598,.F.);
#13054=EDGE_LOOP('',(#13053));
#13055=FACE_BOUND('',#13054,.T.);
#13056=ADVANCED_FACE('',(#13052,#13055),#13041,.T.);
#13057=COLOUR_RGB('',0.694117647058824,0.0980392156862745,0.0980392156862745);
#13058=FILL_AREA_STYLE_COLOUR('',#13057);
#13059=FILL_AREA_STYLE('',(#13058));
#13060=SURFACE_STYLE_FILL_AREA(#13059);
#13061=SURFACE_SIDE_STYLE('',(#13060));
#13062=SURFACE_STYLE_USAGE(.NEGATIVE.,#13061);
#13063=PRESENTATION_STYLE_ASSIGNMENT((#13062));
#13064=STYLED_ITEM('',(#13063),#13056);
#13065=CARTESIAN_POINT('',(0.,-0.000801,0.));
#13066=DIRECTION('',(0.,-1.,0.));
#13067=DIRECTION('',(0.,0.,1.));
#13068=AXIS2_PLACEMENT_3D('',#13065,#13066,#13067);
#13069=PLANE('',#13068);
#13070=ORIENTED_EDGE('',*,*,#9248,.T.);
#13071=EDGE_LOOP('',(#13070));
#13072=FACE_BOUND('',#13071,.T.);
#13073=ORIENTED_EDGE('',*,*,#9212,.T.);
#13074=EDGE_LOOP('',(#13073));
#13075=FACE_BOUND('',#13074,.T.);
#13076=ORIENTED_EDGE('',*,*,#9176,.T.);
#13077=EDGE_LOOP('',(#13076));
#13078=FACE_BOUND('',#13077,.T.);
#13079=ORIENTED_EDGE('',*,*,#9140,.T.);
#13080=EDGE_LOOP('',(#13079));
#13081=FACE_BOUND('',#13080,.T.);
#13082=ORIENTED_EDGE('',*,*,#9104,.T.);
#13083=EDGE_LOOP('',(#13082));
#13084=FACE_BOUND('',#13083,.T.);
#13085=ORIENTED_EDGE('',*,*,#9068,.T.);
#13086=EDGE_LOOP('',(#13085));
#13087=FACE_BOUND('',#13086,.T.);
#13088=ORIENTED_EDGE('',*,*,#6467,.T.);
#13089=EDGE_LOOP('',(#13088));
#13090=FACE_BOUND('',#13089,.T.);
#13091=ORIENTED_EDGE('',*,*,#13049,.F.);
#13092=EDGE_LOOP('',(#13091));
#13093=FACE_BOUND('',#13092,.T.);
#13094=ADVANCED_FACE('',(#13072,#13075,#13078,#13081,#13084,#13087,#13090,#13093),#13069,.T.);
#13095=COLOUR_RGB('',0.694117647058824,0.0980392156862745,0.0980392156862745);
#13096=FILL_AREA_STYLE_COLOUR('',#13095);
#13097=FILL_AREA_STYLE('',(#13096));
#13098=SURFACE_STYLE_FILL_AREA(#13097);
#13099=SURFACE_SIDE_STYLE('',(#13098));
#13100=SURFACE_STYLE_USAGE(.NEGATIVE.,#13099);
#13101=PRESENTATION_STYLE_ASSIGNMENT((#13100));
#13102=STYLED_ITEM('',(#13101),#13094);
#13103=CARTESIAN_POINT('',(-0.0320319371877506,-0.000801,-0.0465276262020745));
#13104=DIRECTION('',(0.,1.,0.));
#13105=DIRECTION('',(0.,0.,1.));
#13106=AXIS2_PLACEMENT_3D('',#13103,#13104,#13105);
#13107=CYLINDRICAL_SURFACE('',#13106,0.003);
#13108=CARTESIAN_POINT('',(-0.0320319371877506,-0.000801,-0.0465276262020745));
#13109=DIRECTION('',(0.,1.,0.));
#13110=DIRECTION('',(0.,0.,1.));
#13111=AXIS2_PLACEMENT_3D('',#13108,#13109,#13110);
#13112=CIRCLE('',#13111,0.003);
#13113=CARTESIAN_POINT('',(-0.0320319371877506,-0.000801,-0.0495276262020745));
#13114=VERTEX_POINT('',#13113);
#13115=EDGE_CURVE('',#13114,#13114,#13112,.T.);
#13116=ORIENTED_EDGE('',*,*,#13115,.T.);
#13117=EDGE_LOOP('',(#13116));
#13118=FACE_BOUND('',#13117,.T.);
#13119=ORIENTED_EDGE('',*,*,#3609,.F.);
#13120=EDGE_LOOP('',(#13119));
#13121=FACE_BOUND('',#13120,.T.);
#13122=ADVANCED_FACE('',(#13118,#13121),#13107,.T.);
#13123=COLOUR_RGB('',0.694117647058824,0.0980392156862745,0.0980392156862745);
#13124=FILL_AREA_STYLE_COLOUR('',#13123);
#13125=FILL_AREA_STYLE('',(#13124));
#13126=SURFACE_STYLE_FILL_AREA(#13125);
#13127=SURFACE_SIDE_STYLE('',(#13126));
#13128=SURFACE_STYLE_USAGE(.NEGATIVE.,#13127);
#13129=PRESENTATION_STYLE_ASSIGNMENT((#13128));
#13130=STYLED_ITEM('',(#13129),#13122);
#13131=CARTESIAN_POINT('',(0.,-0.000801,0.));
#13132=DIRECTION('',(0.,-1.,0.));
#13133=DIRECTION('',(0.,0.,1.));
#13134=AXIS2_PLACEMENT_3D('',#13131,#13132,#13133);
#13135=PLANE('',#13134);
#13136=ORIENTED_EDGE('',*,*,#9530,.T.);
#13137=EDGE_LOOP('',(#13136));
#13138=FACE_BOUND('',#13137,.T.);
#13139=ORIENTED_EDGE('',*,*,#9494,.T.);
#13140=EDGE_LOOP('',(#13139));
#13141=FACE_BOUND('',#13140,.T.);
#13142=ORIENTED_EDGE('',*,*,#9458,.T.);
#13143=EDGE_LOOP('',(#13142));
#13144=FACE_BOUND('',#13143,.T.);
#13145=ORIENTED_EDGE('',*,*,#9422,.T.);
#13146=EDGE_LOOP('',(#13145));
#13147=FACE_BOUND('',#13146,.T.);
#13148=ORIENTED_EDGE('',*,*,#9386,.T.);
#13149=EDGE_LOOP('',(#13148));
#13150=FACE_BOUND('',#13149,.T.);
#13151=ORIENTED_EDGE('',*,*,#9350,.T.);
#13152=EDGE_LOOP('',(#13151));
#13153=FACE_BOUND('',#13152,.T.);
#13154=ORIENTED_EDGE('',*,*,#6439,.T.);
#13155=EDGE_LOOP('',(#13154));
#13156=FACE_BOUND('',#13155,.T.);
#13157=ORIENTED_EDGE('',*,*,#13115,.F.);
#13158=EDGE_LOOP('',(#13157));
#13159=FACE_BOUND('',#13158,.T.);
#13160=ADVANCED_FACE('',(#13138,#13141,#13144,#13147,#13150,#13153,#13156,#13159),#13135,.T.);
#13161=COLOUR_RGB('',0.694117647058824,0.0980392156862745,0.0980392156862745);
#13162=FILL_AREA_STYLE_COLOUR('',#13161);
#13163=FILL_AREA_STYLE('',(#13162));
#13164=SURFACE_STYLE_FILL_AREA(#13163);
#13165=SURFACE_SIDE_STYLE('',(#13164));
#13166=SURFACE_STYLE_USAGE(.NEGATIVE.,#13165);
#13167=PRESENTATION_STYLE_ASSIGNMENT((#13166));
#13168=STYLED_ITEM('',(#13167),#13160);
#13169=CARTESIAN_POINT('',(0.0320319371877486,-0.000801,-0.0465276262020746));
#13170=DIRECTION('',(0.,1.,0.));
#13171=DIRECTION('',(0.,0.,1.));
#13172=AXIS2_PLACEMENT_3D('',#13169,#13170,#13171);
#13173=CYLINDRICAL_SURFACE('',#13172,0.003);
#13174=CARTESIAN_POINT('',(0.0320319371877486,-0.000801,-0.0465276262020746));
#13175=DIRECTION('',(0.,1.,0.));
#13176=DIRECTION('',(0.,0.,1.));
#13177=AXIS2_PLACEMENT_3D('',#13174,#13175,#13176);
#13178=CIRCLE('',#13177,0.003);
#13179=CARTESIAN_POINT('',(0.0320319371877486,-0.000801,-0.0495276262020746));
#13180=VERTEX_POINT('',#13179);
#13181=EDGE_CURVE('',#13180,#13180,#13178,.T.);
#13182=ORIENTED_EDGE('',*,*,#13181,.T.);
#13183=EDGE_LOOP('',(#13182));
#13184=FACE_BOUND('',#13183,.T.);
#13185=ORIENTED_EDGE('',*,*,#3620,.F.);
#13186=EDGE_LOOP('',(#13185));
#13187=FACE_BOUND('',#13186,.T.);
#13188=ADVANCED_FACE('',(#13184,#13187),#13173,.T.);
#13189=COLOUR_RGB('',0.694117647058824,0.0980392156862745,0.0980392156862745);
#13190=FILL_AREA_STYLE_COLOUR('',#13189);
#13191=FILL_AREA_STYLE('',(#13190));
#13192=SURFACE_STYLE_FILL_AREA(#13191);
#13193=SURFACE_SIDE_STYLE('',(#13192));
#13194=SURFACE_STYLE_USAGE(.NEGATIVE.,#13193);
#13195=PRESENTATION_STYLE_ASSIGNMENT((#13194));
#13196=STYLED_ITEM('',(#13195),#13188);
#13197=CARTESIAN_POINT('',(0.,-0.000801,0.));
#13198=DIRECTION('',(0.,-1.,0.));
#13199=DIRECTION('',(0.,0.,1.));
#13200=AXIS2_PLACEMENT_3D('',#13197,#13198,#13199);
#13201=PLANE('',#13200);
#13202=ORIENTED_EDGE('',*,*,#9812,.T.);
#13203=EDGE_LOOP('',(#13202));
#13204=FACE_BOUND('',#13203,.T.);
#13205=ORIENTED_EDGE('',*,*,#9776,.T.);
#13206=EDGE_LOOP('',(#13205));
#13207=FACE_BOUND('',#13206,.T.);
#13208=ORIENTED_EDGE('',*,*,#9740,.T.);
#13209=EDGE_LOOP('',(#13208));
#13210=FACE_BOUND('',#13209,.T.);
#13211=ORIENTED_EDGE('',*,*,#9704,.T.);
#13212=EDGE_LOOP('',(#13211));
#13213=FACE_BOUND('',#13212,.T.);
#13214=ORIENTED_EDGE('',*,*,#9668,.T.);
#13215=EDGE_LOOP('',(#13214));
#13216=FACE_BOUND('',#13215,.T.);
#13217=ORIENTED_EDGE('',*,*,#9632,.T.);
#13218=EDGE_LOOP('',(#13217));
#13219=FACE_BOUND('',#13218,.T.);
#13220=ORIENTED_EDGE('',*,*,#6607,.T.);
#13221=EDGE_LOOP('',(#13220));
#13222=FACE_BOUND('',#13221,.T.);
#13223=ORIENTED_EDGE('',*,*,#13181,.F.);
#13224=EDGE_LOOP('',(#13223));
#13225=FACE_BOUND('',#13224,.T.);
#13226=ADVANCED_FACE('',(#13204,#13207,#13210,#13213,#13216,#13219,#13222,#13225),#13201,.T.);
#13227=COLOUR_RGB('',0.694117647058824,0.0980392156862745,0.0980392156862745);
#13228=FILL_AREA_STYLE_COLOUR('',#13227);
#13229=FILL_AREA_STYLE('',(#13228));
#13230=SURFACE_STYLE_FILL_AREA(#13229);
#13231=SURFACE_SIDE_STYLE('',(#13230));
#13232=SURFACE_STYLE_USAGE(.NEGATIVE.,#13231);
#13233=PRESENTATION_STYLE_ASSIGNMENT((#13232));
#13234=STYLED_ITEM('',(#13233),#13226);
#13235=CARTESIAN_POINT('',(0.0465276262020748,-0.000801,-0.0320319371877484));
#13236=DIRECTION('',(0.,1.,0.));
#13237=DIRECTION('',(0.,0.,1.));
#13238=AXIS2_PLACEMENT_3D('',#13235,#13236,#13237);
#13239=CYLINDRICAL_SURFACE('',#13238,0.003);
#13240=CARTESIAN_POINT('',(0.0465276262020748,-0.000801,-0.0320319371877484));
#13241=DIRECTION('',(0.,1.,0.));
#13242=DIRECTION('',(0.,0.,1.));
#13243=AXIS2_PLACEMENT_3D('',#13240,#13241,#13242);
#13244=CIRCLE('',#13243,0.003);
#13245=CARTESIAN_POINT('',(0.0465276262020748,-0.000801,-0.0350319371877484));
#13246=VERTEX_POINT('',#13245);
#13247=EDGE_CURVE('',#13246,#13246,#13244,.T.);
#13248=ORIENTED_EDGE('',*,*,#13247,.T.);
#13249=EDGE_LOOP('',(#13248));
#13250=FACE_BOUND('',#13249,.T.);
#13251=ORIENTED_EDGE('',*,*,#3631,.F.);
#13252=EDGE_LOOP('',(#13251));
#13253=FACE_BOUND('',#13252,.T.);
#13254=ADVANCED_FACE('',(#13250,#13253),#13239,.T.);
#13255=COLOUR_RGB('',0.694117647058824,0.0980392156862745,0.0980392156862745);
#13256=FILL_AREA_STYLE_COLOUR('',#13255);
#13257=FILL_AREA_STYLE('',(#13256));
#13258=SURFACE_STYLE_FILL_AREA(#13257);
#13259=SURFACE_SIDE_STYLE('',(#13258));
#13260=SURFACE_STYLE_USAGE(.NEGATIVE.,#13259);
#13261=PRESENTATION_STYLE_ASSIGNMENT((#13260));
#13262=STYLED_ITEM('',(#13261),#13254);
#13263=CARTESIAN_POINT('',(0.,-0.000801,0.));
#13264=DIRECTION('',(0.,-1.,0.));
#13265=DIRECTION('',(0.,0.,1.));
#13266=AXIS2_PLACEMENT_3D('',#13263,#13264,#13265);
#13267=PLANE('',#13266);
#13268=ORIENTED_EDGE('',*,*,#10094,.T.);
#13269=EDGE_LOOP('',(#13268));
#13270=FACE_BOUND('',#13269,.T.);
#13271=ORIENTED_EDGE('',*,*,#10058,.T.);
#13272=EDGE_LOOP('',(#13271));
#13273=FACE_BOUND('',#13272,.T.);
#13274=ORIENTED_EDGE('',*,*,#10022,.T.);
#13275=EDGE_LOOP('',(#13274));
#13276=FACE_BOUND('',#13275,.T.);
#13277=ORIENTED_EDGE('',*,*,#9986,.T.);
#13278=EDGE_LOOP('',(#13277));
#13279=FACE_BOUND('',#13278,.T.);
#13280=ORIENTED_EDGE('',*,*,#9950,.T.);
#13281=EDGE_LOOP('',(#13280));
#13282=FACE_BOUND('',#13281,.T.);
#13283=ORIENTED_EDGE('',*,*,#9914,.T.);
#13284=EDGE_LOOP('',(#13283));
#13285=FACE_BOUND('',#13284,.T.);
#13286=ORIENTED_EDGE('',*,*,#6635,.T.);
#13287=EDGE_LOOP('',(#13286));
#13288=FACE_BOUND('',#13287,.T.);
#13289=ORIENTED_EDGE('',*,*,#13247,.F.);
#13290=EDGE_LOOP('',(#13289));
#13291=FACE_BOUND('',#13290,.T.);
#13292=ADVANCED_FACE('',(#13270,#13273,#13276,#13279,#13282,#13285,#13288,#13291),#13267,.T.);
#13293=COLOUR_RGB('',0.694117647058824,0.0980392156862745,0.0980392156862745);
#13294=FILL_AREA_STYLE_COLOUR('',#13293);
#13295=FILL_AREA_STYLE('',(#13294));
#13296=SURFACE_STYLE_FILL_AREA(#13295);
#13297=SURFACE_SIDE_STYLE('',(#13296));
#13298=SURFACE_STYLE_USAGE(.NEGATIVE.,#13297);
#13299=PRESENTATION_STYLE_ASSIGNMENT((#13298));
#13300=STYLED_ITEM('',(#13299),#13292);
#13301=CARTESIAN_POINT('',(0.0465276262020748,-0.000801,0.0320319371877509));
#13302=DIRECTION('',(0.,1.,0.));
#13303=DIRECTION('',(0.,0.,1.));
#13304=AXIS2_PLACEMENT_3D('',#13301,#13302,#13303);
#13305=CYLINDRICAL_SURFACE('',#13304,0.003);
#13306=CARTESIAN_POINT('',(0.0465276262020748,-0.000801,0.0320319371877509));
#13307=DIRECTION('',(0.,1.,0.));
#13308=DIRECTION('',(0.,0.,1.));
#13309=AXIS2_PLACEMENT_3D('',#13306,#13307,#13308);
#13310=CIRCLE('',#13309,0.003);
#13311=CARTESIAN_POINT('',(0.0465276262020748,-0.000801,0.0290319371877509));
#13312=VERTEX_POINT('',#13311);
#13313=EDGE_CURVE('',#13312,#13312,#13310,.T.);
#13314=ORIENTED_EDGE('',*,*,#13313,.T.);
#13315=EDGE_LOOP('',(#13314));
#13316=FACE_BOUND('',#13315,.T.);
#13317=ORIENTED_EDGE('',*,*,#3642,.F.);
#13318=EDGE_LOOP('',(#13317));
#13319=FACE_BOUND('',#13318,.T.);
#13320=ADVANCED_FACE('',(#13316,#13319),#13305,.T.);
#13321=COLOUR_RGB('',0.694117647058824,0.0980392156862745,0.0980392156862745);
#13322=FILL_AREA_STYLE_COLOUR('',#13321);
#13323=FILL_AREA_STYLE('',(#13322));
#13324=SURFACE_STYLE_FILL_AREA(#13323);
#13325=SURFACE_SIDE_STYLE('',(#13324));
#13326=SURFACE_STYLE_USAGE(.NEGATIVE.,#13325);
#13327=PRESENTATION_STYLE_ASSIGNMENT((#13326));
#13328=STYLED_ITEM('',(#13327),#13320);
#13329=CARTESIAN_POINT('',(0.,-0.000801,0.));
#13330=DIRECTION('',(0.,-1.,0.));
#13331=DIRECTION('',(0.,0.,1.));
#13332=AXIS2_PLACEMENT_3D('',#13329,#13330,#13331);
#13333=PLANE('',#13332);
#13334=ORIENTED_EDGE('',*,*,#10376,.T.);
#13335=EDGE_LOOP('',(#13334));
#13336=FACE_BOUND('',#13335,.T.);
#13337=ORIENTED_EDGE('',*,*,#10340,.T.);
#13338=EDGE_LOOP('',(#13337));
#13339=FACE_BOUND('',#13338,.T.);
#13340=ORIENTED_EDGE('',*,*,#10304,.T.);
#13341=EDGE_LOOP('',(#13340));
#13342=FACE_BOUND('',#13341,.T.);
#13343=ORIENTED_EDGE('',*,*,#10268,.T.);
#13344=EDGE_LOOP('',(#13343));
#13345=FACE_BOUND('',#13344,.T.);
#13346=ORIENTED_EDGE('',*,*,#10232,.T.);
#13347=EDGE_LOOP('',(#13346));
#13348=FACE_BOUND('',#13347,.T.);
#13349=ORIENTED_EDGE('',*,*,#10196,.T.);
#13350=EDGE_LOOP('',(#13349));
#13351=FACE_BOUND('',#13350,.T.);
#13352=ORIENTED_EDGE('',*,*,#6495,.T.);
#13353=EDGE_LOOP('',(#13352));
#13354=FACE_BOUND('',#13353,.T.);
#13355=ORIENTED_EDGE('',*,*,#13313,.F.);
#13356=EDGE_LOOP('',(#13355));
#13357=FACE_BOUND('',#13356,.T.);
#13358=ADVANCED_FACE('',(#13336,#13339,#13342,#13345,#13348,#13351,#13354,#13357),#13333,.T.);
#13359=COLOUR_RGB('',0.694117647058824,0.0980392156862745,0.0980392156862745);
#13360=FILL_AREA_STYLE_COLOUR('',#13359);
#13361=FILL_AREA_STYLE('',(#13360));
#13362=SURFACE_STYLE_FILL_AREA(#13361);
#13363=SURFACE_SIDE_STYLE('',(#13362));
#13364=SURFACE_STYLE_USAGE(.NEGATIVE.,#13363);
#13365=PRESENTATION_STYLE_ASSIGNMENT((#13364));
#13366=STYLED_ITEM('',(#13365),#13358);
#13367=CARTESIAN_POINT('',(0.0320319371877486,-0.000801,0.046527626202077));
#13368=DIRECTION('',(0.,1.,0.));
#13369=DIRECTION('',(0.,0.,1.));
#13370=AXIS2_PLACEMENT_3D('',#13367,#13368,#13369);
#13371=CYLINDRICAL_SURFACE('',#13370,0.003);
#13372=CARTESIAN_POINT('',(0.0320319371877486,-0.000801,0.046527626202077));
#13373=DIRECTION('',(0.,1.,0.));
#13374=DIRECTION('',(0.,0.,1.));
#13375=AXIS2_PLACEMENT_3D('',#13372,#13373,#13374);
#13376=CIRCLE('',#13375,0.003);
#13377=CARTESIAN_POINT('',(0.0320319371877486,-0.000801,0.043527626202077));
#13378=VERTEX_POINT('',#13377);
#13379=EDGE_CURVE('',#13378,#13378,#13376,.T.);
#13380=ORIENTED_EDGE('',*,*,#13379,.T.);
#13381=EDGE_LOOP('',(#13380));
#13382=FACE_BOUND('',#13381,.T.);
#13383=ORIENTED_EDGE('',*,*,#3653,.F.);
#13384=EDGE_LOOP('',(#13383));
#13385=FACE_BOUND('',#13384,.T.);
#13386=ADVANCED_FACE('',(#13382,#13385),#13371,.T.);
#13387=COLOUR_RGB('',0.694117647058824,0.0980392156862745,0.0980392156862745);
#13388=FILL_AREA_STYLE_COLOUR('',#13387);
#13389=FILL_AREA_STYLE('',(#13388));
#13390=SURFACE_STYLE_FILL_AREA(#13389);
#13391=SURFACE_SIDE_STYLE('',(#13390));
#13392=SURFACE_STYLE_USAGE(.NEGATIVE.,#13391);
#13393=PRESENTATION_STYLE_ASSIGNMENT((#13392));
#13394=STYLED_ITEM('',(#13393),#13386);
#13395=CARTESIAN_POINT('',(0.,-0.000801,0.));
#13396=DIRECTION('',(0.,-1.,0.));
#13397=DIRECTION('',(0.,0.,1.));
#13398=AXIS2_PLACEMENT_3D('',#13395,#13396,#13397);
#13399=PLANE('',#13398);
#13400=ORIENTED_EDGE('',*,*,#10658,.T.);
#13401=EDGE_LOOP('',(#13400));
#13402=FACE_BOUND('',#13401,.T.);
#13403=ORIENTED_EDGE('',*,*,#10622,.T.);
#13404=EDGE_LOOP('',(#13403));
#13405=FACE_BOUND('',#13404,.T.);
#13406=ORIENTED_EDGE('',*,*,#10586,.T.);
#13407=EDGE_LOOP('',(#13406));
#13408=FACE_BOUND('',#13407,.T.);
#13409=ORIENTED_EDGE('',*,*,#10550,.T.);
#13410=EDGE_LOOP('',(#13409));
#13411=FACE_BOUND('',#13410,.T.);
#13412=ORIENTED_EDGE('',*,*,#10514,.T.);
#13413=EDGE_LOOP('',(#13412));
#13414=FACE_BOUND('',#13413,.T.);
#13415=ORIENTED_EDGE('',*,*,#10478,.T.);
#13416=EDGE_LOOP('',(#13415));
#13417=FACE_BOUND('',#13416,.T.);
#13418=ORIENTED_EDGE('',*,*,#6523,.T.);
#13419=EDGE_LOOP('',(#13418));
#13420=FACE_BOUND('',#13419,.T.);
#13421=ORIENTED_EDGE('',*,*,#13379,.F.);
#13422=EDGE_LOOP('',(#13421));
#13423=FACE_BOUND('',#13422,.T.);
#13424=ADVANCED_FACE('',(#13402,#13405,#13408,#13411,#13414,#13417,#13420,#13423),#13399,.T.);
#13425=COLOUR_RGB('',0.694117647058824,0.0980392156862745,0.0980392156862745);
#13426=FILL_AREA_STYLE_COLOUR('',#13425);
#13427=FILL_AREA_STYLE('',(#13426));
#13428=SURFACE_STYLE_FILL_AREA(#13427);
#13429=SURFACE_SIDE_STYLE('',(#13428));
#13430=SURFACE_STYLE_USAGE(.NEGATIVE.,#13429);
#13431=PRESENTATION_STYLE_ASSIGNMENT((#13430));
#13432=STYLED_ITEM('',(#13431),#13424);
#13433=CARTESIAN_POINT('',(0.,-0.000801,0.0336314010170212));
#13434=DIRECTION('',(0.,0.,1.));
#13435=DIRECTION('',(1.,0.,0.));
#13436=AXIS2_PLACEMENT_3D('',#13433,#13434,#13435);
#13437=PLANE('',#13436);
#13438=ORIENTED_EDGE('',*,*,#3665,.T.);
#13439=CARTESIAN_POINT('',(0.013,-0.000801,0.0336314010170212));
#13440=DIRECTION('',(0.,1.,0.));
#13441=VECTOR('',#13440,1.);
#13442=LINE('',#13439,#13441);
#13443=CARTESIAN_POINT('',(0.013,-0.000801,0.0336314010170212));
#13444=VERTEX_POINT('',#13443);
#13445=EDGE_CURVE('',#13444,#3664,#13442,.T.);
#13446=ORIENTED_EDGE('',*,*,#13445,.F.);
#13447=CARTESIAN_POINT('',(0.,-0.000801,0.0336314010170212));
#13448=DIRECTION('',(1.,0.,0.));
#13449=VECTOR('',#13448,1.);
#13450=LINE('',#13447,#13449);
#13451=CARTESIAN_POINT('',(-0.013,-0.000801,0.0336314010170212));
#13452=VERTEX_POINT('',#13451);
#13453=EDGE_CURVE('',#13452,#13444,#13450,.T.);
#13454=ORIENTED_EDGE('',*,*,#13453,.F.);
#13455=CARTESIAN_POINT('',(-0.013,-0.000801,0.0336314010170212));
#13456=DIRECTION('',(0.,1.,0.));
#13457=VECTOR('',#13456,1.);
#13458=LINE('',#13455,#13457);
#13459=EDGE_CURVE('',#13452,#3662,#13458,.T.);
#13460=ORIENTED_EDGE('',*,*,#13459,.T.);
#13461=EDGE_LOOP('',(#13438,#13446,#13454,#13460));
#13462=FACE_BOUND('',#13461,.T.);
#13463=ADVANCED_FACE('',(#13462),#13437,.F.);
#13464=COLOUR_RGB('',0.694117647058824,0.0980392156862745,0.0980392156862745);
#13465=FILL_AREA_STYLE_COLOUR('',#13464);
#13466=FILL_AREA_STYLE('',(#13465));
#13467=SURFACE_STYLE_FILL_AREA(#13466);
#13468=SURFACE_SIDE_STYLE('',(#13467));
#13469=SURFACE_STYLE_USAGE(.NEGATIVE.,#13468);
#13470=PRESENTATION_STYLE_ASSIGNMENT((#13469));
#13471=STYLED_ITEM('',(#13470),#13463);
#13472=CARTESIAN_POINT('',(0.013,-0.000801,0.0386814010170211));
#13473=DIRECTION('',(0.,1.,0.));
#13474=DIRECTION('',(0.,0.,1.));
#13475=AXIS2_PLACEMENT_3D('',#13472,#13473,#13474);
#13476=CYLINDRICAL_SURFACE('',#13475,0.00504999999999996);
#13477=ORIENTED_EDGE('',*,*,#3723,.F.);
#13478=CARTESIAN_POINT('',(0.01805,-0.000801,0.0386814010170211));
#13479=DIRECTION('',(0.,1.,0.));
#13480=VECTOR('',#13479,1.);
#13481=LINE('',#13478,#13480);
#13482=CARTESIAN_POINT('',(0.01805,-0.000801,0.0386814010170211));
#13483=VERTEX_POINT('',#13482);
#13484=EDGE_CURVE('',#13483,#3715,#13481,.T.);
#13485=ORIENTED_EDGE('',*,*,#13484,.F.);
#13486=CARTESIAN_POINT('',(0.013,-0.000801,0.0386814010170211));
#13487=DIRECTION('',(0.,1.,0.));
#13488=DIRECTION('',(0.,0.,1.));
#13489=AXIS2_PLACEMENT_3D('',#13486,#13487,#13488);
#13490=CIRCLE('',#13489,0.00504999999999996);
#13491=EDGE_CURVE('',#13483,#13444,#13490,.T.);
#13492=ORIENTED_EDGE('',*,*,#13491,.T.);
#13493=ORIENTED_EDGE('',*,*,#13445,.T.);
#13494=EDGE_LOOP('',(#13477,#13485,#13492,#13493));
#13495=FACE_BOUND('',#13494,.T.);
#13496=ADVANCED_FACE('',(#13495),#13476,.T.);
#13497=COLOUR_RGB('',0.694117647058824,0.0980392156862745,0.0980392156862745);
#13498=FILL_AREA_STYLE_COLOUR('',#13497);
#13499=FILL_AREA_STYLE('',(#13498));
#13500=SURFACE_STYLE_FILL_AREA(#13499);
#13501=SURFACE_SIDE_STYLE('',(#13500));
#13502=SURFACE_STYLE_USAGE(.NEGATIVE.,#13501);
#13503=PRESENTATION_STYLE_ASSIGNMENT((#13502));
#13504=STYLED_ITEM('',(#13503),#13496);
#13505=CARTESIAN_POINT('',(0.0180499999999997,-0.000801,-1.14809782051729E-16));
#13506=DIRECTION('',(1.,0.,-6.36065274524826E-15));
#13507=DIRECTION('',(-6.36065274524826E-15,0.,-1.));
#13508=AXIS2_PLACEMENT_3D('',#13505,#13506,#13507);
#13509=PLANE('',#13508);
#13510=ORIENTED_EDGE('',*,*,#3716,.F.);
#13511=CARTESIAN_POINT('',(0.01805,-0.000801,0.0446814010170212));
#13512=DIRECTION('',(0.,1.,0.));
#13513=VECTOR('',#13512,1.);
#13514=LINE('',#13511,#13513);
#13515=CARTESIAN_POINT('',(0.01805,-0.000801,0.0446814010170212));
#13516=VERTEX_POINT('',#13515);
#13517=EDGE_CURVE('',#13516,#3707,#13514,.T.);
#13518=ORIENTED_EDGE('',*,*,#13517,.F.);
#13519=CARTESIAN_POINT('',(0.0180499999999997,-0.000801,-1.14809782051729E-16));
#13520=DIRECTION('',(-6.36065274524826E-15,0.,-1.));
#13521=VECTOR('',#13520,1.);
#13522=LINE('',#13519,#13521);
#13523=EDGE_CURVE('',#13516,#13483,#13522,.T.);
#13524=ORIENTED_EDGE('',*,*,#13523,.T.);
#13525=ORIENTED_EDGE('',*,*,#13484,.T.);
#13526=EDGE_LOOP('',(#13510,#13518,#13524,#13525));
#13527=FACE_BOUND('',#13526,.T.);
#13528=ADVANCED_FACE('',(#13527),#13509,.T.);
#13529=COLOUR_RGB('',0.694117647058824,0.0980392156862745,0.0980392156862745);
#13530=FILL_AREA_STYLE_COLOUR('',#13529);
#13531=FILL_AREA_STYLE('',(#13530));
#13532=SURFACE_STYLE_FILL_AREA(#13531);
#13533=SURFACE_SIDE_STYLE('',(#13532));
#13534=SURFACE_STYLE_USAGE(.NEGATIVE.,#13533);
#13535=PRESENTATION_STYLE_ASSIGNMENT((#13534));
#13536=STYLED_ITEM('',(#13535),#13528);
#13537=CARTESIAN_POINT('',(0.013,-0.000801,0.0446814010170212));
#13538=DIRECTION('',(0.,1.,0.));
#13539=DIRECTION('',(0.,0.,1.));
#13540=AXIS2_PLACEMENT_3D('',#13537,#13538,#13539);
#13541=CYLINDRICAL_SURFACE('',#13540,0.00504999999999996);
#13542=ORIENTED_EDGE('',*,*,#3708,.F.);
#13543=CARTESIAN_POINT('',(0.013,-0.000801,0.0497314010170211));
#13544=DIRECTION('',(0.,1.,0.));
#13545=VECTOR('',#13544,1.);
#13546=LINE('',#13543,#13545);
#13547=CARTESIAN_POINT('',(0.013,-0.000801,0.0497314010170211));
#13548=VERTEX_POINT('',#13547);
#13549=EDGE_CURVE('',#13548,#3698,#13546,.T.);
#13550=ORIENTED_EDGE('',*,*,#13549,.F.);
#13551=CARTESIAN_POINT('',(0.013,-0.000801,0.0446814010170212));
#13552=DIRECTION('',(0.,1.,0.));
#13553=DIRECTION('',(0.,0.,1.));
#13554=AXIS2_PLACEMENT_3D('',#13551,#13552,#13553);
#13555=CIRCLE('',#13554,0.00504999999999996);
#13556=EDGE_CURVE('',#13548,#13516,#13555,.T.);
#13557=ORIENTED_EDGE('',*,*,#13556,.T.);
#13558=ORIENTED_EDGE('',*,*,#13517,.T.);
#13559=EDGE_LOOP('',(#13542,#13550,#13557,#13558));
#13560=FACE_BOUND('',#13559,.T.);
#13561=ADVANCED_FACE('',(#13560),#13541,.T.);
#13562=COLOUR_RGB('',0.694117647058824,0.0980392156862745,0.0980392156862745);
#13563=FILL_AREA_STYLE_COLOUR('',#13562);
#13564=FILL_AREA_STYLE('',(#13563));
#13565=SURFACE_STYLE_FILL_AREA(#13564);
#13566=SURFACE_SIDE_STYLE('',(#13565));
#13567=SURFACE_STYLE_USAGE(.NEGATIVE.,#13566);
#13568=PRESENTATION_STYLE_ASSIGNMENT((#13567));
#13569=STYLED_ITEM('',(#13568),#13561);
#13570=CARTESIAN_POINT('',(0.,-0.000801,0.0497314010170211));
#13571=DIRECTION('',(0.,0.,1.));
#13572=DIRECTION('',(1.,0.,0.));
#13573=AXIS2_PLACEMENT_3D('',#13570,#13571,#13572);
#13574=PLANE('',#13573);
#13575=ORIENTED_EDGE('',*,*,#3699,.F.);
#13576=CARTESIAN_POINT('',(-0.013,-0.000801,0.0497314010170211));
#13577=DIRECTION('',(0.,1.,0.));
#13578=VECTOR('',#13577,1.);
#13579=LINE('',#13576,#13578);
#13580=CARTESIAN_POINT('',(-0.013,-0.000801,0.0497314010170211));
#13581=VERTEX_POINT('',#13580);
#13582=EDGE_CURVE('',#13581,#3690,#13579,.T.);
#13583=ORIENTED_EDGE('',*,*,#13582,.F.);
#13584=CARTESIAN_POINT('',(0.,-0.000801,0.0497314010170211));
#13585=DIRECTION('',(1.,0.,0.));
#13586=VECTOR('',#13585,1.);
#13587=LINE('',#13584,#13586);
#13588=EDGE_CURVE('',#13581,#13548,#13587,.T.);
#13589=ORIENTED_EDGE('',*,*,#13588,.T.);
#13590=ORIENTED_EDGE('',*,*,#13549,.T.);
#13591=EDGE_LOOP('',(#13575,#13583,#13589,#13590));
#13592=FACE_BOUND('',#13591,.T.);
#13593=ADVANCED_FACE('',(#13592),#13574,.T.);
#13594=COLOUR_RGB('',0.694117647058824,0.0980392156862745,0.0980392156862745);
#13595=FILL_AREA_STYLE_COLOUR('',#13594);
#13596=FILL_AREA_STYLE('',(#13595));
#13597=SURFACE_STYLE_FILL_AREA(#13596);
#13598=SURFACE_SIDE_STYLE('',(#13597));
#13599=SURFACE_STYLE_USAGE(.NEGATIVE.,#13598);
#13600=PRESENTATION_STYLE_ASSIGNMENT((#13599));
#13601=STYLED_ITEM('',(#13600),#13593);
#13602=CARTESIAN_POINT('',(-0.013,-0.000801,0.0446814010170211));
#13603=DIRECTION('',(0.,1.,0.));
#13604=DIRECTION('',(0.,0.,1.));
#13605=AXIS2_PLACEMENT_3D('',#13602,#13603,#13604);
#13606=CYLINDRICAL_SURFACE('',#13605,0.00504999999999998);
#13607=ORIENTED_EDGE('',*,*,#3691,.F.);
#13608=CARTESIAN_POINT('',(-0.0180499999999999,-0.000801,0.0446814010170211));
#13609=DIRECTION('',(0.,1.,0.));
#13610=VECTOR('',#13609,1.);
#13611=LINE('',#13608,#13610);
#13612=CARTESIAN_POINT('',(-0.0180499999999999,-0.000801,0.0446814010170211));
#13613=VERTEX_POINT('',#13612);
#13614=EDGE_CURVE('',#13613,#3681,#13611,.T.);
#13615=ORIENTED_EDGE('',*,*,#13614,.F.);
#13616=CARTESIAN_POINT('',(-0.013,-0.000801,0.0446814010170211));
#13617=DIRECTION('',(0.,1.,0.));
#13618=DIRECTION('',(0.,0.,1.));
#13619=AXIS2_PLACEMENT_3D('',#13616,#13617,#13618);
#13620=CIRCLE('',#13619,0.00504999999999998);
#13621=EDGE_CURVE('',#13613,#13581,#13620,.T.);
#13622=ORIENTED_EDGE('',*,*,#13621,.T.);
#13623=ORIENTED_EDGE('',*,*,#13582,.T.);
#13624=EDGE_LOOP('',(#13607,#13615,#13622,#13623));
#13625=FACE_BOUND('',#13624,.T.);
#13626=ADVANCED_FACE('',(#13625),#13606,.T.);
#13627=COLOUR_RGB('',0.694117647058824,0.0980392156862745,0.0980392156862745);
#13628=FILL_AREA_STYLE_COLOUR('',#13627);
#13629=FILL_AREA_STYLE('',(#13628));
#13630=SURFACE_STYLE_FILL_AREA(#13629);
#13631=SURFACE_SIDE_STYLE('',(#13630));
#13632=SURFACE_STYLE_USAGE(.NEGATIVE.,#13631);
#13633=PRESENTATION_STYLE_ASSIGNMENT((#13632));
#13634=STYLED_ITEM('',(#13633),#13626);
#13635=CARTESIAN_POINT('',(-0.0180499999999999,-0.000801,-1.04372529137938E-17));
#13636=DIRECTION('',(-1.,0.,-5.78241158658937E-16));
#13637=DIRECTION('',(-5.78241158658937E-16,0.,1.));
#13638=AXIS2_PLACEMENT_3D('',#13635,#13636,#13637);
#13639=PLANE('',#13638);
#13640=ORIENTED_EDGE('',*,*,#3682,.F.);
#13641=CARTESIAN_POINT('',(-0.0180499999999999,-0.000801,0.0386814010170211));
#13642=DIRECTION('',(0.,1.,0.));
#13643=VECTOR('',#13642,1.);
#13644=LINE('',#13641,#13643);
#13645=CARTESIAN_POINT('',(-0.0180499999999999,-0.000801,0.0386814010170211));
#13646=VERTEX_POINT('',#13645);
#13647=EDGE_CURVE('',#13646,#3673,#13644,.T.);
#13648=ORIENTED_EDGE('',*,*,#13647,.F.);
#13649=CARTESIAN_POINT('',(-0.0180499999999999,-0.000801,-1.04372529137938E-17));
#13650=DIRECTION('',(-5.78241158658937E-16,0.,1.));
#13651=VECTOR('',#13650,1.);
#13652=LINE('',#13649,#13651);
#13653=EDGE_CURVE('',#13646,#13613,#13652,.T.);
#13654=ORIENTED_EDGE('',*,*,#13653,.T.);
#13655=ORIENTED_EDGE('',*,*,#13614,.T.);
#13656=EDGE_LOOP('',(#13640,#13648,#13654,#13655));
#13657=FACE_BOUND('',#13656,.T.);
#13658=ADVANCED_FACE('',(#13657),#13639,.T.);
#13659=COLOUR_RGB('',0.694117647058824,0.0980392156862745,0.0980392156862745);
#13660=FILL_AREA_STYLE_COLOUR('',#13659);
#13661=FILL_AREA_STYLE('',(#13660));
#13662=SURFACE_STYLE_FILL_AREA(#13661);
#13663=SURFACE_SIDE_STYLE('',(#13662));
#13664=SURFACE_STYLE_USAGE(.NEGATIVE.,#13663);
#13665=PRESENTATION_STYLE_ASSIGNMENT((#13664));
#13666=STYLED_ITEM('',(#13665),#13658);
#13667=CARTESIAN_POINT('',(0.013,-0.000801,0.0446814010170212));
#13668=DIRECTION('',(0.,1.,0.));
#13669=DIRECTION('',(0.,0.,1.));
#13670=AXIS2_PLACEMENT_3D('',#13667,#13668,#13669);
#13671=CYLINDRICAL_SURFACE('',#13670,0.00324999999999996);
#13672=ORIENTED_EDGE('',*,*,#2565,.T.);
#13673=CARTESIAN_POINT('',(0.01625,-0.000801,0.0446814010170212));
#13674=DIRECTION('',(0.,1.,0.));
#13675=VECTOR('',#13674,1.);
#13676=LINE('',#13673,#13675);
#13677=CARTESIAN_POINT('',(0.01625,-0.000801,0.0446814010170212));
#13678=VERTEX_POINT('',#13677);
#13679=EDGE_CURVE('',#13678,#2564,#13676,.T.);
#13680=ORIENTED_EDGE('',*,*,#13679,.F.);
#13681=CARTESIAN_POINT('',(0.013,-0.000801,0.0446814010170212));
#13682=DIRECTION('',(0.,1.,0.));
#13683=DIRECTION('',(0.,0.,1.));
#13684=AXIS2_PLACEMENT_3D('',#13681,#13682,#13683);
#13685=CIRCLE('',#13684,0.00324999999999996);
#13686=CARTESIAN_POINT('',(0.013,-0.000801,0.0479314010170211));
#13687=VERTEX_POINT('',#13686);
#13688=EDGE_CURVE('',#13687,#13678,#13685,.T.);
#13689=ORIENTED_EDGE('',*,*,#13688,.F.);
#13690=CARTESIAN_POINT('',(0.013,-0.000801,0.0479314010170211));
#13691=DIRECTION('',(0.,1.,0.));
#13692=VECTOR('',#13691,1.);
#13693=LINE('',#13690,#13692);
#13694=EDGE_CURVE('',#13687,#2562,#13693,.T.);
#13695=ORIENTED_EDGE('',*,*,#13694,.T.);
#13696=EDGE_LOOP('',(#13672,#13680,#13689,#13695));
#13697=FACE_BOUND('',#13696,.T.);
#13698=ADVANCED_FACE('',(#13697),#13671,.F.);
#13699=COLOUR_RGB('',0.694117647058824,0.0980392156862745,0.0980392156862745);
#13700=FILL_AREA_STYLE_COLOUR('',#13699);
#13701=FILL_AREA_STYLE('',(#13700));
#13702=SURFACE_STYLE_FILL_AREA(#13701);
#13703=SURFACE_SIDE_STYLE('',(#13702));
#13704=SURFACE_STYLE_USAGE(.NEGATIVE.,#13703);
#13705=PRESENTATION_STYLE_ASSIGNMENT((#13704));
#13706=STYLED_ITEM('',(#13705),#13698);
#13707=CARTESIAN_POINT('',(0.01625,-0.000801,0.));
#13708=DIRECTION('',(1.,0.,0.));
#13709=DIRECTION('',(0.,0.,-1.));
#13710=AXIS2_PLACEMENT_3D('',#13707,#13708,#13709);
#13711=PLANE('',#13710);
#13712=ORIENTED_EDGE('',*,*,#2622,.T.);
#13713=CARTESIAN_POINT('',(0.01625,-0.000801,0.0386814010170211));
#13714=DIRECTION('',(0.,1.,0.));
#13715=VECTOR('',#13714,1.);
#13716=LINE('',#13713,#13715);
#13717=CARTESIAN_POINT('',(0.01625,-0.000801,0.0386814010170211));
#13718=VERTEX_POINT('',#13717);
#13719=EDGE_CURVE('',#13718,#2615,#13716,.T.);
#13720=ORIENTED_EDGE('',*,*,#13719,.F.);
#13721=CARTESIAN_POINT('',(0.01625,-0.000801,0.));
#13722=DIRECTION('',(0.,0.,-1.));
#13723=VECTOR('',#13722,1.);
#13724=LINE('',#13721,#13723);
#13725=EDGE_CURVE('',#13678,#13718,#13724,.T.);
#13726=ORIENTED_EDGE('',*,*,#13725,.F.);
#13727=ORIENTED_EDGE('',*,*,#13679,.T.);
#13728=EDGE_LOOP('',(#13712,#13720,#13726,#13727));
#13729=FACE_BOUND('',#13728,.T.);
#13730=ADVANCED_FACE('',(#13729),#13711,.F.);
#13731=COLOUR_RGB('',0.694117647058824,0.0980392156862745,0.0980392156862745);
#13732=FILL_AREA_STYLE_COLOUR('',#13731);
#13733=FILL_AREA_STYLE('',(#13732));
#13734=SURFACE_STYLE_FILL_AREA(#13733);
#13735=SURFACE_SIDE_STYLE('',(#13734));
#13736=SURFACE_STYLE_USAGE(.NEGATIVE.,#13735);
#13737=PRESENTATION_STYLE_ASSIGNMENT((#13736));
#13738=STYLED_ITEM('',(#13737),#13730);
#13739=CARTESIAN_POINT('',(0.013,-0.000801,0.0386814010170211));
#13740=DIRECTION('',(0.,1.,0.));
#13741=DIRECTION('',(0.,0.,1.));
#13742=AXIS2_PLACEMENT_3D('',#13739,#13740,#13741);
#13743=CYLINDRICAL_SURFACE('',#13742,0.00324999999999998);
#13744=ORIENTED_EDGE('',*,*,#2616,.T.);
#13745=CARTESIAN_POINT('',(0.013,-0.000801,0.0354314010170212));
#13746=DIRECTION('',(0.,1.,0.));
#13747=VECTOR('',#13746,1.);
#13748=LINE('',#13745,#13747);
#13749=CARTESIAN_POINT('',(0.013,-0.000801,0.0354314010170212));
#13750=VERTEX_POINT('',#13749);
#13751=EDGE_CURVE('',#13750,#2606,#13748,.T.);
#13752=ORIENTED_EDGE('',*,*,#13751,.F.);
#13753=CARTESIAN_POINT('',(0.013,-0.000801,0.0386814010170211));
#13754=DIRECTION('',(0.,1.,0.));
#13755=DIRECTION('',(0.,0.,1.));
#13756=AXIS2_PLACEMENT_3D('',#13753,#13754,#13755);
#13757=CIRCLE('',#13756,0.00324999999999998);
#13758=EDGE_CURVE('',#13718,#13750,#13757,.T.);
#13759=ORIENTED_EDGE('',*,*,#13758,.F.);
#13760=ORIENTED_EDGE('',*,*,#13719,.T.);
#13761=EDGE_LOOP('',(#13744,#13752,#13759,#13760));
#13762=FACE_BOUND('',#13761,.T.);
#13763=ADVANCED_FACE('',(#13762),#13743,.F.);
#13764=COLOUR_RGB('',0.694117647058824,0.0980392156862745,0.0980392156862745);
#13765=FILL_AREA_STYLE_COLOUR('',#13764);
#13766=FILL_AREA_STYLE('',(#13765));
#13767=SURFACE_STYLE_FILL_AREA(#13766);
#13768=SURFACE_SIDE_STYLE('',(#13767));
#13769=SURFACE_STYLE_USAGE(.NEGATIVE.,#13768);
#13770=PRESENTATION_STYLE_ASSIGNMENT((#13769));
#13771=STYLED_ITEM('',(#13770),#13763);
#13772=CARTESIAN_POINT('',(9.45595125091926E-18,-0.000801,0.0354314010170212));
#13773=DIRECTION('',(2.66880534765663E-16,0.,1.));
#13774=DIRECTION('',(1.,0.,-2.66880534765663E-16));
#13775=AXIS2_PLACEMENT_3D('',#13772,#13773,#13774);
#13776=PLANE('',#13775);
#13777=ORIENTED_EDGE('',*,*,#2607,.F.);
#13778=CARTESIAN_POINT('',(-0.013,-0.000801,0.0354314010170212));
#13779=DIRECTION('',(0.,1.,0.));
#13780=VECTOR('',#13779,1.);
#13781=LINE('',#13778,#13780);
#13782=CARTESIAN_POINT('',(-0.013,-0.000801,0.0354314010170212));
#13783=VERTEX_POINT('',#13782);
#13784=EDGE_CURVE('',#13783,#2598,#13781,.T.);
#13785=ORIENTED_EDGE('',*,*,#13784,.F.);
#13786=CARTESIAN_POINT('',(9.45595125091926E-18,-0.000801,0.0354314010170212));
#13787=DIRECTION('',(1.,0.,-2.66880534765663E-16));
#13788=VECTOR('',#13787,1.);
#13789=LINE('',#13786,#13788);
#13790=EDGE_CURVE('',#13783,#13750,#13789,.T.);
#13791=ORIENTED_EDGE('',*,*,#13790,.T.);
#13792=ORIENTED_EDGE('',*,*,#13751,.T.);
#13793=EDGE_LOOP('',(#13777,#13785,#13791,#13792));
#13794=FACE_BOUND('',#13793,.T.);
#13795=ADVANCED_FACE('',(#13794),#13776,.T.);
#13796=COLOUR_RGB('',0.694117647058824,0.0980392156862745,0.0980392156862745);
#13797=FILL_AREA_STYLE_COLOUR('',#13796);
#13798=FILL_AREA_STYLE('',(#13797));
#13799=SURFACE_STYLE_FILL_AREA(#13798);
#13800=SURFACE_SIDE_STYLE('',(#13799));
#13801=SURFACE_STYLE_USAGE(.NEGATIVE.,#13800);
#13802=PRESENTATION_STYLE_ASSIGNMENT((#13801));
#13803=STYLED_ITEM('',(#13802),#13795);
#13804=CARTESIAN_POINT('',(-0.013,-0.000801,0.0386814010170211));
#13805=DIRECTION('',(0.,1.,0.));
#13806=DIRECTION('',(0.,0.,1.));
#13807=AXIS2_PLACEMENT_3D('',#13804,#13805,#13806);
#13808=CYLINDRICAL_SURFACE('',#13807,0.00324999999999996);
#13809=ORIENTED_EDGE('',*,*,#2599,.T.);
#13810=CARTESIAN_POINT('',(-0.0162499999999999,-0.000801,0.0386814010170211));
#13811=DIRECTION('',(0.,1.,0.));
#13812=VECTOR('',#13811,1.);
#13813=LINE('',#13810,#13812);
#13814=CARTESIAN_POINT('',(-0.0162499999999999,-0.000801,0.0386814010170211));
#13815=VERTEX_POINT('',#13814);
#13816=EDGE_CURVE('',#13815,#2589,#13813,.T.);
#13817=ORIENTED_EDGE('',*,*,#13816,.F.);
#13818=CARTESIAN_POINT('',(-0.013,-0.000801,0.0386814010170211));
#13819=DIRECTION('',(0.,1.,0.));
#13820=DIRECTION('',(0.,0.,1.));
#13821=AXIS2_PLACEMENT_3D('',#13818,#13819,#13820);
#13822=CIRCLE('',#13821,0.00324999999999996);
#13823=EDGE_CURVE('',#13783,#13815,#13822,.T.);
#13824=ORIENTED_EDGE('',*,*,#13823,.F.);
#13825=ORIENTED_EDGE('',*,*,#13784,.T.);
#13826=EDGE_LOOP('',(#13809,#13817,#13824,#13825));
#13827=FACE_BOUND('',#13826,.T.);
#13828=ADVANCED_FACE('',(#13827),#13808,.F.);
#13829=COLOUR_RGB('',0.694117647058824,0.0980392156862745,0.0980392156862745);
#13830=FILL_AREA_STYLE_COLOUR('',#13829);
#13831=FILL_AREA_STYLE('',(#13830));
#13832=SURFACE_STYLE_FILL_AREA(#13831);
#13833=SURFACE_SIDE_STYLE('',(#13832));
#13834=SURFACE_STYLE_USAGE(.NEGATIVE.,#13833);
#13835=PRESENTATION_STYLE_ASSIGNMENT((#13834));
#13836=STYLED_ITEM('',(#13835),#13828);
#13837=CARTESIAN_POINT('',(-0.0162499999999999,-0.000801,0.));
#13838=DIRECTION('',(-1.,0.,0.));
#13839=DIRECTION('',(0.,0.,1.));
#13840=AXIS2_PLACEMENT_3D('',#13837,#13838,#13839);
#13841=PLANE('',#13840);
#13842=ORIENTED_EDGE('',*,*,#2590,.T.);
#13843=CARTESIAN_POINT('',(-0.0162499999999999,-0.000801,0.0446814010170211));
#13844=DIRECTION('',(0.,1.,0.));
#13845=VECTOR('',#13844,1.);
#13846=LINE('',#13843,#13845);
#13847=CARTESIAN_POINT('',(-0.0162499999999999,-0.000801,0.0446814010170211));
#13848=VERTEX_POINT('',#13847);
#13849=EDGE_CURVE('',#13848,#2581,#13846,.T.);
#13850=ORIENTED_EDGE('',*,*,#13849,.F.);
#13851=CARTESIAN_POINT('',(-0.0162499999999999,-0.000801,0.));
#13852=DIRECTION('',(0.,0.,1.));
#13853=VECTOR('',#13852,1.);
#13854=LINE('',#13851,#13853);
#13855=EDGE_CURVE('',#13815,#13848,#13854,.T.);
#13856=ORIENTED_EDGE('',*,*,#13855,.F.);
#13857=ORIENTED_EDGE('',*,*,#13816,.T.);
#13858=EDGE_LOOP('',(#13842,#13850,#13856,#13857));
#13859=FACE_BOUND('',#13858,.T.);
#13860=ADVANCED_FACE('',(#13859),#13841,.F.);
#13861=COLOUR_RGB('',0.694117647058824,0.0980392156862745,0.0980392156862745);
#13862=FILL_AREA_STYLE_COLOUR('',#13861);
#13863=FILL_AREA_STYLE('',(#13862));
#13864=SURFACE_STYLE_FILL_AREA(#13863);
#13865=SURFACE_SIDE_STYLE('',(#13864));
#13866=SURFACE_STYLE_USAGE(.NEGATIVE.,#13865);
#13867=PRESENTATION_STYLE_ASSIGNMENT((#13866));
#13868=STYLED_ITEM('',(#13867),#13860);
#13869=CARTESIAN_POINT('',(-0.013,-0.000801,0.0446814010170211));
#13870=DIRECTION('',(0.,1.,0.));
#13871=DIRECTION('',(0.,0.,1.));
#13872=AXIS2_PLACEMENT_3D('',#13869,#13870,#13871);
#13873=CYLINDRICAL_SURFACE('',#13872,0.00324999999999998);
#13874=ORIENTED_EDGE('',*,*,#2582,.T.);
#13875=CARTESIAN_POINT('',(-0.013,-0.000801,0.0479314010170211));
#13876=DIRECTION('',(0.,1.,0.));
#13877=VECTOR('',#13876,1.);
#13878=LINE('',#13875,#13877);
#13879=CARTESIAN_POINT('',(-0.013,-0.000801,0.0479314010170211));
#13880=VERTEX_POINT('',#13879);
#13881=EDGE_CURVE('',#13880,#2572,#13878,.T.);
#13882=ORIENTED_EDGE('',*,*,#13881,.F.);
#13883=CARTESIAN_POINT('',(-0.013,-0.000801,0.0446814010170211));
#13884=DIRECTION('',(0.,1.,0.));
#13885=DIRECTION('',(0.,0.,1.));
#13886=AXIS2_PLACEMENT_3D('',#13883,#13884,#13885);
#13887=CIRCLE('',#13886,0.00324999999999998);
#13888=EDGE_CURVE('',#13848,#13880,#13887,.T.);
#13889=ORIENTED_EDGE('',*,*,#13888,.F.);
#13890=ORIENTED_EDGE('',*,*,#13849,.T.);
#13891=EDGE_LOOP('',(#13874,#13882,#13889,#13890));
#13892=FACE_BOUND('',#13891,.T.);
#13893=ADVANCED_FACE('',(#13892),#13873,.F.);
#13894=COLOUR_RGB('',0.694117647058824,0.0980392156862745,0.0980392156862745);
#13895=FILL_AREA_STYLE_COLOUR('',#13894);
#13896=FILL_AREA_STYLE('',(#13895));
#13897=SURFACE_STYLE_FILL_AREA(#13896);
#13898=SURFACE_SIDE_STYLE('',(#13897));
#13899=SURFACE_STYLE_USAGE(.NEGATIVE.,#13898);
#13900=PRESENTATION_STYLE_ASSIGNMENT((#13899));
#13901=STYLED_ITEM('',(#13900),#13893);
#13902=CARTESIAN_POINT('',(0.,-0.000801,0.0479314010170211));
#13903=DIRECTION('',(0.,0.,1.));
#13904=DIRECTION('',(1.,0.,0.));
#13905=AXIS2_PLACEMENT_3D('',#13902,#13903,#13904);
#13906=PLANE('',#13905);
#13907=ORIENTED_EDGE('',*,*,#2573,.T.);
#13908=ORIENTED_EDGE('',*,*,#13694,.F.);
#13909=CARTESIAN_POINT('',(0.,-0.000801,0.0479314010170211));
#13910=DIRECTION('',(1.,0.,0.));
#13911=VECTOR('',#13910,1.);
#13912=LINE('',#13909,#13911);
#13913=EDGE_CURVE('',#13880,#13687,#13912,.T.);
#13914=ORIENTED_EDGE('',*,*,#13913,.F.);
#13915=ORIENTED_EDGE('',*,*,#13881,.T.);
#13916=EDGE_LOOP('',(#13907,#13908,#13914,#13915));
#13917=FACE_BOUND('',#13916,.T.);
#13918=ADVANCED_FACE('',(#13917),#13906,.F.);
#13919=COLOUR_RGB('',0.694117647058824,0.0980392156862745,0.0980392156862745);
#13920=FILL_AREA_STYLE_COLOUR('',#13919);
#13921=FILL_AREA_STYLE('',(#13920));
#13922=SURFACE_STYLE_FILL_AREA(#13921);
#13923=SURFACE_SIDE_STYLE('',(#13922));
#13924=SURFACE_STYLE_USAGE(.NEGATIVE.,#13923);
#13925=PRESENTATION_STYLE_ASSIGNMENT((#13924));
#13926=STYLED_ITEM('',(#13925),#13918);
#13927=CARTESIAN_POINT('',(-0.013,-0.000801,0.0386814010170211));
#13928=DIRECTION('',(0.,1.,0.));
#13929=DIRECTION('',(0.,0.,1.));
#13930=AXIS2_PLACEMENT_3D('',#13927,#13928,#13929);
#13931=CYLINDRICAL_SURFACE('',#13930,0.00504999999999996);
#13932=ORIENTED_EDGE('',*,*,#3674,.F.);
#13933=ORIENTED_EDGE('',*,*,#13459,.F.);
#13934=CARTESIAN_POINT('',(-0.013,-0.000801,0.0386814010170211));
#13935=DIRECTION('',(0.,1.,0.));
#13936=DIRECTION('',(0.,0.,1.));
#13937=AXIS2_PLACEMENT_3D('',#13934,#13935,#13936);
#13938=CIRCLE('',#13937,0.00504999999999996);
#13939=EDGE_CURVE('',#13452,#13646,#13938,.T.);
#13940=ORIENTED_EDGE('',*,*,#13939,.T.);
#13941=ORIENTED_EDGE('',*,*,#13647,.T.);
#13942=EDGE_LOOP('',(#13932,#13933,#13940,#13941));
#13943=FACE_BOUND('',#13942,.T.);
#13944=ADVANCED_FACE('',(#13943),#13931,.T.);
#13945=COLOUR_RGB('',0.694117647058824,0.0980392156862745,0.0980392156862745);
#13946=FILL_AREA_STYLE_COLOUR('',#13945);
#13947=FILL_AREA_STYLE('',(#13946));
#13948=SURFACE_STYLE_FILL_AREA(#13947);
#13949=SURFACE_SIDE_STYLE('',(#13948));
#13950=SURFACE_STYLE_USAGE(.NEGATIVE.,#13949);
#13951=PRESENTATION_STYLE_ASSIGNMENT((#13950));
#13952=STYLED_ITEM('',(#13951),#13944);
#13953=CARTESIAN_POINT('',(0.,-0.000801,0.));
#13954=DIRECTION('',(0.,-1.,0.));
#13955=DIRECTION('',(0.,0.,1.));
#13956=AXIS2_PLACEMENT_3D('',#13953,#13954,#13955);
#13957=PLANE('',#13956);
#13958=ORIENTED_EDGE('',*,*,#13688,.T.);
#13959=ORIENTED_EDGE('',*,*,#13725,.T.);
#13960=ORIENTED_EDGE('',*,*,#13758,.T.);
#13961=ORIENTED_EDGE('',*,*,#13790,.F.);
#13962=ORIENTED_EDGE('',*,*,#13823,.T.);
#13963=ORIENTED_EDGE('',*,*,#13855,.T.);
#13964=ORIENTED_EDGE('',*,*,#13888,.T.);
#13965=ORIENTED_EDGE('',*,*,#13913,.T.);
#13966=EDGE_LOOP('',(#13958,#13959,#13960,#13961,#13962,#13963,#13964,#13965));
#13967=FACE_BOUND('',#13966,.T.);
#13968=ORIENTED_EDGE('',*,*,#13453,.T.);
#13969=ORIENTED_EDGE('',*,*,#13491,.F.);
#13970=ORIENTED_EDGE('',*,*,#13523,.F.);
#13971=ORIENTED_EDGE('',*,*,#13556,.F.);
#13972=ORIENTED_EDGE('',*,*,#13588,.F.);
#13973=ORIENTED_EDGE('',*,*,#13621,.F.);
#13974=ORIENTED_EDGE('',*,*,#13653,.F.);
#13975=ORIENTED_EDGE('',*,*,#13939,.F.);
#13976=EDGE_LOOP('',(#13968,#13969,#13970,#13971,#13972,#13973,#13974,#13975));
#13977=FACE_BOUND('',#13976,.T.);
#13978=ADVANCED_FACE('',(#13967,#13977),#13957,.T.);
#13979=COLOUR_RGB('',0.694117647058824,0.0980392156862745,0.0980392156862745);
#13980=FILL_AREA_STYLE_COLOUR('',#13979);
#13981=FILL_AREA_STYLE('',(#13980));
#13982=SURFACE_STYLE_FILL_AREA(#13981);
#13983=SURFACE_SIDE_STYLE('',(#13982));
#13984=SURFACE_STYLE_USAGE(.NEGATIVE.,#13983);
#13985=PRESENTATION_STYLE_ASSIGNMENT((#13984));
#13986=STYLED_ITEM('',(#13985),#13978);
#13987=CARTESIAN_POINT('',(0.0350371410077925,0.000801,0.026551859633556));
#13988=DIRECTION('',(0.707106781186549,0.,-0.707106781186546));
#13989=DIRECTION('',(-0.707106781186546,0.,-0.707106781186549));
#13990=AXIS2_PLACEMENT_3D('',#13987,#13988,#13989);
#13991=PLANE('',#13990);
#13992=ORIENTED_EDGE('',*,*,#1136,.T.);
#13993=CARTESIAN_POINT('',(0.035744247788979,0.000801,0.0272589664147426));
#13994=DIRECTION('',(0.,-1.,0.));
#13995=VECTOR('',#13994,1.);
#13996=LINE('',#13993,#13995);
#13997=CARTESIAN_POINT('',(0.035744247788979,0.000801,0.0272589664147426));
#13998=VERTEX_POINT('',#13997);
#13999=EDGE_CURVE('',#13998,#1125,#13996,.T.);
#14000=ORIENTED_EDGE('',*,*,#13999,.F.);
#14001=CARTESIAN_POINT('',(0.0350371410077925,0.000801,0.026551859633556));
#14002=DIRECTION('',(0.707106781186546,0.,0.707106781186549));
#14003=VECTOR('',#14002,1.);
#14004=LINE('',#14001,#14003);
#14005=CARTESIAN_POINT('',(0.0350371410077925,0.000801,0.026551859633556));
#14006=VERTEX_POINT('',#14005);
#14007=EDGE_CURVE('',#14006,#13998,#14004,.T.);
#14008=ORIENTED_EDGE('',*,*,#14007,.F.);
#14009=CARTESIAN_POINT('',(0.0350371410077925,0.000801,0.026551859633556));
#14010=DIRECTION('',(0.,-1.,0.));
#14011=VECTOR('',#14010,1.);
#14012=LINE('',#14009,#14011);
#14013=EDGE_CURVE('',#14006,#1135,#14012,.T.);
#14014=ORIENTED_EDGE('',*,*,#14013,.T.);
#14015=EDGE_LOOP('',(#13992,#14000,#14008,#14014));
#14016=FACE_BOUND('',#14015,.T.);
#14017=ADVANCED_FACE('',(#14016),#13991,.F.);
#14018=CARTESIAN_POINT('',(0.035744247788979,0.000801,0.0272589664147426));
#14019=DIRECTION('',(-0.707106781186546,0.,-0.707106781186549));
#14020=DIRECTION('',(-0.707106781186549,0.,0.707106781186546));
#14021=AXIS2_PLACEMENT_3D('',#14018,#14019,#14020);
#14022=PLANE('',#14021);
#14023=ORIENTED_EDGE('',*,*,#1128,.T.);
#14024=CARTESIAN_POINT('',(0.0364513545701656,0.000801,0.026551859633556));
#14025=DIRECTION('',(0.,-1.,0.));
#14026=VECTOR('',#14025,1.);
#14027=LINE('',#14024,#14026);
#14028=CARTESIAN_POINT('',(0.0364513545701656,0.000801,0.026551859633556));
#14029=VERTEX_POINT('',#14028);
#14030=EDGE_CURVE('',#14029,#1127,#14027,.T.);
#14031=ORIENTED_EDGE('',*,*,#14030,.F.);
#14032=CARTESIAN_POINT('',(0.035744247788979,0.000801,0.0272589664147426));
#14033=DIRECTION('',(0.707106781186549,0.,-0.707106781186546));
#14034=VECTOR('',#14033,1.);
#14035=LINE('',#14032,#14034);
#14036=EDGE_CURVE('',#13998,#14029,#14035,.T.);
#14037=ORIENTED_EDGE('',*,*,#14036,.F.);
#14038=ORIENTED_EDGE('',*,*,#13999,.T.);
#14039=EDGE_LOOP('',(#14023,#14031,#14037,#14038));
#14040=FACE_BOUND('',#14039,.T.);
#14041=ADVANCED_FACE('',(#14040),#14022,.F.);
#14042=CARTESIAN_POINT('',(0.0364513545701656,0.000801,0.026551859633556));
#14043=DIRECTION('',(0.707106781186548,0.,-0.707106781186548));
#14044=DIRECTION('',(-0.707106781186548,0.,-0.707106781186548));
#14045=AXIS2_PLACEMENT_3D('',#14042,#14043,#14044);
#14046=PLANE('',#14045);
#14047=ORIENTED_EDGE('',*,*,#1214,.T.);
#14048=CARTESIAN_POINT('',(0.0371584613513521,0.000801,0.0272589664147426));
#14049=DIRECTION('',(0.,-1.,0.));
#14050=VECTOR('',#14049,1.);
#14051=LINE('',#14048,#14050);
#14052=CARTESIAN_POINT('',(0.0371584613513521,0.000801,0.0272589664147426));
#14053=VERTEX_POINT('',#14052);
#14054=EDGE_CURVE('',#14053,#1207,#14051,.T.);
#14055=ORIENTED_EDGE('',*,*,#14054,.F.);
#14056=CARTESIAN_POINT('',(0.0364513545701656,0.000801,0.026551859633556));
#14057=DIRECTION('',(0.707106781186548,0.,0.707106781186548));
#14058=VECTOR('',#14057,1.);
#14059=LINE('',#14056,#14058);
#14060=EDGE_CURVE('',#14029,#14053,#14059,.T.);
#14061=ORIENTED_EDGE('',*,*,#14060,.F.);
#14062=ORIENTED_EDGE('',*,*,#14030,.T.);
#14063=EDGE_LOOP('',(#14047,#14055,#14061,#14062));
#14064=FACE_BOUND('',#14063,.T.);
#14065=ADVANCED_FACE('',(#14064),#14046,.F.);
#14066=CARTESIAN_POINT('',(0.0371584613513521,0.000801,0.0272589664147426));
#14067=DIRECTION('',(-0.707106781186548,0.,-0.707106781186548));
#14068=DIRECTION('',(-0.707106781186548,0.,0.707106781186548));
#14069=AXIS2_PLACEMENT_3D('',#14066,#14067,#14068);
#14070=PLANE('',#14069);
#14071=ORIENTED_EDGE('',*,*,#1208,.T.);
#14072=CARTESIAN_POINT('',(0.0378655681325387,0.000801,0.026551859633556));
#14073=DIRECTION('',(0.,-1.,0.));
#14074=VECTOR('',#14073,1.);
#14075=LINE('',#14072,#14074);
#14076=CARTESIAN_POINT('',(0.0378655681325387,0.000801,0.026551859633556));
#14077=VERTEX_POINT('',#14076);
#14078=EDGE_CURVE('',#14077,#1199,#14075,.T.);
#14079=ORIENTED_EDGE('',*,*,#14078,.F.);
#14080=CARTESIAN_POINT('',(0.0371584613513521,0.000801,0.0272589664147426));
#14081=DIRECTION('',(0.707106781186548,0.,-0.707106781186548));
#14082=VECTOR('',#14081,1.);
#14083=LINE('',#14080,#14082);
#14084=EDGE_CURVE('',#14053,#14077,#14083,.T.);
#14085=ORIENTED_EDGE('',*,*,#14084,.F.);
#14086=ORIENTED_EDGE('',*,*,#14054,.T.);
#14087=EDGE_LOOP('',(#14071,#14079,#14085,#14086));
#14088=FACE_BOUND('',#14087,.T.);
#14089=ADVANCED_FACE('',(#14088),#14070,.F.);
#14090=CARTESIAN_POINT('',(0.0371584613513521,0.000801,0.0258447528523695));
#14091=DIRECTION('',(-0.707106781186549,0.,0.707106781186546));
#14092=DIRECTION('',(0.707106781186546,0.,0.707106781186549));
#14093=AXIS2_PLACEMENT_3D('',#14090,#14091,#14092);
#14094=PLANE('',#14093);
#14095=ORIENTED_EDGE('',*,*,#1200,.T.);
#14096=CARTESIAN_POINT('',(0.0371584613513521,0.000801,0.0258447528523695));
#14097=DIRECTION('',(0.,-1.,0.));
#14098=VECTOR('',#14097,1.);
#14099=LINE('',#14096,#14098);
#14100=CARTESIAN_POINT('',(0.0371584613513521,0.000801,0.0258447528523695));
#14101=VERTEX_POINT('',#14100);
#14102=EDGE_CURVE('',#14101,#1191,#14099,.T.);
#14103=ORIENTED_EDGE('',*,*,#14102,.F.);
#14104=CARTESIAN_POINT('',(0.0371584613513521,0.000801,0.0258447528523695));
#14105=DIRECTION('',(-0.707106781186546,0.,-0.707106781186549));
#14106=VECTOR('',#14105,1.);
#14107=LINE('',#14104,#14106);
#14108=EDGE_CURVE('',#14077,#14101,#14107,.T.);
#14109=ORIENTED_EDGE('',*,*,#14108,.F.);
#14110=ORIENTED_EDGE('',*,*,#14078,.T.);
#14111=EDGE_LOOP('',(#14095,#14103,#14109,#14110));
#14112=FACE_BOUND('',#14111,.T.);
#14113=ADVANCED_FACE('',(#14112),#14094,.F.);
#14114=CARTESIAN_POINT('',(0.0371584613513521,0.000801,0.0258447528523695));
#14115=DIRECTION('',(-0.707106781186548,0.,-0.707106781186548));
#14116=DIRECTION('',(-0.707106781186548,0.,0.707106781186548));
#14117=AXIS2_PLACEMENT_3D('',#14114,#14115,#14116);
#14118=PLANE('',#14117);
#14119=ORIENTED_EDGE('',*,*,#1192,.T.);
#14120=CARTESIAN_POINT('',(0.0378655681325387,0.000801,0.0251376460711829));
#14121=DIRECTION('',(0.,-1.,0.));
#14122=VECTOR('',#14121,1.);
#14123=LINE('',#14120,#14122);
#14124=CARTESIAN_POINT('',(0.0378655681325387,0.000801,0.0251376460711829));
#14125=VERTEX_POINT('',#14124);
#14126=EDGE_CURVE('',#14125,#1183,#14123,.T.);
#14127=ORIENTED_EDGE('',*,*,#14126,.F.);
#14128=CARTESIAN_POINT('',(0.0371584613513521,0.000801,0.0258447528523695));
#14129=DIRECTION('',(0.707106781186548,0.,-0.707106781186548));
#14130=VECTOR('',#14129,1.);
#14131=LINE('',#14128,#14130);
#14132=EDGE_CURVE('',#14101,#14125,#14131,.T.);
#14133=ORIENTED_EDGE('',*,*,#14132,.F.);
#14134=ORIENTED_EDGE('',*,*,#14102,.T.);
#14135=EDGE_LOOP('',(#14119,#14127,#14133,#14134));
#14136=FACE_BOUND('',#14135,.T.);
#14137=ADVANCED_FACE('',(#14136),#14118,.F.);
#14138=CARTESIAN_POINT('',(0.0371584613513521,0.000801,0.0244305392899964));
#14139=DIRECTION('',(-0.707106781186549,0.,0.707106781186546));
#14140=DIRECTION('',(0.707106781186546,0.,0.707106781186549));
#14141=AXIS2_PLACEMENT_3D('',#14138,#14139,#14140);
#14142=PLANE('',#14141);
#14143=ORIENTED_EDGE('',*,*,#1184,.T.);
#14144=CARTESIAN_POINT('',(0.0371584613513521,0.000801,0.0244305392899964));
#14145=DIRECTION('',(0.,-1.,0.));
#14146=VECTOR('',#14145,1.);
#14147=LINE('',#14144,#14146);
#14148=CARTESIAN_POINT('',(0.0371584613513521,0.000801,0.0244305392899964));
#14149=VERTEX_POINT('',#14148);
#14150=EDGE_CURVE('',#14149,#1175,#14147,.T.);
#14151=ORIENTED_EDGE('',*,*,#14150,.F.);
#14152=CARTESIAN_POINT('',(0.0371584613513521,0.000801,0.0244305392899964));
#14153=DIRECTION('',(-0.707106781186546,0.,-0.707106781186549));
#14154=VECTOR('',#14153,1.);
#14155=LINE('',#14152,#14154);
#14156=EDGE_CURVE('',#14125,#14149,#14155,.T.);
#14157=ORIENTED_EDGE('',*,*,#14156,.F.);
#14158=ORIENTED_EDGE('',*,*,#14126,.T.);
#14159=EDGE_LOOP('',(#14143,#14151,#14157,#14158));
#14160=FACE_BOUND('',#14159,.T.);
#14161=ADVANCED_FACE('',(#14160),#14142,.F.);
#14162=CARTESIAN_POINT('',(0.0364513545701656,0.000801,0.0251376460711829));
#14163=DIRECTION('',(0.707106781186549,0.,0.707106781186546));
#14164=DIRECTION('',(0.707106781186546,0.,-0.707106781186549));
#14165=AXIS2_PLACEMENT_3D('',#14162,#14163,#14164);
#14166=PLANE('',#14165);
#14167=ORIENTED_EDGE('',*,*,#1176,.T.);
#14168=CARTESIAN_POINT('',(0.0364513545701656,0.000801,0.0251376460711829));
#14169=DIRECTION('',(0.,-1.,0.));
#14170=VECTOR('',#14169,1.);
#14171=LINE('',#14168,#14170);
#14172=CARTESIAN_POINT('',(0.0364513545701656,0.000801,0.0251376460711829));
#14173=VERTEX_POINT('',#14172);
#14174=EDGE_CURVE('',#14173,#1167,#14171,.T.);
#14175=ORIENTED_EDGE('',*,*,#14174,.F.);
#14176=CARTESIAN_POINT('',(0.0364513545701656,0.000801,0.0251376460711829));
#14177=DIRECTION('',(-0.707106781186546,0.,0.707106781186549));
#14178=VECTOR('',#14177,1.);
#14179=LINE('',#14176,#14178);
#14180=EDGE_CURVE('',#14149,#14173,#14179,.T.);
#14181=ORIENTED_EDGE('',*,*,#14180,.F.);
#14182=ORIENTED_EDGE('',*,*,#14150,.T.);
#14183=EDGE_LOOP('',(#14167,#14175,#14181,#14182));
#14184=FACE_BOUND('',#14183,.T.);
#14185=ADVANCED_FACE('',(#14184),#14166,.F.);
#14186=CARTESIAN_POINT('',(0.035744247788979,0.000801,0.0244305392899964));
#14187=DIRECTION('',(-0.707106781186546,0.,0.707106781186549));
#14188=DIRECTION('',(0.707106781186549,0.,0.707106781186546));
#14189=AXIS2_PLACEMENT_3D('',#14186,#14187,#14188);
#14190=PLANE('',#14189);
#14191=ORIENTED_EDGE('',*,*,#1168,.T.);
#14192=CARTESIAN_POINT('',(0.035744247788979,0.000801,0.0244305392899964));
#14193=DIRECTION('',(0.,-1.,0.));
#14194=VECTOR('',#14193,1.);
#14195=LINE('',#14192,#14194);
#14196=CARTESIAN_POINT('',(0.035744247788979,0.000801,0.0244305392899964));
#14197=VERTEX_POINT('',#14196);
#14198=EDGE_CURVE('',#14197,#1159,#14195,.T.);
#14199=ORIENTED_EDGE('',*,*,#14198,.F.);
#14200=CARTESIAN_POINT('',(0.035744247788979,0.000801,0.0244305392899964));
#14201=DIRECTION('',(-0.707106781186549,0.,-0.707106781186546));
#14202=VECTOR('',#14201,1.);
#14203=LINE('',#14200,#14202);
#14204=EDGE_CURVE('',#14173,#14197,#14203,.T.);
#14205=ORIENTED_EDGE('',*,*,#14204,.F.);
#14206=ORIENTED_EDGE('',*,*,#14174,.T.);
#14207=EDGE_LOOP('',(#14191,#14199,#14205,#14206));
#14208=FACE_BOUND('',#14207,.T.);
#14209=ADVANCED_FACE('',(#14208),#14190,.F.);
#14210=CARTESIAN_POINT('',(0.0350371410077925,0.000801,0.0251376460711829));
#14211=DIRECTION('',(0.707106781186549,0.,0.707106781186546));
#14212=DIRECTION('',(0.707106781186546,0.,-0.707106781186549));
#14213=AXIS2_PLACEMENT_3D('',#14210,#14211,#14212);
#14214=PLANE('',#14213);
#14215=ORIENTED_EDGE('',*,*,#1160,.T.);
#14216=CARTESIAN_POINT('',(0.0350371410077925,0.000801,0.0251376460711829));
#14217=DIRECTION('',(0.,-1.,0.));
#14218=VECTOR('',#14217,1.);
#14219=LINE('',#14216,#14218);
#14220=CARTESIAN_POINT('',(0.0350371410077925,0.000801,0.0251376460711829));
#14221=VERTEX_POINT('',#14220);
#14222=EDGE_CURVE('',#14221,#1151,#14219,.T.);
#14223=ORIENTED_EDGE('',*,*,#14222,.F.);
#14224=CARTESIAN_POINT('',(0.0350371410077925,0.000801,0.0251376460711829));
#14225=DIRECTION('',(-0.707106781186546,0.,0.707106781186549));
#14226=VECTOR('',#14225,1.);
#14227=LINE('',#14224,#14226);
#14228=EDGE_CURVE('',#14197,#14221,#14227,.T.);
#14229=ORIENTED_EDGE('',*,*,#14228,.F.);
#14230=ORIENTED_EDGE('',*,*,#14198,.T.);
#14231=EDGE_LOOP('',(#14215,#14223,#14229,#14230));
#14232=FACE_BOUND('',#14231,.T.);
#14233=ADVANCED_FACE('',(#14232),#14214,.F.);
#14234=CARTESIAN_POINT('',(0.0350371410077925,0.000801,0.0251376460711829));
#14235=DIRECTION('',(0.707106781186548,0.,-0.707106781186548));
#14236=DIRECTION('',(-0.707106781186548,0.,-0.707106781186548));
#14237=AXIS2_PLACEMENT_3D('',#14234,#14235,#14236);
#14238=PLANE('',#14237);
#14239=ORIENTED_EDGE('',*,*,#1152,.T.);
#14240=CARTESIAN_POINT('',(0.035744247788979,0.000801,0.0258447528523695));
#14241=DIRECTION('',(0.,-1.,0.));
#14242=VECTOR('',#14241,1.);
#14243=LINE('',#14240,#14242);
#14244=CARTESIAN_POINT('',(0.035744247788979,0.000801,0.0258447528523695));
#14245=VERTEX_POINT('',#14244);
#14246=EDGE_CURVE('',#14245,#1143,#14243,.T.);
#14247=ORIENTED_EDGE('',*,*,#14246,.F.);
#14248=CARTESIAN_POINT('',(0.0350371410077925,0.000801,0.0251376460711829));
#14249=DIRECTION('',(0.707106781186548,0.,0.707106781186548));
#14250=VECTOR('',#14249,1.);
#14251=LINE('',#14248,#14250);
#14252=EDGE_CURVE('',#14221,#14245,#14251,.T.);
#14253=ORIENTED_EDGE('',*,*,#14252,.F.);
#14254=ORIENTED_EDGE('',*,*,#14222,.T.);
#14255=EDGE_LOOP('',(#14239,#14247,#14253,#14254));
#14256=FACE_BOUND('',#14255,.T.);
#14257=ADVANCED_FACE('',(#14256),#14238,.F.);
#14258=CARTESIAN_POINT('',(0.0350371410077925,0.000801,0.026551859633556));
#14259=DIRECTION('',(0.707106781186549,0.,0.707106781186546));
#14260=DIRECTION('',(0.707106781186546,0.,-0.707106781186549));
#14261=AXIS2_PLACEMENT_3D('',#14258,#14259,#14260);
#14262=PLANE('',#14261);
#14263=ORIENTED_EDGE('',*,*,#1144,.T.);
#14264=ORIENTED_EDGE('',*,*,#14013,.F.);
#14265=CARTESIAN_POINT('',(0.0350371410077925,0.000801,0.026551859633556));
#14266=DIRECTION('',(-0.707106781186546,0.,0.707106781186549));
#14267=VECTOR('',#14266,1.);
#14268=LINE('',#14265,#14267);
#14269=EDGE_CURVE('',#14245,#14006,#14268,.T.);
#14270=ORIENTED_EDGE('',*,*,#14269,.F.);
#14271=ORIENTED_EDGE('',*,*,#14246,.T.);
#14272=EDGE_LOOP('',(#14263,#14264,#14270,#14271));
#14273=FACE_BOUND('',#14272,.T.);
#14274=ADVANCED_FACE('',(#14273),#14262,.F.);
#14275=CARTESIAN_POINT('',(0.,0.000801,0.));
#14276=DIRECTION('',(0.,1.,0.));
#14277=DIRECTION('',(0.,0.,1.));
#14278=AXIS2_PLACEMENT_3D('',#14275,#14276,#14277);
#14279=PLANE('',#14278);
#14280=ORIENTED_EDGE('',*,*,#14007,.T.);
#14281=ORIENTED_EDGE('',*,*,#14036,.T.);
#14282=ORIENTED_EDGE('',*,*,#14060,.T.);
#14283=ORIENTED_EDGE('',*,*,#14084,.T.);
#14284=ORIENTED_EDGE('',*,*,#14108,.T.);
#14285=ORIENTED_EDGE('',*,*,#14132,.T.);
#14286=ORIENTED_EDGE('',*,*,#14156,.T.);
#14287=ORIENTED_EDGE('',*,*,#14180,.T.);
#14288=ORIENTED_EDGE('',*,*,#14204,.T.);
#14289=ORIENTED_EDGE('',*,*,#14228,.T.);
#14290=ORIENTED_EDGE('',*,*,#14252,.T.);
#14291=ORIENTED_EDGE('',*,*,#14269,.T.);
#14292=EDGE_LOOP('',(#14280,#14281,#14282,#14283,#14284,#14285,#14286,#14287,#14288,#14289,#14290,#14291));
#14293=FACE_BOUND('',#14292,.T.);
#14294=ADVANCED_FACE('',(#14293),#14279,.T.);
#14295=CARTESIAN_POINT('',(0.0297338401488934,0.000801,0.0205414519934703));
#14296=DIRECTION('',(0.,-1.,0.));
#14297=DIRECTION('',(0.,0.,-1.));
#14298=AXIS2_PLACEMENT_3D('',#14295,#14296,#14297);
#14299=CYLINDRICAL_SURFACE('',#14298,0.00100000000000002);
#14300=ORIENTED_EDGE('',*,*,#1235,.T.);
#14301=CARTESIAN_POINT('',(0.0290267333677068,0.000801,0.0212485587746569));
#14302=DIRECTION('',(0.,-1.,0.));
#14303=VECTOR('',#14302,1.);
#14304=LINE('',#14301,#14303);
#14305=CARTESIAN_POINT('',(0.0290267333677068,0.000801,0.0212485587746569));
#14306=VERTEX_POINT('',#14305);
#14307=EDGE_CURVE('',#14306,#1223,#14304,.T.);
#14308=ORIENTED_EDGE('',*,*,#14307,.F.);
#14309=CARTESIAN_POINT('',(0.0297338401488934,0.000801,0.0205414519934703));
#14310=DIRECTION('',(0.,1.,0.));
#14311=DIRECTION('',(0.,0.,1.));
#14312=AXIS2_PLACEMENT_3D('',#14309,#14310,#14311);
#14313=CIRCLE('',#14312,0.00100000000000002);
#14314=CARTESIAN_POINT('',(0.0290267333677068,0.000801,0.0198343452122838));
#14315=VERTEX_POINT('',#14314);
#14316=EDGE_CURVE('',#14315,#14306,#14313,.T.);
#14317=ORIENTED_EDGE('',*,*,#14316,.F.);
#14318=CARTESIAN_POINT('',(0.0290267333677068,0.000801,0.0198343452122838));
#14319=DIRECTION('',(0.,-1.,0.));
#14320=VECTOR('',#14319,1.);
#14321=LINE('',#14318,#14320);
#14322=EDGE_CURVE('',#14315,#1234,#14321,.T.);
#14323=ORIENTED_EDGE('',*,*,#14322,.T.);
#14324=EDGE_LOOP('',(#14300,#14308,#14317,#14323));
#14325=FACE_BOUND('',#14324,.T.);
#14326=ADVANCED_FACE('',(#14325),#14299,.T.);
#14327=CARTESIAN_POINT('',(0.0290267333677068,0.000801,0.0212485587746569));
#14328=DIRECTION('',(0.707106781186547,0.,-0.707106781186548));
#14329=DIRECTION('',(-0.707106781186548,0.,-0.707106781186547));
#14330=AXIS2_PLACEMENT_3D('',#14327,#14328,#14329);
#14331=PLANE('',#14330);
#14332=ORIENTED_EDGE('',*,*,#1226,.T.);
#14333=CARTESIAN_POINT('',(0.031855160492453,0.000801,0.0240769858994031));
#14334=DIRECTION('',(0.,-1.,0.));
#14335=VECTOR('',#14334,1.);
#14336=LINE('',#14333,#14335);
#14337=CARTESIAN_POINT('',(0.031855160492453,0.000801,0.0240769858994031));
#14338=VERTEX_POINT('',#14337);
#14339=EDGE_CURVE('',#14338,#1225,#14336,.T.);
#14340=ORIENTED_EDGE('',*,*,#14339,.F.);
#14341=CARTESIAN_POINT('',(0.0290267333677068,0.000801,0.0212485587746569));
#14342=DIRECTION('',(0.707106781186548,0.,0.707106781186547));
#14343=VECTOR('',#14342,1.);
#14344=LINE('',#14341,#14343);
#14345=EDGE_CURVE('',#14306,#14338,#14344,.T.);
#14346=ORIENTED_EDGE('',*,*,#14345,.F.);
#14347=ORIENTED_EDGE('',*,*,#14307,.T.);
#14348=EDGE_LOOP('',(#14332,#14340,#14346,#14347));
#14349=FACE_BOUND('',#14348,.T.);
#14350=ADVANCED_FACE('',(#14349),#14331,.F.);
#14351=CARTESIAN_POINT('',(0.0325622672736396,0.000801,0.0233698791182165));
#14352=DIRECTION('',(0.,-1.,0.));
#14353=DIRECTION('',(0.,0.,-1.));
#14354=AXIS2_PLACEMENT_3D('',#14351,#14352,#14353);
#14355=CYLINDRICAL_SURFACE('',#14354,0.001);
#14356=ORIENTED_EDGE('',*,*,#1284,.T.);
#14357=CARTESIAN_POINT('',(0.0332693740548261,0.000801,0.0240769858994031));
#14358=DIRECTION('',(0.,-1.,0.));
#14359=VECTOR('',#14358,1.);
#14360=LINE('',#14357,#14359);
#14361=CARTESIAN_POINT('',(0.0332693740548261,0.000801,0.0240769858994031));
#14362=VERTEX_POINT('',#14361);
#14363=EDGE_CURVE('',#14362,#1276,#14360,.T.);
#14364=ORIENTED_EDGE('',*,*,#14363,.F.);
#14365=CARTESIAN_POINT('',(0.0325622672736396,0.000801,0.0233698791182165));
#14366=DIRECTION('',(0.,1.,0.));
#14367=DIRECTION('',(0.,0.,1.));
#14368=AXIS2_PLACEMENT_3D('',#14365,#14366,#14367);
#14369=CIRCLE('',#14368,0.001);
#14370=EDGE_CURVE('',#14338,#14362,#14369,.T.);
#14371=ORIENTED_EDGE('',*,*,#14370,.F.);
#14372=ORIENTED_EDGE('',*,*,#14339,.T.);
#14373=EDGE_LOOP('',(#14356,#14364,#14371,#14372));
#14374=FACE_BOUND('',#14373,.T.);
#14375=ADVANCED_FACE('',(#14374),#14355,.T.);
#14376=CARTESIAN_POINT('',(0.0332693740548261,0.000801,0.0240769858994031));
#14377=DIRECTION('',(-0.707106781186547,0.,-0.707106781186548));
#14378=DIRECTION('',(-0.707106781186548,0.,0.707106781186547));
#14379=AXIS2_PLACEMENT_3D('',#14376,#14377,#14378);
#14380=PLANE('',#14379);
#14381=ORIENTED_EDGE('',*,*,#1277,.T.);
#14382=CARTESIAN_POINT('',(0.0346835876171992,0.000801,0.02266277233703));
#14383=DIRECTION('',(0.,-1.,0.));
#14384=VECTOR('',#14383,1.);
#14385=LINE('',#14382,#14384);
#14386=CARTESIAN_POINT('',(0.0346835876171992,0.000801,0.02266277233703));
#14387=VERTEX_POINT('',#14386);
#14388=EDGE_CURVE('',#14387,#1268,#14385,.T.);
#14389=ORIENTED_EDGE('',*,*,#14388,.F.);
#14390=CARTESIAN_POINT('',(0.0332693740548261,0.000801,0.0240769858994031));
#14391=DIRECTION('',(0.707106781186548,0.,-0.707106781186547));
#14392=VECTOR('',#14391,1.);
#14393=LINE('',#14390,#14392);
#14394=EDGE_CURVE('',#14362,#14387,#14393,.T.);
#14395=ORIENTED_EDGE('',*,*,#14394,.F.);
#14396=ORIENTED_EDGE('',*,*,#14363,.T.);
#14397=EDGE_LOOP('',(#14381,#14389,#14395,#14396));
#14398=FACE_BOUND('',#14397,.T.);
#14399=ADVANCED_FACE('',(#14398),#14380,.F.);
#14400=CARTESIAN_POINT('',(0.0339764808360126,0.000801,0.0219556655558434));
#14401=DIRECTION('',(0.,-1.,0.));
#14402=DIRECTION('',(0.,0.,-1.));
#14403=AXIS2_PLACEMENT_3D('',#14400,#14401,#14402);
#14404=CYLINDRICAL_SURFACE('',#14403,0.00100000000000001);
#14405=ORIENTED_EDGE('',*,*,#1269,.T.);
#14406=CARTESIAN_POINT('',(0.0346835876171992,0.000801,0.0212485587746569));
#14407=DIRECTION('',(0.,-1.,0.));
#14408=VECTOR('',#14407,1.);
#14409=LINE('',#14406,#14408);
#14410=CARTESIAN_POINT('',(0.0346835876171992,0.000801,0.0212485587746569));
#14411=VERTEX_POINT('',#14410);
#14412=EDGE_CURVE('',#14411,#1259,#14409,.T.);
#14413=ORIENTED_EDGE('',*,*,#14412,.F.);
#14414=CARTESIAN_POINT('',(0.0339764808360126,0.000801,0.0219556655558434));
#14415=DIRECTION('',(0.,1.,0.));
#14416=DIRECTION('',(0.,0.,1.));
#14417=AXIS2_PLACEMENT_3D('',#14414,#14415,#14416);
#14418=CIRCLE('',#14417,0.00100000000000001);
#14419=EDGE_CURVE('',#14387,#14411,#14418,.T.);
#14420=ORIENTED_EDGE('',*,*,#14419,.F.);
#14421=ORIENTED_EDGE('',*,*,#14388,.T.);
#14422=EDGE_LOOP('',(#14405,#14413,#14420,#14421));
#14423=FACE_BOUND('',#14422,.T.);
#14424=ADVANCED_FACE('',(#14423),#14404,.T.);
#14425=CARTESIAN_POINT('',(0.031855160492453,0.000801,0.0184201316499107));
#14426=DIRECTION('',(-0.707106781186548,0.,0.707106781186547));
#14427=DIRECTION('',(0.707106781186547,0.,0.707106781186548));
#14428=AXIS2_PLACEMENT_3D('',#14425,#14426,#14427);
#14429=PLANE('',#14428);
#14430=ORIENTED_EDGE('',*,*,#1260,.T.);
#14431=CARTESIAN_POINT('',(0.031855160492453,0.000801,0.0184201316499107));
#14432=DIRECTION('',(0.,-1.,0.));
#14433=VECTOR('',#14432,1.);
#14434=LINE('',#14431,#14433);
#14435=CARTESIAN_POINT('',(0.031855160492453,0.000801,0.0184201316499107));
#14436=VERTEX_POINT('',#14435);
#14437=EDGE_CURVE('',#14436,#1251,#14434,.T.);
#14438=ORIENTED_EDGE('',*,*,#14437,.F.);
#14439=CARTESIAN_POINT('',(0.031855160492453,0.000801,0.0184201316499107));
#14440=DIRECTION('',(-0.707106781186547,0.,-0.707106781186548));
#14441=VECTOR('',#14440,1.);
#14442=LINE('',#14439,#14441);
#14443=EDGE_CURVE('',#14411,#14436,#14442,.T.);
#14444=ORIENTED_EDGE('',*,*,#14443,.F.);
#14445=ORIENTED_EDGE('',*,*,#14412,.T.);
#14446=EDGE_LOOP('',(#14430,#14438,#14444,#14445));
#14447=FACE_BOUND('',#14446,.T.);
#14448=ADVANCED_FACE('',(#14447),#14429,.F.);
#14449=CARTESIAN_POINT('',(0.0311480537112664,0.000801,0.0191272384310973));
#14450=DIRECTION('',(0.,-1.,0.));
#14451=DIRECTION('',(0.,0.,-1.));
#14452=AXIS2_PLACEMENT_3D('',#14449,#14450,#14451);
#14453=CYLINDRICAL_SURFACE('',#14452,0.00100000000000002);
#14454=ORIENTED_EDGE('',*,*,#1252,.T.);
#14455=CARTESIAN_POINT('',(0.0304409469300799,0.000801,0.0184201316499107));
#14456=DIRECTION('',(0.,-1.,0.));
#14457=VECTOR('',#14456,1.);
#14458=LINE('',#14455,#14457);
#14459=CARTESIAN_POINT('',(0.0304409469300799,0.000801,0.0184201316499107));
#14460=VERTEX_POINT('',#14459);
#14461=EDGE_CURVE('',#14460,#1242,#14458,.T.);
#14462=ORIENTED_EDGE('',*,*,#14461,.F.);
#14463=CARTESIAN_POINT('',(0.0311480537112664,0.000801,0.0191272384310973));
#14464=DIRECTION('',(0.,1.,0.));
#14465=DIRECTION('',(0.,0.,1.));
#14466=AXIS2_PLACEMENT_3D('',#14463,#14464,#14465);
#14467=CIRCLE('',#14466,0.00100000000000002);
#14468=EDGE_CURVE('',#14436,#14460,#14467,.T.);
#14469=ORIENTED_EDGE('',*,*,#14468,.F.);
#14470=ORIENTED_EDGE('',*,*,#14437,.T.);
#14471=EDGE_LOOP('',(#14454,#14462,#14469,#14470));
#14472=FACE_BOUND('',#14471,.T.);
#14473=ADVANCED_FACE('',(#14472),#14453,.T.);
#14474=CARTESIAN_POINT('',(0.0290267333677068,0.000801,0.0198343452122838));
#14475=DIRECTION('',(0.707106781186548,0.,0.707106781186548));
#14476=DIRECTION('',(0.707106781186548,0.,-0.707106781186548));
#14477=AXIS2_PLACEMENT_3D('',#14474,#14475,#14476);
#14478=PLANE('',#14477);
#14479=ORIENTED_EDGE('',*,*,#1243,.T.);
#14480=ORIENTED_EDGE('',*,*,#14322,.F.);
#14481=CARTESIAN_POINT('',(0.0290267333677068,0.000801,0.0198343452122838));
#14482=DIRECTION('',(-0.707106781186548,0.,0.707106781186548));
#14483=VECTOR('',#14482,1.);
#14484=LINE('',#14481,#14483);
#14485=EDGE_CURVE('',#14460,#14315,#14484,.T.);
#14486=ORIENTED_EDGE('',*,*,#14485,.F.);
#14487=ORIENTED_EDGE('',*,*,#14461,.T.);
#14488=EDGE_LOOP('',(#14479,#14480,#14486,#14487));
#14489=FACE_BOUND('',#14488,.T.);
#14490=ADVANCED_FACE('',(#14489),#14478,.F.);
#14491=CARTESIAN_POINT('',(0.0297338401488934,0.000801,0.0205414519934703));
#14492=DIRECTION('',(0.,1.,0.));
#14493=DIRECTION('',(0.,0.,1.));
#14494=AXIS2_PLACEMENT_3D('',#14491,#14492,#14493);
#14495=PLANE('',#14494);
#14496=ORIENTED_EDGE('',*,*,#14316,.T.);
#14497=ORIENTED_EDGE('',*,*,#14345,.T.);
#14498=ORIENTED_EDGE('',*,*,#14370,.T.);
#14499=ORIENTED_EDGE('',*,*,#14394,.T.);
#14500=ORIENTED_EDGE('',*,*,#14419,.T.);
#14501=ORIENTED_EDGE('',*,*,#14443,.T.);
#14502=ORIENTED_EDGE('',*,*,#14468,.T.);
#14503=ORIENTED_EDGE('',*,*,#14485,.T.);
#14504=EDGE_LOOP('',(#14496,#14497,#14498,#14499,#14500,#14501,#14502,#14503));
#14505=FACE_BOUND('',#14504,.T.);
#14506=ADVANCED_FACE('',(#14505),#14495,.T.);
#14507=CARTESIAN_POINT('',(0.0244305392899942,0.000801,0.0371584613513543));
#14508=DIRECTION('',(0.707106781186548,0.,0.707106781186548));
#14509=DIRECTION('',(0.707106781186548,0.,-0.707106781186548));
#14510=AXIS2_PLACEMENT_3D('',#14507,#14508,#14509);
#14511=PLANE('',#14510);
#14512=ORIENTED_EDGE('',*,*,#1304,.T.);
#14513=CARTESIAN_POINT('',(0.0244305392899942,0.000801,0.0371584613513543));
#14514=DIRECTION('',(0.,-1.,0.));
#14515=VECTOR('',#14514,1.);
#14516=LINE('',#14513,#14515);
#14517=CARTESIAN_POINT('',(0.0244305392899942,0.000801,0.0371584613513543));
#14518=VERTEX_POINT('',#14517);
#14519=EDGE_CURVE('',#14518,#1293,#14516,.T.);
#14520=ORIENTED_EDGE('',*,*,#14519,.F.);
#14521=CARTESIAN_POINT('',(0.0244305392899942,0.000801,0.0371584613513543));
#14522=DIRECTION('',(-0.707106781186548,0.,0.707106781186548));
#14523=VECTOR('',#14522,1.);
#14524=LINE('',#14521,#14523);
#14525=CARTESIAN_POINT('',(0.0265518596335538,0.000801,0.0350371410077947));
#14526=VERTEX_POINT('',#14525);
#14527=EDGE_CURVE('',#14526,#14518,#14524,.T.);
#14528=ORIENTED_EDGE('',*,*,#14527,.F.);
#14529=CARTESIAN_POINT('',(0.0265518596335538,0.000801,0.0350371410077947));
#14530=DIRECTION('',(0.,-1.,0.));
#14531=VECTOR('',#14530,1.);
#14532=LINE('',#14529,#14531);
#14533=EDGE_CURVE('',#14526,#1303,#14532,.T.);
#14534=ORIENTED_EDGE('',*,*,#14533,.T.);
#14535=EDGE_LOOP('',(#14512,#14520,#14528,#14534));
#14536=FACE_BOUND('',#14535,.T.);
#14537=ADVANCED_FACE('',(#14536),#14511,.F.);
#14538=CARTESIAN_POINT('',(0.0244305392899942,0.000801,0.0371584613513543));
#14539=DIRECTION('',(0.707106781186549,0.,-0.707106781186546));
#14540=DIRECTION('',(-0.707106781186546,0.,-0.707106781186549));
#14541=AXIS2_PLACEMENT_3D('',#14538,#14539,#14540);
#14542=PLANE('',#14541);
#14543=ORIENTED_EDGE('',*,*,#1296,.T.);
#14544=CARTESIAN_POINT('',(0.0251376460711807,0.000801,0.0378655681325409));
#14545=DIRECTION('',(0.,-1.,0.));
#14546=VECTOR('',#14545,1.);
#14547=LINE('',#14544,#14546);
#14548=CARTESIAN_POINT('',(0.0251376460711807,0.000801,0.0378655681325409));
#14549=VERTEX_POINT('',#14548);
#14550=EDGE_CURVE('',#14549,#1295,#14547,.T.);
#14551=ORIENTED_EDGE('',*,*,#14550,.F.);
#14552=CARTESIAN_POINT('',(0.0244305392899942,0.000801,0.0371584613513543));
#14553=DIRECTION('',(0.707106781186546,0.,0.707106781186549));
#14554=VECTOR('',#14553,1.);
#14555=LINE('',#14552,#14554);
#14556=EDGE_CURVE('',#14518,#14549,#14555,.T.);
#14557=ORIENTED_EDGE('',*,*,#14556,.F.);
#14558=ORIENTED_EDGE('',*,*,#14519,.T.);
#14559=EDGE_LOOP('',(#14543,#14551,#14557,#14558));
#14560=FACE_BOUND('',#14559,.T.);
#14561=ADVANCED_FACE('',(#14560),#14542,.F.);
#14562=CARTESIAN_POINT('',(0.0251376460711807,0.000801,0.0378655681325409));
#14563=DIRECTION('',(-0.707106781186549,0.,-0.707106781186546));
#14564=DIRECTION('',(-0.707106781186546,0.,0.707106781186549));
#14565=AXIS2_PLACEMENT_3D('',#14562,#14563,#14564);
#14566=PLANE('',#14565);
#14567=ORIENTED_EDGE('',*,*,#1318,.T.);
#14568=CARTESIAN_POINT('',(0.0272589664147404,0.000801,0.0357442477889812));
#14569=DIRECTION('',(0.,-1.,0.));
#14570=VECTOR('',#14569,1.);
#14571=LINE('',#14568,#14570);
#14572=CARTESIAN_POINT('',(0.0272589664147404,0.000801,0.0357442477889812));
#14573=VERTEX_POINT('',#14572);
#14574=EDGE_CURVE('',#14573,#1311,#14571,.T.);
#14575=ORIENTED_EDGE('',*,*,#14574,.F.);
#14576=CARTESIAN_POINT('',(0.0251376460711807,0.000801,0.0378655681325409));
#14577=DIRECTION('',(0.707106781186546,0.,-0.707106781186549));
#14578=VECTOR('',#14577,1.);
#14579=LINE('',#14576,#14578);
#14580=EDGE_CURVE('',#14549,#14573,#14579,.T.);
#14581=ORIENTED_EDGE('',*,*,#14580,.F.);
#14582=ORIENTED_EDGE('',*,*,#14550,.T.);
#14583=EDGE_LOOP('',(#14567,#14575,#14581,#14582));
#14584=FACE_BOUND('',#14583,.T.);
#14585=ADVANCED_FACE('',(#14584),#14566,.F.);
#14586=CARTESIAN_POINT('',(0.0265518596335538,0.000801,0.0350371410077947));
#14587=DIRECTION('',(-0.707106781186546,0.,0.707106781186549));
#14588=DIRECTION('',(0.707106781186549,0.,0.707106781186546));
#14589=AXIS2_PLACEMENT_3D('',#14586,#14587,#14588);
#14590=PLANE('',#14589);
#14591=ORIENTED_EDGE('',*,*,#1312,.T.);
#14592=ORIENTED_EDGE('',*,*,#14533,.F.);
#14593=CARTESIAN_POINT('',(0.0265518596335538,0.000801,0.0350371410077947));
#14594=DIRECTION('',(-0.707106781186549,0.,-0.707106781186546));
#14595=VECTOR('',#14594,1.);
#14596=LINE('',#14593,#14595);
#14597=EDGE_CURVE('',#14573,#14526,#14596,.T.);
#14598=ORIENTED_EDGE('',*,*,#14597,.F.);
#14599=ORIENTED_EDGE('',*,*,#14574,.T.);
#14600=EDGE_LOOP('',(#14591,#14592,#14598,#14599));
#14601=FACE_BOUND('',#14600,.T.);
#14602=ADVANCED_FACE('',(#14601),#14590,.F.);
#14603=CARTESIAN_POINT('',(0.,0.000801,0.));
#14604=DIRECTION('',(0.,-1.,0.));
#14605=DIRECTION('',(0.,0.,-1.));
#14606=AXIS2_PLACEMENT_3D('',#14603,#14604,#14605);
#14607=PLANE('',#14606);
#14608=ORIENTED_EDGE('',*,*,#14527,.T.);
#14609=ORIENTED_EDGE('',*,*,#14556,.T.);
#14610=ORIENTED_EDGE('',*,*,#14580,.T.);
#14611=ORIENTED_EDGE('',*,*,#14597,.T.);
#14612=EDGE_LOOP('',(#14608,#14609,#14610,#14611));
#14613=FACE_BOUND('',#14612,.T.);
#14614=ADVANCED_FACE('',(#14613),#14607,.F.);
#14615=CARTESIAN_POINT('',(-0.027258966414745,0.000801,0.0357442477889812));
#14616=DIRECTION('',(0.707106781186548,0.,-0.707106781186548));
#14617=DIRECTION('',(-0.707106781186548,0.,-0.707106781186548));
#14618=AXIS2_PLACEMENT_3D('',#14615,#14616,#14617);
#14619=PLANE('',#14618);
#14620=ORIENTED_EDGE('',*,*,#1338,.T.);
#14621=CARTESIAN_POINT('',(-0.0265518596335584,0.000801,0.0364513545701678));
#14622=DIRECTION('',(0.,-1.,0.));
#14623=VECTOR('',#14622,1.);
#14624=LINE('',#14621,#14623);
#14625=CARTESIAN_POINT('',(-0.0265518596335584,0.000801,0.0364513545701678));
#14626=VERTEX_POINT('',#14625);
#14627=EDGE_CURVE('',#14626,#1327,#14624,.T.);
#14628=ORIENTED_EDGE('',*,*,#14627,.F.);
#14629=CARTESIAN_POINT('',(-0.027258966414745,0.000801,0.0357442477889812));
#14630=DIRECTION('',(0.707106781186548,0.,0.707106781186548));
#14631=VECTOR('',#14630,1.);
#14632=LINE('',#14629,#14631);
#14633=CARTESIAN_POINT('',(-0.027258966414745,0.000801,0.0357442477889812));
#14634=VERTEX_POINT('',#14633);
#14635=EDGE_CURVE('',#14634,#14626,#14632,.T.);
#14636=ORIENTED_EDGE('',*,*,#14635,.F.);
#14637=CARTESIAN_POINT('',(-0.027258966414745,0.000801,0.0357442477889812));
#14638=DIRECTION('',(0.,-1.,0.));
#14639=VECTOR('',#14638,1.);
#14640=LINE('',#14637,#14639);
#14641=EDGE_CURVE('',#14634,#1337,#14640,.T.);
#14642=ORIENTED_EDGE('',*,*,#14641,.T.);
#14643=EDGE_LOOP('',(#14620,#14628,#14636,#14642));
#14644=FACE_BOUND('',#14643,.T.);
#14645=ADVANCED_FACE('',(#14644),#14619,.F.);
#14646=CARTESIAN_POINT('',(-0.0265518596335584,0.000801,0.0364513545701678));
#14647=DIRECTION('',(0.707106781186548,0.,0.707106781186548));
#14648=DIRECTION('',(0.707106781186548,0.,-0.707106781186548));
#14649=AXIS2_PLACEMENT_3D('',#14646,#14647,#14648);
#14650=PLANE('',#14649);
#14651=ORIENTED_EDGE('',*,*,#1330,.T.);
#14652=CARTESIAN_POINT('',(-0.027258966414745,0.000801,0.0371584613513543));
#14653=DIRECTION('',(0.,-1.,0.));
#14654=VECTOR('',#14653,1.);
#14655=LINE('',#14652,#14654);
#14656=CARTESIAN_POINT('',(-0.027258966414745,0.000801,0.0371584613513543));
#14657=VERTEX_POINT('',#14656);
#14658=EDGE_CURVE('',#14657,#1329,#14655,.T.);
#14659=ORIENTED_EDGE('',*,*,#14658,.F.);
#14660=CARTESIAN_POINT('',(-0.0265518596335584,0.000801,0.0364513545701678));
#14661=DIRECTION('',(-0.707106781186548,0.,0.707106781186548));
#14662=VECTOR('',#14661,1.);
#14663=LINE('',#14660,#14662);
#14664=EDGE_CURVE('',#14626,#14657,#14663,.T.);
#14665=ORIENTED_EDGE('',*,*,#14664,.F.);
#14666=ORIENTED_EDGE('',*,*,#14627,.T.);
#14667=EDGE_LOOP('',(#14651,#14659,#14665,#14666));
#14668=FACE_BOUND('',#14667,.T.);
#14669=ADVANCED_FACE('',(#14668),#14650,.F.);
#14670=CARTESIAN_POINT('',(-0.027258966414745,0.000801,0.0371584613513543));
#14671=DIRECTION('',(0.707106781186548,0.,-0.707106781186548));
#14672=DIRECTION('',(-0.707106781186548,0.,-0.707106781186548));
#14673=AXIS2_PLACEMENT_3D('',#14670,#14671,#14672);
#14674=PLANE('',#14673);
#14675=ORIENTED_EDGE('',*,*,#1416,.T.);
#14676=CARTESIAN_POINT('',(-0.0265518596335584,0.000801,0.0378655681325408));
#14677=DIRECTION('',(0.,-1.,0.));
#14678=VECTOR('',#14677,1.);
#14679=LINE('',#14676,#14678);
#14680=CARTESIAN_POINT('',(-0.0265518596335584,0.000801,0.0378655681325408));
#14681=VERTEX_POINT('',#14680);
#14682=EDGE_CURVE('',#14681,#1409,#14679,.T.);
#14683=ORIENTED_EDGE('',*,*,#14682,.F.);
#14684=CARTESIAN_POINT('',(-0.027258966414745,0.000801,0.0371584613513543));
#14685=DIRECTION('',(0.707106781186548,0.,0.707106781186548));
#14686=VECTOR('',#14685,1.);
#14687=LINE('',#14684,#14686);
#14688=EDGE_CURVE('',#14657,#14681,#14687,.T.);
#14689=ORIENTED_EDGE('',*,*,#14688,.F.);
#14690=ORIENTED_EDGE('',*,*,#14658,.T.);
#14691=EDGE_LOOP('',(#14675,#14683,#14689,#14690));
#14692=FACE_BOUND('',#14691,.T.);
#14693=ADVANCED_FACE('',(#14692),#14674,.F.);
#14694=CARTESIAN_POINT('',(-0.0258447528523719,0.000801,0.0371584613513543));
#14695=DIRECTION('',(-0.707106781186548,0.,-0.707106781186548));
#14696=DIRECTION('',(-0.707106781186548,0.,0.707106781186548));
#14697=AXIS2_PLACEMENT_3D('',#14694,#14695,#14696);
#14698=PLANE('',#14697);
#14699=ORIENTED_EDGE('',*,*,#1410,.T.);
#14700=CARTESIAN_POINT('',(-0.0258447528523719,0.000801,0.0371584613513543));
#14701=DIRECTION('',(0.,-1.,0.));
#14702=VECTOR('',#14701,1.);
#14703=LINE('',#14700,#14702);
#14704=CARTESIAN_POINT('',(-0.0258447528523719,0.000801,0.0371584613513543));
#14705=VERTEX_POINT('',#14704);
#14706=EDGE_CURVE('',#14705,#1401,#14703,.T.);
#14707=ORIENTED_EDGE('',*,*,#14706,.F.);
#14708=CARTESIAN_POINT('',(-0.0258447528523719,0.000801,0.0371584613513543));
#14709=DIRECTION('',(0.707106781186548,0.,-0.707106781186548));
#14710=VECTOR('',#14709,1.);
#14711=LINE('',#14708,#14710);
#14712=EDGE_CURVE('',#14681,#14705,#14711,.T.);
#14713=ORIENTED_EDGE('',*,*,#14712,.F.);
#14714=ORIENTED_EDGE('',*,*,#14682,.T.);
#14715=EDGE_LOOP('',(#14699,#14707,#14713,#14714));
#14716=FACE_BOUND('',#14715,.T.);
#14717=ADVANCED_FACE('',(#14716),#14698,.F.);
#14718=CARTESIAN_POINT('',(-0.0258447528523719,0.000801,0.0371584613513543));
#14719=DIRECTION('',(0.707106781186548,0.,-0.707106781186548));
#14720=DIRECTION('',(-0.707106781186548,0.,-0.707106781186548));
#14721=AXIS2_PLACEMENT_3D('',#14718,#14719,#14720);
#14722=PLANE('',#14721);
#14723=ORIENTED_EDGE('',*,*,#1402,.T.);
#14724=CARTESIAN_POINT('',(-0.0251376460711853,0.000801,0.0378655681325408));
#14725=DIRECTION('',(0.,-1.,0.));
#14726=VECTOR('',#14725,1.);
#14727=LINE('',#14724,#14726);
#14728=CARTESIAN_POINT('',(-0.0251376460711853,0.000801,0.0378655681325408));
#14729=VERTEX_POINT('',#14728);
#14730=EDGE_CURVE('',#14729,#1393,#14727,.T.);
#14731=ORIENTED_EDGE('',*,*,#14730,.F.);
#14732=CARTESIAN_POINT('',(-0.0258447528523719,0.000801,0.0371584613513543));
#14733=DIRECTION('',(0.707106781186548,0.,0.707106781186548));
#14734=VECTOR('',#14733,1.);
#14735=LINE('',#14732,#14734);
#14736=EDGE_CURVE('',#14705,#14729,#14735,.T.);
#14737=ORIENTED_EDGE('',*,*,#14736,.F.);
#14738=ORIENTED_EDGE('',*,*,#14706,.T.);
#14739=EDGE_LOOP('',(#14723,#14731,#14737,#14738));
#14740=FACE_BOUND('',#14739,.T.);
#14741=ADVANCED_FACE('',(#14740),#14722,.F.);
#14742=CARTESIAN_POINT('',(-0.0244305392899988,0.000801,0.0371584613513543));
#14743=DIRECTION('',(-0.707106781186541,0.,-0.707106781186554));
#14744=DIRECTION('',(-0.707106781186554,0.,0.707106781186541));
#14745=AXIS2_PLACEMENT_3D('',#14742,#14743,#14744);
#14746=PLANE('',#14745);
#14747=ORIENTED_EDGE('',*,*,#1394,.T.);
#14748=CARTESIAN_POINT('',(-0.0244305392899988,0.000801,0.0371584613513543));
#14749=DIRECTION('',(0.,-1.,0.));
#14750=VECTOR('',#14749,1.);
#14751=LINE('',#14748,#14750);
#14752=CARTESIAN_POINT('',(-0.0244305392899988,0.000801,0.0371584613513543));
#14753=VERTEX_POINT('',#14752);
#14754=EDGE_CURVE('',#14753,#1385,#14751,.T.);
#14755=ORIENTED_EDGE('',*,*,#14754,.F.);
#14756=CARTESIAN_POINT('',(-0.0244305392899988,0.000801,0.0371584613513543));
#14757=DIRECTION('',(0.707106781186554,0.,-0.707106781186541));
#14758=VECTOR('',#14757,1.);
#14759=LINE('',#14756,#14758);
#14760=EDGE_CURVE('',#14729,#14753,#14759,.T.);
#14761=ORIENTED_EDGE('',*,*,#14760,.F.);
#14762=ORIENTED_EDGE('',*,*,#14730,.T.);
#14763=EDGE_LOOP('',(#14747,#14755,#14761,#14762));
#14764=FACE_BOUND('',#14763,.T.);
#14765=ADVANCED_FACE('',(#14764),#14746,.F.);
#14766=CARTESIAN_POINT('',(-0.0251376460711853,0.000801,0.0364513545701678));
#14767=DIRECTION('',(-0.707106781186548,0.,0.707106781186548));
#14768=DIRECTION('',(0.707106781186548,0.,0.707106781186548));
#14769=AXIS2_PLACEMENT_3D('',#14766,#14767,#14768);
#14770=PLANE('',#14769);
#14771=ORIENTED_EDGE('',*,*,#1386,.T.);
#14772=CARTESIAN_POINT('',(-0.0251376460711853,0.000801,0.0364513545701678));
#14773=DIRECTION('',(0.,-1.,0.));
#14774=VECTOR('',#14773,1.);
#14775=LINE('',#14772,#14774);
#14776=CARTESIAN_POINT('',(-0.0251376460711853,0.000801,0.0364513545701678));
#14777=VERTEX_POINT('',#14776);
#14778=EDGE_CURVE('',#14777,#1377,#14775,.T.);
#14779=ORIENTED_EDGE('',*,*,#14778,.F.);
#14780=CARTESIAN_POINT('',(-0.0251376460711853,0.000801,0.0364513545701678));
#14781=DIRECTION('',(-0.707106781186548,0.,-0.707106781186548));
#14782=VECTOR('',#14781,1.);
#14783=LINE('',#14780,#14782);
#14784=EDGE_CURVE('',#14753,#14777,#14783,.T.);
#14785=ORIENTED_EDGE('',*,*,#14784,.F.);
#14786=ORIENTED_EDGE('',*,*,#14754,.T.);
#14787=EDGE_LOOP('',(#14771,#14779,#14785,#14786));
#14788=FACE_BOUND('',#14787,.T.);
#14789=ADVANCED_FACE('',(#14788),#14770,.F.);
#14790=CARTESIAN_POINT('',(-0.0244305392899988,0.000801,0.0357442477889812));
#14791=DIRECTION('',(-0.707106781186548,0.,-0.707106781186548));
#14792=DIRECTION('',(-0.707106781186548,0.,0.707106781186548));
#14793=AXIS2_PLACEMENT_3D('',#14790,#14791,#14792);
#14794=PLANE('',#14793);
#14795=ORIENTED_EDGE('',*,*,#1378,.T.);
#14796=CARTESIAN_POINT('',(-0.0244305392899988,0.000801,0.0357442477889812));
#14797=DIRECTION('',(0.,-1.,0.));
#14798=VECTOR('',#14797,1.);
#14799=LINE('',#14796,#14798);
#14800=CARTESIAN_POINT('',(-0.0244305392899988,0.000801,0.0357442477889812));
#14801=VERTEX_POINT('',#14800);
#14802=EDGE_CURVE('',#14801,#1369,#14799,.T.);
#14803=ORIENTED_EDGE('',*,*,#14802,.F.);
#14804=CARTESIAN_POINT('',(-0.0244305392899988,0.000801,0.0357442477889812));
#14805=DIRECTION('',(0.707106781186548,0.,-0.707106781186548));
#14806=VECTOR('',#14805,1.);
#14807=LINE('',#14804,#14806);
#14808=EDGE_CURVE('',#14777,#14801,#14807,.T.);
#14809=ORIENTED_EDGE('',*,*,#14808,.F.);
#14810=ORIENTED_EDGE('',*,*,#14778,.T.);
#14811=EDGE_LOOP('',(#14795,#14803,#14809,#14810));
#14812=FACE_BOUND('',#14811,.T.);
#14813=ADVANCED_FACE('',(#14812),#14794,.F.);
#14814=CARTESIAN_POINT('',(-0.0251376460711853,0.000801,0.0350371410077947));
#14815=DIRECTION('',(-0.707106781186548,0.,0.707106781186548));
#14816=DIRECTION('',(0.707106781186548,0.,0.707106781186548));
#14817=AXIS2_PLACEMENT_3D('',#14814,#14815,#14816);
#14818=PLANE('',#14817);
#14819=ORIENTED_EDGE('',*,*,#1370,.T.);
#14820=CARTESIAN_POINT('',(-0.0251376460711853,0.000801,0.0350371410077947));
#14821=DIRECTION('',(0.,-1.,0.));
#14822=VECTOR('',#14821,1.);
#14823=LINE('',#14820,#14822);
#14824=CARTESIAN_POINT('',(-0.0251376460711853,0.000801,0.0350371410077947));
#14825=VERTEX_POINT('',#14824);
#14826=EDGE_CURVE('',#14825,#1361,#14823,.T.);
#14827=ORIENTED_EDGE('',*,*,#14826,.F.);
#14828=CARTESIAN_POINT('',(-0.0251376460711853,0.000801,0.0350371410077947));
#14829=DIRECTION('',(-0.707106781186548,0.,-0.707106781186548));
#14830=VECTOR('',#14829,1.);
#14831=LINE('',#14828,#14830);
#14832=EDGE_CURVE('',#14801,#14825,#14831,.T.);
#14833=ORIENTED_EDGE('',*,*,#14832,.F.);
#14834=ORIENTED_EDGE('',*,*,#14802,.T.);
#14835=EDGE_LOOP('',(#14819,#14827,#14833,#14834));
#14836=FACE_BOUND('',#14835,.T.);
#14837=ADVANCED_FACE('',(#14836),#14818,.F.);
#14838=CARTESIAN_POINT('',(-0.0251376460711853,0.000801,0.0350371410077947));
#14839=DIRECTION('',(0.707106781186549,0.,0.707106781186546));
#14840=DIRECTION('',(0.707106781186546,0.,-0.707106781186549));
#14841=AXIS2_PLACEMENT_3D('',#14838,#14839,#14840);
#14842=PLANE('',#14841);
#14843=ORIENTED_EDGE('',*,*,#1362,.T.);
#14844=CARTESIAN_POINT('',(-0.0258447528523719,0.000801,0.0357442477889812));
#14845=DIRECTION('',(0.,-1.,0.));
#14846=VECTOR('',#14845,1.);
#14847=LINE('',#14844,#14846);
#14848=CARTESIAN_POINT('',(-0.0258447528523719,0.000801,0.0357442477889812));
#14849=VERTEX_POINT('',#14848);
#14850=EDGE_CURVE('',#14849,#1353,#14847,.T.);
#14851=ORIENTED_EDGE('',*,*,#14850,.F.);
#14852=CARTESIAN_POINT('',(-0.0251376460711853,0.000801,0.0350371410077947));
#14853=DIRECTION('',(-0.707106781186546,0.,0.707106781186549));
#14854=VECTOR('',#14853,1.);
#14855=LINE('',#14852,#14854);
#14856=EDGE_CURVE('',#14825,#14849,#14855,.T.);
#14857=ORIENTED_EDGE('',*,*,#14856,.F.);
#14858=ORIENTED_EDGE('',*,*,#14826,.T.);
#14859=EDGE_LOOP('',(#14843,#14851,#14857,#14858));
#14860=FACE_BOUND('',#14859,.T.);
#14861=ADVANCED_FACE('',(#14860),#14842,.F.);
#14862=CARTESIAN_POINT('',(-0.0265518596335584,0.000801,0.0350371410077947));
#14863=DIRECTION('',(-0.707106781186553,0.,0.707106781186542));
#14864=DIRECTION('',(0.707106781186542,0.,0.707106781186553));
#14865=AXIS2_PLACEMENT_3D('',#14862,#14863,#14864);
#14866=PLANE('',#14865);
#14867=ORIENTED_EDGE('',*,*,#1354,.T.);
#14868=CARTESIAN_POINT('',(-0.0265518596335584,0.000801,0.0350371410077947));
#14869=DIRECTION('',(0.,-1.,0.));
#14870=VECTOR('',#14869,1.);
#14871=LINE('',#14868,#14870);
#14872=CARTESIAN_POINT('',(-0.0265518596335584,0.000801,0.0350371410077947));
#14873=VERTEX_POINT('',#14872);
#14874=EDGE_CURVE('',#14873,#1345,#14871,.T.);
#14875=ORIENTED_EDGE('',*,*,#14874,.F.);
#14876=CARTESIAN_POINT('',(-0.0265518596335584,0.000801,0.0350371410077947));
#14877=DIRECTION('',(-0.707106781186542,0.,-0.707106781186553));
#14878=VECTOR('',#14877,1.);
#14879=LINE('',#14876,#14878);
#14880=EDGE_CURVE('',#14849,#14873,#14879,.T.);
#14881=ORIENTED_EDGE('',*,*,#14880,.F.);
#14882=ORIENTED_EDGE('',*,*,#14850,.T.);
#14883=EDGE_LOOP('',(#14867,#14875,#14881,#14882));
#14884=FACE_BOUND('',#14883,.T.);
#14885=ADVANCED_FACE('',(#14884),#14866,.F.);
#14886=CARTESIAN_POINT('',(-0.0265518596335584,0.000801,0.0350371410077947));
#14887=DIRECTION('',(0.707106781186554,0.,0.707106781186541));
#14888=DIRECTION('',(0.707106781186541,0.,-0.707106781186554));
#14889=AXIS2_PLACEMENT_3D('',#14886,#14887,#14888);
#14890=PLANE('',#14889);
#14891=ORIENTED_EDGE('',*,*,#1346,.T.);
#14892=ORIENTED_EDGE('',*,*,#14641,.F.);
#14893=CARTESIAN_POINT('',(-0.0265518596335584,0.000801,0.0350371410077947));
#14894=DIRECTION('',(-0.707106781186541,0.,0.707106781186554));
#14895=VECTOR('',#14894,1.);
#14896=LINE('',#14893,#14895);
#14897=EDGE_CURVE('',#14873,#14634,#14896,.T.);
#14898=ORIENTED_EDGE('',*,*,#14897,.F.);
#14899=ORIENTED_EDGE('',*,*,#14874,.T.);
#14900=EDGE_LOOP('',(#14891,#14892,#14898,#14899));
#14901=FACE_BOUND('',#14900,.T.);
#14902=ADVANCED_FACE('',(#14901),#14890,.F.);
#14903=CARTESIAN_POINT('',(0.,0.000801,0.));
#14904=DIRECTION('',(0.,-1.,0.));
#14905=DIRECTION('',(0.,0.,-1.));
#14906=AXIS2_PLACEMENT_3D('',#14903,#14904,#14905);
#14907=PLANE('',#14906);
#14908=ORIENTED_EDGE('',*,*,#14635,.T.);
#14909=ORIENTED_EDGE('',*,*,#14664,.T.);
#14910=ORIENTED_EDGE('',*,*,#14688,.T.);
#14911=ORIENTED_EDGE('',*,*,#14712,.T.);
#14912=ORIENTED_EDGE('',*,*,#14736,.T.);
#14913=ORIENTED_EDGE('',*,*,#14760,.T.);
#14914=ORIENTED_EDGE('',*,*,#14784,.T.);
#14915=ORIENTED_EDGE('',*,*,#14808,.T.);
#14916=ORIENTED_EDGE('',*,*,#14832,.T.);
#14917=ORIENTED_EDGE('',*,*,#14856,.T.);
#14918=ORIENTED_EDGE('',*,*,#14880,.T.);
#14919=ORIENTED_EDGE('',*,*,#14897,.T.);
#14920=EDGE_LOOP('',(#14908,#14909,#14910,#14911,#14912,#14913,#14914,#14915,#14916,#14917,#14918,#14919));
#14921=FACE_BOUND('',#14920,.T.);
#14922=ADVANCED_FACE('',(#14921),#14907,.F.);
#14923=CARTESIAN_POINT('',(-0.0350371410077971,0.000801,0.026551859633556));
#14924=DIRECTION('',(-0.707106781186551,0.,-0.707106781186544));
#14925=DIRECTION('',(-0.707106781186544,0.,0.707106781186551));
#14926=AXIS2_PLACEMENT_3D('',#14923,#14924,#14925);
#14927=PLANE('',#14926);
#14928=ORIENTED_EDGE('',*,*,#1436,.T.);
#14929=CARTESIAN_POINT('',(-0.0350371410077971,0.000801,0.026551859633556));
#14930=DIRECTION('',(0.,-1.,0.));
#14931=VECTOR('',#14930,1.);
#14932=LINE('',#14929,#14931);
#14933=CARTESIAN_POINT('',(-0.0350371410077971,0.000801,0.026551859633556));
#14934=VERTEX_POINT('',#14933);
#14935=EDGE_CURVE('',#14934,#1425,#14932,.T.);
#14936=ORIENTED_EDGE('',*,*,#14935,.F.);
#14937=CARTESIAN_POINT('',(-0.0350371410077971,0.000801,0.026551859633556));
#14938=DIRECTION('',(0.707106781186544,0.,-0.707106781186551));
#14939=VECTOR('',#14938,1.);
#14940=LINE('',#14937,#14939);
#14941=CARTESIAN_POINT('',(-0.0357442477889836,0.000801,0.0272589664147426));
#14942=VERTEX_POINT('',#14941);
#14943=EDGE_CURVE('',#14942,#14934,#14940,.T.);
#14944=ORIENTED_EDGE('',*,*,#14943,.F.);
#14945=CARTESIAN_POINT('',(-0.0357442477889836,0.000801,0.0272589664147426));
#14946=DIRECTION('',(0.,-1.,0.));
#14947=VECTOR('',#14946,1.);
#14948=LINE('',#14945,#14947);
#14949=EDGE_CURVE('',#14942,#1435,#14948,.T.);
#14950=ORIENTED_EDGE('',*,*,#14949,.T.);
#14951=EDGE_LOOP('',(#14928,#14936,#14944,#14950));
#14952=FACE_BOUND('',#14951,.T.);
#14953=ADVANCED_FACE('',(#14952),#14927,.F.);
#14954=CARTESIAN_POINT('',(-0.0371584613513567,0.000801,0.0244305392899964));
#14955=DIRECTION('',(-0.707106781186547,0.,0.707106781186548));
#14956=DIRECTION('',(0.707106781186548,0.,0.707106781186547));
#14957=AXIS2_PLACEMENT_3D('',#14954,#14955,#14956);
#14958=PLANE('',#14957);
#14959=ORIENTED_EDGE('',*,*,#1428,.T.);
#14960=CARTESIAN_POINT('',(-0.0371584613513567,0.000801,0.0244305392899964));
#14961=DIRECTION('',(0.,-1.,0.));
#14962=VECTOR('',#14961,1.);
#14963=LINE('',#14960,#14962);
#14964=CARTESIAN_POINT('',(-0.0371584613513567,0.000801,0.0244305392899964));
#14965=VERTEX_POINT('',#14964);
#14966=EDGE_CURVE('',#14965,#1427,#14963,.T.);
#14967=ORIENTED_EDGE('',*,*,#14966,.F.);
#14968=CARTESIAN_POINT('',(-0.0371584613513567,0.000801,0.0244305392899964));
#14969=DIRECTION('',(-0.707106781186548,0.,-0.707106781186547));
#14970=VECTOR('',#14969,1.);
#14971=LINE('',#14968,#14970);
#14972=EDGE_CURVE('',#14934,#14965,#14971,.T.);
#14973=ORIENTED_EDGE('',*,*,#14972,.F.);
#14974=ORIENTED_EDGE('',*,*,#14935,.T.);
#14975=EDGE_LOOP('',(#14959,#14967,#14973,#14974));
#14976=FACE_BOUND('',#14975,.T.);
#14977=ADVANCED_FACE('',(#14976),#14958,.F.);
#14978=CARTESIAN_POINT('',(-0.0371584613513567,0.000801,0.0244305392899964));
#14979=DIRECTION('',(0.707106781186546,0.,0.707106781186549));
#14980=DIRECTION('',(0.707106781186549,0.,-0.707106781186546));
#14981=AXIS2_PLACEMENT_3D('',#14978,#14979,#14980);
#14982=PLANE('',#14981);
#14983=ORIENTED_EDGE('',*,*,#1450,.T.);
#14984=CARTESIAN_POINT('',(-0.0378655681325433,0.000801,0.0251376460711829));
#14985=DIRECTION('',(0.,-1.,0.));
#14986=VECTOR('',#14985,1.);
#14987=LINE('',#14984,#14986);
#14988=CARTESIAN_POINT('',(-0.0378655681325433,0.000801,0.0251376460711829));
#14989=VERTEX_POINT('',#14988);
#14990=EDGE_CURVE('',#14989,#1443,#14987,.T.);
#14991=ORIENTED_EDGE('',*,*,#14990,.F.);
#14992=CARTESIAN_POINT('',(-0.0371584613513567,0.000801,0.0244305392899964));
#14993=DIRECTION('',(-0.707106781186549,0.,0.707106781186546));
#14994=VECTOR('',#14993,1.);
#14995=LINE('',#14992,#14994);
#14996=EDGE_CURVE('',#14965,#14989,#14995,.T.);
#14997=ORIENTED_EDGE('',*,*,#14996,.F.);
#14998=ORIENTED_EDGE('',*,*,#14966,.T.);
#14999=EDGE_LOOP('',(#14983,#14991,#14997,#14998));
#15000=FACE_BOUND('',#14999,.T.);
#15001=ADVANCED_FACE('',(#15000),#14982,.F.);
#15002=CARTESIAN_POINT('',(-0.0378655681325433,0.000801,0.0251376460711829));
#15003=DIRECTION('',(0.707106781186546,0.,-0.707106781186549));
#15004=DIRECTION('',(-0.707106781186549,0.,-0.707106781186546));
#15005=AXIS2_PLACEMENT_3D('',#15002,#15003,#15004);
#15006=PLANE('',#15005);
#15007=ORIENTED_EDGE('',*,*,#1444,.T.);
#15008=ORIENTED_EDGE('',*,*,#14949,.F.);
#15009=CARTESIAN_POINT('',(-0.0378655681325433,0.000801,0.0251376460711829));
#15010=DIRECTION('',(0.707106781186549,0.,0.707106781186546));
#15011=VECTOR('',#15010,1.);
#15012=LINE('',#15009,#15011);
#15013=EDGE_CURVE('',#14989,#14942,#15012,.T.);
#15014=ORIENTED_EDGE('',*,*,#15013,.F.);
#15015=ORIENTED_EDGE('',*,*,#14990,.T.);
#15016=EDGE_LOOP('',(#15007,#15008,#15014,#15015));
#15017=FACE_BOUND('',#15016,.T.);
#15018=ADVANCED_FACE('',(#15017),#15006,.F.);
#15019=CARTESIAN_POINT('',(0.,0.000801,0.));
#15020=DIRECTION('',(0.,1.,0.));
#15021=DIRECTION('',(0.,0.,1.));
#15022=AXIS2_PLACEMENT_3D('',#15019,#15020,#15021);
#15023=PLANE('',#15022);
#15024=ORIENTED_EDGE('',*,*,#14943,.T.);
#15025=ORIENTED_EDGE('',*,*,#14972,.T.);
#15026=ORIENTED_EDGE('',*,*,#14996,.T.);
#15027=ORIENTED_EDGE('',*,*,#15013,.T.);
#15028=EDGE_LOOP('',(#15024,#15025,#15026,#15027));
#15029=FACE_BOUND('',#15028,.T.);
#15030=ADVANCED_FACE('',(#15029),#15023,.T.);
#15031=CARTESIAN_POINT('',(-0.0357442477889836,0.000801,-0.0272589664147428));
#15032=DIRECTION('',(0.707106781186548,0.,0.707106781186548));
#15033=DIRECTION('',(0.707106781186548,0.,-0.707106781186548));
#15034=AXIS2_PLACEMENT_3D('',#15031,#15032,#15033);
#15035=PLANE('',#15034);
#15036=ORIENTED_EDGE('',*,*,#1470,.T.);
#15037=CARTESIAN_POINT('',(-0.0364513545701702,0.000801,-0.0265518596335562));
#15038=DIRECTION('',(0.,-1.,0.));
#15039=VECTOR('',#15038,1.);
#15040=LINE('',#15037,#15039);
#15041=CARTESIAN_POINT('',(-0.0364513545701702,0.000801,-0.0265518596335562));
#15042=VERTEX_POINT('',#15041);
#15043=EDGE_CURVE('',#15042,#1459,#15040,.T.);
#15044=ORIENTED_EDGE('',*,*,#15043,.F.);
#15045=CARTESIAN_POINT('',(-0.0357442477889836,0.000801,-0.0272589664147428));
#15046=DIRECTION('',(-0.707106781186548,0.,0.707106781186548));
#15047=VECTOR('',#15046,1.);
#15048=LINE('',#15045,#15047);
#15049=CARTESIAN_POINT('',(-0.0357442477889836,0.000801,-0.0272589664147428));
#15050=VERTEX_POINT('',#15049);
#15051=EDGE_CURVE('',#15050,#15042,#15048,.T.);
#15052=ORIENTED_EDGE('',*,*,#15051,.F.);
#15053=CARTESIAN_POINT('',(-0.0357442477889836,0.000801,-0.0272589664147428));
#15054=DIRECTION('',(0.,-1.,0.));
#15055=VECTOR('',#15054,1.);
#15056=LINE('',#15053,#15055);
#15057=EDGE_CURVE('',#15050,#1469,#15056,.T.);
#15058=ORIENTED_EDGE('',*,*,#15057,.T.);
#15059=EDGE_LOOP('',(#15036,#15044,#15052,#15058));
#15060=FACE_BOUND('',#15059,.T.);
#15061=ADVANCED_FACE('',(#15060),#15035,.F.);
#15062=CARTESIAN_POINT('',(-0.0364513545701702,0.000801,-0.0265518596335562));
#15063=DIRECTION('',(-0.707106781186548,0.,0.707106781186548));
#15064=DIRECTION('',(0.707106781186548,0.,0.707106781186548));
#15065=AXIS2_PLACEMENT_3D('',#15062,#15063,#15064);
#15066=PLANE('',#15065);
#15067=ORIENTED_EDGE('',*,*,#1462,.T.);
#15068=CARTESIAN_POINT('',(-0.0371584613513567,0.000801,-0.0272589664147428));
#15069=DIRECTION('',(0.,-1.,0.));
#15070=VECTOR('',#15069,1.);
#15071=LINE('',#15068,#15070);
#15072=CARTESIAN_POINT('',(-0.0371584613513567,0.000801,-0.0272589664147428));
#15073=VERTEX_POINT('',#15072);
#15074=EDGE_CURVE('',#15073,#1461,#15071,.T.);
#15075=ORIENTED_EDGE('',*,*,#15074,.F.);
#15076=CARTESIAN_POINT('',(-0.0364513545701702,0.000801,-0.0265518596335562));
#15077=DIRECTION('',(-0.707106781186548,0.,-0.707106781186548));
#15078=VECTOR('',#15077,1.);
#15079=LINE('',#15076,#15078);
#15080=EDGE_CURVE('',#15042,#15073,#15079,.T.);
#15081=ORIENTED_EDGE('',*,*,#15080,.F.);
#15082=ORIENTED_EDGE('',*,*,#15043,.T.);
#15083=EDGE_LOOP('',(#15067,#15075,#15081,#15082));
#15084=FACE_BOUND('',#15083,.T.);
#15085=ADVANCED_FACE('',(#15084),#15066,.F.);
#15086=CARTESIAN_POINT('',(-0.0371584613513567,0.000801,-0.0272589664147428));
#15087=DIRECTION('',(0.707106781186548,0.,0.707106781186548));
#15088=DIRECTION('',(0.707106781186548,0.,-0.707106781186548));
#15089=AXIS2_PLACEMENT_3D('',#15086,#15087,#15088);
#15090=PLANE('',#15089);
#15091=ORIENTED_EDGE('',*,*,#1548,.T.);
#15092=CARTESIAN_POINT('',(-0.0378655681325433,0.000801,-0.0265518596335562));
#15093=DIRECTION('',(0.,-1.,0.));
#15094=VECTOR('',#15093,1.);
#15095=LINE('',#15092,#15094);
#15096=CARTESIAN_POINT('',(-0.0378655681325433,0.000801,-0.0265518596335562));
#15097=VERTEX_POINT('',#15096);
#15098=EDGE_CURVE('',#15097,#1541,#15095,.T.);
#15099=ORIENTED_EDGE('',*,*,#15098,.F.);
#15100=CARTESIAN_POINT('',(-0.0371584613513567,0.000801,-0.0272589664147428));
#15101=DIRECTION('',(-0.707106781186548,0.,0.707106781186548));
#15102=VECTOR('',#15101,1.);
#15103=LINE('',#15100,#15102);
#15104=EDGE_CURVE('',#15073,#15097,#15103,.T.);
#15105=ORIENTED_EDGE('',*,*,#15104,.F.);
#15106=ORIENTED_EDGE('',*,*,#15074,.T.);
#15107=EDGE_LOOP('',(#15091,#15099,#15105,#15106));
#15108=FACE_BOUND('',#15107,.T.);
#15109=ADVANCED_FACE('',(#15108),#15090,.F.);
#15110=CARTESIAN_POINT('',(-0.0371584613513567,0.000801,-0.0258447528523697));
#15111=DIRECTION('',(0.707106781186548,0.,-0.707106781186548));
#15112=DIRECTION('',(-0.707106781186548,0.,-0.707106781186548));
#15113=AXIS2_PLACEMENT_3D('',#15110,#15111,#15112);
#15114=PLANE('',#15113);
#15115=ORIENTED_EDGE('',*,*,#1542,.T.);
#15116=CARTESIAN_POINT('',(-0.0371584613513567,0.000801,-0.0258447528523697));
#15117=DIRECTION('',(0.,-1.,0.));
#15118=VECTOR('',#15117,1.);
#15119=LINE('',#15116,#15118);
#15120=CARTESIAN_POINT('',(-0.0371584613513567,0.000801,-0.0258447528523697));
#15121=VERTEX_POINT('',#15120);
#15122=EDGE_CURVE('',#15121,#1533,#15119,.T.);
#15123=ORIENTED_EDGE('',*,*,#15122,.F.);
#15124=CARTESIAN_POINT('',(-0.0371584613513567,0.000801,-0.0258447528523697));
#15125=DIRECTION('',(0.707106781186548,0.,0.707106781186548));
#15126=VECTOR('',#15125,1.);
#15127=LINE('',#15124,#15126);
#15128=EDGE_CURVE('',#15097,#15121,#15127,.T.);
#15129=ORIENTED_EDGE('',*,*,#15128,.F.);
#15130=ORIENTED_EDGE('',*,*,#15098,.T.);
#15131=EDGE_LOOP('',(#15115,#15123,#15129,#15130));
#15132=FACE_BOUND('',#15131,.T.);
#15133=ADVANCED_FACE('',(#15132),#15114,.F.);
#15134=CARTESIAN_POINT('',(-0.0371584613513567,0.000801,-0.0258447528523697));
#15135=DIRECTION('',(0.707106781186548,0.,0.707106781186548));
#15136=DIRECTION('',(0.707106781186548,0.,-0.707106781186548));
#15137=AXIS2_PLACEMENT_3D('',#15134,#15135,#15136);
#15138=PLANE('',#15137);
#15139=ORIENTED_EDGE('',*,*,#1534,.T.);
#15140=CARTESIAN_POINT('',(-0.0378655681325433,0.000801,-0.0251376460711832));
#15141=DIRECTION('',(0.,-1.,0.));
#15142=VECTOR('',#15141,1.);
#15143=LINE('',#15140,#15142);
#15144=CARTESIAN_POINT('',(-0.0378655681325433,0.000801,-0.0251376460711832));
#15145=VERTEX_POINT('',#15144);
#15146=EDGE_CURVE('',#15145,#1525,#15143,.T.);
#15147=ORIENTED_EDGE('',*,*,#15146,.F.);
#15148=CARTESIAN_POINT('',(-0.0371584613513567,0.000801,-0.0258447528523697));
#15149=DIRECTION('',(-0.707106781186548,0.,0.707106781186548));
#15150=VECTOR('',#15149,1.);
#15151=LINE('',#15148,#15150);
#15152=EDGE_CURVE('',#15121,#15145,#15151,.T.);
#15153=ORIENTED_EDGE('',*,*,#15152,.F.);
#15154=ORIENTED_EDGE('',*,*,#15122,.T.);
#15155=EDGE_LOOP('',(#15139,#15147,#15153,#15154));
#15156=FACE_BOUND('',#15155,.T.);
#15157=ADVANCED_FACE('',(#15156),#15138,.F.);
#15158=CARTESIAN_POINT('',(-0.0371584613513567,0.000801,-0.0244305392899966));
#15159=DIRECTION('',(0.707106781186551,0.,-0.707106781186544));
#15160=DIRECTION('',(-0.707106781186544,0.,-0.707106781186551));
#15161=AXIS2_PLACEMENT_3D('',#15158,#15159,#15160);
#15162=PLANE('',#15161);
#15163=ORIENTED_EDGE('',*,*,#1526,.T.);
#15164=CARTESIAN_POINT('',(-0.0371584613513567,0.000801,-0.0244305392899966));
#15165=DIRECTION('',(0.,-1.,0.));
#15166=VECTOR('',#15165,1.);
#15167=LINE('',#15164,#15166);
#15168=CARTESIAN_POINT('',(-0.0371584613513567,0.000801,-0.0244305392899966));
#15169=VERTEX_POINT('',#15168);
#15170=EDGE_CURVE('',#15169,#1517,#15167,.T.);
#15171=ORIENTED_EDGE('',*,*,#15170,.F.);
#15172=CARTESIAN_POINT('',(-0.0371584613513567,0.000801,-0.0244305392899966));
#15173=DIRECTION('',(0.707106781186544,0.,0.707106781186551));
#15174=VECTOR('',#15173,1.);
#15175=LINE('',#15172,#15174);
#15176=EDGE_CURVE('',#15145,#15169,#15175,.T.);
#15177=ORIENTED_EDGE('',*,*,#15176,.F.);
#15178=ORIENTED_EDGE('',*,*,#15146,.T.);
#15179=EDGE_LOOP('',(#15163,#15171,#15177,#15178));
#15180=FACE_BOUND('',#15179,.T.);
#15181=ADVANCED_FACE('',(#15180),#15162,.F.);
#15182=CARTESIAN_POINT('',(-0.0364513545701702,0.000801,-0.0251376460711832));
#15183=DIRECTION('',(-0.707106781186551,0.,-0.707106781186544));
#15184=DIRECTION('',(-0.707106781186544,0.,0.707106781186551));
#15185=AXIS2_PLACEMENT_3D('',#15182,#15183,#15184);
#15186=PLANE('',#15185);
#15187=ORIENTED_EDGE('',*,*,#1518,.T.);
#15188=CARTESIAN_POINT('',(-0.0364513545701702,0.000801,-0.0251376460711832));
#15189=DIRECTION('',(0.,-1.,0.));
#15190=VECTOR('',#15189,1.);
#15191=LINE('',#15188,#15190);
#15192=CARTESIAN_POINT('',(-0.0364513545701702,0.000801,-0.0251376460711832));
#15193=VERTEX_POINT('',#15192);
#15194=EDGE_CURVE('',#15193,#1509,#15191,.T.);
#15195=ORIENTED_EDGE('',*,*,#15194,.F.);
#15196=CARTESIAN_POINT('',(-0.0364513545701702,0.000801,-0.0251376460711832));
#15197=DIRECTION('',(0.707106781186544,0.,-0.707106781186551));
#15198=VECTOR('',#15197,1.);
#15199=LINE('',#15196,#15198);
#15200=EDGE_CURVE('',#15169,#15193,#15199,.T.);
#15201=ORIENTED_EDGE('',*,*,#15200,.F.);
#15202=ORIENTED_EDGE('',*,*,#15170,.T.);
#15203=EDGE_LOOP('',(#15187,#15195,#15201,#15202));
#15204=FACE_BOUND('',#15203,.T.);
#15205=ADVANCED_FACE('',(#15204),#15186,.F.);
#15206=CARTESIAN_POINT('',(-0.0357442477889836,0.000801,-0.0244305392899966));
#15207=DIRECTION('',(0.707106781186548,0.,-0.707106781186548));
#15208=DIRECTION('',(-0.707106781186548,0.,-0.707106781186548));
#15209=AXIS2_PLACEMENT_3D('',#15206,#15207,#15208);
#15210=PLANE('',#15209);
#15211=ORIENTED_EDGE('',*,*,#1510,.T.);
#15212=CARTESIAN_POINT('',(-0.0357442477889836,0.000801,-0.0244305392899966));
#15213=DIRECTION('',(0.,-1.,0.));
#15214=VECTOR('',#15213,1.);
#15215=LINE('',#15212,#15214);
#15216=CARTESIAN_POINT('',(-0.0357442477889836,0.000801,-0.0244305392899966));
#15217=VERTEX_POINT('',#15216);
#15218=EDGE_CURVE('',#15217,#1501,#15215,.T.);
#15219=ORIENTED_EDGE('',*,*,#15218,.F.);
#15220=CARTESIAN_POINT('',(-0.0357442477889836,0.000801,-0.0244305392899966));
#15221=DIRECTION('',(0.707106781186548,0.,0.707106781186548));
#15222=VECTOR('',#15221,1.);
#15223=LINE('',#15220,#15222);
#15224=EDGE_CURVE('',#15193,#15217,#15223,.T.);
#15225=ORIENTED_EDGE('',*,*,#15224,.F.);
#15226=ORIENTED_EDGE('',*,*,#15194,.T.);
#15227=EDGE_LOOP('',(#15211,#15219,#15225,#15226));
#15228=FACE_BOUND('',#15227,.T.);
#15229=ADVANCED_FACE('',(#15228),#15210,.F.);
#15230=CARTESIAN_POINT('',(-0.0350371410077971,0.000801,-0.0251376460711832));
#15231=DIRECTION('',(-0.707106781186548,0.,-0.707106781186548));
#15232=DIRECTION('',(-0.707106781186548,0.,0.707106781186548));
#15233=AXIS2_PLACEMENT_3D('',#15230,#15231,#15232);
#15234=PLANE('',#15233);
#15235=ORIENTED_EDGE('',*,*,#1502,.T.);
#15236=CARTESIAN_POINT('',(-0.0350371410077971,0.000801,-0.0251376460711832));
#15237=DIRECTION('',(0.,-1.,0.));
#15238=VECTOR('',#15237,1.);
#15239=LINE('',#15236,#15238);
#15240=CARTESIAN_POINT('',(-0.0350371410077971,0.000801,-0.0251376460711832));
#15241=VERTEX_POINT('',#15240);
#15242=EDGE_CURVE('',#15241,#1493,#15239,.T.);
#15243=ORIENTED_EDGE('',*,*,#15242,.F.);
#15244=CARTESIAN_POINT('',(-0.0350371410077971,0.000801,-0.0251376460711832));
#15245=DIRECTION('',(0.707106781186548,0.,-0.707106781186548));
#15246=VECTOR('',#15245,1.);
#15247=LINE('',#15244,#15246);
#15248=EDGE_CURVE('',#15217,#15241,#15247,.T.);
#15249=ORIENTED_EDGE('',*,*,#15248,.F.);
#15250=ORIENTED_EDGE('',*,*,#15218,.T.);
#15251=EDGE_LOOP('',(#15235,#15243,#15249,#15250));
#15252=FACE_BOUND('',#15251,.T.);
#15253=ADVANCED_FACE('',(#15252),#15234,.F.);
#15254=CARTESIAN_POINT('',(-0.0350371410077971,0.000801,-0.0251376460711832));
#15255=DIRECTION('',(-0.707106781186548,0.,0.707106781186548));
#15256=DIRECTION('',(0.707106781186548,0.,0.707106781186548));
#15257=AXIS2_PLACEMENT_3D('',#15254,#15255,#15256);
#15258=PLANE('',#15257);
#15259=ORIENTED_EDGE('',*,*,#1494,.T.);
#15260=CARTESIAN_POINT('',(-0.0357442477889836,0.000801,-0.0258447528523697));
#15261=DIRECTION('',(0.,-1.,0.));
#15262=VECTOR('',#15261,1.);
#15263=LINE('',#15260,#15262);
#15264=CARTESIAN_POINT('',(-0.0357442477889836,0.000801,-0.0258447528523697));
#15265=VERTEX_POINT('',#15264);
#15266=EDGE_CURVE('',#15265,#1485,#15263,.T.);
#15267=ORIENTED_EDGE('',*,*,#15266,.F.);
#15268=CARTESIAN_POINT('',(-0.0350371410077971,0.000801,-0.0251376460711832));
#15269=DIRECTION('',(-0.707106781186548,0.,-0.707106781186548));
#15270=VECTOR('',#15269,1.);
#15271=LINE('',#15268,#15270);
#15272=EDGE_CURVE('',#15241,#15265,#15271,.T.);
#15273=ORIENTED_EDGE('',*,*,#15272,.F.);
#15274=ORIENTED_EDGE('',*,*,#15242,.T.);
#15275=EDGE_LOOP('',(#15259,#15267,#15273,#15274));
#15276=FACE_BOUND('',#15275,.T.);
#15277=ADVANCED_FACE('',(#15276),#15258,.F.);
#15278=CARTESIAN_POINT('',(-0.0350371410077971,0.000801,-0.0265518596335562));
#15279=DIRECTION('',(-0.707106781186544,0.,-0.707106781186551));
#15280=DIRECTION('',(-0.707106781186551,0.,0.707106781186544));
#15281=AXIS2_PLACEMENT_3D('',#15278,#15279,#15280);
#15282=PLANE('',#15281);
#15283=ORIENTED_EDGE('',*,*,#1486,.T.);
#15284=CARTESIAN_POINT('',(-0.0350371410077971,0.000801,-0.0265518596335562));
#15285=DIRECTION('',(0.,-1.,0.));
#15286=VECTOR('',#15285,1.);
#15287=LINE('',#15284,#15286);
#15288=CARTESIAN_POINT('',(-0.0350371410077971,0.000801,-0.0265518596335562));
#15289=VERTEX_POINT('',#15288);
#15290=EDGE_CURVE('',#15289,#1477,#15287,.T.);
#15291=ORIENTED_EDGE('',*,*,#15290,.F.);
#15292=CARTESIAN_POINT('',(-0.0350371410077971,0.000801,-0.0265518596335562));
#15293=DIRECTION('',(0.707106781186551,0.,-0.707106781186544));
#15294=VECTOR('',#15293,1.);
#15295=LINE('',#15292,#15294);
#15296=EDGE_CURVE('',#15265,#15289,#15295,.T.);
#15297=ORIENTED_EDGE('',*,*,#15296,.F.);
#15298=ORIENTED_EDGE('',*,*,#15266,.T.);
#15299=EDGE_LOOP('',(#15283,#15291,#15297,#15298));
#15300=FACE_BOUND('',#15299,.T.);
#15301=ADVANCED_FACE('',(#15300),#15282,.F.);
#15302=CARTESIAN_POINT('',(-0.0350371410077971,0.000801,-0.0265518596335562));
#15303=DIRECTION('',(-0.707106781186537,0.,0.707106781186558));
#15304=DIRECTION('',(0.707106781186558,0.,0.707106781186537));
#15305=AXIS2_PLACEMENT_3D('',#15302,#15303,#15304);
#15306=PLANE('',#15305);
#15307=ORIENTED_EDGE('',*,*,#1478,.T.);
#15308=ORIENTED_EDGE('',*,*,#15057,.F.);
#15309=CARTESIAN_POINT('',(-0.0350371410077971,0.000801,-0.0265518596335562));
#15310=DIRECTION('',(-0.707106781186558,0.,-0.707106781186537));
#15311=VECTOR('',#15310,1.);
#15312=LINE('',#15309,#15311);
#15313=EDGE_CURVE('',#15289,#15050,#15312,.T.);
#15314=ORIENTED_EDGE('',*,*,#15313,.F.);
#15315=ORIENTED_EDGE('',*,*,#15290,.T.);
#15316=EDGE_LOOP('',(#15307,#15308,#15314,#15315));
#15317=FACE_BOUND('',#15316,.T.);
#15318=ADVANCED_FACE('',(#15317),#15306,.F.);
#15319=CARTESIAN_POINT('',(0.,0.000801,0.));
#15320=DIRECTION('',(0.,-1.,0.));
#15321=DIRECTION('',(0.,0.,-1.));
#15322=AXIS2_PLACEMENT_3D('',#15319,#15320,#15321);
#15323=PLANE('',#15322);
#15324=ORIENTED_EDGE('',*,*,#15051,.T.);
#15325=ORIENTED_EDGE('',*,*,#15080,.T.);
#15326=ORIENTED_EDGE('',*,*,#15104,.T.);
#15327=ORIENTED_EDGE('',*,*,#15128,.T.);
#15328=ORIENTED_EDGE('',*,*,#15152,.T.);
#15329=ORIENTED_EDGE('',*,*,#15176,.T.);
#15330=ORIENTED_EDGE('',*,*,#15200,.T.);
#15331=ORIENTED_EDGE('',*,*,#15224,.T.);
#15332=ORIENTED_EDGE('',*,*,#15248,.T.);
#15333=ORIENTED_EDGE('',*,*,#15272,.T.);
#15334=ORIENTED_EDGE('',*,*,#15296,.T.);
#15335=ORIENTED_EDGE('',*,*,#15313,.T.);
#15336=EDGE_LOOP('',(#15324,#15325,#15326,#15327,#15328,#15329,#15330,#15331,#15332,#15333,#15334,#15335));
#15337=FACE_BOUND('',#15336,.T.);
#15338=ADVANCED_FACE('',(#15337),#15323,.F.);
#15339=CARTESIAN_POINT('',(-0.0265518596335584,0.000801,-0.0350371410077949));
#15340=DIRECTION('',(0.707106781186549,0.,-0.707106781186546));
#15341=DIRECTION('',(-0.707106781186546,0.,-0.707106781186549));
#15342=AXIS2_PLACEMENT_3D('',#15339,#15340,#15341);
#15343=PLANE('',#15342);
#15344=ORIENTED_EDGE('',*,*,#1568,.T.);
#15345=CARTESIAN_POINT('',(-0.0265518596335584,0.000801,-0.0350371410077949));
#15346=DIRECTION('',(0.,-1.,0.));
#15347=VECTOR('',#15346,1.);
#15348=LINE('',#15345,#15347);
#15349=CARTESIAN_POINT('',(-0.0265518596335584,0.000801,-0.0350371410077949));
#15350=VERTEX_POINT('',#15349);
#15351=EDGE_CURVE('',#15350,#1557,#15348,.T.);
#15352=ORIENTED_EDGE('',*,*,#15351,.F.);
#15353=CARTESIAN_POINT('',(-0.0265518596335584,0.000801,-0.0350371410077949));
#15354=DIRECTION('',(0.707106781186546,0.,0.707106781186549));
#15355=VECTOR('',#15354,1.);
#15356=LINE('',#15353,#15355);
#15357=CARTESIAN_POINT('',(-0.027258966414745,0.000801,-0.0357442477889814));
#15358=VERTEX_POINT('',#15357);
#15359=EDGE_CURVE('',#15358,#15350,#15356,.T.);
#15360=ORIENTED_EDGE('',*,*,#15359,.F.);
#15361=CARTESIAN_POINT('',(-0.027258966414745,0.000801,-0.0357442477889814));
#15362=DIRECTION('',(0.,-1.,0.));
#15363=VECTOR('',#15362,1.);
#15364=LINE('',#15361,#15363);
#15365=EDGE_CURVE('',#15358,#1567,#15364,.T.);
#15366=ORIENTED_EDGE('',*,*,#15365,.T.);
#15367=EDGE_LOOP('',(#15344,#15352,#15360,#15366));
#15368=FACE_BOUND('',#15367,.T.);
#15369=ADVANCED_FACE('',(#15368),#15343,.F.);
#15370=CARTESIAN_POINT('',(-0.0244305392899988,0.000801,-0.0371584613513545));
#15371=DIRECTION('',(-0.707106781186549,0.,-0.707106781186546));
#15372=DIRECTION('',(-0.707106781186546,0.,0.707106781186549));
#15373=AXIS2_PLACEMENT_3D('',#15370,#15371,#15372);
#15374=PLANE('',#15373);
#15375=ORIENTED_EDGE('',*,*,#1560,.T.);
#15376=CARTESIAN_POINT('',(-0.0244305392899988,0.000801,-0.0371584613513545));
#15377=DIRECTION('',(0.,-1.,0.));
#15378=VECTOR('',#15377,1.);
#15379=LINE('',#15376,#15378);
#15380=CARTESIAN_POINT('',(-0.0244305392899988,0.000801,-0.0371584613513545));
#15381=VERTEX_POINT('',#15380);
#15382=EDGE_CURVE('',#15381,#1559,#15379,.T.);
#15383=ORIENTED_EDGE('',*,*,#15382,.F.);
#15384=CARTESIAN_POINT('',(-0.0244305392899988,0.000801,-0.0371584613513545));
#15385=DIRECTION('',(0.707106781186546,0.,-0.707106781186549));
#15386=VECTOR('',#15385,1.);
#15387=LINE('',#15384,#15386);
#15388=EDGE_CURVE('',#15350,#15381,#15387,.T.);
#15389=ORIENTED_EDGE('',*,*,#15388,.F.);
#15390=ORIENTED_EDGE('',*,*,#15351,.T.);
#15391=EDGE_LOOP('',(#15375,#15383,#15389,#15390));
#15392=FACE_BOUND('',#15391,.T.);
#15393=ADVANCED_FACE('',(#15392),#15374,.F.);
#15394=CARTESIAN_POINT('',(-0.0244305392899988,0.000801,-0.0371584613513545));
#15395=DIRECTION('',(-0.707106781186549,0.,0.707106781186546));
#15396=DIRECTION('',(0.707106781186546,0.,0.707106781186549));
#15397=AXIS2_PLACEMENT_3D('',#15394,#15395,#15396);
#15398=PLANE('',#15397);
#15399=ORIENTED_EDGE('',*,*,#1582,.T.);
#15400=CARTESIAN_POINT('',(-0.0251376460711853,0.000801,-0.0378655681325411));
#15401=DIRECTION('',(0.,-1.,0.));
#15402=VECTOR('',#15401,1.);
#15403=LINE('',#15400,#15402);
#15404=CARTESIAN_POINT('',(-0.0251376460711853,0.000801,-0.0378655681325411));
#15405=VERTEX_POINT('',#15404);
#15406=EDGE_CURVE('',#15405,#1575,#15403,.T.);
#15407=ORIENTED_EDGE('',*,*,#15406,.F.);
#15408=CARTESIAN_POINT('',(-0.0244305392899988,0.000801,-0.0371584613513545));
#15409=DIRECTION('',(-0.707106781186546,0.,-0.707106781186549));
#15410=VECTOR('',#15409,1.);
#15411=LINE('',#15408,#15410);
#15412=EDGE_CURVE('',#15381,#15405,#15411,.T.);
#15413=ORIENTED_EDGE('',*,*,#15412,.F.);
#15414=ORIENTED_EDGE('',*,*,#15382,.T.);
#15415=EDGE_LOOP('',(#15399,#15407,#15413,#15414));
#15416=FACE_BOUND('',#15415,.T.);
#15417=ADVANCED_FACE('',(#15416),#15398,.F.);
#15418=CARTESIAN_POINT('',(-0.0251376460711853,0.000801,-0.0378655681325411));
#15419=DIRECTION('',(0.707106781186549,0.,0.707106781186546));
#15420=DIRECTION('',(0.707106781186546,0.,-0.707106781186549));
#15421=AXIS2_PLACEMENT_3D('',#15418,#15419,#15420);
#15422=PLANE('',#15421);
#15423=ORIENTED_EDGE('',*,*,#1576,.T.);
#15424=ORIENTED_EDGE('',*,*,#15365,.F.);
#15425=CARTESIAN_POINT('',(-0.0251376460711853,0.000801,-0.0378655681325411));
#15426=DIRECTION('',(-0.707106781186546,0.,0.707106781186549));
#15427=VECTOR('',#15426,1.);
#15428=LINE('',#15425,#15427);
#15429=EDGE_CURVE('',#15405,#15358,#15428,.T.);
#15430=ORIENTED_EDGE('',*,*,#15429,.F.);
#15431=ORIENTED_EDGE('',*,*,#15406,.T.);
#15432=EDGE_LOOP('',(#15423,#15424,#15430,#15431));
#15433=FACE_BOUND('',#15432,.T.);
#15434=ADVANCED_FACE('',(#15433),#15422,.F.);
#15435=CARTESIAN_POINT('',(0.,0.000801,0.));
#15436=DIRECTION('',(0.,1.,0.));
#15437=DIRECTION('',(0.,0.,1.));
#15438=AXIS2_PLACEMENT_3D('',#15435,#15436,#15437);
#15439=PLANE('',#15438);
#15440=ORIENTED_EDGE('',*,*,#15359,.T.);
#15441=ORIENTED_EDGE('',*,*,#15388,.T.);
#15442=ORIENTED_EDGE('',*,*,#15412,.T.);
#15443=ORIENTED_EDGE('',*,*,#15429,.T.);
#15444=EDGE_LOOP('',(#15440,#15441,#15442,#15443));
#15445=FACE_BOUND('',#15444,.T.);
#15446=ADVANCED_FACE('',(#15445),#15439,.T.);
#15447=CARTESIAN_POINT('',(0.0272589664147404,0.000801,-0.0357442477889814));
#15448=DIRECTION('',(-0.707106781186548,0.,0.707106781186548));
#15449=DIRECTION('',(0.707106781186548,0.,0.707106781186548));
#15450=AXIS2_PLACEMENT_3D('',#15447,#15448,#15449);
#15451=PLANE('',#15450);
#15452=ORIENTED_EDGE('',*,*,#1602,.T.);
#15453=CARTESIAN_POINT('',(0.0265518596335538,0.000801,-0.036451354570168));
#15454=DIRECTION('',(0.,-1.,0.));
#15455=VECTOR('',#15454,1.);
#15456=LINE('',#15453,#15455);
#15457=CARTESIAN_POINT('',(0.0265518596335538,0.000801,-0.036451354570168));
#15458=VERTEX_POINT('',#15457);
#15459=EDGE_CURVE('',#15458,#1591,#15456,.T.);
#15460=ORIENTED_EDGE('',*,*,#15459,.F.);
#15461=CARTESIAN_POINT('',(0.0272589664147404,0.000801,-0.0357442477889814));
#15462=DIRECTION('',(-0.707106781186548,0.,-0.707106781186548));
#15463=VECTOR('',#15462,1.);
#15464=LINE('',#15461,#15463);
#15465=CARTESIAN_POINT('',(0.0272589664147404,0.000801,-0.0357442477889814));
#15466=VERTEX_POINT('',#15465);
#15467=EDGE_CURVE('',#15466,#15458,#15464,.T.);
#15468=ORIENTED_EDGE('',*,*,#15467,.F.);
#15469=CARTESIAN_POINT('',(0.0272589664147404,0.000801,-0.0357442477889814));
#15470=DIRECTION('',(0.,-1.,0.));
#15471=VECTOR('',#15470,1.);
#15472=LINE('',#15469,#15471);
#15473=EDGE_CURVE('',#15466,#1601,#15472,.T.);
#15474=ORIENTED_EDGE('',*,*,#15473,.T.);
#15475=EDGE_LOOP('',(#15452,#15460,#15468,#15474));
#15476=FACE_BOUND('',#15475,.T.);
#15477=ADVANCED_FACE('',(#15476),#15451,.F.);
#15478=CARTESIAN_POINT('',(0.0265518596335538,0.000801,-0.036451354570168));
#15479=DIRECTION('',(-0.707106781186548,0.,-0.707106781186548));
#15480=DIRECTION('',(-0.707106781186548,0.,0.707106781186548));
#15481=AXIS2_PLACEMENT_3D('',#15478,#15479,#15480);
#15482=PLANE('',#15481);
#15483=ORIENTED_EDGE('',*,*,#1594,.T.);
#15484=CARTESIAN_POINT('',(0.0272589664147404,0.000801,-0.0371584613513545));
#15485=DIRECTION('',(0.,-1.,0.));
#15486=VECTOR('',#15485,1.);
#15487=LINE('',#15484,#15486);
#15488=CARTESIAN_POINT('',(0.0272589664147404,0.000801,-0.0371584613513545));
#15489=VERTEX_POINT('',#15488);
#15490=EDGE_CURVE('',#15489,#1593,#15487,.T.);
#15491=ORIENTED_EDGE('',*,*,#15490,.F.);
#15492=CARTESIAN_POINT('',(0.0265518596335538,0.000801,-0.036451354570168));
#15493=DIRECTION('',(0.707106781186548,0.,-0.707106781186548));
#15494=VECTOR('',#15493,1.);
#15495=LINE('',#15492,#15494);
#15496=EDGE_CURVE('',#15458,#15489,#15495,.T.);
#15497=ORIENTED_EDGE('',*,*,#15496,.F.);
#15498=ORIENTED_EDGE('',*,*,#15459,.T.);
#15499=EDGE_LOOP('',(#15483,#15491,#15497,#15498));
#15500=FACE_BOUND('',#15499,.T.);
#15501=ADVANCED_FACE('',(#15500),#15482,.F.);
#15502=CARTESIAN_POINT('',(0.0272589664147404,0.000801,-0.0371584613513545));
#15503=DIRECTION('',(-0.707106781186548,0.,0.707106781186548));
#15504=DIRECTION('',(0.707106781186548,0.,0.707106781186548));
#15505=AXIS2_PLACEMENT_3D('',#15502,#15503,#15504);
#15506=PLANE('',#15505);
#15507=ORIENTED_EDGE('',*,*,#1680,.T.);
#15508=CARTESIAN_POINT('',(0.0265518596335538,0.000801,-0.0378655681325411));
#15509=DIRECTION('',(0.,-1.,0.));
#15510=VECTOR('',#15509,1.);
#15511=LINE('',#15508,#15510);
#15512=CARTESIAN_POINT('',(0.0265518596335538,0.000801,-0.0378655681325411));
#15513=VERTEX_POINT('',#15512);
#15514=EDGE_CURVE('',#15513,#1673,#15511,.T.);
#15515=ORIENTED_EDGE('',*,*,#15514,.F.);
#15516=CARTESIAN_POINT('',(0.0272589664147404,0.000801,-0.0371584613513545));
#15517=DIRECTION('',(-0.707106781186548,0.,-0.707106781186548));
#15518=VECTOR('',#15517,1.);
#15519=LINE('',#15516,#15518);
#15520=EDGE_CURVE('',#15489,#15513,#15519,.T.);
#15521=ORIENTED_EDGE('',*,*,#15520,.F.);
#15522=ORIENTED_EDGE('',*,*,#15490,.T.);
#15523=EDGE_LOOP('',(#15507,#15515,#15521,#15522));
#15524=FACE_BOUND('',#15523,.T.);
#15525=ADVANCED_FACE('',(#15524),#15506,.F.);
#15526=CARTESIAN_POINT('',(0.0258447528523673,0.000801,-0.0371584613513545));
#15527=DIRECTION('',(0.707106781186548,0.,0.707106781186548));
#15528=DIRECTION('',(0.707106781186548,0.,-0.707106781186548));
#15529=AXIS2_PLACEMENT_3D('',#15526,#15527,#15528);
#15530=PLANE('',#15529);
#15531=ORIENTED_EDGE('',*,*,#1674,.T.);
#15532=CARTESIAN_POINT('',(0.0258447528523673,0.000801,-0.0371584613513545));
#15533=DIRECTION('',(0.,-1.,0.));
#15534=VECTOR('',#15533,1.);
#15535=LINE('',#15532,#15534);
#15536=CARTESIAN_POINT('',(0.0258447528523673,0.000801,-0.0371584613513545));
#15537=VERTEX_POINT('',#15536);
#15538=EDGE_CURVE('',#15537,#1665,#15535,.T.);
#15539=ORIENTED_EDGE('',*,*,#15538,.F.);
#15540=CARTESIAN_POINT('',(0.0258447528523673,0.000801,-0.0371584613513545));
#15541=DIRECTION('',(-0.707106781186548,0.,0.707106781186548));
#15542=VECTOR('',#15541,1.);
#15543=LINE('',#15540,#15542);
#15544=EDGE_CURVE('',#15513,#15537,#15543,.T.);
#15545=ORIENTED_EDGE('',*,*,#15544,.F.);
#15546=ORIENTED_EDGE('',*,*,#15514,.T.);
#15547=EDGE_LOOP('',(#15531,#15539,#15545,#15546));
#15548=FACE_BOUND('',#15547,.T.);
#15549=ADVANCED_FACE('',(#15548),#15530,.F.);
#15550=CARTESIAN_POINT('',(0.0258447528523673,0.000801,-0.0371584613513545));
#15551=DIRECTION('',(-0.707106781186548,0.,0.707106781186548));
#15552=DIRECTION('',(0.707106781186548,0.,0.707106781186548));
#15553=AXIS2_PLACEMENT_3D('',#15550,#15551,#15552);
#15554=PLANE('',#15553);
#15555=ORIENTED_EDGE('',*,*,#1666,.T.);
#15556=CARTESIAN_POINT('',(0.0251376460711807,0.000801,-0.0378655681325411));
#15557=DIRECTION('',(0.,-1.,0.));
#15558=VECTOR('',#15557,1.);
#15559=LINE('',#15556,#15558);
#15560=CARTESIAN_POINT('',(0.0251376460711807,0.000801,-0.0378655681325411));
#15561=VERTEX_POINT('',#15560);
#15562=EDGE_CURVE('',#15561,#1657,#15559,.T.);
#15563=ORIENTED_EDGE('',*,*,#15562,.F.);
#15564=CARTESIAN_POINT('',(0.0258447528523673,0.000801,-0.0371584613513545));
#15565=DIRECTION('',(-0.707106781186548,0.,-0.707106781186548));
#15566=VECTOR('',#15565,1.);
#15567=LINE('',#15564,#15566);
#15568=EDGE_CURVE('',#15537,#15561,#15567,.T.);
#15569=ORIENTED_EDGE('',*,*,#15568,.F.);
#15570=ORIENTED_EDGE('',*,*,#15538,.T.);
#15571=EDGE_LOOP('',(#15555,#15563,#15569,#15570));
#15572=FACE_BOUND('',#15571,.T.);
#15573=ADVANCED_FACE('',(#15572),#15554,.F.);
#15574=CARTESIAN_POINT('',(0.0244305392899942,0.000801,-0.0371584613513545));
#15575=DIRECTION('',(0.707106781186541,0.,0.707106781186554));
#15576=DIRECTION('',(0.707106781186554,0.,-0.707106781186541));
#15577=AXIS2_PLACEMENT_3D('',#15574,#15575,#15576);
#15578=PLANE('',#15577);
#15579=ORIENTED_EDGE('',*,*,#1658,.T.);
#15580=CARTESIAN_POINT('',(0.0244305392899942,0.000801,-0.0371584613513545));
#15581=DIRECTION('',(0.,-1.,0.));
#15582=VECTOR('',#15581,1.);
#15583=LINE('',#15580,#15582);
#15584=CARTESIAN_POINT('',(0.0244305392899942,0.000801,-0.0371584613513545));
#15585=VERTEX_POINT('',#15584);
#15586=EDGE_CURVE('',#15585,#1649,#15583,.T.);
#15587=ORIENTED_EDGE('',*,*,#15586,.F.);
#15588=CARTESIAN_POINT('',(0.0244305392899942,0.000801,-0.0371584613513545));
#15589=DIRECTION('',(-0.707106781186554,0.,0.707106781186541));
#15590=VECTOR('',#15589,1.);
#15591=LINE('',#15588,#15590);
#15592=EDGE_CURVE('',#15561,#15585,#15591,.T.);
#15593=ORIENTED_EDGE('',*,*,#15592,.F.);
#15594=ORIENTED_EDGE('',*,*,#15562,.T.);
#15595=EDGE_LOOP('',(#15579,#15587,#15593,#15594));
#15596=FACE_BOUND('',#15595,.T.);
#15597=ADVANCED_FACE('',(#15596),#15578,.F.);
#15598=CARTESIAN_POINT('',(0.0251376460711807,0.000801,-0.036451354570168));
#15599=DIRECTION('',(0.707106781186548,0.,-0.707106781186548));
#15600=DIRECTION('',(-0.707106781186548,0.,-0.707106781186548));
#15601=AXIS2_PLACEMENT_3D('',#15598,#15599,#15600);
#15602=PLANE('',#15601);
#15603=ORIENTED_EDGE('',*,*,#1650,.T.);
#15604=CARTESIAN_POINT('',(0.0251376460711807,0.000801,-0.036451354570168));
#15605=DIRECTION('',(0.,-1.,0.));
#15606=VECTOR('',#15605,1.);
#15607=LINE('',#15604,#15606);
#15608=CARTESIAN_POINT('',(0.0251376460711807,0.000801,-0.036451354570168));
#15609=VERTEX_POINT('',#15608);
#15610=EDGE_CURVE('',#15609,#1641,#15607,.T.);
#15611=ORIENTED_EDGE('',*,*,#15610,.F.);
#15612=CARTESIAN_POINT('',(0.0251376460711807,0.000801,-0.036451354570168));
#15613=DIRECTION('',(0.707106781186548,0.,0.707106781186548));
#15614=VECTOR('',#15613,1.);
#15615=LINE('',#15612,#15614);
#15616=EDGE_CURVE('',#15585,#15609,#15615,.T.);
#15617=ORIENTED_EDGE('',*,*,#15616,.F.);
#15618=ORIENTED_EDGE('',*,*,#15586,.T.);
#15619=EDGE_LOOP('',(#15603,#15611,#15617,#15618));
#15620=FACE_BOUND('',#15619,.T.);
#15621=ADVANCED_FACE('',(#15620),#15602,.F.);
#15622=CARTESIAN_POINT('',(0.0244305392899942,0.000801,-0.0357442477889814));
#15623=DIRECTION('',(0.707106781186548,0.,0.707106781186548));
#15624=DIRECTION('',(0.707106781186548,0.,-0.707106781186548));
#15625=AXIS2_PLACEMENT_3D('',#15622,#15623,#15624);
#15626=PLANE('',#15625);
#15627=ORIENTED_EDGE('',*,*,#1642,.T.);
#15628=CARTESIAN_POINT('',(0.0244305392899942,0.000801,-0.0357442477889814));
#15629=DIRECTION('',(0.,-1.,0.));
#15630=VECTOR('',#15629,1.);
#15631=LINE('',#15628,#15630);
#15632=CARTESIAN_POINT('',(0.0244305392899942,0.000801,-0.0357442477889814));
#15633=VERTEX_POINT('',#15632);
#15634=EDGE_CURVE('',#15633,#1633,#15631,.T.);
#15635=ORIENTED_EDGE('',*,*,#15634,.F.);
#15636=CARTESIAN_POINT('',(0.0244305392899942,0.000801,-0.0357442477889814));
#15637=DIRECTION('',(-0.707106781186548,0.,0.707106781186548));
#15638=VECTOR('',#15637,1.);
#15639=LINE('',#15636,#15638);
#15640=EDGE_CURVE('',#15609,#15633,#15639,.T.);
#15641=ORIENTED_EDGE('',*,*,#15640,.F.);
#15642=ORIENTED_EDGE('',*,*,#15610,.T.);
#15643=EDGE_LOOP('',(#15627,#15635,#15641,#15642));
#15644=FACE_BOUND('',#15643,.T.);
#15645=ADVANCED_FACE('',(#15644),#15626,.F.);
#15646=CARTESIAN_POINT('',(0.0251376460711807,0.000801,-0.0350371410077949));
#15647=DIRECTION('',(0.707106781186548,0.,-0.707106781186548));
#15648=DIRECTION('',(-0.707106781186548,0.,-0.707106781186548));
#15649=AXIS2_PLACEMENT_3D('',#15646,#15647,#15648);
#15650=PLANE('',#15649);
#15651=ORIENTED_EDGE('',*,*,#1634,.T.);
#15652=CARTESIAN_POINT('',(0.0251376460711807,0.000801,-0.0350371410077949));
#15653=DIRECTION('',(0.,-1.,0.));
#15654=VECTOR('',#15653,1.);
#15655=LINE('',#15652,#15654);
#15656=CARTESIAN_POINT('',(0.0251376460711807,0.000801,-0.0350371410077949));
#15657=VERTEX_POINT('',#15656);
#15658=EDGE_CURVE('',#15657,#1625,#15655,.T.);
#15659=ORIENTED_EDGE('',*,*,#15658,.F.);
#15660=CARTESIAN_POINT('',(0.0251376460711807,0.000801,-0.0350371410077949));
#15661=DIRECTION('',(0.707106781186548,0.,0.707106781186548));
#15662=VECTOR('',#15661,1.);
#15663=LINE('',#15660,#15662);
#15664=EDGE_CURVE('',#15633,#15657,#15663,.T.);
#15665=ORIENTED_EDGE('',*,*,#15664,.F.);
#15666=ORIENTED_EDGE('',*,*,#15634,.T.);
#15667=EDGE_LOOP('',(#15651,#15659,#15665,#15666));
#15668=FACE_BOUND('',#15667,.T.);
#15669=ADVANCED_FACE('',(#15668),#15650,.F.);
#15670=CARTESIAN_POINT('',(0.0251376460711807,0.000801,-0.0350371410077949));
#15671=DIRECTION('',(-0.707106781186548,0.,-0.707106781186548));
#15672=DIRECTION('',(-0.707106781186548,0.,0.707106781186548));
#15673=AXIS2_PLACEMENT_3D('',#15670,#15671,#15672);
#15674=PLANE('',#15673);
#15675=ORIENTED_EDGE('',*,*,#1626,.T.);
#15676=CARTESIAN_POINT('',(0.0258447528523673,0.000801,-0.0357442477889814));
#15677=DIRECTION('',(0.,-1.,0.));
#15678=VECTOR('',#15677,1.);
#15679=LINE('',#15676,#15678);
#15680=CARTESIAN_POINT('',(0.0258447528523673,0.000801,-0.0357442477889814));
#15681=VERTEX_POINT('',#15680);
#15682=EDGE_CURVE('',#15681,#1617,#15679,.T.);
#15683=ORIENTED_EDGE('',*,*,#15682,.F.);
#15684=CARTESIAN_POINT('',(0.0251376460711807,0.000801,-0.0350371410077949));
#15685=DIRECTION('',(0.707106781186548,0.,-0.707106781186548));
#15686=VECTOR('',#15685,1.);
#15687=LINE('',#15684,#15686);
#15688=EDGE_CURVE('',#15657,#15681,#15687,.T.);
#15689=ORIENTED_EDGE('',*,*,#15688,.F.);
#15690=ORIENTED_EDGE('',*,*,#15658,.T.);
#15691=EDGE_LOOP('',(#15675,#15683,#15689,#15690));
#15692=FACE_BOUND('',#15691,.T.);
#15693=ADVANCED_FACE('',(#15692),#15674,.F.);
#15694=CARTESIAN_POINT('',(0.0265518596335538,0.000801,-0.0350371410077949));
#15695=DIRECTION('',(0.707106781186548,0.,-0.707106781186548));
#15696=DIRECTION('',(-0.707106781186548,0.,-0.707106781186548));
#15697=AXIS2_PLACEMENT_3D('',#15694,#15695,#15696);
#15698=PLANE('',#15697);
#15699=ORIENTED_EDGE('',*,*,#1618,.T.);
#15700=CARTESIAN_POINT('',(0.0265518596335538,0.000801,-0.0350371410077949));
#15701=DIRECTION('',(0.,-1.,0.));
#15702=VECTOR('',#15701,1.);
#15703=LINE('',#15700,#15702);
#15704=CARTESIAN_POINT('',(0.0265518596335538,0.000801,-0.0350371410077949));
#15705=VERTEX_POINT('',#15704);
#15706=EDGE_CURVE('',#15705,#1609,#15703,.T.);
#15707=ORIENTED_EDGE('',*,*,#15706,.F.);
#15708=CARTESIAN_POINT('',(0.0265518596335538,0.000801,-0.0350371410077949));
#15709=DIRECTION('',(0.707106781186548,0.,0.707106781186548));
#15710=VECTOR('',#15709,1.);
#15711=LINE('',#15708,#15710);
#15712=EDGE_CURVE('',#15681,#15705,#15711,.T.);
#15713=ORIENTED_EDGE('',*,*,#15712,.F.);
#15714=ORIENTED_EDGE('',*,*,#15682,.T.);
#15715=EDGE_LOOP('',(#15699,#15707,#15713,#15714));
#15716=FACE_BOUND('',#15715,.T.);
#15717=ADVANCED_FACE('',(#15716),#15698,.F.);
#15718=CARTESIAN_POINT('',(0.0265518596335538,0.000801,-0.0350371410077949));
#15719=DIRECTION('',(-0.707106781186554,0.,-0.707106781186541));
#15720=DIRECTION('',(-0.707106781186541,0.,0.707106781186554));
#15721=AXIS2_PLACEMENT_3D('',#15718,#15719,#15720);
#15722=PLANE('',#15721);
#15723=ORIENTED_EDGE('',*,*,#1610,.T.);
#15724=ORIENTED_EDGE('',*,*,#15473,.F.);
#15725=CARTESIAN_POINT('',(0.0265518596335538,0.000801,-0.0350371410077949));
#15726=DIRECTION('',(0.707106781186541,0.,-0.707106781186554));
#15727=VECTOR('',#15726,1.);
#15728=LINE('',#15725,#15727);
#15729=EDGE_CURVE('',#15705,#15466,#15728,.T.);
#15730=ORIENTED_EDGE('',*,*,#15729,.F.);
#15731=ORIENTED_EDGE('',*,*,#15706,.T.);
#15732=EDGE_LOOP('',(#15723,#15724,#15730,#15731));
#15733=FACE_BOUND('',#15732,.T.);
#15734=ADVANCED_FACE('',(#15733),#15722,.F.);
#15735=CARTESIAN_POINT('',(0.,0.000801,0.));
#15736=DIRECTION('',(0.,-1.,0.));
#15737=DIRECTION('',(0.,0.,-1.));
#15738=AXIS2_PLACEMENT_3D('',#15735,#15736,#15737);
#15739=PLANE('',#15738);
#15740=ORIENTED_EDGE('',*,*,#15467,.T.);
#15741=ORIENTED_EDGE('',*,*,#15496,.T.);
#15742=ORIENTED_EDGE('',*,*,#15520,.T.);
#15743=ORIENTED_EDGE('',*,*,#15544,.T.);
#15744=ORIENTED_EDGE('',*,*,#15568,.T.);
#15745=ORIENTED_EDGE('',*,*,#15592,.T.);
#15746=ORIENTED_EDGE('',*,*,#15616,.T.);
#15747=ORIENTED_EDGE('',*,*,#15640,.T.);
#15748=ORIENTED_EDGE('',*,*,#15664,.T.);
#15749=ORIENTED_EDGE('',*,*,#15688,.T.);
#15750=ORIENTED_EDGE('',*,*,#15712,.T.);
#15751=ORIENTED_EDGE('',*,*,#15729,.T.);
#15752=EDGE_LOOP('',(#15740,#15741,#15742,#15743,#15744,#15745,#15746,#15747,#15748,#15749,#15750,#15751));
#15753=FACE_BOUND('',#15752,.T.);
#15754=ADVANCED_FACE('',(#15753),#15739,.F.);
#15755=CARTESIAN_POINT('',(0.0350371410077925,0.000801,-0.0265518596335563));
#15756=DIRECTION('',(0.707106781186549,0.,0.707106781186546));
#15757=DIRECTION('',(0.707106781186546,0.,-0.707106781186549));
#15758=AXIS2_PLACEMENT_3D('',#15755,#15756,#15757);
#15759=PLANE('',#15758);
#15760=ORIENTED_EDGE('',*,*,#1700,.T.);
#15761=CARTESIAN_POINT('',(0.0350371410077925,0.000801,-0.0265518596335563));
#15762=DIRECTION('',(0.,-1.,0.));
#15763=VECTOR('',#15762,1.);
#15764=LINE('',#15761,#15763);
#15765=CARTESIAN_POINT('',(0.0350371410077925,0.000801,-0.0265518596335563));
#15766=VERTEX_POINT('',#15765);
#15767=EDGE_CURVE('',#15766,#1689,#15764,.T.);
#15768=ORIENTED_EDGE('',*,*,#15767,.F.);
#15769=CARTESIAN_POINT('',(0.0350371410077925,0.000801,-0.0265518596335563));
#15770=DIRECTION('',(-0.707106781186546,0.,0.707106781186549));
#15771=VECTOR('',#15770,1.);
#15772=LINE('',#15769,#15771);
#15773=CARTESIAN_POINT('',(0.035744247788979,0.000801,-0.0272589664147428));
#15774=VERTEX_POINT('',#15773);
#15775=EDGE_CURVE('',#15774,#15766,#15772,.T.);
#15776=ORIENTED_EDGE('',*,*,#15775,.F.);
#15777=CARTESIAN_POINT('',(0.035744247788979,0.000801,-0.0272589664147428));
#15778=DIRECTION('',(0.,-1.,0.));
#15779=VECTOR('',#15778,1.);
#15780=LINE('',#15777,#15779);
#15781=EDGE_CURVE('',#15774,#1699,#15780,.T.);
#15782=ORIENTED_EDGE('',*,*,#15781,.T.);
#15783=EDGE_LOOP('',(#15760,#15768,#15776,#15782));
#15784=FACE_BOUND('',#15783,.T.);
#15785=ADVANCED_FACE('',(#15784),#15759,.F.);
#15786=CARTESIAN_POINT('',(0.0371584613513521,0.000801,-0.0244305392899966));
#15787=DIRECTION('',(0.707106781186548,0.,-0.707106781186548));
#15788=DIRECTION('',(-0.707106781186548,0.,-0.707106781186548));
#15789=AXIS2_PLACEMENT_3D('',#15786,#15787,#15788);
#15790=PLANE('',#15789);
#15791=ORIENTED_EDGE('',*,*,#1692,.T.);
#15792=CARTESIAN_POINT('',(0.0371584613513521,0.000801,-0.0244305392899966));
#15793=DIRECTION('',(0.,-1.,0.));
#15794=VECTOR('',#15793,1.);
#15795=LINE('',#15792,#15794);
#15796=CARTESIAN_POINT('',(0.0371584613513521,0.000801,-0.0244305392899966));
#15797=VERTEX_POINT('',#15796);
#15798=EDGE_CURVE('',#15797,#1691,#15795,.T.);
#15799=ORIENTED_EDGE('',*,*,#15798,.F.);
#15800=CARTESIAN_POINT('',(0.0371584613513521,0.000801,-0.0244305392899966));
#15801=DIRECTION('',(0.707106781186548,0.,0.707106781186548));
#15802=VECTOR('',#15801,1.);
#15803=LINE('',#15800,#15802);
#15804=EDGE_CURVE('',#15766,#15797,#15803,.T.);
#15805=ORIENTED_EDGE('',*,*,#15804,.F.);
#15806=ORIENTED_EDGE('',*,*,#15767,.T.);
#15807=EDGE_LOOP('',(#15791,#15799,#15805,#15806));
#15808=FACE_BOUND('',#15807,.T.);
#15809=ADVANCED_FACE('',(#15808),#15790,.F.);
#15810=CARTESIAN_POINT('',(0.0371584613513521,0.000801,-0.0244305392899966));
#15811=DIRECTION('',(-0.707106781186546,0.,-0.707106781186549));
#15812=DIRECTION('',(-0.707106781186549,0.,0.707106781186546));
#15813=AXIS2_PLACEMENT_3D('',#15810,#15811,#15812);
#15814=PLANE('',#15813);
#15815=ORIENTED_EDGE('',*,*,#1714,.T.);
#15816=CARTESIAN_POINT('',(0.0378655681325387,0.000801,-0.0251376460711832));
#15817=DIRECTION('',(0.,-1.,0.));
#15818=VECTOR('',#15817,1.);
#15819=LINE('',#15816,#15818);
#15820=CARTESIAN_POINT('',(0.0378655681325387,0.000801,-0.0251376460711832));
#15821=VERTEX_POINT('',#15820);
#15822=EDGE_CURVE('',#15821,#1707,#15819,.T.);
#15823=ORIENTED_EDGE('',*,*,#15822,.F.);
#15824=CARTESIAN_POINT('',(0.0371584613513521,0.000801,-0.0244305392899966));
#15825=DIRECTION('',(0.707106781186549,0.,-0.707106781186546));
#15826=VECTOR('',#15825,1.);
#15827=LINE('',#15824,#15826);
#15828=EDGE_CURVE('',#15797,#15821,#15827,.T.);
#15829=ORIENTED_EDGE('',*,*,#15828,.F.);
#15830=ORIENTED_EDGE('',*,*,#15798,.T.);
#15831=EDGE_LOOP('',(#15815,#15823,#15829,#15830));
#15832=FACE_BOUND('',#15831,.T.);
#15833=ADVANCED_FACE('',(#15832),#15814,.F.);
#15834=CARTESIAN_POINT('',(0.0378655681325387,0.000801,-0.0251376460711832));
#15835=DIRECTION('',(-0.707106781186546,0.,0.707106781186549));
#15836=DIRECTION('',(0.707106781186549,0.,0.707106781186546));
#15837=AXIS2_PLACEMENT_3D('',#15834,#15835,#15836);
#15838=PLANE('',#15837);
#15839=ORIENTED_EDGE('',*,*,#1708,.T.);
#15840=ORIENTED_EDGE('',*,*,#15781,.F.);
#15841=CARTESIAN_POINT('',(0.0378655681325387,0.000801,-0.0251376460711832));
#15842=DIRECTION('',(-0.707106781186549,0.,-0.707106781186546));
#15843=VECTOR('',#15842,1.);
#15844=LINE('',#15841,#15843);
#15845=EDGE_CURVE('',#15821,#15774,#15844,.T.);
#15846=ORIENTED_EDGE('',*,*,#15845,.F.);
#15847=ORIENTED_EDGE('',*,*,#15822,.T.);
#15848=EDGE_LOOP('',(#15839,#15840,#15846,#15847));
#15849=FACE_BOUND('',#15848,.T.);
#15850=ADVANCED_FACE('',(#15849),#15838,.F.);
#15851=CARTESIAN_POINT('',(0.,0.000801,0.));
#15852=DIRECTION('',(0.,1.,0.));
#15853=DIRECTION('',(0.,0.,1.));
#15854=AXIS2_PLACEMENT_3D('',#15851,#15852,#15853);
#15855=PLANE('',#15854);
#15856=ORIENTED_EDGE('',*,*,#15775,.T.);
#15857=ORIENTED_EDGE('',*,*,#15804,.T.);
#15858=ORIENTED_EDGE('',*,*,#15828,.T.);
#15859=ORIENTED_EDGE('',*,*,#15845,.T.);
#15860=EDGE_LOOP('',(#15856,#15857,#15858,#15859));
#15861=FACE_BOUND('',#15860,.T.);
#15862=ADVANCED_FACE('',(#15861),#15855,.T.);
#15863=CARTESIAN_POINT('',(-0.0205414519934704,0.000801,0.0297338401488955));
#15864=DIRECTION('',(0.,-1.,0.));
#15865=DIRECTION('',(0.,0.,-1.));
#15866=AXIS2_PLACEMENT_3D('',#15863,#15864,#15865);
#15867=CYLINDRICAL_SURFACE('',#15866,0.00100000000000002);
#15868=ORIENTED_EDGE('',*,*,#1735,.T.);
#15869=CARTESIAN_POINT('',(-0.0212485587746569,0.000801,0.0290267333677089));
#15870=DIRECTION('',(0.,-1.,0.));
#15871=VECTOR('',#15870,1.);
#15872=LINE('',#15869,#15871);
#15873=CARTESIAN_POINT('',(-0.0212485587746569,0.000801,0.0290267333677089));
#15874=VERTEX_POINT('',#15873);
#15875=EDGE_CURVE('',#15874,#1723,#15872,.T.);
#15876=ORIENTED_EDGE('',*,*,#15875,.F.);
#15877=CARTESIAN_POINT('',(-0.0205414519934704,0.000801,0.0297338401488955));
#15878=DIRECTION('',(0.,1.,0.));
#15879=DIRECTION('',(0.,0.,1.));
#15880=AXIS2_PLACEMENT_3D('',#15877,#15878,#15879);
#15881=CIRCLE('',#15880,0.00100000000000002);
#15882=CARTESIAN_POINT('',(-0.0198343452122838,0.000801,0.0290267333677089));
#15883=VERTEX_POINT('',#15882);
#15884=EDGE_CURVE('',#15883,#15874,#15881,.T.);
#15885=ORIENTED_EDGE('',*,*,#15884,.F.);
#15886=CARTESIAN_POINT('',(-0.0198343452122838,0.000801,0.0290267333677089));
#15887=DIRECTION('',(0.,-1.,0.));
#15888=VECTOR('',#15887,1.);
#15889=LINE('',#15886,#15888);
#15890=EDGE_CURVE('',#15883,#1734,#15889,.T.);
#15891=ORIENTED_EDGE('',*,*,#15890,.T.);
#15892=EDGE_LOOP('',(#15868,#15876,#15885,#15891));
#15893=FACE_BOUND('',#15892,.T.);
#15894=ADVANCED_FACE('',(#15893),#15867,.T.);
#15895=CARTESIAN_POINT('',(-0.0212485587746569,0.000801,0.0290267333677089));
#15896=DIRECTION('',(0.707106781186548,0.,0.707106781186547));
#15897=DIRECTION('',(0.707106781186547,0.,-0.707106781186548));
#15898=AXIS2_PLACEMENT_3D('',#15895,#15896,#15897);
#15899=PLANE('',#15898);
#15900=ORIENTED_EDGE('',*,*,#1726,.T.);
#15901=CARTESIAN_POINT('',(-0.0240769858994031,0.000801,0.0318551604924551));
#15902=DIRECTION('',(0.,-1.,0.));
#15903=VECTOR('',#15902,1.);
#15904=LINE('',#15901,#15903);
#15905=CARTESIAN_POINT('',(-0.0240769858994031,0.000801,0.0318551604924551));
#15906=VERTEX_POINT('',#15905);
#15907=EDGE_CURVE('',#15906,#1725,#15904,.T.);
#15908=ORIENTED_EDGE('',*,*,#15907,.F.);
#15909=CARTESIAN_POINT('',(-0.0212485587746569,0.000801,0.0290267333677089));
#15910=DIRECTION('',(-0.707106781186547,0.,0.707106781186548));
#15911=VECTOR('',#15910,1.);
#15912=LINE('',#15909,#15911);
#15913=EDGE_CURVE('',#15874,#15906,#15912,.T.);
#15914=ORIENTED_EDGE('',*,*,#15913,.F.);
#15915=ORIENTED_EDGE('',*,*,#15875,.T.);
#15916=EDGE_LOOP('',(#15900,#15908,#15914,#15915));
#15917=FACE_BOUND('',#15916,.T.);
#15918=ADVANCED_FACE('',(#15917),#15899,.F.);
#15919=CARTESIAN_POINT('',(-0.0233698791182166,0.000801,0.0325622672736417));
#15920=DIRECTION('',(0.,-1.,0.));
#15921=DIRECTION('',(0.,0.,-1.));
#15922=AXIS2_PLACEMENT_3D('',#15919,#15920,#15921);
#15923=CYLINDRICAL_SURFACE('',#15922,0.001);
#15924=ORIENTED_EDGE('',*,*,#1784,.T.);
#15925=CARTESIAN_POINT('',(-0.0240769858994031,0.000801,0.0332693740548282));
#15926=DIRECTION('',(0.,-1.,0.));
#15927=VECTOR('',#15926,1.);
#15928=LINE('',#15925,#15927);
#15929=CARTESIAN_POINT('',(-0.0240769858994031,0.000801,0.0332693740548282));
#15930=VERTEX_POINT('',#15929);
#15931=EDGE_CURVE('',#15930,#1776,#15928,.T.);
#15932=ORIENTED_EDGE('',*,*,#15931,.F.);
#15933=CARTESIAN_POINT('',(-0.0233698791182166,0.000801,0.0325622672736417));
#15934=DIRECTION('',(0.,1.,0.));
#15935=DIRECTION('',(0.,0.,1.));
#15936=AXIS2_PLACEMENT_3D('',#15933,#15934,#15935);
#15937=CIRCLE('',#15936,0.001);
#15938=EDGE_CURVE('',#15906,#15930,#15937,.T.);
#15939=ORIENTED_EDGE('',*,*,#15938,.F.);
#15940=ORIENTED_EDGE('',*,*,#15907,.T.);
#15941=EDGE_LOOP('',(#15924,#15932,#15939,#15940));
#15942=FACE_BOUND('',#15941,.T.);
#15943=ADVANCED_FACE('',(#15942),#15923,.T.);
#15944=CARTESIAN_POINT('',(-0.0240769858994031,0.000801,0.0332693740548282));
#15945=DIRECTION('',(0.707106781186548,0.,-0.707106781186547));
#15946=DIRECTION('',(-0.707106781186547,0.,-0.707106781186548));
#15947=AXIS2_PLACEMENT_3D('',#15944,#15945,#15946);
#15948=PLANE('',#15947);
#15949=ORIENTED_EDGE('',*,*,#1777,.T.);
#15950=CARTESIAN_POINT('',(-0.02266277233703,0.000801,0.0346835876172013));
#15951=DIRECTION('',(0.,-1.,0.));
#15952=VECTOR('',#15951,1.);
#15953=LINE('',#15950,#15952);
#15954=CARTESIAN_POINT('',(-0.02266277233703,0.000801,0.0346835876172013));
#15955=VERTEX_POINT('',#15954);
#15956=EDGE_CURVE('',#15955,#1768,#15953,.T.);
#15957=ORIENTED_EDGE('',*,*,#15956,.F.);
#15958=CARTESIAN_POINT('',(-0.0240769858994031,0.000801,0.0332693740548282));
#15959=DIRECTION('',(0.707106781186547,0.,0.707106781186548));
#15960=VECTOR('',#15959,1.);
#15961=LINE('',#15958,#15960);
#15962=EDGE_CURVE('',#15930,#15955,#15961,.T.);
#15963=ORIENTED_EDGE('',*,*,#15962,.F.);
#15964=ORIENTED_EDGE('',*,*,#15931,.T.);
#15965=EDGE_LOOP('',(#15949,#15957,#15963,#15964));
#15966=FACE_BOUND('',#15965,.T.);
#15967=ADVANCED_FACE('',(#15966),#15948,.F.);
#15968=CARTESIAN_POINT('',(-0.0219556655558435,0.000801,0.0339764808360147));
#15969=DIRECTION('',(0.,-1.,0.));
#15970=DIRECTION('',(0.,0.,-1.));
#15971=AXIS2_PLACEMENT_3D('',#15968,#15969,#15970);
#15972=CYLINDRICAL_SURFACE('',#15971,0.00100000000000001);
#15973=ORIENTED_EDGE('',*,*,#1769,.T.);
#15974=CARTESIAN_POINT('',(-0.0212485587746569,0.000801,0.0346835876172013));
#15975=DIRECTION('',(0.,-1.,0.));
#15976=VECTOR('',#15975,1.);
#15977=LINE('',#15974,#15976);
#15978=CARTESIAN_POINT('',(-0.0212485587746569,0.000801,0.0346835876172013));
#15979=VERTEX_POINT('',#15978);
#15980=EDGE_CURVE('',#15979,#1759,#15977,.T.);
#15981=ORIENTED_EDGE('',*,*,#15980,.F.);
#15982=CARTESIAN_POINT('',(-0.0219556655558435,0.000801,0.0339764808360147));
#15983=DIRECTION('',(0.,1.,0.));
#15984=DIRECTION('',(0.,0.,1.));
#15985=AXIS2_PLACEMENT_3D('',#15982,#15983,#15984);
#15986=CIRCLE('',#15985,0.00100000000000001);
#15987=EDGE_CURVE('',#15955,#15979,#15986,.T.);
#15988=ORIENTED_EDGE('',*,*,#15987,.F.);
#15989=ORIENTED_EDGE('',*,*,#15956,.T.);
#15990=EDGE_LOOP('',(#15973,#15981,#15988,#15989));
#15991=FACE_BOUND('',#15990,.T.);
#15992=ADVANCED_FACE('',(#15991),#15972,.T.);
#15993=CARTESIAN_POINT('',(-0.0184201316499107,0.000801,0.0318551604924551));
#15994=DIRECTION('',(-0.707106781186547,0.,-0.707106781186548));
#15995=DIRECTION('',(-0.707106781186548,0.,0.707106781186547));
#15996=AXIS2_PLACEMENT_3D('',#15993,#15994,#15995);
#15997=PLANE('',#15996);
#15998=ORIENTED_EDGE('',*,*,#1760,.T.);
#15999=CARTESIAN_POINT('',(-0.0184201316499107,0.000801,0.0318551604924551));
#16000=DIRECTION('',(0.,-1.,0.));
#16001=VECTOR('',#16000,1.);
#16002=LINE('',#15999,#16001);
#16003=CARTESIAN_POINT('',(-0.0184201316499107,0.000801,0.0318551604924551));
#16004=VERTEX_POINT('',#16003);
#16005=EDGE_CURVE('',#16004,#1751,#16002,.T.);
#16006=ORIENTED_EDGE('',*,*,#16005,.F.);
#16007=CARTESIAN_POINT('',(-0.0184201316499107,0.000801,0.0318551604924551));
#16008=DIRECTION('',(0.707106781186548,0.,-0.707106781186547));
#16009=VECTOR('',#16008,1.);
#16010=LINE('',#16007,#16009);
#16011=EDGE_CURVE('',#15979,#16004,#16010,.T.);
#16012=ORIENTED_EDGE('',*,*,#16011,.F.);
#16013=ORIENTED_EDGE('',*,*,#15980,.T.);
#16014=EDGE_LOOP('',(#15998,#16006,#16012,#16013));
#16015=FACE_BOUND('',#16014,.T.);
#16016=ADVANCED_FACE('',(#16015),#15997,.F.);
#16017=CARTESIAN_POINT('',(-0.0191272384310973,0.000801,0.0311480537112686));
#16018=DIRECTION('',(0.,-1.,0.));
#16019=DIRECTION('',(0.,0.,-1.));
#16020=AXIS2_PLACEMENT_3D('',#16017,#16018,#16019);
#16021=CYLINDRICAL_SURFACE('',#16020,0.00100000000000002);
#16022=ORIENTED_EDGE('',*,*,#1752,.T.);
#16023=CARTESIAN_POINT('',(-0.0184201316499107,0.000801,0.030440946930082));
#16024=DIRECTION('',(0.,-1.,0.));
#16025=VECTOR('',#16024,1.);
#16026=LINE('',#16023,#16025);
#16027=CARTESIAN_POINT('',(-0.0184201316499107,0.000801,0.030440946930082));
#16028=VERTEX_POINT('',#16027);
#16029=EDGE_CURVE('',#16028,#1742,#16026,.T.);
#16030=ORIENTED_EDGE('',*,*,#16029,.F.);
#16031=CARTESIAN_POINT('',(-0.0191272384310973,0.000801,0.0311480537112686));
#16032=DIRECTION('',(0.,1.,0.));
#16033=DIRECTION('',(0.,0.,1.));
#16034=AXIS2_PLACEMENT_3D('',#16031,#16032,#16033);
#16035=CIRCLE('',#16034,0.00100000000000002);
#16036=EDGE_CURVE('',#16004,#16028,#16035,.T.);
#16037=ORIENTED_EDGE('',*,*,#16036,.F.);
#16038=ORIENTED_EDGE('',*,*,#16005,.T.);
#16039=EDGE_LOOP('',(#16022,#16030,#16037,#16038));
#16040=FACE_BOUND('',#16039,.T.);
#16041=ADVANCED_FACE('',(#16040),#16021,.T.);
#16042=CARTESIAN_POINT('',(-0.0198343452122838,0.000801,0.0290267333677089));
#16043=DIRECTION('',(-0.707106781186548,0.,0.707106781186548));
#16044=DIRECTION('',(0.707106781186548,0.,0.707106781186548));
#16045=AXIS2_PLACEMENT_3D('',#16042,#16043,#16044);
#16046=PLANE('',#16045);
#16047=ORIENTED_EDGE('',*,*,#1743,.T.);
#16048=ORIENTED_EDGE('',*,*,#15890,.F.);
#16049=CARTESIAN_POINT('',(-0.0198343452122838,0.000801,0.0290267333677089));
#16050=DIRECTION('',(-0.707106781186548,0.,-0.707106781186548));
#16051=VECTOR('',#16050,1.);
#16052=LINE('',#16049,#16051);
#16053=EDGE_CURVE('',#16028,#15883,#16052,.T.);
#16054=ORIENTED_EDGE('',*,*,#16053,.F.);
#16055=ORIENTED_EDGE('',*,*,#16029,.T.);
#16056=EDGE_LOOP('',(#16047,#16048,#16054,#16055));
#16057=FACE_BOUND('',#16056,.T.);
#16058=ADVANCED_FACE('',(#16057),#16046,.F.);
#16059=CARTESIAN_POINT('',(-0.0205414519934704,0.000801,0.0297338401488955));
#16060=DIRECTION('',(0.,1.,0.));
#16061=DIRECTION('',(0.,0.,1.));
#16062=AXIS2_PLACEMENT_3D('',#16059,#16060,#16061);
#16063=PLANE('',#16062);
#16064=ORIENTED_EDGE('',*,*,#15884,.T.);
#16065=ORIENTED_EDGE('',*,*,#15913,.T.);
#16066=ORIENTED_EDGE('',*,*,#15938,.T.);
#16067=ORIENTED_EDGE('',*,*,#15962,.T.);
#16068=ORIENTED_EDGE('',*,*,#15987,.T.);
#16069=ORIENTED_EDGE('',*,*,#16011,.T.);
#16070=ORIENTED_EDGE('',*,*,#16036,.T.);
#16071=ORIENTED_EDGE('',*,*,#16053,.T.);
#16072=EDGE_LOOP('',(#16064,#16065,#16066,#16067,#16068,#16069,#16070,#16071));
#16073=FACE_BOUND('',#16072,.T.);
#16074=ADVANCED_FACE('',(#16073),#16063,.T.);
#16075=CARTESIAN_POINT('',(0.0191272384310951,0.000801,0.0311480537112685));
#16076=DIRECTION('',(0.,-1.,0.));
#16077=DIRECTION('',(0.,0.,-1.));
#16078=AXIS2_PLACEMENT_3D('',#16075,#16076,#16077);
#16079=CYLINDRICAL_SURFACE('',#16078,0.00100000000000001);
#16080=ORIENTED_EDGE('',*,*,#1805,.T.);
#16081=CARTESIAN_POINT('',(0.0184201316499086,0.000801,0.0318551604924551));
#16082=DIRECTION('',(0.,-1.,0.));
#16083=VECTOR('',#16082,1.);
#16084=LINE('',#16081,#16083);
#16085=CARTESIAN_POINT('',(0.0184201316499086,0.000801,0.0318551604924551));
#16086=VERTEX_POINT('',#16085);
#16087=EDGE_CURVE('',#16086,#1793,#16084,.T.);
#16088=ORIENTED_EDGE('',*,*,#16087,.F.);
#16089=CARTESIAN_POINT('',(0.0191272384310951,0.000801,0.0311480537112685));
#16090=DIRECTION('',(0.,1.,0.));
#16091=DIRECTION('',(0.,0.,1.));
#16092=AXIS2_PLACEMENT_3D('',#16089,#16090,#16091);
#16093=CIRCLE('',#16092,0.00100000000000001);
#16094=CARTESIAN_POINT('',(0.0184201316499086,0.000801,0.030440946930082));
#16095=VERTEX_POINT('',#16094);
#16096=EDGE_CURVE('',#16095,#16086,#16093,.T.);
#16097=ORIENTED_EDGE('',*,*,#16096,.F.);
#16098=CARTESIAN_POINT('',(0.0184201316499086,0.000801,0.030440946930082));
#16099=DIRECTION('',(0.,-1.,0.));
#16100=VECTOR('',#16099,1.);
#16101=LINE('',#16098,#16100);
#16102=EDGE_CURVE('',#16095,#1804,#16101,.T.);
#16103=ORIENTED_EDGE('',*,*,#16102,.T.);
#16104=EDGE_LOOP('',(#16080,#16088,#16097,#16103));
#16105=FACE_BOUND('',#16104,.T.);
#16106=ADVANCED_FACE('',(#16105),#16079,.T.);
#16107=CARTESIAN_POINT('',(0.0184201316499086,0.000801,0.0318551604924551));
#16108=DIRECTION('',(0.707106781186547,0.,-0.707106781186548));
#16109=DIRECTION('',(-0.707106781186548,0.,-0.707106781186547));
#16110=AXIS2_PLACEMENT_3D('',#16107,#16108,#16109);
#16111=PLANE('',#16110);
#16112=ORIENTED_EDGE('',*,*,#1796,.T.);
#16113=CARTESIAN_POINT('',(0.0212485587746548,0.000801,0.0346835876172013));
#16114=DIRECTION('',(0.,-1.,0.));
#16115=VECTOR('',#16114,1.);
#16116=LINE('',#16113,#16115);
#16117=CARTESIAN_POINT('',(0.0212485587746548,0.000801,0.0346835876172013));
#16118=VERTEX_POINT('',#16117);
#16119=EDGE_CURVE('',#16118,#1795,#16116,.T.);
#16120=ORIENTED_EDGE('',*,*,#16119,.F.);
#16121=CARTESIAN_POINT('',(0.0184201316499086,0.000801,0.0318551604924551));
#16122=DIRECTION('',(0.707106781186548,0.,0.707106781186547));
#16123=VECTOR('',#16122,1.);
#16124=LINE('',#16121,#16123);
#16125=EDGE_CURVE('',#16086,#16118,#16124,.T.);
#16126=ORIENTED_EDGE('',*,*,#16125,.F.);
#16127=ORIENTED_EDGE('',*,*,#16087,.T.);
#16128=EDGE_LOOP('',(#16112,#16120,#16126,#16127));
#16129=FACE_BOUND('',#16128,.T.);
#16130=ADVANCED_FACE('',(#16129),#16111,.F.);
#16131=CARTESIAN_POINT('',(0.0219556655558413,0.000801,0.0339764808360147));
#16132=DIRECTION('',(0.,-1.,0.));
#16133=DIRECTION('',(0.,0.,-1.));
#16134=AXIS2_PLACEMENT_3D('',#16131,#16132,#16133);
#16135=CYLINDRICAL_SURFACE('',#16134,0.001);
#16136=ORIENTED_EDGE('',*,*,#1854,.T.);
#16137=CARTESIAN_POINT('',(0.0226627723370279,0.000801,0.0346835876172013));
#16138=DIRECTION('',(0.,-1.,0.));
#16139=VECTOR('',#16138,1.);
#16140=LINE('',#16137,#16139);
#16141=CARTESIAN_POINT('',(0.0226627723370279,0.000801,0.0346835876172013));
#16142=VERTEX_POINT('',#16141);
#16143=EDGE_CURVE('',#16142,#1846,#16140,.T.);
#16144=ORIENTED_EDGE('',*,*,#16143,.F.);
#16145=CARTESIAN_POINT('',(0.0219556655558413,0.000801,0.0339764808360147));
#16146=DIRECTION('',(0.,1.,0.));
#16147=DIRECTION('',(0.,0.,1.));
#16148=AXIS2_PLACEMENT_3D('',#16145,#16146,#16147);
#16149=CIRCLE('',#16148,0.001);
#16150=EDGE_CURVE('',#16118,#16142,#16149,.T.);
#16151=ORIENTED_EDGE('',*,*,#16150,.F.);
#16152=ORIENTED_EDGE('',*,*,#16119,.T.);
#16153=EDGE_LOOP('',(#16136,#16144,#16151,#16152));
#16154=FACE_BOUND('',#16153,.T.);
#16155=ADVANCED_FACE('',(#16154),#16135,.T.);
#16156=CARTESIAN_POINT('',(0.0226627723370279,0.000801,0.0346835876172013));
#16157=DIRECTION('',(-0.707106781186544,0.,-0.707106781186551));
#16158=DIRECTION('',(-0.707106781186551,0.,0.707106781186544));
#16159=AXIS2_PLACEMENT_3D('',#16156,#16157,#16158);
#16160=PLANE('',#16159);
#16161=ORIENTED_EDGE('',*,*,#1847,.T.);
#16162=CARTESIAN_POINT('',(0.0240769858994009,0.000801,0.0332693740548282));
#16163=DIRECTION('',(0.,-1.,0.));
#16164=VECTOR('',#16163,1.);
#16165=LINE('',#16162,#16164);
#16166=CARTESIAN_POINT('',(0.0240769858994009,0.000801,0.0332693740548282));
#16167=VERTEX_POINT('',#16166);
#16168=EDGE_CURVE('',#16167,#1838,#16165,.T.);
#16169=ORIENTED_EDGE('',*,*,#16168,.F.);
#16170=CARTESIAN_POINT('',(0.0226627723370279,0.000801,0.0346835876172013));
#16171=DIRECTION('',(0.707106781186551,0.,-0.707106781186544));
#16172=VECTOR('',#16171,1.);
#16173=LINE('',#16170,#16172);
#16174=EDGE_CURVE('',#16142,#16167,#16173,.T.);
#16175=ORIENTED_EDGE('',*,*,#16174,.F.);
#16176=ORIENTED_EDGE('',*,*,#16143,.T.);
#16177=EDGE_LOOP('',(#16161,#16169,#16175,#16176));
#16178=FACE_BOUND('',#16177,.T.);
#16179=ADVANCED_FACE('',(#16178),#16160,.F.);
#16180=CARTESIAN_POINT('',(0.0233698791182144,0.000801,0.0325622672736417));
#16181=DIRECTION('',(0.,-1.,0.));
#16182=DIRECTION('',(0.,0.,-1.));
#16183=AXIS2_PLACEMENT_3D('',#16180,#16181,#16182);
#16184=CYLINDRICAL_SURFACE('',#16183,0.00100000000000002);
#16185=ORIENTED_EDGE('',*,*,#1839,.T.);
#16186=CARTESIAN_POINT('',(0.0240769858994009,0.000801,0.0318551604924551));
#16187=DIRECTION('',(0.,-1.,0.));
#16188=VECTOR('',#16187,1.);
#16189=LINE('',#16186,#16188);
#16190=CARTESIAN_POINT('',(0.0240769858994009,0.000801,0.0318551604924551));
#16191=VERTEX_POINT('',#16190);
#16192=EDGE_CURVE('',#16191,#1829,#16189,.T.);
#16193=ORIENTED_EDGE('',*,*,#16192,.F.);
#16194=CARTESIAN_POINT('',(0.0233698791182144,0.000801,0.0325622672736417));
#16195=DIRECTION('',(0.,1.,0.));
#16196=DIRECTION('',(0.,0.,1.));
#16197=AXIS2_PLACEMENT_3D('',#16194,#16195,#16196);
#16198=CIRCLE('',#16197,0.00100000000000002);
#16199=EDGE_CURVE('',#16167,#16191,#16198,.T.);
#16200=ORIENTED_EDGE('',*,*,#16199,.F.);
#16201=ORIENTED_EDGE('',*,*,#16168,.T.);
#16202=EDGE_LOOP('',(#16185,#16193,#16200,#16201));
#16203=FACE_BOUND('',#16202,.T.);
#16204=ADVANCED_FACE('',(#16203),#16184,.T.);
#16205=CARTESIAN_POINT('',(0.0212485587746548,0.000801,0.029026733367709));
#16206=DIRECTION('',(-0.707106781186547,0.,0.707106781186548));
#16207=DIRECTION('',(0.707106781186548,0.,0.707106781186547));
#16208=AXIS2_PLACEMENT_3D('',#16205,#16206,#16207);
#16209=PLANE('',#16208);
#16210=ORIENTED_EDGE('',*,*,#1830,.T.);
#16211=CARTESIAN_POINT('',(0.0212485587746548,0.000801,0.0290267333677089));
#16212=DIRECTION('',(0.,-1.,0.));
#16213=VECTOR('',#16212,1.);
#16214=LINE('',#16211,#16213);
#16215=CARTESIAN_POINT('',(0.0212485587746548,0.000801,0.0290267333677089));
#16216=VERTEX_POINT('',#16215);
#16217=EDGE_CURVE('',#16216,#1821,#16214,.T.);
#16218=ORIENTED_EDGE('',*,*,#16217,.F.);
#16219=CARTESIAN_POINT('',(0.0212485587746548,0.000801,0.029026733367709));
#16220=DIRECTION('',(-0.707106781186548,0.,-0.707106781186547));
#16221=VECTOR('',#16220,1.);
#16222=LINE('',#16219,#16221);
#16223=EDGE_CURVE('',#16191,#16216,#16222,.T.);
#16224=ORIENTED_EDGE('',*,*,#16223,.F.);
#16225=ORIENTED_EDGE('',*,*,#16192,.T.);
#16226=EDGE_LOOP('',(#16210,#16218,#16224,#16225));
#16227=FACE_BOUND('',#16226,.T.);
#16228=ADVANCED_FACE('',(#16227),#16209,.F.);
#16229=CARTESIAN_POINT('',(0.0205414519934682,0.000801,0.0297338401488955));
#16230=DIRECTION('',(0.,-1.,0.));
#16231=DIRECTION('',(0.,0.,-1.));
#16232=AXIS2_PLACEMENT_3D('',#16229,#16230,#16231);
#16233=CYLINDRICAL_SURFACE('',#16232,0.00100000000000002);
#16234=ORIENTED_EDGE('',*,*,#1822,.T.);
#16235=CARTESIAN_POINT('',(0.0198343452122817,0.000801,0.0290267333677089));
#16236=DIRECTION('',(0.,-1.,0.));
#16237=VECTOR('',#16236,1.);
#16238=LINE('',#16235,#16237);
#16239=CARTESIAN_POINT('',(0.0198343452122817,0.000801,0.0290267333677089));
#16240=VERTEX_POINT('',#16239);
#16241=EDGE_CURVE('',#16240,#1812,#16238,.T.);
#16242=ORIENTED_EDGE('',*,*,#16241,.F.);
#16243=CARTESIAN_POINT('',(0.0205414519934682,0.000801,0.0297338401488955));
#16244=DIRECTION('',(0.,1.,0.));
#16245=DIRECTION('',(0.,0.,1.));
#16246=AXIS2_PLACEMENT_3D('',#16243,#16244,#16245);
#16247=CIRCLE('',#16246,0.00100000000000002);
#16248=EDGE_CURVE('',#16216,#16240,#16247,.T.);
#16249=ORIENTED_EDGE('',*,*,#16248,.F.);
#16250=ORIENTED_EDGE('',*,*,#16217,.T.);
#16251=EDGE_LOOP('',(#16234,#16242,#16249,#16250));
#16252=FACE_BOUND('',#16251,.T.);
#16253=ADVANCED_FACE('',(#16252),#16233,.T.);
#16254=CARTESIAN_POINT('',(0.0184201316499086,0.000801,0.030440946930082));
#16255=DIRECTION('',(0.707106781186542,0.,0.707106781186553));
#16256=DIRECTION('',(0.707106781186553,0.,-0.707106781186542));
#16257=AXIS2_PLACEMENT_3D('',#16254,#16255,#16256);
#16258=PLANE('',#16257);
#16259=ORIENTED_EDGE('',*,*,#1813,.T.);
#16260=ORIENTED_EDGE('',*,*,#16102,.F.);
#16261=CARTESIAN_POINT('',(0.0184201316499086,0.000801,0.030440946930082));
#16262=DIRECTION('',(-0.707106781186553,0.,0.707106781186542));
#16263=VECTOR('',#16262,1.);
#16264=LINE('',#16261,#16263);
#16265=EDGE_CURVE('',#16240,#16095,#16264,.T.);
#16266=ORIENTED_EDGE('',*,*,#16265,.F.);
#16267=ORIENTED_EDGE('',*,*,#16241,.T.);
#16268=EDGE_LOOP('',(#16259,#16260,#16266,#16267));
#16269=FACE_BOUND('',#16268,.T.);
#16270=ADVANCED_FACE('',(#16269),#16258,.F.);
#16271=CARTESIAN_POINT('',(0.0191272384310951,0.000801,0.0311480537112685));
#16272=DIRECTION('',(0.,1.,0.));
#16273=DIRECTION('',(0.,0.,1.));
#16274=AXIS2_PLACEMENT_3D('',#16271,#16272,#16273);
#16275=PLANE('',#16274);
#16276=ORIENTED_EDGE('',*,*,#16096,.T.);
#16277=ORIENTED_EDGE('',*,*,#16125,.T.);
#16278=ORIENTED_EDGE('',*,*,#16150,.T.);
#16279=ORIENTED_EDGE('',*,*,#16174,.T.);
#16280=ORIENTED_EDGE('',*,*,#16199,.T.);
#16281=ORIENTED_EDGE('',*,*,#16223,.T.);
#16282=ORIENTED_EDGE('',*,*,#16248,.T.);
#16283=ORIENTED_EDGE('',*,*,#16265,.T.);
#16284=EDGE_LOOP('',(#16276,#16277,#16278,#16279,#16280,#16281,#16282,#16283));
#16285=FACE_BOUND('',#16284,.T.);
#16286=ADVANCED_FACE('',(#16285),#16275,.T.);
#16287=CARTESIAN_POINT('',(-0.0311480537112686,0.000801,0.0191272384310972));
#16288=DIRECTION('',(0.,-1.,0.));
#16289=DIRECTION('',(0.,0.,-1.));
#16290=AXIS2_PLACEMENT_3D('',#16287,#16288,#16289);
#16291=CYLINDRICAL_SURFACE('',#16290,0.000999999999999995);
#16292=ORIENTED_EDGE('',*,*,#1875,.T.);
#16293=CARTESIAN_POINT('',(-0.0318551604924551,0.000801,0.0184201316499107));
#16294=DIRECTION('',(0.,-1.,0.));
#16295=VECTOR('',#16294,1.);
#16296=LINE('',#16293,#16295);
#16297=CARTESIAN_POINT('',(-0.0318551604924551,0.000801,0.0184201316499107));
#16298=VERTEX_POINT('',#16297);
#16299=EDGE_CURVE('',#16298,#1863,#16296,.T.);
#16300=ORIENTED_EDGE('',*,*,#16299,.F.);
#16301=CARTESIAN_POINT('',(-0.0311480537112686,0.000801,0.0191272384310972));
#16302=DIRECTION('',(0.,1.,0.));
#16303=DIRECTION('',(0.,0.,1.));
#16304=AXIS2_PLACEMENT_3D('',#16301,#16302,#16303);
#16305=CIRCLE('',#16304,0.000999999999999995);
#16306=CARTESIAN_POINT('',(-0.030440946930082,0.000801,0.0184201316499107));
#16307=VERTEX_POINT('',#16306);
#16308=EDGE_CURVE('',#16307,#16298,#16305,.T.);
#16309=ORIENTED_EDGE('',*,*,#16308,.F.);
#16310=CARTESIAN_POINT('',(-0.030440946930082,0.000801,0.0184201316499107));
#16311=DIRECTION('',(0.,-1.,0.));
#16312=VECTOR('',#16311,1.);
#16313=LINE('',#16310,#16312);
#16314=EDGE_CURVE('',#16307,#1874,#16313,.T.);
#16315=ORIENTED_EDGE('',*,*,#16314,.T.);
#16316=EDGE_LOOP('',(#16292,#16300,#16309,#16315));
#16317=FACE_BOUND('',#16316,.T.);
#16318=ADVANCED_FACE('',(#16317),#16291,.T.);
#16319=CARTESIAN_POINT('',(-0.0318551604924551,0.000801,0.0184201316499107));
#16320=DIRECTION('',(0.707106781186547,0.,0.707106781186548));
#16321=DIRECTION('',(0.707106781186548,0.,-0.707106781186547));
#16322=AXIS2_PLACEMENT_3D('',#16319,#16320,#16321);
#16323=PLANE('',#16322);
#16324=ORIENTED_EDGE('',*,*,#1866,.T.);
#16325=CARTESIAN_POINT('',(-0.0346835876172013,0.000801,0.0212485587746569));
#16326=DIRECTION('',(0.,-1.,0.));
#16327=VECTOR('',#16326,1.);
#16328=LINE('',#16325,#16327);
#16329=CARTESIAN_POINT('',(-0.0346835876172013,0.000801,0.0212485587746569));
#16330=VERTEX_POINT('',#16329);
#16331=EDGE_CURVE('',#16330,#1865,#16328,.T.);
#16332=ORIENTED_EDGE('',*,*,#16331,.F.);
#16333=CARTESIAN_POINT('',(-0.0318551604924551,0.000801,0.0184201316499107));
#16334=DIRECTION('',(-0.707106781186548,0.,0.707106781186547));
#16335=VECTOR('',#16334,1.);
#16336=LINE('',#16333,#16335);
#16337=EDGE_CURVE('',#16298,#16330,#16336,.T.);
#16338=ORIENTED_EDGE('',*,*,#16337,.F.);
#16339=ORIENTED_EDGE('',*,*,#16299,.T.);
#16340=EDGE_LOOP('',(#16324,#16332,#16338,#16339));
#16341=FACE_BOUND('',#16340,.T.);
#16342=ADVANCED_FACE('',(#16341),#16323,.F.);
#16343=CARTESIAN_POINT('',(-0.0339764808360148,0.000801,0.0219556655558434));
#16344=DIRECTION('',(0.,-1.,0.));
#16345=DIRECTION('',(0.,0.,-1.));
#16346=AXIS2_PLACEMENT_3D('',#16343,#16344,#16345);
#16347=CYLINDRICAL_SURFACE('',#16346,0.00100000000000001);
#16348=ORIENTED_EDGE('',*,*,#1924,.T.);
#16349=CARTESIAN_POINT('',(-0.0346835876172013,0.000801,0.02266277233703));
#16350=DIRECTION('',(0.,-1.,0.));
#16351=VECTOR('',#16350,1.);
#16352=LINE('',#16349,#16351);
#16353=CARTESIAN_POINT('',(-0.0346835876172013,0.000801,0.02266277233703));
#16354=VERTEX_POINT('',#16353);
#16355=EDGE_CURVE('',#16354,#1916,#16352,.T.);
#16356=ORIENTED_EDGE('',*,*,#16355,.F.);
#16357=CARTESIAN_POINT('',(-0.0339764808360148,0.000801,0.0219556655558434));
#16358=DIRECTION('',(0.,1.,0.));
#16359=DIRECTION('',(0.,0.,1.));
#16360=AXIS2_PLACEMENT_3D('',#16357,#16358,#16359);
#16361=CIRCLE('',#16360,0.00100000000000001);
#16362=EDGE_CURVE('',#16330,#16354,#16361,.T.);
#16363=ORIENTED_EDGE('',*,*,#16362,.F.);
#16364=ORIENTED_EDGE('',*,*,#16331,.T.);
#16365=EDGE_LOOP('',(#16348,#16356,#16363,#16364));
#16366=FACE_BOUND('',#16365,.T.);
#16367=ADVANCED_FACE('',(#16366),#16347,.T.);
#16368=CARTESIAN_POINT('',(-0.0346835876172013,0.000801,0.02266277233703));
#16369=DIRECTION('',(0.707106781186548,0.,-0.707106781186547));
#16370=DIRECTION('',(-0.707106781186547,0.,-0.707106781186548));
#16371=AXIS2_PLACEMENT_3D('',#16368,#16369,#16370);
#16372=PLANE('',#16371);
#16373=ORIENTED_EDGE('',*,*,#1917,.T.);
#16374=CARTESIAN_POINT('',(-0.0332693740548282,0.000801,0.0240769858994031));
#16375=DIRECTION('',(0.,-1.,0.));
#16376=VECTOR('',#16375,1.);
#16377=LINE('',#16374,#16376);
#16378=CARTESIAN_POINT('',(-0.0332693740548282,0.000801,0.0240769858994031));
#16379=VERTEX_POINT('',#16378);
#16380=EDGE_CURVE('',#16379,#1908,#16377,.T.);
#16381=ORIENTED_EDGE('',*,*,#16380,.F.);
#16382=CARTESIAN_POINT('',(-0.0346835876172013,0.000801,0.02266277233703));
#16383=DIRECTION('',(0.707106781186547,0.,0.707106781186548));
#16384=VECTOR('',#16383,1.);
#16385=LINE('',#16382,#16384);
#16386=EDGE_CURVE('',#16354,#16379,#16385,.T.);
#16387=ORIENTED_EDGE('',*,*,#16386,.F.);
#16388=ORIENTED_EDGE('',*,*,#16355,.T.);
#16389=EDGE_LOOP('',(#16373,#16381,#16387,#16388));
#16390=FACE_BOUND('',#16389,.T.);
#16391=ADVANCED_FACE('',(#16390),#16372,.F.);
#16392=CARTESIAN_POINT('',(-0.0325622672736417,0.000801,0.0233698791182165));
#16393=DIRECTION('',(0.,-1.,0.));
#16394=DIRECTION('',(0.,0.,-1.));
#16395=AXIS2_PLACEMENT_3D('',#16392,#16393,#16394);
#16396=CYLINDRICAL_SURFACE('',#16395,0.00100000000000004);
#16397=ORIENTED_EDGE('',*,*,#1909,.T.);
#16398=CARTESIAN_POINT('',(-0.0318551604924551,0.000801,0.0240769858994031));
#16399=DIRECTION('',(0.,-1.,0.));
#16400=VECTOR('',#16399,1.);
#16401=LINE('',#16398,#16400);
#16402=CARTESIAN_POINT('',(-0.0318551604924551,0.000801,0.0240769858994031));
#16403=VERTEX_POINT('',#16402);
#16404=EDGE_CURVE('',#16403,#1899,#16401,.T.);
#16405=ORIENTED_EDGE('',*,*,#16404,.F.);
#16406=CARTESIAN_POINT('',(-0.0325622672736417,0.000801,0.0233698791182165));
#16407=DIRECTION('',(0.,1.,0.));
#16408=DIRECTION('',(0.,0.,1.));
#16409=AXIS2_PLACEMENT_3D('',#16406,#16407,#16408);
#16410=CIRCLE('',#16409,0.00100000000000004);
#16411=EDGE_CURVE('',#16379,#16403,#16410,.T.);
#16412=ORIENTED_EDGE('',*,*,#16411,.F.);
#16413=ORIENTED_EDGE('',*,*,#16380,.T.);
#16414=EDGE_LOOP('',(#16397,#16405,#16412,#16413));
#16415=FACE_BOUND('',#16414,.T.);
#16416=ADVANCED_FACE('',(#16415),#16396,.T.);
#16417=CARTESIAN_POINT('',(-0.0290267333677089,0.000801,0.0212485587746569));
#16418=DIRECTION('',(-0.707106781186548,0.,-0.707106781186547));
#16419=DIRECTION('',(-0.707106781186547,0.,0.707106781186548));
#16420=AXIS2_PLACEMENT_3D('',#16417,#16418,#16419);
#16421=PLANE('',#16420);
#16422=ORIENTED_EDGE('',*,*,#1900,.T.);
#16423=CARTESIAN_POINT('',(-0.0290267333677089,0.000801,0.0212485587746569));
#16424=DIRECTION('',(0.,-1.,0.));
#16425=VECTOR('',#16424,1.);
#16426=LINE('',#16423,#16425);
#16427=CARTESIAN_POINT('',(-0.0290267333677089,0.000801,0.0212485587746569));
#16428=VERTEX_POINT('',#16427);
#16429=EDGE_CURVE('',#16428,#1891,#16426,.T.);
#16430=ORIENTED_EDGE('',*,*,#16429,.F.);
#16431=CARTESIAN_POINT('',(-0.0290267333677089,0.000801,0.0212485587746569));
#16432=DIRECTION('',(0.707106781186547,0.,-0.707106781186548));
#16433=VECTOR('',#16432,1.);
#16434=LINE('',#16431,#16433);
#16435=EDGE_CURVE('',#16403,#16428,#16434,.T.);
#16436=ORIENTED_EDGE('',*,*,#16435,.F.);
#16437=ORIENTED_EDGE('',*,*,#16404,.T.);
#16438=EDGE_LOOP('',(#16422,#16430,#16436,#16437));
#16439=FACE_BOUND('',#16438,.T.);
#16440=ADVANCED_FACE('',(#16439),#16421,.F.);
#16441=CARTESIAN_POINT('',(-0.0297338401488955,0.000801,0.0205414519934703));
#16442=DIRECTION('',(0.,-1.,0.));
#16443=DIRECTION('',(0.,0.,-1.));
#16444=AXIS2_PLACEMENT_3D('',#16441,#16442,#16443);
#16445=CYLINDRICAL_SURFACE('',#16444,0.000999999999999999);
#16446=ORIENTED_EDGE('',*,*,#1892,.T.);
#16447=CARTESIAN_POINT('',(-0.0290267333677089,0.000801,0.0198343452122838));
#16448=DIRECTION('',(0.,-1.,0.));
#16449=VECTOR('',#16448,1.);
#16450=LINE('',#16447,#16449);
#16451=CARTESIAN_POINT('',(-0.0290267333677089,0.000801,0.0198343452122838));
#16452=VERTEX_POINT('',#16451);
#16453=EDGE_CURVE('',#16452,#1882,#16450,.T.);
#16454=ORIENTED_EDGE('',*,*,#16453,.F.);
#16455=CARTESIAN_POINT('',(-0.0297338401488955,0.000801,0.0205414519934703));
#16456=DIRECTION('',(0.,1.,0.));
#16457=DIRECTION('',(0.,0.,1.));
#16458=AXIS2_PLACEMENT_3D('',#16455,#16456,#16457);
#16459=CIRCLE('',#16458,0.000999999999999999);
#16460=EDGE_CURVE('',#16428,#16452,#16459,.T.);
#16461=ORIENTED_EDGE('',*,*,#16460,.F.);
#16462=ORIENTED_EDGE('',*,*,#16429,.T.);
#16463=EDGE_LOOP('',(#16446,#16454,#16461,#16462));
#16464=FACE_BOUND('',#16463,.T.);
#16465=ADVANCED_FACE('',(#16464),#16445,.T.);
#16466=CARTESIAN_POINT('',(-0.030440946930082,0.000801,0.0184201316499107));
#16467=DIRECTION('',(-0.707106781186547,0.,0.707106781186548));
#16468=DIRECTION('',(0.707106781186548,0.,0.707106781186547));
#16469=AXIS2_PLACEMENT_3D('',#16466,#16467,#16468);
#16470=PLANE('',#16469);
#16471=ORIENTED_EDGE('',*,*,#1883,.T.);
#16472=ORIENTED_EDGE('',*,*,#16314,.F.);
#16473=CARTESIAN_POINT('',(-0.030440946930082,0.000801,0.0184201316499107));
#16474=DIRECTION('',(-0.707106781186548,0.,-0.707106781186547));
#16475=VECTOR('',#16474,1.);
#16476=LINE('',#16473,#16475);
#16477=EDGE_CURVE('',#16452,#16307,#16476,.T.);
#16478=ORIENTED_EDGE('',*,*,#16477,.F.);
#16479=ORIENTED_EDGE('',*,*,#16453,.T.);
#16480=EDGE_LOOP('',(#16471,#16472,#16478,#16479));
#16481=FACE_BOUND('',#16480,.T.);
#16482=ADVANCED_FACE('',(#16481),#16470,.F.);
#16483=CARTESIAN_POINT('',(-0.0311480537112686,0.000801,0.0191272384310972));
#16484=DIRECTION('',(0.,1.,0.));
#16485=DIRECTION('',(0.,0.,1.));
#16486=AXIS2_PLACEMENT_3D('',#16483,#16484,#16485);
#16487=PLANE('',#16486);
#16488=ORIENTED_EDGE('',*,*,#16308,.T.);
#16489=ORIENTED_EDGE('',*,*,#16337,.T.);
#16490=ORIENTED_EDGE('',*,*,#16362,.T.);
#16491=ORIENTED_EDGE('',*,*,#16386,.T.);
#16492=ORIENTED_EDGE('',*,*,#16411,.T.);
#16493=ORIENTED_EDGE('',*,*,#16435,.T.);
#16494=ORIENTED_EDGE('',*,*,#16460,.T.);
#16495=ORIENTED_EDGE('',*,*,#16477,.T.);
#16496=EDGE_LOOP('',(#16488,#16489,#16490,#16491,#16492,#16493,#16494,#16495));
#16497=FACE_BOUND('',#16496,.T.);
#16498=ADVANCED_FACE('',(#16497),#16487,.T.);
#16499=CARTESIAN_POINT('',(-0.0297338401488955,0.000801,-0.0205414519934682));
#16500=DIRECTION('',(0.,-1.,0.));
#16501=DIRECTION('',(0.,0.,-1.));
#16502=AXIS2_PLACEMENT_3D('',#16499,#16500,#16501);
#16503=CYLINDRICAL_SURFACE('',#16502,0.00100000000000002);
#16504=ORIENTED_EDGE('',*,*,#1945,.T.);
#16505=CARTESIAN_POINT('',(-0.0290267333677089,0.000801,-0.0212485587746548));
#16506=DIRECTION('',(0.,-1.,0.));
#16507=VECTOR('',#16506,1.);
#16508=LINE('',#16505,#16507);
#16509=CARTESIAN_POINT('',(-0.0290267333677089,0.000801,-0.0212485587746548));
#16510=VERTEX_POINT('',#16509);
#16511=EDGE_CURVE('',#16510,#1933,#16508,.T.);
#16512=ORIENTED_EDGE('',*,*,#16511,.F.);
#16513=CARTESIAN_POINT('',(-0.0297338401488955,0.000801,-0.0205414519934682));
#16514=DIRECTION('',(0.,1.,0.));
#16515=DIRECTION('',(0.,0.,1.));
#16516=AXIS2_PLACEMENT_3D('',#16513,#16514,#16515);
#16517=CIRCLE('',#16516,0.00100000000000002);
#16518=CARTESIAN_POINT('',(-0.0290267333677089,0.000801,-0.0198343452122817));
#16519=VERTEX_POINT('',#16518);
#16520=EDGE_CURVE('',#16519,#16510,#16517,.T.);
#16521=ORIENTED_EDGE('',*,*,#16520,.F.);
#16522=CARTESIAN_POINT('',(-0.0290267333677089,0.000801,-0.0198343452122817));
#16523=DIRECTION('',(0.,-1.,0.));
#16524=VECTOR('',#16523,1.);
#16525=LINE('',#16522,#16524);
#16526=EDGE_CURVE('',#16519,#1944,#16525,.T.);
#16527=ORIENTED_EDGE('',*,*,#16526,.T.);
#16528=EDGE_LOOP('',(#16504,#16512,#16521,#16527));
#16529=FACE_BOUND('',#16528,.T.);
#16530=ADVANCED_FACE('',(#16529),#16503,.T.);
#16531=CARTESIAN_POINT('',(-0.0290267333677089,0.000801,-0.0212485587746548));
#16532=DIRECTION('',(-0.707106781186548,0.,0.707106781186548));
#16533=DIRECTION('',(0.707106781186548,0.,0.707106781186548));
#16534=AXIS2_PLACEMENT_3D('',#16531,#16532,#16533);
#16535=PLANE('',#16534);
#16536=ORIENTED_EDGE('',*,*,#1936,.T.);
#16537=CARTESIAN_POINT('',(-0.0318551604924551,0.000801,-0.024076985899401));
#16538=DIRECTION('',(0.,-1.,0.));
#16539=VECTOR('',#16538,1.);
#16540=LINE('',#16537,#16539);
#16541=CARTESIAN_POINT('',(-0.0318551604924551,0.000801,-0.024076985899401));
#16542=VERTEX_POINT('',#16541);
#16543=EDGE_CURVE('',#16542,#1935,#16540,.T.);
#16544=ORIENTED_EDGE('',*,*,#16543,.F.);
#16545=CARTESIAN_POINT('',(-0.0290267333677089,0.000801,-0.0212485587746548));
#16546=DIRECTION('',(-0.707106781186548,0.,-0.707106781186548));
#16547=VECTOR('',#16546,1.);
#16548=LINE('',#16545,#16547);
#16549=EDGE_CURVE('',#16510,#16542,#16548,.T.);
#16550=ORIENTED_EDGE('',*,*,#16549,.F.);
#16551=ORIENTED_EDGE('',*,*,#16511,.T.);
#16552=EDGE_LOOP('',(#16536,#16544,#16550,#16551));
#16553=FACE_BOUND('',#16552,.T.);
#16554=ADVANCED_FACE('',(#16553),#16535,.F.);
#16555=CARTESIAN_POINT('',(-0.0325622672736417,0.000801,-0.0233698791182144));
#16556=DIRECTION('',(0.,-1.,0.));
#16557=DIRECTION('',(0.,0.,-1.));
#16558=AXIS2_PLACEMENT_3D('',#16555,#16556,#16557);
#16559=CYLINDRICAL_SURFACE('',#16558,0.001);
#16560=ORIENTED_EDGE('',*,*,#1994,.T.);
#16561=CARTESIAN_POINT('',(-0.0332693740548282,0.000801,-0.024076985899401));
#16562=DIRECTION('',(0.,-1.,0.));
#16563=VECTOR('',#16562,1.);
#16564=LINE('',#16561,#16563);
#16565=CARTESIAN_POINT('',(-0.0332693740548282,0.000801,-0.024076985899401));
#16566=VERTEX_POINT('',#16565);
#16567=EDGE_CURVE('',#16566,#1986,#16564,.T.);
#16568=ORIENTED_EDGE('',*,*,#16567,.F.);
#16569=CARTESIAN_POINT('',(-0.0325622672736417,0.000801,-0.0233698791182144));
#16570=DIRECTION('',(0.,1.,0.));
#16571=DIRECTION('',(0.,0.,1.));
#16572=AXIS2_PLACEMENT_3D('',#16569,#16570,#16571);
#16573=CIRCLE('',#16572,0.001);
#16574=EDGE_CURVE('',#16542,#16566,#16573,.T.);
#16575=ORIENTED_EDGE('',*,*,#16574,.F.);
#16576=ORIENTED_EDGE('',*,*,#16543,.T.);
#16577=EDGE_LOOP('',(#16560,#16568,#16575,#16576));
#16578=FACE_BOUND('',#16577,.T.);
#16579=ADVANCED_FACE('',(#16578),#16559,.T.);
#16580=CARTESIAN_POINT('',(-0.0332693740548282,0.000801,-0.024076985899401));
#16581=DIRECTION('',(0.707106781186546,0.,0.707106781186549));
#16582=DIRECTION('',(0.707106781186549,0.,-0.707106781186546));
#16583=AXIS2_PLACEMENT_3D('',#16580,#16581,#16582);
#16584=PLANE('',#16583);
#16585=ORIENTED_EDGE('',*,*,#1987,.T.);
#16586=CARTESIAN_POINT('',(-0.0346835876172013,0.000801,-0.0226627723370279));
#16587=DIRECTION('',(0.,-1.,0.));
#16588=VECTOR('',#16587,1.);
#16589=LINE('',#16586,#16588);
#16590=CARTESIAN_POINT('',(-0.0346835876172013,0.000801,-0.0226627723370279));
#16591=VERTEX_POINT('',#16590);
#16592=EDGE_CURVE('',#16591,#1978,#16589,.T.);
#16593=ORIENTED_EDGE('',*,*,#16592,.F.);
#16594=CARTESIAN_POINT('',(-0.0332693740548282,0.000801,-0.024076985899401));
#16595=DIRECTION('',(-0.707106781186549,0.,0.707106781186546));
#16596=VECTOR('',#16595,1.);
#16597=LINE('',#16594,#16596);
#16598=EDGE_CURVE('',#16566,#16591,#16597,.T.);
#16599=ORIENTED_EDGE('',*,*,#16598,.F.);
#16600=ORIENTED_EDGE('',*,*,#16567,.T.);
#16601=EDGE_LOOP('',(#16585,#16593,#16599,#16600));
#16602=FACE_BOUND('',#16601,.T.);
#16603=ADVANCED_FACE('',(#16602),#16584,.F.);
#16604=CARTESIAN_POINT('',(-0.0339764808360148,0.000801,-0.0219556655558414));
#16605=DIRECTION('',(0.,-1.,0.));
#16606=DIRECTION('',(0.,0.,-1.));
#16607=AXIS2_PLACEMENT_3D('',#16604,#16605,#16606);
#16608=CYLINDRICAL_SURFACE('',#16607,0.00100000000000001);
#16609=ORIENTED_EDGE('',*,*,#1979,.T.);
#16610=CARTESIAN_POINT('',(-0.0346835876172013,0.000801,-0.0212485587746548));
#16611=DIRECTION('',(0.,-1.,0.));
#16612=VECTOR('',#16611,1.);
#16613=LINE('',#16610,#16612);
#16614=CARTESIAN_POINT('',(-0.0346835876172013,0.000801,-0.0212485587746548));
#16615=VERTEX_POINT('',#16614);
#16616=EDGE_CURVE('',#16615,#1969,#16613,.T.);
#16617=ORIENTED_EDGE('',*,*,#16616,.F.);
#16618=CARTESIAN_POINT('',(-0.0339764808360148,0.000801,-0.0219556655558414));
#16619=DIRECTION('',(0.,1.,0.));
#16620=DIRECTION('',(0.,0.,1.));
#16621=AXIS2_PLACEMENT_3D('',#16618,#16619,#16620);
#16622=CIRCLE('',#16621,0.00100000000000001);
#16623=EDGE_CURVE('',#16591,#16615,#16622,.T.);
#16624=ORIENTED_EDGE('',*,*,#16623,.F.);
#16625=ORIENTED_EDGE('',*,*,#16592,.T.);
#16626=EDGE_LOOP('',(#16609,#16617,#16624,#16625));
#16627=FACE_BOUND('',#16626,.T.);
#16628=ADVANCED_FACE('',(#16627),#16608,.T.);
#16629=CARTESIAN_POINT('',(-0.0318551604924551,0.000801,-0.0184201316499086));
#16630=DIRECTION('',(0.707106781186548,0.,-0.707106781186548));
#16631=DIRECTION('',(-0.707106781186548,0.,-0.707106781186548));
#16632=AXIS2_PLACEMENT_3D('',#16629,#16630,#16631);
#16633=PLANE('',#16632);
#16634=ORIENTED_EDGE('',*,*,#1970,.T.);
#16635=CARTESIAN_POINT('',(-0.0318551604924551,0.000801,-0.0184201316499086));
#16636=DIRECTION('',(0.,-1.,0.));
#16637=VECTOR('',#16636,1.);
#16638=LINE('',#16635,#16637);
#16639=CARTESIAN_POINT('',(-0.0318551604924551,0.000801,-0.0184201316499086));
#16640=VERTEX_POINT('',#16639);
#16641=EDGE_CURVE('',#16640,#1961,#16638,.T.);
#16642=ORIENTED_EDGE('',*,*,#16641,.F.);
#16643=CARTESIAN_POINT('',(-0.0318551604924551,0.000801,-0.0184201316499086));
#16644=DIRECTION('',(0.707106781186548,0.,0.707106781186548));
#16645=VECTOR('',#16644,1.);
#16646=LINE('',#16643,#16645);
#16647=EDGE_CURVE('',#16615,#16640,#16646,.T.);
#16648=ORIENTED_EDGE('',*,*,#16647,.F.);
#16649=ORIENTED_EDGE('',*,*,#16616,.T.);
#16650=EDGE_LOOP('',(#16634,#16642,#16648,#16649));
#16651=FACE_BOUND('',#16650,.T.);
#16652=ADVANCED_FACE('',(#16651),#16633,.F.);
#16653=CARTESIAN_POINT('',(-0.0311480537112686,0.000801,-0.0191272384310952));
#16654=DIRECTION('',(0.,-1.,0.));
#16655=DIRECTION('',(0.,0.,-1.));
#16656=AXIS2_PLACEMENT_3D('',#16653,#16654,#16655);
#16657=CYLINDRICAL_SURFACE('',#16656,0.00100000000000002);
#16658=ORIENTED_EDGE('',*,*,#1962,.T.);
#16659=CARTESIAN_POINT('',(-0.030440946930082,0.000801,-0.0184201316499086));
#16660=DIRECTION('',(0.,-1.,0.));
#16661=VECTOR('',#16660,1.);
#16662=LINE('',#16659,#16661);
#16663=CARTESIAN_POINT('',(-0.030440946930082,0.000801,-0.0184201316499086));
#16664=VERTEX_POINT('',#16663);
#16665=EDGE_CURVE('',#16664,#1952,#16662,.T.);
#16666=ORIENTED_EDGE('',*,*,#16665,.F.);
#16667=CARTESIAN_POINT('',(-0.0311480537112686,0.000801,-0.0191272384310952));
#16668=DIRECTION('',(0.,1.,0.));
#16669=DIRECTION('',(0.,0.,1.));
#16670=AXIS2_PLACEMENT_3D('',#16667,#16668,#16669);
#16671=CIRCLE('',#16670,0.00100000000000002);
#16672=EDGE_CURVE('',#16640,#16664,#16671,.T.);
#16673=ORIENTED_EDGE('',*,*,#16672,.F.);
#16674=ORIENTED_EDGE('',*,*,#16641,.T.);
#16675=EDGE_LOOP('',(#16658,#16666,#16673,#16674));
#16676=FACE_BOUND('',#16675,.T.);
#16677=ADVANCED_FACE('',(#16676),#16657,.T.);
#16678=CARTESIAN_POINT('',(-0.0290267333677089,0.000801,-0.0198343452122817));
#16679=DIRECTION('',(-0.707106781186548,0.,-0.707106781186547));
#16680=DIRECTION('',(-0.707106781186547,0.,0.707106781186548));
#16681=AXIS2_PLACEMENT_3D('',#16678,#16679,#16680);
#16682=PLANE('',#16681);
#16683=ORIENTED_EDGE('',*,*,#1953,.T.);
#16684=ORIENTED_EDGE('',*,*,#16526,.F.);
#16685=CARTESIAN_POINT('',(-0.0290267333677089,0.000801,-0.0198343452122817));
#16686=DIRECTION('',(0.707106781186547,0.,-0.707106781186548));
#16687=VECTOR('',#16686,1.);
#16688=LINE('',#16685,#16687);
#16689=EDGE_CURVE('',#16664,#16519,#16688,.T.);
#16690=ORIENTED_EDGE('',*,*,#16689,.F.);
#16691=ORIENTED_EDGE('',*,*,#16665,.T.);
#16692=EDGE_LOOP('',(#16683,#16684,#16690,#16691));
#16693=FACE_BOUND('',#16692,.T.);
#16694=ADVANCED_FACE('',(#16693),#16682,.F.);
#16695=CARTESIAN_POINT('',(-0.0297338401488955,0.000801,-0.0205414519934682));
#16696=DIRECTION('',(0.,1.,0.));
#16697=DIRECTION('',(0.,0.,1.));
#16698=AXIS2_PLACEMENT_3D('',#16695,#16696,#16697);
#16699=PLANE('',#16698);
#16700=ORIENTED_EDGE('',*,*,#16520,.T.);
#16701=ORIENTED_EDGE('',*,*,#16549,.T.);
#16702=ORIENTED_EDGE('',*,*,#16574,.T.);
#16703=ORIENTED_EDGE('',*,*,#16598,.T.);
#16704=ORIENTED_EDGE('',*,*,#16623,.T.);
#16705=ORIENTED_EDGE('',*,*,#16647,.T.);
#16706=ORIENTED_EDGE('',*,*,#16672,.T.);
#16707=ORIENTED_EDGE('',*,*,#16689,.T.);
#16708=EDGE_LOOP('',(#16700,#16701,#16702,#16703,#16704,#16705,#16706,#16707));
#16709=FACE_BOUND('',#16708,.T.);
#16710=ADVANCED_FACE('',(#16709),#16699,.T.);
#16711=CARTESIAN_POINT('',(-0.0191272384310973,0.000801,-0.0311480537112665));
#16712=DIRECTION('',(0.,-1.,0.));
#16713=DIRECTION('',(0.,0.,-1.));
#16714=AXIS2_PLACEMENT_3D('',#16711,#16712,#16713);
#16715=CYLINDRICAL_SURFACE('',#16714,0.000999999999999998);
#16716=ORIENTED_EDGE('',*,*,#2015,.T.);
#16717=CARTESIAN_POINT('',(-0.0184201316499107,0.000801,-0.031855160492453));
#16718=DIRECTION('',(0.,-1.,0.));
#16719=VECTOR('',#16718,1.);
#16720=LINE('',#16717,#16719);
#16721=CARTESIAN_POINT('',(-0.0184201316499107,0.000801,-0.031855160492453));
#16722=VERTEX_POINT('',#16721);
#16723=EDGE_CURVE('',#16722,#2003,#16720,.T.);
#16724=ORIENTED_EDGE('',*,*,#16723,.F.);
#16725=CARTESIAN_POINT('',(-0.0191272384310973,0.000801,-0.0311480537112665));
#16726=DIRECTION('',(0.,1.,0.));
#16727=DIRECTION('',(0.,0.,1.));
#16728=AXIS2_PLACEMENT_3D('',#16725,#16726,#16727);
#16729=CIRCLE('',#16728,0.000999999999999998);
#16730=CARTESIAN_POINT('',(-0.0184201316499107,0.000801,-0.0304409469300799));
#16731=VERTEX_POINT('',#16730);
#16732=EDGE_CURVE('',#16731,#16722,#16729,.T.);
#16733=ORIENTED_EDGE('',*,*,#16732,.F.);
#16734=CARTESIAN_POINT('',(-0.0184201316499107,0.000801,-0.0304409469300799));
#16735=DIRECTION('',(0.,-1.,0.));
#16736=VECTOR('',#16735,1.);
#16737=LINE('',#16734,#16736);
#16738=EDGE_CURVE('',#16731,#2014,#16737,.T.);
#16739=ORIENTED_EDGE('',*,*,#16738,.T.);
#16740=EDGE_LOOP('',(#16716,#16724,#16733,#16739));
#16741=FACE_BOUND('',#16740,.T.);
#16742=ADVANCED_FACE('',(#16741),#16715,.T.);
#16743=CARTESIAN_POINT('',(-0.0184201316499107,0.000801,-0.031855160492453));
#16744=DIRECTION('',(-0.707106781186545,0.,0.70710678118655));
#16745=DIRECTION('',(0.70710678118655,0.,0.707106781186545));
#16746=AXIS2_PLACEMENT_3D('',#16743,#16744,#16745);
#16747=PLANE('',#16746);
#16748=ORIENTED_EDGE('',*,*,#2006,.T.);
#16749=CARTESIAN_POINT('',(-0.0212485587746568,0.000801,-0.0346835876171991));
#16750=DIRECTION('',(0.,-1.,0.));
#16751=VECTOR('',#16750,1.);
#16752=LINE('',#16749,#16751);
#16753=CARTESIAN_POINT('',(-0.0212485587746568,0.000801,-0.0346835876171991));
#16754=VERTEX_POINT('',#16753);
#16755=EDGE_CURVE('',#16754,#2005,#16752,.T.);
#16756=ORIENTED_EDGE('',*,*,#16755,.F.);
#16757=CARTESIAN_POINT('',(-0.0184201316499107,0.000801,-0.031855160492453));
#16758=DIRECTION('',(-0.70710678118655,0.,-0.707106781186545));
#16759=VECTOR('',#16758,1.);
#16760=LINE('',#16757,#16759);
#16761=EDGE_CURVE('',#16722,#16754,#16760,.T.);
#16762=ORIENTED_EDGE('',*,*,#16761,.F.);
#16763=ORIENTED_EDGE('',*,*,#16723,.T.);
#16764=EDGE_LOOP('',(#16748,#16756,#16762,#16763));
#16765=FACE_BOUND('',#16764,.T.);
#16766=ADVANCED_FACE('',(#16765),#16747,.F.);
#16767=CARTESIAN_POINT('',(-0.0219556655558435,0.000801,-0.0339764808360127));
#16768=DIRECTION('',(0.,-1.,0.));
#16769=DIRECTION('',(0.,0.,-1.));
#16770=AXIS2_PLACEMENT_3D('',#16767,#16768,#16769);
#16771=CYLINDRICAL_SURFACE('',#16770,0.001);
#16772=ORIENTED_EDGE('',*,*,#2064,.T.);
#16773=CARTESIAN_POINT('',(-0.02266277233703,0.000801,-0.0346835876171992));
#16774=DIRECTION('',(0.,-1.,0.));
#16775=VECTOR('',#16774,1.);
#16776=LINE('',#16773,#16775);
#16777=CARTESIAN_POINT('',(-0.02266277233703,0.000801,-0.0346835876171992));
#16778=VERTEX_POINT('',#16777);
#16779=EDGE_CURVE('',#16778,#2056,#16776,.T.);
#16780=ORIENTED_EDGE('',*,*,#16779,.F.);
#16781=CARTESIAN_POINT('',(-0.0219556655558435,0.000801,-0.0339764808360127));
#16782=DIRECTION('',(0.,1.,0.));
#16783=DIRECTION('',(0.,0.,1.));
#16784=AXIS2_PLACEMENT_3D('',#16781,#16782,#16783);
#16785=CIRCLE('',#16784,0.001);
#16786=EDGE_CURVE('',#16754,#16778,#16785,.T.);
#16787=ORIENTED_EDGE('',*,*,#16786,.F.);
#16788=ORIENTED_EDGE('',*,*,#16755,.T.);
#16789=EDGE_LOOP('',(#16772,#16780,#16787,#16788));
#16790=FACE_BOUND('',#16789,.T.);
#16791=ADVANCED_FACE('',(#16790),#16771,.T.);
#16792=CARTESIAN_POINT('',(-0.02266277233703,0.000801,-0.0346835876171992));
#16793=DIRECTION('',(0.707106781186547,0.,0.707106781186548));
#16794=DIRECTION('',(0.707106781186548,0.,-0.707106781186547));
#16795=AXIS2_PLACEMENT_3D('',#16792,#16793,#16794);
#16796=PLANE('',#16795);
#16797=ORIENTED_EDGE('',*,*,#2057,.T.);
#16798=CARTESIAN_POINT('',(-0.0240769858994031,0.000801,-0.0332693740548261));
#16799=DIRECTION('',(0.,-1.,0.));
#16800=VECTOR('',#16799,1.);
#16801=LINE('',#16798,#16800);
#16802=CARTESIAN_POINT('',(-0.0240769858994031,0.000801,-0.0332693740548261));
#16803=VERTEX_POINT('',#16802);
#16804=EDGE_CURVE('',#16803,#2048,#16801,.T.);
#16805=ORIENTED_EDGE('',*,*,#16804,.F.);
#16806=CARTESIAN_POINT('',(-0.02266277233703,0.000801,-0.0346835876171992));
#16807=DIRECTION('',(-0.707106781186548,0.,0.707106781186547));
#16808=VECTOR('',#16807,1.);
#16809=LINE('',#16806,#16808);
#16810=EDGE_CURVE('',#16778,#16803,#16809,.T.);
#16811=ORIENTED_EDGE('',*,*,#16810,.F.);
#16812=ORIENTED_EDGE('',*,*,#16779,.T.);
#16813=EDGE_LOOP('',(#16797,#16805,#16811,#16812));
#16814=FACE_BOUND('',#16813,.T.);
#16815=ADVANCED_FACE('',(#16814),#16796,.F.);
#16816=CARTESIAN_POINT('',(-0.0233698791182165,0.000801,-0.0325622672736396));
#16817=DIRECTION('',(0.,-1.,0.));
#16818=DIRECTION('',(0.,0.,-1.));
#16819=AXIS2_PLACEMENT_3D('',#16816,#16817,#16818);
#16820=CYLINDRICAL_SURFACE('',#16819,0.00100000000000004);
#16821=ORIENTED_EDGE('',*,*,#2049,.T.);
#16822=CARTESIAN_POINT('',(-0.0240769858994031,0.000801,-0.031855160492453));
#16823=DIRECTION('',(0.,-1.,0.));
#16824=VECTOR('',#16823,1.);
#16825=LINE('',#16822,#16824);
#16826=CARTESIAN_POINT('',(-0.0240769858994031,0.000801,-0.031855160492453));
#16827=VERTEX_POINT('',#16826);
#16828=EDGE_CURVE('',#16827,#2039,#16825,.T.);
#16829=ORIENTED_EDGE('',*,*,#16828,.F.);
#16830=CARTESIAN_POINT('',(-0.0233698791182165,0.000801,-0.0325622672736396));
#16831=DIRECTION('',(0.,1.,0.));
#16832=DIRECTION('',(0.,0.,1.));
#16833=AXIS2_PLACEMENT_3D('',#16830,#16831,#16832);
#16834=CIRCLE('',#16833,0.00100000000000004);
#16835=EDGE_CURVE('',#16803,#16827,#16834,.T.);
#16836=ORIENTED_EDGE('',*,*,#16835,.F.);
#16837=ORIENTED_EDGE('',*,*,#16804,.T.);
#16838=EDGE_LOOP('',(#16821,#16829,#16836,#16837));
#16839=FACE_BOUND('',#16838,.T.);
#16840=ADVANCED_FACE('',(#16839),#16820,.T.);
#16841=CARTESIAN_POINT('',(-0.0212485587746569,0.000801,-0.0290267333677068));
#16842=DIRECTION('',(0.707106781186548,0.,-0.707106781186547));
#16843=DIRECTION('',(-0.707106781186547,0.,-0.707106781186548));
#16844=AXIS2_PLACEMENT_3D('',#16841,#16842,#16843);
#16845=PLANE('',#16844);
#16846=ORIENTED_EDGE('',*,*,#2040,.T.);
#16847=CARTESIAN_POINT('',(-0.0212485587746569,0.000801,-0.0290267333677068));
#16848=DIRECTION('',(0.,-1.,0.));
#16849=VECTOR('',#16848,1.);
#16850=LINE('',#16847,#16849);
#16851=CARTESIAN_POINT('',(-0.0212485587746569,0.000801,-0.0290267333677068));
#16852=VERTEX_POINT('',#16851);
#16853=EDGE_CURVE('',#16852,#2031,#16850,.T.);
#16854=ORIENTED_EDGE('',*,*,#16853,.F.);
#16855=CARTESIAN_POINT('',(-0.0212485587746569,0.000801,-0.0290267333677068));
#16856=DIRECTION('',(0.707106781186547,0.,0.707106781186548));
#16857=VECTOR('',#16856,1.);
#16858=LINE('',#16855,#16857);
#16859=EDGE_CURVE('',#16827,#16852,#16858,.T.);
#16860=ORIENTED_EDGE('',*,*,#16859,.F.);
#16861=ORIENTED_EDGE('',*,*,#16828,.T.);
#16862=EDGE_LOOP('',(#16846,#16854,#16860,#16861));
#16863=FACE_BOUND('',#16862,.T.);
#16864=ADVANCED_FACE('',(#16863),#16845,.F.);
#16865=CARTESIAN_POINT('',(-0.0205414519934703,0.000801,-0.0297338401488934));
#16866=DIRECTION('',(0.,-1.,0.));
#16867=DIRECTION('',(0.,0.,-1.));
#16868=AXIS2_PLACEMENT_3D('',#16865,#16866,#16867);
#16869=CYLINDRICAL_SURFACE('',#16868,0.001);
#16870=ORIENTED_EDGE('',*,*,#2032,.T.);
#16871=CARTESIAN_POINT('',(-0.0198343452122838,0.000801,-0.0290267333677068));
#16872=DIRECTION('',(0.,-1.,0.));
#16873=VECTOR('',#16872,1.);
#16874=LINE('',#16871,#16873);
#16875=CARTESIAN_POINT('',(-0.0198343452122838,0.000801,-0.0290267333677068));
#16876=VERTEX_POINT('',#16875);
#16877=EDGE_CURVE('',#16876,#2022,#16874,.T.);
#16878=ORIENTED_EDGE('',*,*,#16877,.F.);
#16879=CARTESIAN_POINT('',(-0.0205414519934703,0.000801,-0.0297338401488934));
#16880=DIRECTION('',(0.,1.,0.));
#16881=DIRECTION('',(0.,0.,1.));
#16882=AXIS2_PLACEMENT_3D('',#16879,#16880,#16881);
#16883=CIRCLE('',#16882,0.001);
#16884=EDGE_CURVE('',#16852,#16876,#16883,.T.);
#16885=ORIENTED_EDGE('',*,*,#16884,.F.);
#16886=ORIENTED_EDGE('',*,*,#16853,.T.);
#16887=EDGE_LOOP('',(#16870,#16878,#16885,#16886));
#16888=FACE_BOUND('',#16887,.T.);
#16889=ADVANCED_FACE('',(#16888),#16869,.T.);
#16890=CARTESIAN_POINT('',(-0.0184201316499107,0.000801,-0.0304409469300799));
#16891=DIRECTION('',(-0.707106781186549,0.,-0.707106781186546));
#16892=DIRECTION('',(-0.707106781186546,0.,0.707106781186549));
#16893=AXIS2_PLACEMENT_3D('',#16890,#16891,#16892);
#16894=PLANE('',#16893);
#16895=ORIENTED_EDGE('',*,*,#2023,.T.);
#16896=ORIENTED_EDGE('',*,*,#16738,.F.);
#16897=CARTESIAN_POINT('',(-0.0184201316499107,0.000801,-0.0304409469300799));
#16898=DIRECTION('',(0.707106781186546,0.,-0.707106781186549));
#16899=VECTOR('',#16898,1.);
#16900=LINE('',#16897,#16899);
#16901=EDGE_CURVE('',#16876,#16731,#16900,.T.);
#16902=ORIENTED_EDGE('',*,*,#16901,.F.);
#16903=ORIENTED_EDGE('',*,*,#16877,.T.);
#16904=EDGE_LOOP('',(#16895,#16896,#16902,#16903));
#16905=FACE_BOUND('',#16904,.T.);
#16906=ADVANCED_FACE('',(#16905),#16894,.F.);
#16907=CARTESIAN_POINT('',(-0.0191272384310973,0.000801,-0.0311480537112665));
#16908=DIRECTION('',(0.,1.,0.));
#16909=DIRECTION('',(0.,0.,1.));
#16910=AXIS2_PLACEMENT_3D('',#16907,#16908,#16909);
#16911=PLANE('',#16910);
#16912=ORIENTED_EDGE('',*,*,#16732,.T.);
#16913=ORIENTED_EDGE('',*,*,#16761,.T.);
#16914=ORIENTED_EDGE('',*,*,#16786,.T.);
#16915=ORIENTED_EDGE('',*,*,#16810,.T.);
#16916=ORIENTED_EDGE('',*,*,#16835,.T.);
#16917=ORIENTED_EDGE('',*,*,#16859,.T.);
#16918=ORIENTED_EDGE('',*,*,#16884,.T.);
#16919=ORIENTED_EDGE('',*,*,#16901,.T.);
#16920=EDGE_LOOP('',(#16912,#16913,#16914,#16915,#16916,#16917,#16918,#16919));
#16921=FACE_BOUND('',#16920,.T.);
#16922=ADVANCED_FACE('',(#16921),#16911,.T.);
#16923=CARTESIAN_POINT('',(0.0205414519934682,0.000801,-0.0297338401488934));
#16924=DIRECTION('',(0.,-1.,0.));
#16925=DIRECTION('',(0.,0.,-1.));
#16926=AXIS2_PLACEMENT_3D('',#16923,#16924,#16925);
#16927=CYLINDRICAL_SURFACE('',#16926,0.00100000000000002);
#16928=ORIENTED_EDGE('',*,*,#2085,.T.);
#16929=CARTESIAN_POINT('',(0.0212485587746548,0.000801,-0.0290267333677068));
#16930=DIRECTION('',(0.,-1.,0.));
#16931=VECTOR('',#16930,1.);
#16932=LINE('',#16929,#16931);
#16933=CARTESIAN_POINT('',(0.0212485587746548,0.000801,-0.0290267333677068));
#16934=VERTEX_POINT('',#16933);
#16935=EDGE_CURVE('',#16934,#2073,#16932,.T.);
#16936=ORIENTED_EDGE('',*,*,#16935,.F.);
#16937=CARTESIAN_POINT('',(0.0205414519934682,0.000801,-0.0297338401488934));
#16938=DIRECTION('',(0.,1.,0.));
#16939=DIRECTION('',(0.,0.,1.));
#16940=AXIS2_PLACEMENT_3D('',#16937,#16938,#16939);
#16941=CIRCLE('',#16940,0.00100000000000002);
#16942=CARTESIAN_POINT('',(0.0198343452122817,0.000801,-0.0290267333677068));
#16943=VERTEX_POINT('',#16942);
#16944=EDGE_CURVE('',#16943,#16934,#16941,.T.);
#16945=ORIENTED_EDGE('',*,*,#16944,.F.);
#16946=CARTESIAN_POINT('',(0.0198343452122817,0.000801,-0.0290267333677068));
#16947=DIRECTION('',(0.,-1.,0.));
#16948=VECTOR('',#16947,1.);
#16949=LINE('',#16946,#16948);
#16950=EDGE_CURVE('',#16943,#2084,#16949,.T.);
#16951=ORIENTED_EDGE('',*,*,#16950,.T.);
#16952=EDGE_LOOP('',(#16928,#16936,#16945,#16951));
#16953=FACE_BOUND('',#16952,.T.);
#16954=ADVANCED_FACE('',(#16953),#16927,.T.);
#16955=CARTESIAN_POINT('',(0.0212485587746548,0.000801,-0.0290267333677068));
#16956=DIRECTION('',(-0.707106781186548,0.,-0.707106781186547));
#16957=DIRECTION('',(-0.707106781186547,0.,0.707106781186548));
#16958=AXIS2_PLACEMENT_3D('',#16955,#16956,#16957);
#16959=PLANE('',#16958);
#16960=ORIENTED_EDGE('',*,*,#2076,.T.);
#16961=CARTESIAN_POINT('',(0.024076985899401,0.000801,-0.031855160492453));
#16962=DIRECTION('',(0.,-1.,0.));
#16963=VECTOR('',#16962,1.);
#16964=LINE('',#16961,#16963);
#16965=CARTESIAN_POINT('',(0.024076985899401,0.000801,-0.031855160492453));
#16966=VERTEX_POINT('',#16965);
#16967=EDGE_CURVE('',#16966,#2075,#16964,.T.);
#16968=ORIENTED_EDGE('',*,*,#16967,.F.);
#16969=CARTESIAN_POINT('',(0.0212485587746548,0.000801,-0.0290267333677068));
#16970=DIRECTION('',(0.707106781186547,0.,-0.707106781186548));
#16971=VECTOR('',#16970,1.);
#16972=LINE('',#16969,#16971);
#16973=EDGE_CURVE('',#16934,#16966,#16972,.T.);
#16974=ORIENTED_EDGE('',*,*,#16973,.F.);
#16975=ORIENTED_EDGE('',*,*,#16935,.T.);
#16976=EDGE_LOOP('',(#16960,#16968,#16974,#16975));
#16977=FACE_BOUND('',#16976,.T.);
#16978=ADVANCED_FACE('',(#16977),#16959,.F.);
#16979=CARTESIAN_POINT('',(0.0233698791182144,0.000801,-0.0325622672736396));
#16980=DIRECTION('',(0.,-1.,0.));
#16981=DIRECTION('',(0.,0.,-1.));
#16982=AXIS2_PLACEMENT_3D('',#16979,#16980,#16981);
#16983=CYLINDRICAL_SURFACE('',#16982,0.001);
#16984=ORIENTED_EDGE('',*,*,#2134,.T.);
#16985=CARTESIAN_POINT('',(0.024076985899401,0.000801,-0.0332693740548261));
#16986=DIRECTION('',(0.,-1.,0.));
#16987=VECTOR('',#16986,1.);
#16988=LINE('',#16985,#16987);
#16989=CARTESIAN_POINT('',(0.024076985899401,0.000801,-0.0332693740548261));
#16990=VERTEX_POINT('',#16989);
#16991=EDGE_CURVE('',#16990,#2126,#16988,.T.);
#16992=ORIENTED_EDGE('',*,*,#16991,.F.);
#16993=CARTESIAN_POINT('',(0.0233698791182144,0.000801,-0.0325622672736396));
#16994=DIRECTION('',(0.,1.,0.));
#16995=DIRECTION('',(0.,0.,1.));
#16996=AXIS2_PLACEMENT_3D('',#16993,#16994,#16995);
#16997=CIRCLE('',#16996,0.001);
#16998=EDGE_CURVE('',#16966,#16990,#16997,.T.);
#16999=ORIENTED_EDGE('',*,*,#16998,.F.);
#17000=ORIENTED_EDGE('',*,*,#16967,.T.);
#17001=EDGE_LOOP('',(#16984,#16992,#16999,#17000));
#17002=FACE_BOUND('',#17001,.T.);
#17003=ADVANCED_FACE('',(#17002),#16983,.T.);
#17004=CARTESIAN_POINT('',(0.024076985899401,0.000801,-0.0332693740548261));
#17005=DIRECTION('',(-0.707106781186549,0.,0.707106781186546));
#17006=DIRECTION('',(0.707106781186546,0.,0.707106781186549));
#17007=AXIS2_PLACEMENT_3D('',#17004,#17005,#17006);
#17008=PLANE('',#17007);
#17009=ORIENTED_EDGE('',*,*,#2127,.T.);
#17010=CARTESIAN_POINT('',(0.0226627723370279,0.000801,-0.0346835876171992));
#17011=DIRECTION('',(0.,-1.,0.));
#17012=VECTOR('',#17011,1.);
#17013=LINE('',#17010,#17012);
#17014=CARTESIAN_POINT('',(0.0226627723370279,0.000801,-0.0346835876171992));
#17015=VERTEX_POINT('',#17014);
#17016=EDGE_CURVE('',#17015,#2118,#17013,.T.);
#17017=ORIENTED_EDGE('',*,*,#17016,.F.);
#17018=CARTESIAN_POINT('',(0.024076985899401,0.000801,-0.0332693740548261));
#17019=DIRECTION('',(-0.707106781186546,0.,-0.707106781186549));
#17020=VECTOR('',#17019,1.);
#17021=LINE('',#17018,#17020);
#17022=EDGE_CURVE('',#16990,#17015,#17021,.T.);
#17023=ORIENTED_EDGE('',*,*,#17022,.F.);
#17024=ORIENTED_EDGE('',*,*,#16991,.T.);
#17025=EDGE_LOOP('',(#17009,#17017,#17023,#17024));
#17026=FACE_BOUND('',#17025,.T.);
#17027=ADVANCED_FACE('',(#17026),#17008,.F.);
#17028=CARTESIAN_POINT('',(0.0219556655558413,0.000801,-0.0339764808360127));
#17029=DIRECTION('',(0.,-1.,0.));
#17030=DIRECTION('',(0.,0.,-1.));
#17031=AXIS2_PLACEMENT_3D('',#17028,#17029,#17030);
#17032=CYLINDRICAL_SURFACE('',#17031,0.00100000000000001);
#17033=ORIENTED_EDGE('',*,*,#2119,.T.);
#17034=CARTESIAN_POINT('',(0.0212485587746548,0.000801,-0.0346835876171992));
#17035=DIRECTION('',(0.,-1.,0.));
#17036=VECTOR('',#17035,1.);
#17037=LINE('',#17034,#17036);
#17038=CARTESIAN_POINT('',(0.0212485587746548,0.000801,-0.0346835876171992));
#17039=VERTEX_POINT('',#17038);
#17040=EDGE_CURVE('',#17039,#2109,#17037,.T.);
#17041=ORIENTED_EDGE('',*,*,#17040,.F.);
#17042=CARTESIAN_POINT('',(0.0219556655558413,0.000801,-0.0339764808360127));
#17043=DIRECTION('',(0.,1.,0.));
#17044=DIRECTION('',(0.,0.,1.));
#17045=AXIS2_PLACEMENT_3D('',#17042,#17043,#17044);
#17046=CIRCLE('',#17045,0.00100000000000001);
#17047=EDGE_CURVE('',#17015,#17039,#17046,.T.);
#17048=ORIENTED_EDGE('',*,*,#17047,.F.);
#17049=ORIENTED_EDGE('',*,*,#17016,.T.);
#17050=EDGE_LOOP('',(#17033,#17041,#17048,#17049));
#17051=FACE_BOUND('',#17050,.T.);
#17052=ADVANCED_FACE('',(#17051),#17032,.T.);
#17053=CARTESIAN_POINT('',(0.0184201316499086,0.000801,-0.031855160492453));
#17054=DIRECTION('',(0.707106781186548,0.,0.707106781186547));
#17055=DIRECTION('',(0.707106781186547,0.,-0.707106781186548));
#17056=AXIS2_PLACEMENT_3D('',#17053,#17054,#17055);
#17057=PLANE('',#17056);
#17058=ORIENTED_EDGE('',*,*,#2110,.T.);
#17059=CARTESIAN_POINT('',(0.0184201316499086,0.000801,-0.031855160492453));
#17060=DIRECTION('',(0.,-1.,0.));
#17061=VECTOR('',#17060,1.);
#17062=LINE('',#17059,#17061);
#17063=CARTESIAN_POINT('',(0.0184201316499086,0.000801,-0.031855160492453));
#17064=VERTEX_POINT('',#17063);
#17065=EDGE_CURVE('',#17064,#2101,#17062,.T.);
#17066=ORIENTED_EDGE('',*,*,#17065,.F.);
#17067=CARTESIAN_POINT('',(0.0184201316499086,0.000801,-0.031855160492453));
#17068=DIRECTION('',(-0.707106781186547,0.,0.707106781186548));
#17069=VECTOR('',#17068,1.);
#17070=LINE('',#17067,#17069);
#17071=EDGE_CURVE('',#17039,#17064,#17070,.T.);
#17072=ORIENTED_EDGE('',*,*,#17071,.F.);
#17073=ORIENTED_EDGE('',*,*,#17040,.T.);
#17074=EDGE_LOOP('',(#17058,#17066,#17072,#17073));
#17075=FACE_BOUND('',#17074,.T.);
#17076=ADVANCED_FACE('',(#17075),#17057,.F.);
#17077=CARTESIAN_POINT('',(0.0191272384310951,0.000801,-0.0311480537112665));
#17078=DIRECTION('',(0.,-1.,0.));
#17079=DIRECTION('',(0.,0.,-1.));
#17080=AXIS2_PLACEMENT_3D('',#17077,#17078,#17079);
#17081=CYLINDRICAL_SURFACE('',#17080,0.00100000000000001);
#17082=ORIENTED_EDGE('',*,*,#2102,.T.);
#17083=CARTESIAN_POINT('',(0.0184201316499086,0.000801,-0.0304409469300799));
#17084=DIRECTION('',(0.,-1.,0.));
#17085=VECTOR('',#17084,1.);
#17086=LINE('',#17083,#17085);
#17087=CARTESIAN_POINT('',(0.0184201316499086,0.000801,-0.0304409469300799));
#17088=VERTEX_POINT('',#17087);
#17089=EDGE_CURVE('',#17088,#2092,#17086,.T.);
#17090=ORIENTED_EDGE('',*,*,#17089,.F.);
#17091=CARTESIAN_POINT('',(0.0191272384310951,0.000801,-0.0311480537112665));
#17092=DIRECTION('',(0.,1.,0.));
#17093=DIRECTION('',(0.,0.,1.));
#17094=AXIS2_PLACEMENT_3D('',#17091,#17092,#17093);
#17095=CIRCLE('',#17094,0.00100000000000001);
#17096=EDGE_CURVE('',#17064,#17088,#17095,.T.);
#17097=ORIENTED_EDGE('',*,*,#17096,.F.);
#17098=ORIENTED_EDGE('',*,*,#17065,.T.);
#17099=EDGE_LOOP('',(#17082,#17090,#17097,#17098));
#17100=FACE_BOUND('',#17099,.T.);
#17101=ADVANCED_FACE('',(#17100),#17081,.T.);
#17102=CARTESIAN_POINT('',(0.0198343452122817,0.000801,-0.0290267333677068));
#17103=DIRECTION('',(0.707106781186547,0.,-0.707106781186548));
#17104=DIRECTION('',(-0.707106781186548,0.,-0.707106781186547));
#17105=AXIS2_PLACEMENT_3D('',#17102,#17103,#17104);
#17106=PLANE('',#17105);
#17107=ORIENTED_EDGE('',*,*,#2093,.T.);
#17108=ORIENTED_EDGE('',*,*,#16950,.F.);
#17109=CARTESIAN_POINT('',(0.0198343452122817,0.000801,-0.0290267333677068));
#17110=DIRECTION('',(0.707106781186548,0.,0.707106781186547));
#17111=VECTOR('',#17110,1.);
#17112=LINE('',#17109,#17111);
#17113=EDGE_CURVE('',#17088,#16943,#17112,.T.);
#17114=ORIENTED_EDGE('',*,*,#17113,.F.);
#17115=ORIENTED_EDGE('',*,*,#17089,.T.);
#17116=EDGE_LOOP('',(#17107,#17108,#17114,#17115));
#17117=FACE_BOUND('',#17116,.T.);
#17118=ADVANCED_FACE('',(#17117),#17106,.F.);
#17119=CARTESIAN_POINT('',(0.0205414519934682,0.000801,-0.0297338401488934));
#17120=DIRECTION('',(0.,1.,0.));
#17121=DIRECTION('',(0.,0.,1.));
#17122=AXIS2_PLACEMENT_3D('',#17119,#17120,#17121);
#17123=PLANE('',#17122);
#17124=ORIENTED_EDGE('',*,*,#16944,.T.);
#17125=ORIENTED_EDGE('',*,*,#16973,.T.);
#17126=ORIENTED_EDGE('',*,*,#16998,.T.);
#17127=ORIENTED_EDGE('',*,*,#17022,.T.);
#17128=ORIENTED_EDGE('',*,*,#17047,.T.);
#17129=ORIENTED_EDGE('',*,*,#17071,.T.);
#17130=ORIENTED_EDGE('',*,*,#17096,.T.);
#17131=ORIENTED_EDGE('',*,*,#17113,.T.);
#17132=EDGE_LOOP('',(#17124,#17125,#17126,#17127,#17128,#17129,#17130,#17131));
#17133=FACE_BOUND('',#17132,.T.);
#17134=ADVANCED_FACE('',(#17133),#17123,.T.);
#17135=CARTESIAN_POINT('',(0.0311480537112664,0.000801,-0.0191272384310952));
#17136=DIRECTION('',(0.,-1.,0.));
#17137=DIRECTION('',(0.,0.,-1.));
#17138=AXIS2_PLACEMENT_3D('',#17135,#17136,#17137);
#17139=CYLINDRICAL_SURFACE('',#17138,0.000999999999999995);
#17140=ORIENTED_EDGE('',*,*,#2155,.T.);
#17141=CARTESIAN_POINT('',(0.031855160492453,0.000801,-0.0184201316499086));
#17142=DIRECTION('',(0.,-1.,0.));
#17143=VECTOR('',#17142,1.);
#17144=LINE('',#17141,#17143);
#17145=CARTESIAN_POINT('',(0.031855160492453,0.000801,-0.0184201316499086));
#17146=VERTEX_POINT('',#17145);
#17147=EDGE_CURVE('',#17146,#2143,#17144,.T.);
#17148=ORIENTED_EDGE('',*,*,#17147,.F.);
#17149=CARTESIAN_POINT('',(0.0311480537112664,0.000801,-0.0191272384310952));
#17150=DIRECTION('',(0.,1.,0.));
#17151=DIRECTION('',(0.,0.,1.));
#17152=AXIS2_PLACEMENT_3D('',#17149,#17150,#17151);
#17153=CIRCLE('',#17152,0.000999999999999995);
#17154=CARTESIAN_POINT('',(0.0304409469300799,0.000801,-0.0184201316499086));
#17155=VERTEX_POINT('',#17154);
#17156=EDGE_CURVE('',#17155,#17146,#17153,.T.);
#17157=ORIENTED_EDGE('',*,*,#17156,.F.);
#17158=CARTESIAN_POINT('',(0.0304409469300799,0.000801,-0.0184201316499086));
#17159=DIRECTION('',(0.,-1.,0.));
#17160=VECTOR('',#17159,1.);
#17161=LINE('',#17158,#17160);
#17162=EDGE_CURVE('',#17155,#2154,#17161,.T.);
#17163=ORIENTED_EDGE('',*,*,#17162,.T.);
#17164=EDGE_LOOP('',(#17140,#17148,#17157,#17163));
#17165=FACE_BOUND('',#17164,.T.);
#17166=ADVANCED_FACE('',(#17165),#17139,.T.);
#17167=CARTESIAN_POINT('',(0.031855160492453,0.000801,-0.0184201316499086));
#17168=DIRECTION('',(-0.707106781186548,0.,-0.707106781186547));
#17169=DIRECTION('',(-0.707106781186547,0.,0.707106781186548));
#17170=AXIS2_PLACEMENT_3D('',#17167,#17168,#17169);
#17171=PLANE('',#17170);
#17172=ORIENTED_EDGE('',*,*,#2146,.T.);
#17173=CARTESIAN_POINT('',(0.0346835876171992,0.000801,-0.0212485587746548));
#17174=DIRECTION('',(0.,-1.,0.));
#17175=VECTOR('',#17174,1.);
#17176=LINE('',#17173,#17175);
#17177=CARTESIAN_POINT('',(0.0346835876171992,0.000801,-0.0212485587746548));
#17178=VERTEX_POINT('',#17177);
#17179=EDGE_CURVE('',#17178,#2145,#17176,.T.);
#17180=ORIENTED_EDGE('',*,*,#17179,.F.);
#17181=CARTESIAN_POINT('',(0.031855160492453,0.000801,-0.0184201316499086));
#17182=DIRECTION('',(0.707106781186547,0.,-0.707106781186548));
#17183=VECTOR('',#17182,1.);
#17184=LINE('',#17181,#17183);
#17185=EDGE_CURVE('',#17146,#17178,#17184,.T.);
#17186=ORIENTED_EDGE('',*,*,#17185,.F.);
#17187=ORIENTED_EDGE('',*,*,#17147,.T.);
#17188=EDGE_LOOP('',(#17172,#17180,#17186,#17187));
#17189=FACE_BOUND('',#17188,.T.);
#17190=ADVANCED_FACE('',(#17189),#17171,.F.);
#17191=CARTESIAN_POINT('',(0.0339764808360126,0.000801,-0.0219556655558414));
#17192=DIRECTION('',(0.,-1.,0.));
#17193=DIRECTION('',(0.,0.,-1.));
#17194=AXIS2_PLACEMENT_3D('',#17191,#17192,#17193);
#17195=CYLINDRICAL_SURFACE('',#17194,0.001);
#17196=ORIENTED_EDGE('',*,*,#2204,.T.);
#17197=CARTESIAN_POINT('',(0.0346835876171992,0.000801,-0.0226627723370279));
#17198=DIRECTION('',(0.,-1.,0.));
#17199=VECTOR('',#17198,1.);
#17200=LINE('',#17197,#17199);
#17201=CARTESIAN_POINT('',(0.0346835876171992,0.000801,-0.0226627723370279));
#17202=VERTEX_POINT('',#17201);
#17203=EDGE_CURVE('',#17202,#2196,#17200,.T.);
#17204=ORIENTED_EDGE('',*,*,#17203,.F.);
#17205=CARTESIAN_POINT('',(0.0339764808360126,0.000801,-0.0219556655558414));
#17206=DIRECTION('',(0.,1.,0.));
#17207=DIRECTION('',(0.,0.,1.));
#17208=AXIS2_PLACEMENT_3D('',#17205,#17206,#17207);
#17209=CIRCLE('',#17208,0.001);
#17210=EDGE_CURVE('',#17178,#17202,#17209,.T.);
#17211=ORIENTED_EDGE('',*,*,#17210,.F.);
#17212=ORIENTED_EDGE('',*,*,#17179,.T.);
#17213=EDGE_LOOP('',(#17196,#17204,#17211,#17212));
#17214=FACE_BOUND('',#17213,.T.);
#17215=ADVANCED_FACE('',(#17214),#17195,.T.);
#17216=CARTESIAN_POINT('',(0.0346835876171992,0.000801,-0.0226627723370279));
#17217=DIRECTION('',(-0.707106781186548,0.,0.707106781186547));
#17218=DIRECTION('',(0.707106781186547,0.,0.707106781186548));
#17219=AXIS2_PLACEMENT_3D('',#17216,#17217,#17218);
#17220=PLANE('',#17219);
#17221=ORIENTED_EDGE('',*,*,#2197,.T.);
#17222=CARTESIAN_POINT('',(0.0332693740548261,0.000801,-0.024076985899401));
#17223=DIRECTION('',(0.,-1.,0.));
#17224=VECTOR('',#17223,1.);
#17225=LINE('',#17222,#17224);
#17226=CARTESIAN_POINT('',(0.0332693740548261,0.000801,-0.024076985899401));
#17227=VERTEX_POINT('',#17226);
#17228=EDGE_CURVE('',#17227,#2188,#17225,.T.);
#17229=ORIENTED_EDGE('',*,*,#17228,.F.);
#17230=CARTESIAN_POINT('',(0.0346835876171992,0.000801,-0.0226627723370279));
#17231=DIRECTION('',(-0.707106781186547,0.,-0.707106781186548));
#17232=VECTOR('',#17231,1.);
#17233=LINE('',#17230,#17232);
#17234=EDGE_CURVE('',#17202,#17227,#17233,.T.);
#17235=ORIENTED_EDGE('',*,*,#17234,.F.);
#17236=ORIENTED_EDGE('',*,*,#17203,.T.);
#17237=EDGE_LOOP('',(#17221,#17229,#17235,#17236));
#17238=FACE_BOUND('',#17237,.T.);
#17239=ADVANCED_FACE('',(#17238),#17220,.F.);
#17240=CARTESIAN_POINT('',(0.0325622672736395,0.000801,-0.0233698791182144));
#17241=DIRECTION('',(0.,-1.,0.));
#17242=DIRECTION('',(0.,0.,-1.));
#17243=AXIS2_PLACEMENT_3D('',#17240,#17241,#17242);
#17244=CYLINDRICAL_SURFACE('',#17243,0.00100000000000004);
#17245=ORIENTED_EDGE('',*,*,#2189,.T.);
#17246=CARTESIAN_POINT('',(0.031855160492453,0.000801,-0.024076985899401));
#17247=DIRECTION('',(0.,-1.,0.));
#17248=VECTOR('',#17247,1.);
#17249=LINE('',#17246,#17248);
#17250=CARTESIAN_POINT('',(0.031855160492453,0.000801,-0.024076985899401));
#17251=VERTEX_POINT('',#17250);
#17252=EDGE_CURVE('',#17251,#2179,#17249,.T.);
#17253=ORIENTED_EDGE('',*,*,#17252,.F.);
#17254=CARTESIAN_POINT('',(0.0325622672736395,0.000801,-0.0233698791182144));
#17255=DIRECTION('',(0.,1.,0.));
#17256=DIRECTION('',(0.,0.,1.));
#17257=AXIS2_PLACEMENT_3D('',#17254,#17255,#17256);
#17258=CIRCLE('',#17257,0.00100000000000004);
#17259=EDGE_CURVE('',#17227,#17251,#17258,.T.);
#17260=ORIENTED_EDGE('',*,*,#17259,.F.);
#17261=ORIENTED_EDGE('',*,*,#17228,.T.);
#17262=EDGE_LOOP('',(#17245,#17253,#17260,#17261));
#17263=FACE_BOUND('',#17262,.T.);
#17264=ADVANCED_FACE('',(#17263),#17244,.T.);
#17265=CARTESIAN_POINT('',(0.0290267333677068,0.000801,-0.0212485587746548));
#17266=DIRECTION('',(0.707106781186548,0.,0.707106781186547));
#17267=DIRECTION('',(0.707106781186547,0.,-0.707106781186548));
#17268=AXIS2_PLACEMENT_3D('',#17265,#17266,#17267);
#17269=PLANE('',#17268);
#17270=ORIENTED_EDGE('',*,*,#2180,.T.);
#17271=CARTESIAN_POINT('',(0.0290267333677068,0.000801,-0.0212485587746548));
#17272=DIRECTION('',(0.,-1.,0.));
#17273=VECTOR('',#17272,1.);
#17274=LINE('',#17271,#17273);
#17275=CARTESIAN_POINT('',(0.0290267333677068,0.000801,-0.0212485587746548));
#17276=VERTEX_POINT('',#17275);
#17277=EDGE_CURVE('',#17276,#2171,#17274,.T.);
#17278=ORIENTED_EDGE('',*,*,#17277,.F.);
#17279=CARTESIAN_POINT('',(0.0290267333677068,0.000801,-0.0212485587746548));
#17280=DIRECTION('',(-0.707106781186547,0.,0.707106781186548));
#17281=VECTOR('',#17280,1.);
#17282=LINE('',#17279,#17281);
#17283=EDGE_CURVE('',#17251,#17276,#17282,.T.);
#17284=ORIENTED_EDGE('',*,*,#17283,.F.);
#17285=ORIENTED_EDGE('',*,*,#17252,.T.);
#17286=EDGE_LOOP('',(#17270,#17278,#17284,#17285));
#17287=FACE_BOUND('',#17286,.T.);
#17288=ADVANCED_FACE('',(#17287),#17269,.F.);
#17289=CARTESIAN_POINT('',(0.0297338401488934,0.000801,-0.0205414519934682));
#17290=DIRECTION('',(0.,-1.,0.));
#17291=DIRECTION('',(0.,0.,-1.));
#17292=AXIS2_PLACEMENT_3D('',#17289,#17290,#17291);
#17293=CYLINDRICAL_SURFACE('',#17292,0.001);
#17294=ORIENTED_EDGE('',*,*,#2172,.T.);
#17295=CARTESIAN_POINT('',(0.0290267333677068,0.000801,-0.0198343452122817));
#17296=DIRECTION('',(0.,-1.,0.));
#17297=VECTOR('',#17296,1.);
#17298=LINE('',#17295,#17297);
#17299=CARTESIAN_POINT('',(0.0290267333677068,0.000801,-0.0198343452122817));
#17300=VERTEX_POINT('',#17299);
#17301=EDGE_CURVE('',#17300,#2162,#17298,.T.);
#17302=ORIENTED_EDGE('',*,*,#17301,.F.);
#17303=CARTESIAN_POINT('',(0.0297338401488934,0.000801,-0.0205414519934682));
#17304=DIRECTION('',(0.,1.,0.));
#17305=DIRECTION('',(0.,0.,1.));
#17306=AXIS2_PLACEMENT_3D('',#17303,#17304,#17305);
#17307=CIRCLE('',#17306,0.001);
#17308=EDGE_CURVE('',#17276,#17300,#17307,.T.);
#17309=ORIENTED_EDGE('',*,*,#17308,.F.);
#17310=ORIENTED_EDGE('',*,*,#17277,.T.);
#17311=EDGE_LOOP('',(#17294,#17302,#17309,#17310));
#17312=FACE_BOUND('',#17311,.T.);
#17313=ADVANCED_FACE('',(#17312),#17293,.T.);
#17314=CARTESIAN_POINT('',(0.0304409469300799,0.000801,-0.0184201316499086));
#17315=DIRECTION('',(0.707106781186548,0.,-0.707106781186548));
#17316=DIRECTION('',(-0.707106781186548,0.,-0.707106781186548));
#17317=AXIS2_PLACEMENT_3D('',#17314,#17315,#17316);
#17318=PLANE('',#17317);
#17319=ORIENTED_EDGE('',*,*,#2163,.T.);
#17320=ORIENTED_EDGE('',*,*,#17162,.F.);
#17321=CARTESIAN_POINT('',(0.0304409469300799,0.000801,-0.0184201316499086));
#17322=DIRECTION('',(0.707106781186548,0.,0.707106781186548));
#17323=VECTOR('',#17322,1.);
#17324=LINE('',#17321,#17323);
#17325=EDGE_CURVE('',#17300,#17155,#17324,.T.);
#17326=ORIENTED_EDGE('',*,*,#17325,.F.);
#17327=ORIENTED_EDGE('',*,*,#17301,.T.);
#17328=EDGE_LOOP('',(#17319,#17320,#17326,#17327));
#17329=FACE_BOUND('',#17328,.T.);
#17330=ADVANCED_FACE('',(#17329),#17318,.F.);
#17331=CARTESIAN_POINT('',(0.0311480537112664,0.000801,-0.0191272384310952));
#17332=DIRECTION('',(0.,1.,0.));
#17333=DIRECTION('',(0.,0.,1.));
#17334=AXIS2_PLACEMENT_3D('',#17331,#17332,#17333);
#17335=PLANE('',#17334);
#17336=ORIENTED_EDGE('',*,*,#17156,.T.);
#17337=ORIENTED_EDGE('',*,*,#17185,.T.);
#17338=ORIENTED_EDGE('',*,*,#17210,.T.);
#17339=ORIENTED_EDGE('',*,*,#17234,.T.);
#17340=ORIENTED_EDGE('',*,*,#17259,.T.);
#17341=ORIENTED_EDGE('',*,*,#17283,.T.);
#17342=ORIENTED_EDGE('',*,*,#17308,.T.);
#17343=ORIENTED_EDGE('',*,*,#17325,.T.);
#17344=EDGE_LOOP('',(#17336,#17337,#17338,#17339,#17340,#17341,#17342,#17343));
#17345=FACE_BOUND('',#17344,.T.);
#17346=ADVANCED_FACE('',(#17345),#17335,.T.);
#17347=CARTESIAN_POINT('',(0.009,0.000801,-0.0385685989829789));
#17348=DIRECTION('',(0.,-1.,0.));
#17349=DIRECTION('',(0.,0.,-1.));
#17350=AXIS2_PLACEMENT_3D('',#17347,#17348,#17349);
#17351=CYLINDRICAL_SURFACE('',#17350,0.000999999999999998);
#17352=ORIENTED_EDGE('',*,*,#2225,.T.);
#17353=CARTESIAN_POINT('',(0.009,0.000801,-0.0395685989829789));
#17354=DIRECTION('',(0.,-1.,0.));
#17355=VECTOR('',#17354,1.);
#17356=LINE('',#17353,#17355);
#17357=CARTESIAN_POINT('',(0.009,0.000801,-0.0395685989829789));
#17358=VERTEX_POINT('',#17357);
#17359=EDGE_CURVE('',#17358,#2213,#17356,.T.);
#17360=ORIENTED_EDGE('',*,*,#17359,.F.);
#17361=CARTESIAN_POINT('',(0.009,0.000801,-0.0385685989829789));
#17362=DIRECTION('',(0.,1.,0.));
#17363=DIRECTION('',(0.,0.,1.));
#17364=AXIS2_PLACEMENT_3D('',#17361,#17362,#17363);
#17365=CIRCLE('',#17364,0.000999999999999998);
#17366=CARTESIAN_POINT('',(0.01,0.000801,-0.0385685989829789));
#17367=VERTEX_POINT('',#17366);
#17368=EDGE_CURVE('',#17367,#17358,#17365,.T.);
#17369=ORIENTED_EDGE('',*,*,#17368,.F.);
#17370=CARTESIAN_POINT('',(0.01,0.000801,-0.0385685989829789));
#17371=DIRECTION('',(0.,-1.,0.));
#17372=VECTOR('',#17371,1.);
#17373=LINE('',#17370,#17372);
#17374=EDGE_CURVE('',#17367,#2224,#17373,.T.);
#17375=ORIENTED_EDGE('',*,*,#17374,.T.);
#17376=EDGE_LOOP('',(#17352,#17360,#17369,#17375));
#17377=FACE_BOUND('',#17376,.T.);
#17378=ADVANCED_FACE('',(#17377),#17351,.T.);
#17379=CARTESIAN_POINT('',(0.009,0.000801,-0.0395685989829789));
#17380=DIRECTION('',(0.,0.,1.));
#17381=DIRECTION('',(1.,0.,0.));
#17382=AXIS2_PLACEMENT_3D('',#17379,#17380,#17381);
#17383=PLANE('',#17382);
#17384=ORIENTED_EDGE('',*,*,#2216,.T.);
#17385=CARTESIAN_POINT('',(0.007,0.000801,-0.0395685989829789));
#17386=DIRECTION('',(0.,-1.,0.));
#17387=VECTOR('',#17386,1.);
#17388=LINE('',#17385,#17387);
#17389=CARTESIAN_POINT('',(0.007,0.000801,-0.0395685989829789));
#17390=VERTEX_POINT('',#17389);
#17391=EDGE_CURVE('',#17390,#2215,#17388,.T.);
#17392=ORIENTED_EDGE('',*,*,#17391,.F.);
#17393=CARTESIAN_POINT('',(0.009,0.000801,-0.0395685989829789));
#17394=DIRECTION('',(-1.,0.,0.));
#17395=VECTOR('',#17394,1.);
#17396=LINE('',#17393,#17395);
#17397=EDGE_CURVE('',#17358,#17390,#17396,.T.);
#17398=ORIENTED_EDGE('',*,*,#17397,.F.);
#17399=ORIENTED_EDGE('',*,*,#17359,.T.);
#17400=EDGE_LOOP('',(#17384,#17392,#17398,#17399));
#17401=FACE_BOUND('',#17400,.T.);
#17402=ADVANCED_FACE('',(#17401),#17383,.F.);
#17403=CARTESIAN_POINT('',(0.007,0.000801,-0.0385685989829789));
#17404=DIRECTION('',(0.,-1.,0.));
#17405=DIRECTION('',(0.,0.,-1.));
#17406=AXIS2_PLACEMENT_3D('',#17403,#17404,#17405);
#17407=CYLINDRICAL_SURFACE('',#17406,0.000999999999999996);
#17408=ORIENTED_EDGE('',*,*,#2274,.T.);
#17409=CARTESIAN_POINT('',(0.006,0.000801,-0.0385685989829789));
#17410=DIRECTION('',(0.,-1.,0.));
#17411=VECTOR('',#17410,1.);
#17412=LINE('',#17409,#17411);
#17413=CARTESIAN_POINT('',(0.006,0.000801,-0.0385685989829789));
#17414=VERTEX_POINT('',#17413);
#17415=EDGE_CURVE('',#17414,#2266,#17412,.T.);
#17416=ORIENTED_EDGE('',*,*,#17415,.F.);
#17417=CARTESIAN_POINT('',(0.007,0.000801,-0.0385685989829789));
#17418=DIRECTION('',(0.,1.,0.));
#17419=DIRECTION('',(0.,0.,1.));
#17420=AXIS2_PLACEMENT_3D('',#17417,#17418,#17419);
#17421=CIRCLE('',#17420,0.000999999999999996);
#17422=EDGE_CURVE('',#17390,#17414,#17421,.T.);
#17423=ORIENTED_EDGE('',*,*,#17422,.F.);
#17424=ORIENTED_EDGE('',*,*,#17391,.T.);
#17425=EDGE_LOOP('',(#17408,#17416,#17423,#17424));
#17426=FACE_BOUND('',#17425,.T.);
#17427=ADVANCED_FACE('',(#17426),#17407,.T.);
#17428=CARTESIAN_POINT('',(0.006,0.000801,-0.0345685989829789));
#17429=DIRECTION('',(1.,0.,-4.33680868994201E-16));
#17430=DIRECTION('',(-4.33680868994201E-16,0.,-1.));
#17431=AXIS2_PLACEMENT_3D('',#17428,#17429,#17430);
#17432=PLANE('',#17431);
#17433=ORIENTED_EDGE('',*,*,#2267,.T.);
#17434=CARTESIAN_POINT('',(0.006,0.000801,-0.0345685989829789));
#17435=DIRECTION('',(0.,-1.,0.));
#17436=VECTOR('',#17435,1.);
#17437=LINE('',#17434,#17436);
#17438=CARTESIAN_POINT('',(0.006,0.000801,-0.0345685989829789));
#17439=VERTEX_POINT('',#17438);
#17440=EDGE_CURVE('',#17439,#2258,#17437,.T.);
#17441=ORIENTED_EDGE('',*,*,#17440,.F.);
#17442=CARTESIAN_POINT('',(0.006,0.000801,-0.0345685989829789));
#17443=DIRECTION('',(4.33680868994201E-16,0.,1.));
#17444=VECTOR('',#17443,1.);
#17445=LINE('',#17442,#17444);
#17446=EDGE_CURVE('',#17414,#17439,#17445,.T.);
#17447=ORIENTED_EDGE('',*,*,#17446,.F.);
#17448=ORIENTED_EDGE('',*,*,#17415,.T.);
#17449=EDGE_LOOP('',(#17433,#17441,#17447,#17448));
#17450=FACE_BOUND('',#17449,.T.);
#17451=ADVANCED_FACE('',(#17450),#17432,.F.);
#17452=CARTESIAN_POINT('',(0.007,0.000801,-0.0345685989829789));
#17453=DIRECTION('',(0.,-1.,0.));
#17454=DIRECTION('',(0.,0.,-1.));
#17455=AXIS2_PLACEMENT_3D('',#17452,#17453,#17454);
#17456=CYLINDRICAL_SURFACE('',#17455,0.000999999999999995);
#17457=ORIENTED_EDGE('',*,*,#2259,.T.);
#17458=CARTESIAN_POINT('',(0.007,0.000801,-0.0335685989829789));
#17459=DIRECTION('',(0.,-1.,0.));
#17460=VECTOR('',#17459,1.);
#17461=LINE('',#17458,#17460);
#17462=CARTESIAN_POINT('',(0.007,0.000801,-0.0335685989829789));
#17463=VERTEX_POINT('',#17462);
#17464=EDGE_CURVE('',#17463,#2249,#17461,.T.);
#17465=ORIENTED_EDGE('',*,*,#17464,.F.);
#17466=CARTESIAN_POINT('',(0.007,0.000801,-0.0345685989829789));
#17467=DIRECTION('',(0.,1.,0.));
#17468=DIRECTION('',(0.,0.,1.));
#17469=AXIS2_PLACEMENT_3D('',#17466,#17467,#17468);
#17470=CIRCLE('',#17469,0.000999999999999995);
#17471=EDGE_CURVE('',#17439,#17463,#17470,.T.);
#17472=ORIENTED_EDGE('',*,*,#17471,.F.);
#17473=ORIENTED_EDGE('',*,*,#17440,.T.);
#17474=EDGE_LOOP('',(#17457,#17465,#17472,#17473));
#17475=FACE_BOUND('',#17474,.T.);
#17476=ADVANCED_FACE('',(#17475),#17456,.T.);
#17477=CARTESIAN_POINT('',(0.009,0.000801,-0.0335685989829789));
#17478=DIRECTION('',(0.,0.,-1.));
#17479=DIRECTION('',(-1.,0.,0.));
#17480=AXIS2_PLACEMENT_3D('',#17477,#17478,#17479);
#17481=PLANE('',#17480);
#17482=ORIENTED_EDGE('',*,*,#2250,.T.);
#17483=CARTESIAN_POINT('',(0.009,0.000801,-0.0335685989829789));
#17484=DIRECTION('',(0.,-1.,0.));
#17485=VECTOR('',#17484,1.);
#17486=LINE('',#17483,#17485);
#17487=CARTESIAN_POINT('',(0.009,0.000801,-0.0335685989829789));
#17488=VERTEX_POINT('',#17487);
#17489=EDGE_CURVE('',#17488,#2241,#17486,.T.);
#17490=ORIENTED_EDGE('',*,*,#17489,.F.);
#17491=CARTESIAN_POINT('',(0.009,0.000801,-0.0335685989829789));
#17492=DIRECTION('',(1.,0.,0.));
#17493=VECTOR('',#17492,1.);
#17494=LINE('',#17491,#17493);
#17495=EDGE_CURVE('',#17463,#17488,#17494,.T.);
#17496=ORIENTED_EDGE('',*,*,#17495,.F.);
#17497=ORIENTED_EDGE('',*,*,#17464,.T.);
#17498=EDGE_LOOP('',(#17482,#17490,#17496,#17497));
#17499=FACE_BOUND('',#17498,.T.);
#17500=ADVANCED_FACE('',(#17499),#17481,.F.);
#17501=CARTESIAN_POINT('',(0.009,0.000801,-0.0345685989829789));
#17502=DIRECTION('',(0.,-1.,0.));
#17503=DIRECTION('',(0.,0.,-1.));
#17504=AXIS2_PLACEMENT_3D('',#17501,#17502,#17503);
#17505=CYLINDRICAL_SURFACE('',#17504,0.000999999999999997);
#17506=ORIENTED_EDGE('',*,*,#2242,.T.);
#17507=CARTESIAN_POINT('',(0.01,0.000801,-0.0345685989829789));
#17508=DIRECTION('',(0.,-1.,0.));
#17509=VECTOR('',#17508,1.);
#17510=LINE('',#17507,#17509);
#17511=CARTESIAN_POINT('',(0.01,0.000801,-0.0345685989829789));
#17512=VERTEX_POINT('',#17511);
#17513=EDGE_CURVE('',#17512,#2232,#17510,.T.);
#17514=ORIENTED_EDGE('',*,*,#17513,.F.);
#17515=CARTESIAN_POINT('',(0.009,0.000801,-0.0345685989829789));
#17516=DIRECTION('',(0.,1.,0.));
#17517=DIRECTION('',(0.,0.,1.));
#17518=AXIS2_PLACEMENT_3D('',#17515,#17516,#17517);
#17519=CIRCLE('',#17518,0.000999999999999997);
#17520=EDGE_CURVE('',#17488,#17512,#17519,.T.);
#17521=ORIENTED_EDGE('',*,*,#17520,.F.);
#17522=ORIENTED_EDGE('',*,*,#17489,.T.);
#17523=EDGE_LOOP('',(#17506,#17514,#17521,#17522));
#17524=FACE_BOUND('',#17523,.T.);
#17525=ADVANCED_FACE('',(#17524),#17505,.T.);
#17526=CARTESIAN_POINT('',(0.01,0.000801,-0.0385685989829789));
#17527=DIRECTION('',(-1.,0.,0.));
#17528=DIRECTION('',(0.,0.,1.));
#17529=AXIS2_PLACEMENT_3D('',#17526,#17527,#17528);
#17530=PLANE('',#17529);
#17531=ORIENTED_EDGE('',*,*,#2233,.T.);
#17532=ORIENTED_EDGE('',*,*,#17374,.F.);
#17533=CARTESIAN_POINT('',(0.01,0.000801,-0.0385685989829789));
#17534=DIRECTION('',(0.,0.,-1.));
#17535=VECTOR('',#17534,1.);
#17536=LINE('',#17533,#17535);
#17537=EDGE_CURVE('',#17512,#17367,#17536,.T.);
#17538=ORIENTED_EDGE('',*,*,#17537,.F.);
#17539=ORIENTED_EDGE('',*,*,#17513,.T.);
#17540=EDGE_LOOP('',(#17531,#17532,#17538,#17539));
#17541=FACE_BOUND('',#17540,.T.);
#17542=ADVANCED_FACE('',(#17541),#17530,.F.);
#17543=CARTESIAN_POINT('',(0.009,0.000801,-0.0385685989829789));
#17544=DIRECTION('',(0.,1.,0.));
#17545=DIRECTION('',(0.,0.,1.));
#17546=AXIS2_PLACEMENT_3D('',#17543,#17544,#17545);
#17547=PLANE('',#17546);
#17548=ORIENTED_EDGE('',*,*,#17368,.T.);
#17549=ORIENTED_EDGE('',*,*,#17397,.T.);
#17550=ORIENTED_EDGE('',*,*,#17422,.T.);
#17551=ORIENTED_EDGE('',*,*,#17446,.T.);
#17552=ORIENTED_EDGE('',*,*,#17471,.T.);
#17553=ORIENTED_EDGE('',*,*,#17495,.T.);
#17554=ORIENTED_EDGE('',*,*,#17520,.T.);
#17555=ORIENTED_EDGE('',*,*,#17537,.T.);
#17556=EDGE_LOOP('',(#17548,#17549,#17550,#17551,#17552,#17553,#17554,#17555));
#17557=FACE_BOUND('',#17556,.T.);
#17558=ADVANCED_FACE('',(#17557),#17547,.T.);
#17559=CARTESIAN_POINT('',(-0.00700000000000001,0.000801,-0.0385685989829789));
#17560=DIRECTION('',(0.,-1.,0.));
#17561=DIRECTION('',(0.,0.,-1.));
#17562=AXIS2_PLACEMENT_3D('',#17559,#17560,#17561);
#17563=CYLINDRICAL_SURFACE('',#17562,0.000999999999999995);
#17564=ORIENTED_EDGE('',*,*,#2295,.T.);
#17565=CARTESIAN_POINT('',(-0.007,0.000801,-0.0395685989829789));
#17566=DIRECTION('',(0.,-1.,0.));
#17567=VECTOR('',#17566,1.);
#17568=LINE('',#17565,#17567);
#17569=CARTESIAN_POINT('',(-0.007,0.000801,-0.0395685989829789));
#17570=VERTEX_POINT('',#17569);
#17571=EDGE_CURVE('',#17570,#2283,#17568,.T.);
#17572=ORIENTED_EDGE('',*,*,#17571,.F.);
#17573=CARTESIAN_POINT('',(-0.00700000000000001,0.000801,-0.0385685989829789));
#17574=DIRECTION('',(0.,1.,0.));
#17575=DIRECTION('',(0.,0.,1.));
#17576=AXIS2_PLACEMENT_3D('',#17573,#17574,#17575);
#17577=CIRCLE('',#17576,0.000999999999999995);
#17578=CARTESIAN_POINT('',(-0.00600000000000001,0.000801,-0.0385685989829789));
#17579=VERTEX_POINT('',#17578);
#17580=EDGE_CURVE('',#17579,#17570,#17577,.T.);
#17581=ORIENTED_EDGE('',*,*,#17580,.F.);
#17582=CARTESIAN_POINT('',(-0.00600000000000001,0.000801,-0.0385685989829789));
#17583=DIRECTION('',(0.,-1.,0.));
#17584=VECTOR('',#17583,1.);
#17585=LINE('',#17582,#17584);
#17586=EDGE_CURVE('',#17579,#2294,#17585,.T.);
#17587=ORIENTED_EDGE('',*,*,#17586,.T.);
#17588=EDGE_LOOP('',(#17564,#17572,#17581,#17587));
#17589=FACE_BOUND('',#17588,.T.);
#17590=ADVANCED_FACE('',(#17589),#17563,.T.);
#17591=CARTESIAN_POINT('',(-0.007,0.000801,-0.0395685989829789));
#17592=DIRECTION('',(0.,0.,1.));
#17593=DIRECTION('',(1.,0.,0.));
#17594=AXIS2_PLACEMENT_3D('',#17591,#17592,#17593);
#17595=PLANE('',#17594);
#17596=ORIENTED_EDGE('',*,*,#2286,.T.);
#17597=CARTESIAN_POINT('',(-0.009,0.000801,-0.0395685989829789));
#17598=DIRECTION('',(0.,-1.,0.));
#17599=VECTOR('',#17598,1.);
#17600=LINE('',#17597,#17599);
#17601=CARTESIAN_POINT('',(-0.009,0.000801,-0.0395685989829789));
#17602=VERTEX_POINT('',#17601);
#17603=EDGE_CURVE('',#17602,#2285,#17600,.T.);
#17604=ORIENTED_EDGE('',*,*,#17603,.F.);
#17605=CARTESIAN_POINT('',(-0.007,0.000801,-0.0395685989829789));
#17606=DIRECTION('',(-1.,0.,0.));
#17607=VECTOR('',#17606,1.);
#17608=LINE('',#17605,#17607);
#17609=EDGE_CURVE('',#17570,#17602,#17608,.T.);
#17610=ORIENTED_EDGE('',*,*,#17609,.F.);
#17611=ORIENTED_EDGE('',*,*,#17571,.T.);
#17612=EDGE_LOOP('',(#17596,#17604,#17610,#17611));
#17613=FACE_BOUND('',#17612,.T.);
#17614=ADVANCED_FACE('',(#17613),#17595,.F.);
#17615=CARTESIAN_POINT('',(-0.009,0.000801,-0.0385685989829789));
#17616=DIRECTION('',(0.,-1.,0.));
#17617=DIRECTION('',(0.,0.,-1.));
#17618=AXIS2_PLACEMENT_3D('',#17615,#17616,#17617);
#17619=CYLINDRICAL_SURFACE('',#17618,0.000999999999999995);
#17620=ORIENTED_EDGE('',*,*,#2344,.T.);
#17621=CARTESIAN_POINT('',(-0.00999999999999999,0.000801,-0.0385685989829789));
#17622=DIRECTION('',(0.,-1.,0.));
#17623=VECTOR('',#17622,1.);
#17624=LINE('',#17621,#17623);
#17625=CARTESIAN_POINT('',(-0.00999999999999999,0.000801,-0.0385685989829789));
#17626=VERTEX_POINT('',#17625);
#17627=EDGE_CURVE('',#17626,#2336,#17624,.T.);
#17628=ORIENTED_EDGE('',*,*,#17627,.F.);
#17629=CARTESIAN_POINT('',(-0.009,0.000801,-0.0385685989829789));
#17630=DIRECTION('',(0.,1.,0.));
#17631=DIRECTION('',(0.,0.,1.));
#17632=AXIS2_PLACEMENT_3D('',#17629,#17630,#17631);
#17633=CIRCLE('',#17632,0.000999999999999995);
#17634=EDGE_CURVE('',#17602,#17626,#17633,.T.);
#17635=ORIENTED_EDGE('',*,*,#17634,.F.);
#17636=ORIENTED_EDGE('',*,*,#17603,.T.);
#17637=EDGE_LOOP('',(#17620,#17628,#17635,#17636));
#17638=FACE_BOUND('',#17637,.T.);
#17639=ADVANCED_FACE('',(#17638),#17619,.T.);
#17640=CARTESIAN_POINT('',(-0.00999999999999999,0.000801,-0.0345685989829789));
#17641=DIRECTION('',(1.,0.,0.));
#17642=DIRECTION('',(0.,0.,-1.));
#17643=AXIS2_PLACEMENT_3D('',#17640,#17641,#17642);
#17644=PLANE('',#17643);
#17645=ORIENTED_EDGE('',*,*,#2337,.T.);
#17646=CARTESIAN_POINT('',(-0.00999999999999999,0.000801,-0.0345685989829789));
#17647=DIRECTION('',(0.,-1.,0.));
#17648=VECTOR('',#17647,1.);
#17649=LINE('',#17646,#17648);
#17650=CARTESIAN_POINT('',(-0.00999999999999999,0.000801,-0.0345685989829789));
#17651=VERTEX_POINT('',#17650);
#17652=EDGE_CURVE('',#17651,#2328,#17649,.T.);
#17653=ORIENTED_EDGE('',*,*,#17652,.F.);
#17654=CARTESIAN_POINT('',(-0.00999999999999999,0.000801,-0.0345685989829789));
#17655=DIRECTION('',(0.,0.,1.));
#17656=VECTOR('',#17655,1.);
#17657=LINE('',#17654,#17656);
#17658=EDGE_CURVE('',#17626,#17651,#17657,.T.);
#17659=ORIENTED_EDGE('',*,*,#17658,.F.);
#17660=ORIENTED_EDGE('',*,*,#17627,.T.);
#17661=EDGE_LOOP('',(#17645,#17653,#17659,#17660));
#17662=FACE_BOUND('',#17661,.T.);
#17663=ADVANCED_FACE('',(#17662),#17644,.F.);
#17664=CARTESIAN_POINT('',(-0.009,0.000801,-0.0345685989829789));
#17665=DIRECTION('',(0.,-1.,0.));
#17666=DIRECTION('',(0.,0.,-1.));
#17667=AXIS2_PLACEMENT_3D('',#17664,#17665,#17666);
#17668=CYLINDRICAL_SURFACE('',#17667,0.000999999999999995);
#17669=ORIENTED_EDGE('',*,*,#2329,.T.);
#17670=CARTESIAN_POINT('',(-0.009,0.000801,-0.0335685989829789));
#17671=DIRECTION('',(0.,-1.,0.));
#17672=VECTOR('',#17671,1.);
#17673=LINE('',#17670,#17672);
#17674=CARTESIAN_POINT('',(-0.009,0.000801,-0.0335685989829789));
#17675=VERTEX_POINT('',#17674);
#17676=EDGE_CURVE('',#17675,#2319,#17673,.T.);
#17677=ORIENTED_EDGE('',*,*,#17676,.F.);
#17678=CARTESIAN_POINT('',(-0.009,0.000801,-0.0345685989829789));
#17679=DIRECTION('',(0.,1.,0.));
#17680=DIRECTION('',(0.,0.,1.));
#17681=AXIS2_PLACEMENT_3D('',#17678,#17679,#17680);
#17682=CIRCLE('',#17681,0.000999999999999995);
#17683=EDGE_CURVE('',#17651,#17675,#17682,.T.);
#17684=ORIENTED_EDGE('',*,*,#17683,.F.);
#17685=ORIENTED_EDGE('',*,*,#17652,.T.);
#17686=EDGE_LOOP('',(#17669,#17677,#17684,#17685));
#17687=FACE_BOUND('',#17686,.T.);
#17688=ADVANCED_FACE('',(#17687),#17668,.T.);
#17689=CARTESIAN_POINT('',(-0.007,0.000801,-0.0335685989829789));
#17690=DIRECTION('',(0.,0.,-1.));
#17691=DIRECTION('',(-1.,0.,0.));
#17692=AXIS2_PLACEMENT_3D('',#17689,#17690,#17691);
#17693=PLANE('',#17692);
#17694=ORIENTED_EDGE('',*,*,#2320,.T.);
#17695=CARTESIAN_POINT('',(-0.007,0.000801,-0.0335685989829789));
#17696=DIRECTION('',(0.,-1.,0.));
#17697=VECTOR('',#17696,1.);
#17698=LINE('',#17695,#17697);
#17699=CARTESIAN_POINT('',(-0.007,0.000801,-0.0335685989829789));
#17700=VERTEX_POINT('',#17699);
#17701=EDGE_CURVE('',#17700,#2311,#17698,.T.);
#17702=ORIENTED_EDGE('',*,*,#17701,.F.);
#17703=CARTESIAN_POINT('',(-0.007,0.000801,-0.0335685989829789));
#17704=DIRECTION('',(1.,0.,0.));
#17705=VECTOR('',#17704,1.);
#17706=LINE('',#17703,#17705);
#17707=EDGE_CURVE('',#17675,#17700,#17706,.T.);
#17708=ORIENTED_EDGE('',*,*,#17707,.F.);
#17709=ORIENTED_EDGE('',*,*,#17676,.T.);
#17710=EDGE_LOOP('',(#17694,#17702,#17708,#17709));
#17711=FACE_BOUND('',#17710,.T.);
#17712=ADVANCED_FACE('',(#17711),#17693,.F.);
#17713=CARTESIAN_POINT('',(-0.007,0.000801,-0.0345685989829789));
#17714=DIRECTION('',(0.,-1.,0.));
#17715=DIRECTION('',(0.,0.,-1.));
#17716=AXIS2_PLACEMENT_3D('',#17713,#17714,#17715);
#17717=CYLINDRICAL_SURFACE('',#17716,0.000999999999999981);
#17718=ORIENTED_EDGE('',*,*,#2312,.T.);
#17719=CARTESIAN_POINT('',(-0.00600000000000002,0.000801,-0.0345685989829789));
#17720=DIRECTION('',(0.,-1.,0.));
#17721=VECTOR('',#17720,1.);
#17722=LINE('',#17719,#17721);
#17723=CARTESIAN_POINT('',(-0.00600000000000002,0.000801,-0.0345685989829789));
#17724=VERTEX_POINT('',#17723);
#17725=EDGE_CURVE('',#17724,#2302,#17722,.T.);
#17726=ORIENTED_EDGE('',*,*,#17725,.F.);
#17727=CARTESIAN_POINT('',(-0.007,0.000801,-0.0345685989829789));
#17728=DIRECTION('',(0.,1.,0.));
#17729=DIRECTION('',(0.,0.,1.));
#17730=AXIS2_PLACEMENT_3D('',#17727,#17728,#17729);
#17731=CIRCLE('',#17730,0.000999999999999981);
#17732=EDGE_CURVE('',#17700,#17724,#17731,.T.);
#17733=ORIENTED_EDGE('',*,*,#17732,.F.);
#17734=ORIENTED_EDGE('',*,*,#17701,.T.);
#17735=EDGE_LOOP('',(#17718,#17726,#17733,#17734));
#17736=FACE_BOUND('',#17735,.T.);
#17737=ADVANCED_FACE('',(#17736),#17717,.T.);
#17738=CARTESIAN_POINT('',(-0.00600000000000001,0.000801,-0.0385685989829789));
#17739=DIRECTION('',(-1.,0.,4.33680868994203E-16));
#17740=DIRECTION('',(4.33680868994203E-16,0.,1.));
#17741=AXIS2_PLACEMENT_3D('',#17738,#17739,#17740);
#17742=PLANE('',#17741);
#17743=ORIENTED_EDGE('',*,*,#2303,.T.);
#17744=ORIENTED_EDGE('',*,*,#17586,.F.);
#17745=CARTESIAN_POINT('',(-0.00600000000000001,0.000801,-0.0385685989829789));
#17746=DIRECTION('',(-4.33680868994203E-16,0.,-1.));
#17747=VECTOR('',#17746,1.);
#17748=LINE('',#17745,#17747);
#17749=EDGE_CURVE('',#17724,#17579,#17748,.T.);
#17750=ORIENTED_EDGE('',*,*,#17749,.F.);
#17751=ORIENTED_EDGE('',*,*,#17725,.T.);
#17752=EDGE_LOOP('',(#17743,#17744,#17750,#17751));
#17753=FACE_BOUND('',#17752,.T.);
#17754=ADVANCED_FACE('',(#17753),#17742,.F.);
#17755=CARTESIAN_POINT('',(-0.00700000000000001,0.000801,-0.0385685989829789));
#17756=DIRECTION('',(0.,1.,0.));
#17757=DIRECTION('',(0.,0.,1.));
#17758=AXIS2_PLACEMENT_3D('',#17755,#17756,#17757);
#17759=PLANE('',#17758);
#17760=ORIENTED_EDGE('',*,*,#17580,.T.);
#17761=ORIENTED_EDGE('',*,*,#17609,.T.);
#17762=ORIENTED_EDGE('',*,*,#17634,.T.);
#17763=ORIENTED_EDGE('',*,*,#17658,.T.);
#17764=ORIENTED_EDGE('',*,*,#17683,.T.);
#17765=ORIENTED_EDGE('',*,*,#17707,.T.);
#17766=ORIENTED_EDGE('',*,*,#17732,.T.);
#17767=ORIENTED_EDGE('',*,*,#17749,.T.);
#17768=EDGE_LOOP('',(#17760,#17761,#17762,#17763,#17764,#17765,#17766,#17767));
#17769=FACE_BOUND('',#17768,.T.);
#17770=ADVANCED_FACE('',(#17769),#17759,.T.);
#17771=CARTESIAN_POINT('',(-0.000500000000000006,0.000801,-0.0360685989829789));
#17772=DIRECTION('',(-2.31296463463574E-15,0.,-1.));
#17773=DIRECTION('',(-1.,0.,2.31296463463574E-15));
#17774=AXIS2_PLACEMENT_3D('',#17771,#17772,#17773);
#17775=PLANE('',#17774);
#17776=ORIENTED_EDGE('',*,*,#2364,.T.);
#17777=CARTESIAN_POINT('',(-0.000500000000000006,0.000801,-0.0360685989829789));
#17778=DIRECTION('',(0.,-1.,0.));
#17779=VECTOR('',#17778,1.);
#17780=LINE('',#17777,#17779);
#17781=CARTESIAN_POINT('',(-0.000500000000000006,0.000801,-0.0360685989829789));
#17782=VERTEX_POINT('',#17781);
#17783=EDGE_CURVE('',#17782,#2353,#17780,.T.);
#17784=ORIENTED_EDGE('',*,*,#17783,.F.);
#17785=CARTESIAN_POINT('',(-0.000500000000000006,0.000801,-0.0360685989829789));
#17786=DIRECTION('',(1.,0.,-2.31296463463574E-15));
#17787=VECTOR('',#17786,1.);
#17788=LINE('',#17785,#17787);
#17789=CARTESIAN_POINT('',(-0.00350000000000001,0.000801,-0.0360685989829789));
#17790=VERTEX_POINT('',#17789);
#17791=EDGE_CURVE('',#17790,#17782,#17788,.T.);
#17792=ORIENTED_EDGE('',*,*,#17791,.F.);
#17793=CARTESIAN_POINT('',(-0.00350000000000001,0.000801,-0.0360685989829789));
#17794=DIRECTION('',(0.,-1.,0.));
#17795=VECTOR('',#17794,1.);
#17796=LINE('',#17793,#17795);
#17797=EDGE_CURVE('',#17790,#2363,#17796,.T.);
#17798=ORIENTED_EDGE('',*,*,#17797,.T.);
#17799=EDGE_LOOP('',(#17776,#17784,#17792,#17798));
#17800=FACE_BOUND('',#17799,.T.);
#17801=ADVANCED_FACE('',(#17800),#17775,.F.);
#17802=CARTESIAN_POINT('',(-0.000500000000000006,0.000801,-0.0370685989829789));
#17803=DIRECTION('',(-1.,0.,-2.16840434497102E-16));
#17804=DIRECTION('',(-2.16840434497102E-16,0.,1.));
#17805=AXIS2_PLACEMENT_3D('',#17802,#17803,#17804);
#17806=PLANE('',#17805);
#17807=ORIENTED_EDGE('',*,*,#2356,.T.);
#17808=CARTESIAN_POINT('',(-0.000500000000000006,0.000801,-0.0370685989829789));
#17809=DIRECTION('',(0.,-1.,0.));
#17810=VECTOR('',#17809,1.);
#17811=LINE('',#17808,#17810);
#17812=CARTESIAN_POINT('',(-0.000500000000000006,0.000801,-0.0370685989829789));
#17813=VERTEX_POINT('',#17812);
#17814=EDGE_CURVE('',#17813,#2355,#17811,.T.);
#17815=ORIENTED_EDGE('',*,*,#17814,.F.);
#17816=CARTESIAN_POINT('',(-0.000500000000000006,0.000801,-0.0370685989829789));
#17817=DIRECTION('',(2.16840434497102E-16,0.,-1.));
#17818=VECTOR('',#17817,1.);
#17819=LINE('',#17816,#17818);
#17820=EDGE_CURVE('',#17782,#17813,#17819,.T.);
#17821=ORIENTED_EDGE('',*,*,#17820,.F.);
#17822=ORIENTED_EDGE('',*,*,#17783,.T.);
#17823=EDGE_LOOP('',(#17807,#17815,#17821,#17822));
#17824=FACE_BOUND('',#17823,.T.);
#17825=ADVANCED_FACE('',(#17824),#17806,.F.);
#17826=CARTESIAN_POINT('',(-0.00350000000000001,0.000801,-0.0370685989829789));
#17827=DIRECTION('',(0.,0.,1.));
#17828=DIRECTION('',(1.,0.,0.));
#17829=AXIS2_PLACEMENT_3D('',#17826,#17827,#17828);
#17830=PLANE('',#17829);
#17831=ORIENTED_EDGE('',*,*,#2378,.T.);
#17832=CARTESIAN_POINT('',(-0.00350000000000001,0.000801,-0.0370685989829789));
#17833=DIRECTION('',(0.,-1.,0.));
#17834=VECTOR('',#17833,1.);
#17835=LINE('',#17832,#17834);
#17836=CARTESIAN_POINT('',(-0.00350000000000001,0.000801,-0.0370685989829789));
#17837=VERTEX_POINT('',#17836);
#17838=EDGE_CURVE('',#17837,#2371,#17835,.T.);
#17839=ORIENTED_EDGE('',*,*,#17838,.F.);
#17840=CARTESIAN_POINT('',(-0.00350000000000001,0.000801,-0.0370685989829789));
#17841=DIRECTION('',(-1.,0.,0.));
#17842=VECTOR('',#17841,1.);
#17843=LINE('',#17840,#17842);
#17844=EDGE_CURVE('',#17813,#17837,#17843,.T.);
#17845=ORIENTED_EDGE('',*,*,#17844,.F.);
#17846=ORIENTED_EDGE('',*,*,#17814,.T.);
#17847=EDGE_LOOP('',(#17831,#17839,#17845,#17846));
#17848=FACE_BOUND('',#17847,.T.);
#17849=ADVANCED_FACE('',(#17848),#17830,.F.);
#17850=CARTESIAN_POINT('',(-0.00350000000000001,0.000801,-0.0360685989829789));
#17851=DIRECTION('',(1.,0.,0.));
#17852=DIRECTION('',(0.,0.,-1.));
#17853=AXIS2_PLACEMENT_3D('',#17850,#17851,#17852);
#17854=PLANE('',#17853);
#17855=ORIENTED_EDGE('',*,*,#2372,.T.);
#17856=ORIENTED_EDGE('',*,*,#17797,.F.);
#17857=CARTESIAN_POINT('',(-0.00350000000000001,0.000801,-0.0360685989829789));
#17858=DIRECTION('',(0.,0.,1.));
#17859=VECTOR('',#17858,1.);
#17860=LINE('',#17857,#17859);
#17861=EDGE_CURVE('',#17837,#17790,#17860,.T.);
#17862=ORIENTED_EDGE('',*,*,#17861,.F.);
#17863=ORIENTED_EDGE('',*,*,#17838,.T.);
#17864=EDGE_LOOP('',(#17855,#17856,#17862,#17863));
#17865=FACE_BOUND('',#17864,.T.);
#17866=ADVANCED_FACE('',(#17865),#17854,.F.);
#17867=CARTESIAN_POINT('',(0.,0.000801,0.));
#17868=DIRECTION('',(0.,-1.,0.));
#17869=DIRECTION('',(0.,0.,-1.));
#17870=AXIS2_PLACEMENT_3D('',#17867,#17868,#17869);
#17871=PLANE('',#17870);
#17872=ORIENTED_EDGE('',*,*,#17791,.T.);
#17873=ORIENTED_EDGE('',*,*,#17820,.T.);
#17874=ORIENTED_EDGE('',*,*,#17844,.T.);
#17875=ORIENTED_EDGE('',*,*,#17861,.T.);
#17876=EDGE_LOOP('',(#17872,#17873,#17874,#17875));
#17877=FACE_BOUND('',#17876,.T.);
#17878=ADVANCED_FACE('',(#17877),#17871,.F.);
#17879=CARTESIAN_POINT('',(0.01125,0.000801,-0.0370685989829789));
#17880=DIRECTION('',(-6.93889390390723E-15,0.,1.));
#17881=DIRECTION('',(1.,0.,6.93889390390723E-15));
#17882=AXIS2_PLACEMENT_3D('',#17879,#17880,#17881);
#17883=PLANE('',#17882);
#17884=ORIENTED_EDGE('',*,*,#2398,.T.);
#17885=CARTESIAN_POINT('',(0.01125,0.000801,-0.0370685989829789));
#17886=DIRECTION('',(0.,-1.,0.));
#17887=VECTOR('',#17886,1.);
#17888=LINE('',#17885,#17887);
#17889=CARTESIAN_POINT('',(0.01125,0.000801,-0.0370685989829789));
#17890=VERTEX_POINT('',#17889);
#17891=EDGE_CURVE('',#17890,#2387,#17888,.T.);
#17892=ORIENTED_EDGE('',*,*,#17891,.F.);
#17893=CARTESIAN_POINT('',(0.01125,0.000801,-0.0370685989829789));
#17894=DIRECTION('',(-1.,0.,-6.93889390390723E-15));
#17895=VECTOR('',#17894,1.);
#17896=LINE('',#17893,#17895);
#17897=CARTESIAN_POINT('',(0.01225,0.000801,-0.0370685989829789));
#17898=VERTEX_POINT('',#17897);
#17899=EDGE_CURVE('',#17898,#17890,#17896,.T.);
#17900=ORIENTED_EDGE('',*,*,#17899,.F.);
#17901=CARTESIAN_POINT('',(0.01225,0.000801,-0.0370685989829789));
#17902=DIRECTION('',(0.,-1.,0.));
#17903=VECTOR('',#17902,1.);
#17904=LINE('',#17901,#17903);
#17905=EDGE_CURVE('',#17898,#2397,#17904,.T.);
#17906=ORIENTED_EDGE('',*,*,#17905,.T.);
#17907=EDGE_LOOP('',(#17884,#17892,#17900,#17906));
#17908=FACE_BOUND('',#17907,.T.);
#17909=ADVANCED_FACE('',(#17908),#17883,.F.);
#17910=CARTESIAN_POINT('',(0.01125,0.000801,-0.0360685989829789));
#17911=DIRECTION('',(1.,0.,0.));
#17912=DIRECTION('',(0.,0.,-1.));
#17913=AXIS2_PLACEMENT_3D('',#17910,#17911,#17912);
#17914=PLANE('',#17913);
#17915=ORIENTED_EDGE('',*,*,#2390,.T.);
#17916=CARTESIAN_POINT('',(0.01125,0.000801,-0.0360685989829789));
#17917=DIRECTION('',(0.,-1.,0.));
#17918=VECTOR('',#17917,1.);
#17919=LINE('',#17916,#17918);
#17920=CARTESIAN_POINT('',(0.01125,0.000801,-0.0360685989829789));
#17921=VERTEX_POINT('',#17920);
#17922=EDGE_CURVE('',#17921,#2389,#17919,.T.);
#17923=ORIENTED_EDGE('',*,*,#17922,.F.);
#17924=CARTESIAN_POINT('',(0.01125,0.000801,-0.0360685989829789));
#17925=DIRECTION('',(0.,0.,1.));
#17926=VECTOR('',#17925,1.);
#17927=LINE('',#17924,#17926);
#17928=EDGE_CURVE('',#17890,#17921,#17927,.T.);
#17929=ORIENTED_EDGE('',*,*,#17928,.F.);
#17930=ORIENTED_EDGE('',*,*,#17891,.T.);
#17931=EDGE_LOOP('',(#17915,#17923,#17929,#17930));
#17932=FACE_BOUND('',#17931,.T.);
#17933=ADVANCED_FACE('',(#17932),#17914,.F.);
#17934=CARTESIAN_POINT('',(0.01225,0.000801,-0.0360685989829789));
#17935=DIRECTION('',(-6.93889390390723E-15,0.,-1.));
#17936=DIRECTION('',(-1.,0.,6.93889390390723E-15));
#17937=AXIS2_PLACEMENT_3D('',#17934,#17935,#17936);
#17938=PLANE('',#17937);
#17939=ORIENTED_EDGE('',*,*,#2476,.T.);
#17940=CARTESIAN_POINT('',(0.01225,0.000801,-0.0360685989829789));
#17941=DIRECTION('',(0.,-1.,0.));
#17942=VECTOR('',#17941,1.);
#17943=LINE('',#17940,#17942);
#17944=CARTESIAN_POINT('',(0.01225,0.000801,-0.0360685989829789));
#17945=VERTEX_POINT('',#17944);
#17946=EDGE_CURVE('',#17945,#2469,#17943,.T.);
#17947=ORIENTED_EDGE('',*,*,#17946,.F.);
#17948=CARTESIAN_POINT('',(0.01225,0.000801,-0.0360685989829789));
#17949=DIRECTION('',(1.,0.,-6.93889390390723E-15));
#17950=VECTOR('',#17949,1.);
#17951=LINE('',#17948,#17950);
#17952=EDGE_CURVE('',#17921,#17945,#17951,.T.);
#17953=ORIENTED_EDGE('',*,*,#17952,.F.);
#17954=ORIENTED_EDGE('',*,*,#17922,.T.);
#17955=EDGE_LOOP('',(#17939,#17947,#17953,#17954));
#17956=FACE_BOUND('',#17955,.T.);
#17957=ADVANCED_FACE('',(#17956),#17938,.F.);
#17958=CARTESIAN_POINT('',(0.01225,0.000801,-0.0350685989829789));
#17959=DIRECTION('',(1.,0.,-1.73472347597679E-15));
#17960=DIRECTION('',(-1.73472347597679E-15,0.,-1.));
#17961=AXIS2_PLACEMENT_3D('',#17958,#17959,#17960);
#17962=PLANE('',#17961);
#17963=ORIENTED_EDGE('',*,*,#2470,.T.);
#17964=CARTESIAN_POINT('',(0.01225,0.000801,-0.0350685989829789));
#17965=DIRECTION('',(0.,-1.,0.));
#17966=VECTOR('',#17965,1.);
#17967=LINE('',#17964,#17966);
#17968=CARTESIAN_POINT('',(0.01225,0.000801,-0.0350685989829789));
#17969=VERTEX_POINT('',#17968);
#17970=EDGE_CURVE('',#17969,#2461,#17967,.T.);
#17971=ORIENTED_EDGE('',*,*,#17970,.F.);
#17972=CARTESIAN_POINT('',(0.01225,0.000801,-0.0350685989829789));
#17973=DIRECTION('',(1.73472347597679E-15,0.,1.));
#17974=VECTOR('',#17973,1.);
#17975=LINE('',#17972,#17974);
#17976=EDGE_CURVE('',#17945,#17969,#17975,.T.);
#17977=ORIENTED_EDGE('',*,*,#17976,.F.);
#17978=ORIENTED_EDGE('',*,*,#17946,.T.);
#17979=EDGE_LOOP('',(#17963,#17971,#17977,#17978));
#17980=FACE_BOUND('',#17979,.T.);
#17981=ADVANCED_FACE('',(#17980),#17962,.F.);
#17982=CARTESIAN_POINT('',(0.01325,0.000801,-0.0350685989829789));
#17983=DIRECTION('',(0.,0.,-1.));
#17984=DIRECTION('',(-1.,0.,0.));
#17985=AXIS2_PLACEMENT_3D('',#17982,#17983,#17984);
#17986=PLANE('',#17985);
#17987=ORIENTED_EDGE('',*,*,#2462,.T.);
#17988=CARTESIAN_POINT('',(0.01325,0.000801,-0.0350685989829789));
#17989=DIRECTION('',(0.,-1.,0.));
#17990=VECTOR('',#17989,1.);
#17991=LINE('',#17988,#17990);
#17992=CARTESIAN_POINT('',(0.01325,0.000801,-0.0350685989829789));
#17993=VERTEX_POINT('',#17992);
#17994=EDGE_CURVE('',#17993,#2453,#17991,.T.);
#17995=ORIENTED_EDGE('',*,*,#17994,.F.);
#17996=CARTESIAN_POINT('',(0.01325,0.000801,-0.0350685989829789));
#17997=DIRECTION('',(1.,0.,0.));
#17998=VECTOR('',#17997,1.);
#17999=LINE('',#17996,#17998);
#18000=EDGE_CURVE('',#17969,#17993,#17999,.T.);
#18001=ORIENTED_EDGE('',*,*,#18000,.F.);
#18002=ORIENTED_EDGE('',*,*,#17970,.T.);
#18003=EDGE_LOOP('',(#17987,#17995,#18001,#18002));
#18004=FACE_BOUND('',#18003,.T.);
#18005=ADVANCED_FACE('',(#18004),#17986,.F.);
#18006=CARTESIAN_POINT('',(0.01325,0.000801,-0.0350685989829789));
#18007=DIRECTION('',(-1.,0.,1.73472347597679E-15));
#18008=DIRECTION('',(1.73472347597679E-15,0.,1.));
#18009=AXIS2_PLACEMENT_3D('',#18006,#18007,#18008);
#18010=PLANE('',#18009);
#18011=ORIENTED_EDGE('',*,*,#2454,.T.);
#18012=CARTESIAN_POINT('',(0.01325,0.000801,-0.0360685989829789));
#18013=DIRECTION('',(0.,-1.,0.));
#18014=VECTOR('',#18013,1.);
#18015=LINE('',#18012,#18014);
#18016=CARTESIAN_POINT('',(0.01325,0.000801,-0.0360685989829789));
#18017=VERTEX_POINT('',#18016);
#18018=EDGE_CURVE('',#18017,#2445,#18015,.T.);
#18019=ORIENTED_EDGE('',*,*,#18018,.F.);
#18020=CARTESIAN_POINT('',(0.01325,0.000801,-0.0350685989829789));
#18021=DIRECTION('',(-1.73472347597679E-15,0.,-1.));
#18022=VECTOR('',#18021,1.);
#18023=LINE('',#18020,#18022);
#18024=EDGE_CURVE('',#17993,#18017,#18023,.T.);
#18025=ORIENTED_EDGE('',*,*,#18024,.F.);
#18026=ORIENTED_EDGE('',*,*,#17994,.T.);
#18027=EDGE_LOOP('',(#18011,#18019,#18025,#18026));
#18028=FACE_BOUND('',#18027,.T.);
#18029=ADVANCED_FACE('',(#18028),#18010,.F.);
#18030=CARTESIAN_POINT('',(0.01425,0.000801,-0.0360685989829789));
#18031=DIRECTION('',(6.93889390390722E-15,0.,-1.));
#18032=DIRECTION('',(-1.,0.,-6.93889390390722E-15));
#18033=AXIS2_PLACEMENT_3D('',#18030,#18031,#18032);
#18034=PLANE('',#18033);
#18035=ORIENTED_EDGE('',*,*,#2446,.T.);
#18036=CARTESIAN_POINT('',(0.01425,0.000801,-0.0360685989829789));
#18037=DIRECTION('',(0.,-1.,0.));
#18038=VECTOR('',#18037,1.);
#18039=LINE('',#18036,#18038);
#18040=CARTESIAN_POINT('',(0.01425,0.000801,-0.0360685989829789));
#18041=VERTEX_POINT('',#18040);
#18042=EDGE_CURVE('',#18041,#2437,#18039,.T.);
#18043=ORIENTED_EDGE('',*,*,#18042,.F.);
#18044=CARTESIAN_POINT('',(0.01425,0.000801,-0.0360685989829789));
#18045=DIRECTION('',(1.,0.,6.93889390390722E-15));
#18046=VECTOR('',#18045,1.);
#18047=LINE('',#18044,#18046);
#18048=EDGE_CURVE('',#18017,#18041,#18047,.T.);
#18049=ORIENTED_EDGE('',*,*,#18048,.F.);
#18050=ORIENTED_EDGE('',*,*,#18018,.T.);
#18051=EDGE_LOOP('',(#18035,#18043,#18049,#18050));
#18052=FACE_BOUND('',#18051,.T.);
#18053=ADVANCED_FACE('',(#18052),#18034,.F.);
#18054=CARTESIAN_POINT('',(0.01425,0.000801,-0.0370685989829789));
#18055=DIRECTION('',(-1.,0.,1.73472347597681E-15));
#18056=DIRECTION('',(1.73472347597681E-15,0.,1.));
#18057=AXIS2_PLACEMENT_3D('',#18054,#18055,#18056);
#18058=PLANE('',#18057);
#18059=ORIENTED_EDGE('',*,*,#2438,.T.);
#18060=CARTESIAN_POINT('',(0.01425,0.000801,-0.0370685989829789));
#18061=DIRECTION('',(0.,-1.,0.));
#18062=VECTOR('',#18061,1.);
#18063=LINE('',#18060,#18062);
#18064=CARTESIAN_POINT('',(0.01425,0.000801,-0.0370685989829789));
#18065=VERTEX_POINT('',#18064);
#18066=EDGE_CURVE('',#18065,#2429,#18063,.T.);
#18067=ORIENTED_EDGE('',*,*,#18066,.F.);
#18068=CARTESIAN_POINT('',(0.01425,0.000801,-0.0370685989829789));
#18069=DIRECTION('',(-1.73472347597681E-15,0.,-1.));
#18070=VECTOR('',#18069,1.);
#18071=LINE('',#18068,#18070);
#18072=EDGE_CURVE('',#18041,#18065,#18071,.T.);
#18073=ORIENTED_EDGE('',*,*,#18072,.F.);
#18074=ORIENTED_EDGE('',*,*,#18042,.T.);
#18075=EDGE_LOOP('',(#18059,#18067,#18073,#18074));
#18076=FACE_BOUND('',#18075,.T.);
#18077=ADVANCED_FACE('',(#18076),#18058,.F.);
#18078=CARTESIAN_POINT('',(0.01325,0.000801,-0.0370685989829789));
#18079=DIRECTION('',(6.93889390390723E-15,0.,1.));
#18080=DIRECTION('',(1.,0.,-6.93889390390723E-15));
#18081=AXIS2_PLACEMENT_3D('',#18078,#18079,#18080);
#18082=PLANE('',#18081);
#18083=ORIENTED_EDGE('',*,*,#2430,.T.);
#18084=CARTESIAN_POINT('',(0.01325,0.000801,-0.0370685989829789));
#18085=DIRECTION('',(0.,-1.,0.));
#18086=VECTOR('',#18085,1.);
#18087=LINE('',#18084,#18086);
#18088=CARTESIAN_POINT('',(0.01325,0.000801,-0.0370685989829789));
#18089=VERTEX_POINT('',#18088);
#18090=EDGE_CURVE('',#18089,#2421,#18087,.T.);
#18091=ORIENTED_EDGE('',*,*,#18090,.F.);
#18092=CARTESIAN_POINT('',(0.01325,0.000801,-0.0370685989829789));
#18093=DIRECTION('',(-1.,0.,6.93889390390723E-15));
#18094=VECTOR('',#18093,1.);
#18095=LINE('',#18092,#18094);
#18096=EDGE_CURVE('',#18065,#18089,#18095,.T.);
#18097=ORIENTED_EDGE('',*,*,#18096,.F.);
#18098=ORIENTED_EDGE('',*,*,#18066,.T.);
#18099=EDGE_LOOP('',(#18083,#18091,#18097,#18098));
#18100=FACE_BOUND('',#18099,.T.);
#18101=ADVANCED_FACE('',(#18100),#18082,.F.);
#18102=CARTESIAN_POINT('',(0.01325,0.000801,-0.0370685989829789));
#18103=DIRECTION('',(-1.,0.,0.));
#18104=DIRECTION('',(0.,0.,1.));
#18105=AXIS2_PLACEMENT_3D('',#18102,#18103,#18104);
#18106=PLANE('',#18105);
#18107=ORIENTED_EDGE('',*,*,#2422,.T.);
#18108=CARTESIAN_POINT('',(0.01325,0.000801,-0.0380685989829789));
#18109=DIRECTION('',(0.,-1.,0.));
#18110=VECTOR('',#18109,1.);
#18111=LINE('',#18108,#18110);
#18112=CARTESIAN_POINT('',(0.01325,0.000801,-0.0380685989829789));
#18113=VERTEX_POINT('',#18112);
#18114=EDGE_CURVE('',#18113,#2413,#18111,.T.);
#18115=ORIENTED_EDGE('',*,*,#18114,.F.);
#18116=CARTESIAN_POINT('',(0.01325,0.000801,-0.0370685989829789));
#18117=DIRECTION('',(0.,0.,-1.));
#18118=VECTOR('',#18117,1.);
#18119=LINE('',#18116,#18118);
#18120=EDGE_CURVE('',#18089,#18113,#18119,.T.);
#18121=ORIENTED_EDGE('',*,*,#18120,.F.);
#18122=ORIENTED_EDGE('',*,*,#18090,.T.);
#18123=EDGE_LOOP('',(#18107,#18115,#18121,#18122));
#18124=FACE_BOUND('',#18123,.T.);
#18125=ADVANCED_FACE('',(#18124),#18106,.F.);
#18126=CARTESIAN_POINT('',(0.01325,0.000801,-0.0380685989829789));
#18127=DIRECTION('',(0.,0.,1.));
#18128=DIRECTION('',(1.,0.,0.));
#18129=AXIS2_PLACEMENT_3D('',#18126,#18127,#18128);
#18130=PLANE('',#18129);
#18131=ORIENTED_EDGE('',*,*,#2414,.T.);
#18132=CARTESIAN_POINT('',(0.01225,0.000801,-0.0380685989829789));
#18133=DIRECTION('',(0.,-1.,0.));
#18134=VECTOR('',#18133,1.);
#18135=LINE('',#18132,#18134);
#18136=CARTESIAN_POINT('',(0.01225,0.000801,-0.0380685989829789));
#18137=VERTEX_POINT('',#18136);
#18138=EDGE_CURVE('',#18137,#2405,#18135,.T.);
#18139=ORIENTED_EDGE('',*,*,#18138,.F.);
#18140=CARTESIAN_POINT('',(0.01325,0.000801,-0.0380685989829789));
#18141=DIRECTION('',(-1.,0.,0.));
#18142=VECTOR('',#18141,1.);
#18143=LINE('',#18140,#18142);
#18144=EDGE_CURVE('',#18113,#18137,#18143,.T.);
#18145=ORIENTED_EDGE('',*,*,#18144,.F.);
#18146=ORIENTED_EDGE('',*,*,#18114,.T.);
#18147=EDGE_LOOP('',(#18131,#18139,#18145,#18146));
#18148=FACE_BOUND('',#18147,.T.);
#18149=ADVANCED_FACE('',(#18148),#18130,.F.);
#18150=CARTESIAN_POINT('',(0.01225,0.000801,-0.0370685989829789));
#18151=DIRECTION('',(1.,0.,0.));
#18152=DIRECTION('',(0.,0.,-1.));
#18153=AXIS2_PLACEMENT_3D('',#18150,#18151,#18152);
#18154=PLANE('',#18153);
#18155=ORIENTED_EDGE('',*,*,#2406,.T.);
#18156=ORIENTED_EDGE('',*,*,#17905,.F.);
#18157=CARTESIAN_POINT('',(0.01225,0.000801,-0.0370685989829789));
#18158=DIRECTION('',(0.,0.,1.));
#18159=VECTOR('',#18158,1.);
#18160=LINE('',#18157,#18159);
#18161=EDGE_CURVE('',#18137,#17898,#18160,.T.);
#18162=ORIENTED_EDGE('',*,*,#18161,.F.);
#18163=ORIENTED_EDGE('',*,*,#18138,.T.);
#18164=EDGE_LOOP('',(#18155,#18156,#18162,#18163));
#18165=FACE_BOUND('',#18164,.T.);
#18166=ADVANCED_FACE('',(#18165),#18154,.F.);
#18167=CARTESIAN_POINT('',(0.,0.000801,0.));
#18168=DIRECTION('',(0.,1.,0.));
#18169=DIRECTION('',(0.,0.,1.));
#18170=AXIS2_PLACEMENT_3D('',#18167,#18168,#18169);
#18171=PLANE('',#18170);
#18172=ORIENTED_EDGE('',*,*,#17899,.T.);
#18173=ORIENTED_EDGE('',*,*,#17928,.T.);
#18174=ORIENTED_EDGE('',*,*,#17952,.T.);
#18175=ORIENTED_EDGE('',*,*,#17976,.T.);
#18176=ORIENTED_EDGE('',*,*,#18000,.T.);
#18177=ORIENTED_EDGE('',*,*,#18024,.T.);
#18178=ORIENTED_EDGE('',*,*,#18048,.T.);
#18179=ORIENTED_EDGE('',*,*,#18072,.T.);
#18180=ORIENTED_EDGE('',*,*,#18096,.T.);
#18181=ORIENTED_EDGE('',*,*,#18120,.T.);
#18182=ORIENTED_EDGE('',*,*,#18144,.T.);
#18183=ORIENTED_EDGE('',*,*,#18161,.T.);
#18184=EDGE_LOOP('',(#18172,#18173,#18174,#18175,#18176,#18177,#18178,#18179,#18180,#18181,#18182,#18183));
#18185=FACE_BOUND('',#18184,.T.);
#18186=ADVANCED_FACE('',(#18185),#18171,.T.);
#18187=CLOSED_SHELL('',(#2480,#2626,#3727,#4128,#4269,#4300,#4324,#4349,#4373,#4397,#4421,#4445,#4469,#4494,#4518,#4543,#4567,#4592,#4616,#4641,#4665,#4689,#4713,#4737,#4761,#4786,#4810,#4834,#4851,#4873,#4890,#4907,#4924,#4941,#4958,#4975,#4987,#5009,#5026,#5043,#5060,#5077,#5094,#5111,#5123,#5145,#5162,#5179,#5196,#5213,#5230,#5247,#5259,#5281,#5298,#5315,#5332,#5349,#5366,#5383,#5395,#5417,#5434,#5451,#5468,#5485,#5502,#5519,#5531,#5553,#5570,#5587,#5604,#5621,#5638,#5655,#5667,#5689,#5706,#5723,#5735,#5757,#5774,#5791,#5803,#5825,#5842,#5859,#5871,#5893,#5910,#5927,#5944,#5961,#5978,#5995,#6007,#6029,#6046,#6063,#6080,#6097,#6114,#6131,#6143,#6165,#6182,#6199,#6211,#6233,#6250,#6267,#6279,#6301,#6318,#6335,#6347,#6369,#6386,#6403,#6415,#6443,#6471,#6499,#6527,#6555,#6583,#6611,#6639,#6866,#6897,#6930,#6962,#6995,#7027,#7060,#7092,#7125,#7157,#7189,#7221,#7253,#7285,#7318,#7350,#7382,#7414,#7446,#7478,#7511,#7543,#7575,#7607,#7647,#7679,#7712,#7744,#7777,#7809,#7842,#7874,#7906,#7938,#7970,#8002,#8035,#8067,#8099,#8131,#8163,#8195,#8228,#8260,#8292,#8324,#8356,#8381,#8406,#8472,#8508,#8544,#8580,#8616,#8652,#8688,#8716,#8754,#8790,#8826,#8862,#8898,#8934,#8970,#8998,#9036,#9072,#9108,#9144,#9180,#9216,#9252,#9280,#9318,#9354,#9390,#9426,#9462,#9498,#9534,#9562,#9600,#9636,#9672,#9708,#9744,#9780,#9816,#9844,#9882,#9918,#9954,#9990,#10026,#10062,#10098,#10126,#10164,#10200,#10236,#10272,#10308,#10344,#10380,#10408,#10446,#10482,#10518,#10554,#10590,#10626,#10662,#10690,#10728,#10767,#10800,#10832,#10865,#10897,#10930,#10962,#11002,#11034,#11067,#11099,#11132,#11164,#11197,#11222,#11248,#11282,#11321,#11353,#11385,#11417,#11449,#11482,#11514,#11546,#11578,#11610,#11642,#11675,#11707,#11739,#11771,#11803,#11835,#11868,#11900,#11933,#11965,#11998,#12030,#12070,#12102,#12134,#12166,#12198,#12230,#12263,#12295,#12327,#12359,#12391,#12423,#12456,#12488,#12520,#12552,#12584,#12616,#12649,#12681,#12714,#12746,#12779,#12804,#12830,#12896,#12924,#12962,#12990,#13028,#13056,#13094,#13122,#13160,#13188,#13226,#13254,#13292,#13320,#13358,#13386,#13424,#13463,#13496,#13528,#13561,#13593,#13626,#13658,#13698,#13730,#13763,#13795,#13828,#13860,#13893,#13918,#13944,#13978,#14017,#14041,#14065,#14089,#14113,#14137,#14161,#14185,#14209,#14233,#14257,#14274,#14294,#14326,#14350,#14375,#14399,#14424,#14448,#14473,#14490,#14506,#14537,#14561,#14585,#14602,#14614,#14645,#14669,#14693,#14717,#14741,#14765,#14789,#14813,#14837,#14861,#14885,#14902,#14922,#14953,#14977,#15001,#15018,#15030,#15061,#15085,#15109,#15133,#15157,#15181,#15205,#15229,#15253,#15277,#15301,#15318,#15338,#15369,#15393,#15417,#15434,#15446,#15477,#15501,#15525,#15549,#15573,#15597,#15621,#15645,#15669,#15693,#15717,#15734,#15754,#15785,#15809,#15833,#15850,#15862,#15894,#15918,#15943,#15967,#15992,#16016,#16041,#16058,#16074,#16106,#16130,#16155,#16179,#16204,#16228,#16253,#16270,#16286,#16318,#16342,#16367,#16391,#16416,#16440,#16465,#16482,#16498,#16530,#16554,#16579,#16603,#16628,#16652,#16677,#16694,#16710,#16742,#16766,#16791,#16815,#16840,#16864,#16889,#16906,#16922,#16954,#16978,#17003,#17027,#17052,#17076,#17101,#17118,#17134,#17166,#17190,#17215,#17239,#17264,#17288,#17313,#17330,#17346,#17378,#17402,#17427,#17451,#17476,#17500,#17525,#17542,#17558,#17590,#17614,#17639,#17663,#17688,#17712,#17737,#17754,#17770,#17801,#17825,#17849,#17866,#17878,#17909,#17933,#17957,#17981,#18005,#18029,#18053,#18077,#18101,#18125,#18149,#18166,#18186));
#18188=MANIFOLD_SOLID_BREP('',#18187);
#18189=MECHANICAL_DESIGN_GEOMETRIC_PRESENTATION_REPRESENTATION('',(#6905,#6938,#6970,#7003,#7035,#7068,#7100,#7133,#7165,#7197,#7229,#7261,#7293,#7326,#7358,#7390,#7422,#7454,#7486,#7519,#7551,#7583,#7615,#7655,#7687,#7720,#7752,#7785,#7817,#7850,#7882,#7914,#7946,#7978,#8010,#8043,#8075,#8107,#8139,#8171,#8203,#8236,#8268,#8300,#8332,#8364,#8389,#8414,#8480,#8516,#8552,#8588,#8624,#8660,#8696,#8724,#8762,#8798,#8834,#8870,#8906,#8942,#8978,#9006,#9044,#9080,#9116,#9152,#9188,#9224,#9260,#9288,#9326,#9362,#9398,#9434,#9470,#9506,#9542,#9570,#9608,#9644,#9680,#9716,#9752,#9788,#9824,#9852,#9890,#9926,#9962,#9998,#10034,#10070,#10106,#10134,#10172,#10208,#10244,#10280,#10316,#10352,#10388,#10416,#10454,#10490,#10526,#10562,#10598,#10634,#10670,#10698,#10736,#10775,#10808,#10840,#10873,#10905,#10938,#10970,#11010,#11042,#11075,#11107,#11140,#11172,#11205,#11230,#11256,#11290,#11329,#11361,#11393,#11425,#11457,#11490,#11522,#11554,#11586,#11618,#11650,#11683,#11715,#11747,#11779,#11811,#11843,#11876,#11908,#11941,#11973,#12006,#12038,#12078,#12110,#12142,#12174,#12206,#12238,#12271,#12303,#12335,#12367,#12399,#12431,#12464,#12496,#12528,#12560,#12592,#12624,#12657,#12689,#12722,#12754,#12787,#12812,#12838,#12904,#12932,#12970,#12998,#13036,#13064,#13102,#13130,#13168,#13196,#13234,#13262,#13300,#13328,#13366,#13394,#13432,#13471,#13504,#13536,#13569,#13601,#13634,#13666,#13706,#13738,#13771,#13803,#13836,#13868,#13901,#13926,#13952,#13986),#14);
#18190=SHAPE_DEFINITION_REPRESENTATION(#10,#3);
ENDSEC;
END-ISO-10303-21;
