ISO-10303-21;
HEADER;
FILE_DESCRIPTION((''),'2; 1');
FILE_NAME('','2026-09-16T19:34:27',(''),(''),'CST STEP Exporter V1.0','Unknown','');
FILE_SCHEMA(('CONFIG_CONTROL_DESIGN'));
ENDSEC;
DATA;
#1=APPLICATION_CONTEXT('core data for automotive mechanical design processes');
#2=APPLICATION_PROTOCOL_DEFINITION('international standard','automotive_design',2000,#1);
#3=ADVANCED_BREP_SHAPE_REPRESENTATION('',(#11258),#14);
#4=PRODUCT_RELATED_PRODUCT_CATEGORY('','part',(#6));
#5=PRODUCT_CONTEXT('',#1,'mechanical');
#6=PRODUCT('','','',(#5));
#7=PRODUCT_DEFINITION_FORMATION('','',#6);
#8=PRODUCT_DEFINITION_CONTEXT('part definition',#1,'design');
#9=PRODUCT_DEFINITION('design','',#7,#8);
#10=PRODUCT_DEFINITION_SHAPE('','',#9);
#11=(LENGTH_UNIT()
  NAMED_UNIT(*)
  SI_UNIT($,.METRE.));
#12=UNCERTAINTY_MEASURE_WITH_UNIT(LENGTH_MEASURE(1.E-7),#11,'','maximum tolerance');
#13=(NAMED_UNIT(*)
  PLANE_ANGLE_UNIT()
  SI_UNIT($,.RADIAN.));
#14=(GEOMETRIC_REPRESENTATION_CONTEXT(3)
  GLOBAL_UNCERTAINTY_ASSIGNED_CONTEXT((#12))
  GLOBAL_UNIT_ASSIGNED_CONTEXT((#11,#13))
  REPRESENTATION_CONTEXT('',''));
#15=CARTESIAN_POINT('',(0.0317403131083168,-0.000825,-0.0493995412201418));
#16=DIRECTION('',(0.,1.,0.));
#17=DIRECTION('',(0.,0.,1.));
#18=AXIS2_PLACEMENT_3D('',#15,#16,#17);
#19=PLANE('',#18);
#20=CARTESIAN_POINT('',(0.013,-0.000824999999999999,-0.0305));
#21=DIRECTION('',(2.16840434497101E-16,0.,1.));
#22=VECTOR('',#21,1.);
#23=LINE('',#20,#22);
#24=CARTESIAN_POINT('',(0.013,-0.000824999999999999,-0.0305));
#25=VERTEX_POINT('',#24);
#26=CARTESIAN_POINT('',(0.013,-0.000824999999999999,-0.0225));
#27=VERTEX_POINT('',#26);
#28=EDGE_CURVE('',#25,#27,#23,.T.);
#29=ORIENTED_EDGE('',*,*,#28,.F.);
#30=CARTESIAN_POINT('',(0.00849999999999999,-0.000824999999999999,-0.0305));
#31=DIRECTION('',(0.,1.,0.));
#32=DIRECTION('',(0.,0.,1.));
#33=AXIS2_PLACEMENT_3D('',#30,#31,#32);
#34=CIRCLE('',#33,0.00450000000000001);
#35=CARTESIAN_POINT('',(0.00849999999999999,-0.000824999999999999,-0.035));
#36=VERTEX_POINT('',#35);
#37=EDGE_CURVE('',#25,#36,#34,.T.);
#38=ORIENTED_EDGE('',*,*,#37,.T.);
#39=CARTESIAN_POINT('',(-0.0085,-0.000824999999999999,-0.035));
#40=DIRECTION('',(1.,0.,-4.08170229641602E-16));
#41=VECTOR('',#40,1.);
#42=LINE('',#39,#41);
#43=CARTESIAN_POINT('',(-0.0085,-0.000825,-0.035));
#44=VERTEX_POINT('',#43);
#45=EDGE_CURVE('',#44,#36,#42,.T.);
#46=ORIENTED_EDGE('',*,*,#45,.F.);
#47=CARTESIAN_POINT('',(-0.0085,-0.000824999999999999,-0.0305));
#48=DIRECTION('',(0.,1.,0.));
#49=DIRECTION('',(0.,0.,1.));
#50=AXIS2_PLACEMENT_3D('',#47,#48,#49);
#51=CIRCLE('',#50,0.0045);
#52=CARTESIAN_POINT('',(-0.013,-0.000824999999999999,-0.0305));
#53=VERTEX_POINT('',#52);
#54=EDGE_CURVE('',#44,#53,#51,.T.);
#55=ORIENTED_EDGE('',*,*,#54,.T.);
#56=CARTESIAN_POINT('',(-0.013,-0.000824999999999999,-0.0305));
#57=DIRECTION('',(-2.16840434497101E-16,0.,-1.));
#58=VECTOR('',#57,1.);
#59=LINE('',#56,#58);
#60=CARTESIAN_POINT('',(-0.013,-0.000824999999999999,-0.0225));
#61=VERTEX_POINT('',#60);
#62=EDGE_CURVE('',#61,#53,#59,.T.);
#63=ORIENTED_EDGE('',*,*,#62,.F.);
#64=CARTESIAN_POINT('',(-0.00849999999999999,-0.000824999999999999,-0.0225));
#65=DIRECTION('',(0.,1.,0.));
#66=DIRECTION('',(0.,0.,1.));
#67=AXIS2_PLACEMENT_3D('',#64,#65,#66);
#68=CIRCLE('',#67,0.00450000000000001);
#69=CARTESIAN_POINT('',(-0.00849999999999999,-0.000824999999999999,-0.018));
#70=VERTEX_POINT('',#69);
#71=EDGE_CURVE('',#61,#70,#68,.T.);
#72=ORIENTED_EDGE('',*,*,#71,.T.);
#73=CARTESIAN_POINT('',(-0.00849999999999999,-0.000824999999999999,-0.018));
#74=DIRECTION('',(-1.,0.,2.04085114820801E-16));
#75=VECTOR('',#74,1.);
#76=LINE('',#73,#75);
#77=CARTESIAN_POINT('',(0.00849999999999999,-0.000824999999999999,-0.018));
#78=VERTEX_POINT('',#77);
#79=EDGE_CURVE('',#78,#70,#76,.T.);
#80=ORIENTED_EDGE('',*,*,#79,.F.);
#81=CARTESIAN_POINT('',(0.0085,-0.000824999999999999,-0.0225));
#82=DIRECTION('',(0.,1.,0.));
#83=DIRECTION('',(0.,0.,1.));
#84=AXIS2_PLACEMENT_3D('',#81,#82,#83);
#85=CIRCLE('',#84,0.0045);
#86=EDGE_CURVE('',#78,#27,#85,.T.);
#87=ORIENTED_EDGE('',*,*,#86,.T.);
#88=EDGE_LOOP('',(#29,#38,#46,#55,#63,#72,#80,#87));
#89=FACE_BOUND('',#88,.T.);
#90=CARTESIAN_POINT('',(0.0085,-0.000825,-0.0225));
#91=DIRECTION('',(0.,1.,0.));
#92=DIRECTION('',(0.,0.,1.));
#93=AXIS2_PLACEMENT_3D('',#90,#91,#92);
#94=CIRCLE('',#93,0.00475000000000001);
#95=CARTESIAN_POINT('',(0.0085,-0.000825,-0.01775));
#96=VERTEX_POINT('',#95);
#97=CARTESIAN_POINT('',(0.01325,-0.000825,-0.0225));
#98=VERTEX_POINT('',#97);
#99=EDGE_CURVE('',#96,#98,#94,.T.);
#100=ORIENTED_EDGE('',*,*,#99,.F.);
#101=CARTESIAN_POINT('',(0.,-0.000825,-0.01775));
#102=DIRECTION('',(1.,0.,0.));
#103=VECTOR('',#102,1.);
#104=LINE('',#101,#103);
#105=CARTESIAN_POINT('',(-0.00849999999999999,-0.000825,-0.01775));
#106=VERTEX_POINT('',#105);
#107=EDGE_CURVE('',#106,#96,#104,.T.);
#108=ORIENTED_EDGE('',*,*,#107,.F.);
#109=CARTESIAN_POINT('',(-0.00849999999999999,-0.000825,-0.0225));
#110=DIRECTION('',(0.,1.,0.));
#111=DIRECTION('',(0.,0.,1.));
#112=AXIS2_PLACEMENT_3D('',#109,#110,#111);
#113=CIRCLE('',#112,0.00475);
#114=CARTESIAN_POINT('',(-0.01325,-0.000825,-0.0225));
#115=VERTEX_POINT('',#114);
#116=EDGE_CURVE('',#115,#106,#113,.T.);
#117=ORIENTED_EDGE('',*,*,#116,.F.);
#118=CARTESIAN_POINT('',(-0.01325,-0.000825,1.14925430283463E-17));
#119=DIRECTION('',(-8.67361737988404E-16,0.,-1.));
#120=VECTOR('',#119,1.);
#121=LINE('',#118,#120);
#122=CARTESIAN_POINT('',(-0.01325,-0.000825,-0.0305));
#123=VERTEX_POINT('',#122);
#124=EDGE_CURVE('',#115,#123,#121,.T.);
#125=ORIENTED_EDGE('',*,*,#124,.T.);
#126=CARTESIAN_POINT('',(-0.0085,-0.000825,-0.0305));
#127=DIRECTION('',(0.,1.,0.));
#128=DIRECTION('',(0.,0.,1.));
#129=AXIS2_PLACEMENT_3D('',#126,#127,#128);
#130=CIRCLE('',#129,0.00475);
#131=CARTESIAN_POINT('',(-0.0085,-0.000825,-0.03525));
#132=VERTEX_POINT('',#131);
#133=EDGE_CURVE('',#132,#123,#130,.T.);
#134=ORIENTED_EDGE('',*,*,#133,.F.);
#135=CARTESIAN_POINT('',(-2.87760011897329E-17,-0.000825,-0.03525));
#136=DIRECTION('',(1.,0.,-8.16340459283204E-16));
#137=VECTOR('',#136,1.);
#138=LINE('',#135,#137);
#139=CARTESIAN_POINT('',(0.00849999999999999,-0.000825,-0.03525));
#140=VERTEX_POINT('',#139);
#141=EDGE_CURVE('',#132,#140,#138,.T.);
#142=ORIENTED_EDGE('',*,*,#141,.T.);
#143=CARTESIAN_POINT('',(0.00849999999999999,-0.000825,-0.0305));
#144=DIRECTION('',(0.,1.,0.));
#145=DIRECTION('',(0.,0.,1.));
#146=AXIS2_PLACEMENT_3D('',#143,#144,#145);
#147=CIRCLE('',#146,0.00475000000000001);
#148=CARTESIAN_POINT('',(0.01325,-0.000825,-0.0305));
#149=VERTEX_POINT('',#148);
#150=EDGE_CURVE('',#149,#140,#147,.T.);
#151=ORIENTED_EDGE('',*,*,#150,.F.);
#152=CARTESIAN_POINT('',(0.01325,-0.000825,-5.74627151417318E-18));
#153=DIRECTION('',(4.33680868994202E-16,0.,1.));
#154=VECTOR('',#153,1.);
#155=LINE('',#152,#154);
#156=EDGE_CURVE('',#149,#98,#155,.T.);
#157=ORIENTED_EDGE('',*,*,#156,.T.);
#158=EDGE_LOOP('',(#100,#108,#117,#125,#134,#142,#151,#157));
#159=FACE_BOUND('',#158,.T.);
#160=ADVANCED_FACE('',(#89,#159),#19,.F.);
#161=CARTESIAN_POINT('',(-0.0314662517628015,-0.000825,-0.0480832611206851));
#162=DIRECTION('',(0.,1.,0.));
#163=DIRECTION('',(0.,0.,1.));
#164=AXIS2_PLACEMENT_3D('',#161,#162,#163);
#165=CIRCLE('',#164,0.003);
#166=CARTESIAN_POINT('',(-0.0314662517628015,-0.000825,-0.0510832611206851));
#167=VERTEX_POINT('',#166);
#168=EDGE_CURVE('',#167,#167,#165,.T.);
#169=ORIENTED_EDGE('',*,*,#168,.T.);
#170=EDGE_LOOP('',(#169));
#171=FACE_BOUND('',#170,.T.);
#172=CARTESIAN_POINT('',(-0.0202265829604429,-0.000825,-0.0315402914594276));
#173=DIRECTION('',(0.,1.,0.));
#174=DIRECTION('',(0.,0.,1.));
#175=AXIS2_PLACEMENT_3D('',#172,#173,#174);
#176=CIRCLE('',#175,0.003);
#177=CARTESIAN_POINT('',(-0.0202265829604429,-0.000825,-0.0345402914594276));
#178=VERTEX_POINT('',#177);
#179=EDGE_CURVE('',#178,#178,#176,.T.);
#180=ORIENTED_EDGE('',*,*,#179,.T.);
#181=EDGE_LOOP('',(#180));
#182=FACE_BOUND('',#181,.T.);
#183=CARTESIAN_POINT('',(-0.0315402914594277,-0.000825,-0.0202265829604428));
#184=DIRECTION('',(0.,1.,0.));
#185=DIRECTION('',(0.,0.,1.));
#186=AXIS2_PLACEMENT_3D('',#183,#184,#185);
#187=CIRCLE('',#186,0.003);
#188=CARTESIAN_POINT('',(-0.0315402914594277,-0.000825,-0.0232265829604428));
#189=VERTEX_POINT('',#188);
#190=EDGE_CURVE('',#189,#189,#187,.T.);
#191=ORIENTED_EDGE('',*,*,#190,.T.);
#192=EDGE_LOOP('',(#191));
#193=FACE_BOUND('',#192,.T.);
#194=CARTESIAN_POINT('',(-0.0480832611206853,-0.000825,-0.0314662517628012));
#195=DIRECTION('',(0.,1.,0.));
#196=DIRECTION('',(0.,0.,1.));
#197=AXIS2_PLACEMENT_3D('',#194,#195,#196);
#198=CIRCLE('',#197,0.003);
#199=CARTESIAN_POINT('',(-0.0480832611206853,-0.000825,-0.0344662517628012));
#200=VERTEX_POINT('',#199);
#201=EDGE_CURVE('',#200,#200,#198,.T.);
#202=ORIENTED_EDGE('',*,*,#201,.T.);
#203=EDGE_LOOP('',(#202));
#204=FACE_BOUND('',#203,.T.);
#205=CARTESIAN_POINT('',(0.0314662517628013,-0.000825,-0.0480832611206853));
#206=DIRECTION('',(0.,1.,0.));
#207=DIRECTION('',(0.,0.,1.));
#208=AXIS2_PLACEMENT_3D('',#205,#206,#207);
#209=CIRCLE('',#208,0.003);
#210=CARTESIAN_POINT('',(0.0314662517628013,-0.000825,-0.0510832611206853));
#211=VERTEX_POINT('',#210);
#212=EDGE_CURVE('',#211,#211,#209,.T.);
#213=ORIENTED_EDGE('',*,*,#212,.T.);
#214=EDGE_LOOP('',(#213));
#215=FACE_BOUND('',#214,.T.);
#216=CARTESIAN_POINT('',(0.0202265829604428,-0.000825,-0.0315402914594277));
#217=DIRECTION('',(0.,1.,0.));
#218=DIRECTION('',(0.,0.,1.));
#219=AXIS2_PLACEMENT_3D('',#216,#217,#218);
#220=CIRCLE('',#219,0.003);
#221=CARTESIAN_POINT('',(0.0202265829604428,-0.000825,-0.0345402914594277));
#222=VERTEX_POINT('',#221);
#223=EDGE_CURVE('',#222,#222,#220,.T.);
#224=ORIENTED_EDGE('',*,*,#223,.T.);
#225=EDGE_LOOP('',(#224));
#226=FACE_BOUND('',#225,.T.);
#227=CARTESIAN_POINT('',(0.0480832611206852,-0.000825,-0.0314662517628015));
#228=DIRECTION('',(0.,1.,0.));
#229=DIRECTION('',(0.,0.,1.));
#230=AXIS2_PLACEMENT_3D('',#227,#228,#229);
#231=CIRCLE('',#230,0.003);
#232=CARTESIAN_POINT('',(0.0480832611206852,-0.000825,-0.0344662517628015));
#233=VERTEX_POINT('',#232);
#234=EDGE_CURVE('',#233,#233,#231,.T.);
#235=ORIENTED_EDGE('',*,*,#234,.T.);
#236=EDGE_LOOP('',(#235));
#237=FACE_BOUND('',#236,.T.);
#238=CARTESIAN_POINT('',(0.0315402914594276,-0.000825,-0.0202265829604429));
#239=DIRECTION('',(0.,1.,0.));
#240=DIRECTION('',(0.,0.,1.));
#241=AXIS2_PLACEMENT_3D('',#238,#239,#240);
#242=CIRCLE('',#241,0.003);
#243=CARTESIAN_POINT('',(0.0315402914594276,-0.000825,-0.0232265829604429));
#244=VERTEX_POINT('',#243);
#245=EDGE_CURVE('',#244,#244,#242,.T.);
#246=ORIENTED_EDGE('',*,*,#245,.T.);
#247=EDGE_LOOP('',(#246));
#248=FACE_BOUND('',#247,.T.);
#249=CARTESIAN_POINT('',(0.0480832611206853,-0.000825,0.0314662517628012));
#250=DIRECTION('',(0.,1.,0.));
#251=DIRECTION('',(0.,0.,1.));
#252=AXIS2_PLACEMENT_3D('',#249,#250,#251);
#253=CIRCLE('',#252,0.003);
#254=CARTESIAN_POINT('',(0.0480832611206853,-0.000825,0.0284662517628012));
#255=VERTEX_POINT('',#254);
#256=EDGE_CURVE('',#255,#255,#253,.T.);
#257=ORIENTED_EDGE('',*,*,#256,.T.);
#258=EDGE_LOOP('',(#257));
#259=FACE_BOUND('',#258,.T.);
#260=CARTESIAN_POINT('',(0.0315402914594277,-0.000825,0.0202265829604428));
#261=DIRECTION('',(0.,1.,0.));
#262=DIRECTION('',(0.,0.,1.));
#263=AXIS2_PLACEMENT_3D('',#260,#261,#262);
#264=CIRCLE('',#263,0.003);
#265=CARTESIAN_POINT('',(0.0315402914594277,-0.000825,0.0172265829604428));
#266=VERTEX_POINT('',#265);
#267=EDGE_CURVE('',#266,#266,#264,.T.);
#268=ORIENTED_EDGE('',*,*,#267,.T.);
#269=EDGE_LOOP('',(#268));
#270=FACE_BOUND('',#269,.T.);
#271=CARTESIAN_POINT('',(0.0202265829604429,-0.000825,0.0315402914594276));
#272=DIRECTION('',(0.,1.,0.));
#273=DIRECTION('',(0.,0.,1.));
#274=AXIS2_PLACEMENT_3D('',#271,#272,#273);
#275=CIRCLE('',#274,0.00299999999999999);
#276=CARTESIAN_POINT('',(0.0202265829604429,-0.000825,0.0285402914594276));
#277=VERTEX_POINT('',#276);
#278=EDGE_CURVE('',#277,#277,#275,.T.);
#279=ORIENTED_EDGE('',*,*,#278,.T.);
#280=EDGE_LOOP('',(#279));
#281=FACE_BOUND('',#280,.T.);
#282=CARTESIAN_POINT('',(0.0314662517628014,-0.000825,0.0480832611206851));
#283=DIRECTION('',(0.,1.,0.));
#284=DIRECTION('',(0.,0.,1.));
#285=AXIS2_PLACEMENT_3D('',#282,#283,#284);
#286=CIRCLE('',#285,0.003);
#287=CARTESIAN_POINT('',(0.0314662517628014,-0.000825,0.0450832611206851));
#288=VERTEX_POINT('',#287);
#289=EDGE_CURVE('',#288,#288,#286,.T.);
#290=ORIENTED_EDGE('',*,*,#289,.T.);
#291=EDGE_LOOP('',(#290));
#292=FACE_BOUND('',#291,.T.);
#293=CARTESIAN_POINT('',(-0.0315402914594276,-0.000825,0.0202265829604429));
#294=DIRECTION('',(0.,1.,0.));
#295=DIRECTION('',(0.,0.,1.));
#296=AXIS2_PLACEMENT_3D('',#293,#294,#295);
#297=CIRCLE('',#296,0.003);
#298=CARTESIAN_POINT('',(-0.0315402914594276,-0.000825,0.0172265829604429));
#299=VERTEX_POINT('',#298);
#300=EDGE_CURVE('',#299,#299,#297,.T.);
#301=ORIENTED_EDGE('',*,*,#300,.T.);
#302=EDGE_LOOP('',(#301));
#303=FACE_BOUND('',#302,.T.);
#304=CARTESIAN_POINT('',(-0.0202265829604428,-0.000825,0.0315402914594277));
#305=DIRECTION('',(0.,1.,0.));
#306=DIRECTION('',(0.,0.,1.));
#307=AXIS2_PLACEMENT_3D('',#304,#305,#306);
#308=CIRCLE('',#307,0.003);
#309=CARTESIAN_POINT('',(-0.0202265829604428,-0.000825,0.0285402914594277));
#310=VERTEX_POINT('',#309);
#311=EDGE_CURVE('',#310,#310,#308,.T.);
#312=ORIENTED_EDGE('',*,*,#311,.T.);
#313=EDGE_LOOP('',(#312));
#314=FACE_BOUND('',#313,.T.);
#315=CARTESIAN_POINT('',(-0.0314662517628013,-0.000825,0.0480832611206853));
#316=DIRECTION('',(0.,1.,0.));
#317=DIRECTION('',(0.,0.,1.));
#318=AXIS2_PLACEMENT_3D('',#315,#316,#317);
#319=CIRCLE('',#318,0.003);
#320=CARTESIAN_POINT('',(-0.0314662517628013,-0.000825,0.0450832611206853));
#321=VERTEX_POINT('',#320);
#322=EDGE_CURVE('',#321,#321,#319,.T.);
#323=ORIENTED_EDGE('',*,*,#322,.T.);
#324=EDGE_LOOP('',(#323));
#325=FACE_BOUND('',#324,.T.);
#326=CARTESIAN_POINT('',(-0.0480832611206852,-0.000825,0.0314662517628015));
#327=DIRECTION('',(0.,1.,0.));
#328=DIRECTION('',(0.,0.,1.));
#329=AXIS2_PLACEMENT_3D('',#326,#327,#328);
#330=CIRCLE('',#329,0.003);
#331=CARTESIAN_POINT('',(-0.0480832611206852,-0.000825,0.0284662517628015));
#332=VERTEX_POINT('',#331);
#333=EDGE_CURVE('',#332,#332,#330,.T.);
#334=ORIENTED_EDGE('',*,*,#333,.T.);
#335=EDGE_LOOP('',(#334));
#336=FACE_BOUND('',#335,.T.);
#337=CARTESIAN_POINT('',(-0.0493995412201414,-0.000825,0.0317403131083168));
#338=DIRECTION('',(0.,1.,0.));
#339=DIRECTION('',(0.,0.,1.));
#340=AXIS2_PLACEMENT_3D('',#337,#338,#339);
#341=CIRCLE('',#340,0.00262545877985854);
#342=CARTESIAN_POINT('',(-0.0518705764025615,-0.000825,0.0308531722333828));
#343=VERTEX_POINT('',#342);
#344=CARTESIAN_POINT('',(-0.0512560209271052,-0.000825,0.0335967928152805));
#345=VERTEX_POINT('',#344);
#346=EDGE_CURVE('',#343,#345,#341,.T.);
#347=ORIENTED_EDGE('',*,*,#346,.F.);
#348=CARTESIAN_POINT('',(-0.137808758524574,-0.000825,0.));
#349=DIRECTION('',(0.,1.,0.));
#350=DIRECTION('',(0.,0.,1.));
#351=AXIS2_PLACEMENT_3D('',#348,#349,#350);
#352=CIRCLE('',#351,0.0913087585245745);
#353=CARTESIAN_POINT('',(-0.0518705764025615,-0.000825,-0.0308531722333829));
#354=VERTEX_POINT('',#353);
#355=EDGE_CURVE('',#343,#354,#352,.T.);
#356=ORIENTED_EDGE('',*,*,#355,.T.);
#357=CARTESIAN_POINT('',(-0.0493995412201417,-0.000825,-0.0317403131083168));
#358=DIRECTION('',(0.,1.,0.));
#359=DIRECTION('',(0.,0.,1.));
#360=AXIS2_PLACEMENT_3D('',#357,#358,#359);
#361=CIRCLE('',#360,0.00262545877985829);
#362=CARTESIAN_POINT('',(-0.0512560209271053,-0.000825,-0.0335967928152803));
#363=VERTEX_POINT('',#362);
#364=EDGE_CURVE('',#363,#354,#361,.T.);
#365=ORIENTED_EDGE('',*,*,#364,.F.);
#366=CARTESIAN_POINT('',(-0.0424264068711928,-0.000825,-0.0424264068711928));
#367=DIRECTION('',(0.707106781186547,0.,-0.707106781186548));
#368=VECTOR('',#367,1.);
#369=LINE('',#366,#368);
#370=CARTESIAN_POINT('',(-0.0335967928152805,-0.000825,-0.0512560209271052));
#371=VERTEX_POINT('',#370);
#372=EDGE_CURVE('',#363,#371,#369,.T.);
#373=ORIENTED_EDGE('',*,*,#372,.T.);
#374=CARTESIAN_POINT('',(-0.0317403131083168,-0.000825,-0.0493995412201414));
#375=DIRECTION('',(0.,1.,0.));
#376=DIRECTION('',(0.,0.,1.));
#377=AXIS2_PLACEMENT_3D('',#374,#375,#376);
#378=CIRCLE('',#377,0.00262545877985853);
#379=CARTESIAN_POINT('',(-0.0308531722333828,-0.000825,-0.0518705764025615));
#380=VERTEX_POINT('',#379);
#381=EDGE_CURVE('',#380,#371,#378,.T.);
#382=ORIENTED_EDGE('',*,*,#381,.F.);
#383=CARTESIAN_POINT('',(0.,-0.000825,-0.137808758524574));
#384=DIRECTION('',(0.,1.,0.));
#385=DIRECTION('',(0.,0.,1.));
#386=AXIS2_PLACEMENT_3D('',#383,#384,#385);
#387=CIRCLE('',#386,0.0913087585245745);
#388=CARTESIAN_POINT('',(0.030853172233383,-0.000825,-0.0518705764025615));
#389=VERTEX_POINT('',#388);
#390=EDGE_CURVE('',#380,#389,#387,.T.);
#391=ORIENTED_EDGE('',*,*,#390,.T.);
#392=CARTESIAN_POINT('',(0.0317403131083168,-0.000825,-0.0493995412201418));
#393=DIRECTION('',(0.,1.,0.));
#394=DIRECTION('',(0.,0.,1.));
#395=AXIS2_PLACEMENT_3D('',#392,#393,#394);
#396=CIRCLE('',#395,0.00262545877985829);
#397=CARTESIAN_POINT('',(0.0335967928152804,-0.000825,-0.0512560209271054));
#398=VERTEX_POINT('',#397);
#399=EDGE_CURVE('',#398,#389,#396,.T.);
#400=ORIENTED_EDGE('',*,*,#399,.F.);
#401=CARTESIAN_POINT('',(0.0424264068711929,-0.000825,-0.0424264068711929));
#402=DIRECTION('',(0.707106781186548,0.,0.707106781186547));
#403=VECTOR('',#402,1.);
#404=LINE('',#401,#403);
#405=CARTESIAN_POINT('',(0.0512560209271052,-0.000825,-0.0335967928152806));
#406=VERTEX_POINT('',#405);
#407=EDGE_CURVE('',#398,#406,#404,.T.);
#408=ORIENTED_EDGE('',*,*,#407,.T.);
#409=CARTESIAN_POINT('',(0.0493995412201414,-0.000825,-0.0317403131083168));
#410=DIRECTION('',(0.,1.,0.));
#411=DIRECTION('',(0.,0.,1.));
#412=AXIS2_PLACEMENT_3D('',#409,#410,#411);
#413=CIRCLE('',#412,0.00262545877985862);
#414=CARTESIAN_POINT('',(0.0518705764025615,-0.000825,-0.0308531722333828));
#415=VERTEX_POINT('',#414);
#416=EDGE_CURVE('',#415,#406,#413,.T.);
#417=ORIENTED_EDGE('',*,*,#416,.F.);
#418=CARTESIAN_POINT('',(0.137808758524575,-0.000825,0.));
#419=DIRECTION('',(0.,1.,0.));
#420=DIRECTION('',(0.,0.,1.));
#421=AXIS2_PLACEMENT_3D('',#418,#419,#420);
#422=CIRCLE('',#421,0.0913087585245745);
#423=CARTESIAN_POINT('',(0.0518705764025616,-0.000825,0.0308531722333829));
#424=VERTEX_POINT('',#423);
#425=EDGE_CURVE('',#415,#424,#422,.T.);
#426=ORIENTED_EDGE('',*,*,#425,.T.);
#427=CARTESIAN_POINT('',(0.0493995412201418,-0.000825,0.0317403131083168));
#428=DIRECTION('',(0.,1.,0.));
#429=DIRECTION('',(0.,0.,1.));
#430=AXIS2_PLACEMENT_3D('',#427,#428,#429);
#431=CIRCLE('',#430,0.00262545877985824);
#432=CARTESIAN_POINT('',(0.0512560209271053,-0.000825,0.0335967928152803));
#433=VERTEX_POINT('',#432);
#434=EDGE_CURVE('',#433,#424,#431,.T.);
#435=ORIENTED_EDGE('',*,*,#434,.F.);
#436=CARTESIAN_POINT('',(0.0424264068711928,-0.000825,0.0424264068711928));
#437=DIRECTION('',(0.707106781186547,0.,-0.707106781186548));
#438=VECTOR('',#437,1.);
#439=LINE('',#436,#438);
#440=CARTESIAN_POINT('',(0.0335967928152805,-0.000825,0.0512560209271052));
#441=VERTEX_POINT('',#440);
#442=EDGE_CURVE('',#441,#433,#439,.T.);
#443=ORIENTED_EDGE('',*,*,#442,.F.);
#444=CARTESIAN_POINT('',(0.0317403131083168,-0.000825,0.0493995412201414));
#445=DIRECTION('',(0.,1.,0.));
#446=DIRECTION('',(0.,0.,1.));
#447=AXIS2_PLACEMENT_3D('',#444,#445,#446);
#448=CIRCLE('',#447,0.00262545877985852);
#449=CARTESIAN_POINT('',(0.0308531722333828,-0.000825,0.0518705764025615));
#450=VERTEX_POINT('',#449);
#451=EDGE_CURVE('',#450,#441,#448,.T.);
#452=ORIENTED_EDGE('',*,*,#451,.F.);
#453=CARTESIAN_POINT('',(0.,-0.000825,0.137808758524574));
#454=DIRECTION('',(0.,1.,0.));
#455=DIRECTION('',(0.,0.,1.));
#456=AXIS2_PLACEMENT_3D('',#453,#454,#455);
#457=CIRCLE('',#456,0.0913087585245745);
#458=CARTESIAN_POINT('',(-0.030853172233383,-0.000825,0.0518705764025616));
#459=VERTEX_POINT('',#458);
#460=EDGE_CURVE('',#450,#459,#457,.T.);
#461=ORIENTED_EDGE('',*,*,#460,.T.);
#462=CARTESIAN_POINT('',(-0.0317403131083169,-0.000825,0.0493995412201418));
#463=DIRECTION('',(0.,1.,0.));
#464=DIRECTION('',(0.,0.,1.));
#465=AXIS2_PLACEMENT_3D('',#462,#463,#464);
#466=CIRCLE('',#465,0.00262545877985821);
#467=CARTESIAN_POINT('',(-0.0335967928152804,-0.000825,0.0512560209271053));
#468=VERTEX_POINT('',#467);
#469=EDGE_CURVE('',#468,#459,#466,.T.);
#470=ORIENTED_EDGE('',*,*,#469,.F.);
#471=CARTESIAN_POINT('',(-0.0424264068711929,-0.000825,0.0424264068711928));
#472=DIRECTION('',(0.707106781186547,0.,0.707106781186548));
#473=VECTOR('',#472,1.);
#474=LINE('',#471,#473);
#475=EDGE_CURVE('',#345,#468,#474,.T.);
#476=ORIENTED_EDGE('',*,*,#475,.F.);
#477=EDGE_LOOP('',(#347,#356,#365,#373,#382,#391,#400,#408,#417,#426,#435,#443,#452,#461,#470,#476));
#478=FACE_BOUND('',#477,.T.);
#479=CARTESIAN_POINT('',(0.041,-0.000824999999999999,-0.011));
#480=DIRECTION('',(0.,0.,1.));
#481=VECTOR('',#480,1.);
#482=LINE('',#479,#481);
#483=CARTESIAN_POINT('',(0.041,-0.000824999999999999,-0.011));
#484=VERTEX_POINT('',#483);
#485=CARTESIAN_POINT('',(0.041,-0.000824999999999999,0.011));
#486=VERTEX_POINT('',#485);
#487=EDGE_CURVE('',#484,#486,#482,.T.);
#488=ORIENTED_EDGE('',*,*,#487,.F.);
#489=CARTESIAN_POINT('',(0.038,-0.000824999999999999,-0.011));
#490=DIRECTION('',(0.,1.,0.));
#491=DIRECTION('',(0.,0.,1.));
#492=AXIS2_PLACEMENT_3D('',#489,#490,#491);
#493=CIRCLE('',#492,0.003);
#494=CARTESIAN_POINT('',(0.035,-0.000824999999999999,-0.011));
#495=VERTEX_POINT('',#494);
#496=EDGE_CURVE('',#484,#495,#493,.T.);
#497=ORIENTED_EDGE('',*,*,#496,.T.);
#498=CARTESIAN_POINT('',(0.035,-0.000824999999999999,-0.011));
#499=DIRECTION('',(0.,0.,-1.));
#500=VECTOR('',#499,1.);
#501=LINE('',#498,#500);
#502=CARTESIAN_POINT('',(0.035,-0.000825,0.011));
#503=VERTEX_POINT('',#502);
#504=EDGE_CURVE('',#503,#495,#501,.T.);
#505=ORIENTED_EDGE('',*,*,#504,.F.);
#506=CARTESIAN_POINT('',(0.038,-0.000824999999999999,0.011));
#507=DIRECTION('',(0.,1.,0.));
#508=DIRECTION('',(0.,0.,1.));
#509=AXIS2_PLACEMENT_3D('',#506,#507,#508);
#510=CIRCLE('',#509,0.003);
#511=EDGE_CURVE('',#503,#486,#510,.T.);
#512=ORIENTED_EDGE('',*,*,#511,.T.);
#513=EDGE_LOOP('',(#488,#497,#505,#512));
#514=FACE_BOUND('',#513,.T.);
#515=CARTESIAN_POINT('',(0.018,-0.000824999999999999,0.0095));
#516=DIRECTION('',(0.,0.,-1.));
#517=VECTOR('',#516,1.);
#518=LINE('',#515,#517);
#519=CARTESIAN_POINT('',(0.018,-0.000824999999999999,0.0095));
#520=VERTEX_POINT('',#519);
#521=CARTESIAN_POINT('',(0.018,-0.000824999999999999,-0.0095));
#522=VERTEX_POINT('',#521);
#523=EDGE_CURVE('',#520,#522,#518,.T.);
#524=ORIENTED_EDGE('',*,*,#523,.F.);
#525=CARTESIAN_POINT('',(0.0225,-0.000824999999999999,0.0095));
#526=DIRECTION('',(0.,1.,0.));
#527=DIRECTION('',(0.,0.,1.));
#528=AXIS2_PLACEMENT_3D('',#525,#526,#527);
#529=CIRCLE('',#528,0.0045);
#530=CARTESIAN_POINT('',(0.027,-0.000824999999999999,0.0095));
#531=VERTEX_POINT('',#530);
#532=EDGE_CURVE('',#520,#531,#529,.T.);
#533=ORIENTED_EDGE('',*,*,#532,.T.);
#534=CARTESIAN_POINT('',(0.027,-0.000824999999999999,0.0095));
#535=DIRECTION('',(0.,0.,1.));
#536=VECTOR('',#535,1.);
#537=LINE('',#534,#536);
#538=CARTESIAN_POINT('',(0.027,-0.000825,-0.0095));
#539=VERTEX_POINT('',#538);
#540=EDGE_CURVE('',#539,#531,#537,.T.);
#541=ORIENTED_EDGE('',*,*,#540,.F.);
#542=CARTESIAN_POINT('',(0.0225,-0.000824999999999999,-0.0095));
#543=DIRECTION('',(0.,1.,0.));
#544=DIRECTION('',(0.,0.,1.));
#545=AXIS2_PLACEMENT_3D('',#542,#543,#544);
#546=CIRCLE('',#545,0.0045);
#547=EDGE_CURVE('',#539,#522,#546,.T.);
#548=ORIENTED_EDGE('',*,*,#547,.T.);
#549=EDGE_LOOP('',(#524,#533,#541,#548));
#550=FACE_BOUND('',#549,.T.);
#551=CARTESIAN_POINT('',(-0.035,-0.000824999999999999,-0.011));
#552=DIRECTION('',(3.1540426835942E-16,0.,1.));
#553=VECTOR('',#552,1.);
#554=LINE('',#551,#553);
#555=CARTESIAN_POINT('',(-0.035,-0.000824999999999999,-0.011));
#556=VERTEX_POINT('',#555);
#557=CARTESIAN_POINT('',(-0.035,-0.000824999999999999,0.011));
#558=VERTEX_POINT('',#557);
#559=EDGE_CURVE('',#556,#558,#554,.T.);
#560=ORIENTED_EDGE('',*,*,#559,.F.);
#561=CARTESIAN_POINT('',(-0.038,-0.000824999999999999,-0.011));
#562=DIRECTION('',(0.,1.,0.));
#563=DIRECTION('',(0.,0.,1.));
#564=AXIS2_PLACEMENT_3D('',#561,#562,#563);
#565=CIRCLE('',#564,0.00299999999999999);
#566=CARTESIAN_POINT('',(-0.041,-0.000824999999999999,-0.011));
#567=VERTEX_POINT('',#566);
#568=EDGE_CURVE('',#556,#567,#565,.T.);
#569=ORIENTED_EDGE('',*,*,#568,.T.);
#570=CARTESIAN_POINT('',(-0.041,-0.000824999999999999,-0.011));
#571=DIRECTION('',(3.1540426835942E-16,0.,-1.));
#572=VECTOR('',#571,1.);
#573=LINE('',#570,#572);
#574=CARTESIAN_POINT('',(-0.041,-0.000825,0.011));
#575=VERTEX_POINT('',#574);
#576=EDGE_CURVE('',#575,#567,#573,.T.);
#577=ORIENTED_EDGE('',*,*,#576,.F.);
#578=CARTESIAN_POINT('',(-0.038,-0.000824999999999999,0.011));
#579=DIRECTION('',(0.,1.,0.));
#580=DIRECTION('',(0.,0.,1.));
#581=AXIS2_PLACEMENT_3D('',#578,#579,#580);
#582=CIRCLE('',#581,0.003);
#583=EDGE_CURVE('',#575,#558,#582,.T.);
#584=ORIENTED_EDGE('',*,*,#583,.T.);
#585=EDGE_LOOP('',(#560,#569,#577,#584));
#586=FACE_BOUND('',#585,.T.);
#587=CARTESIAN_POINT('',(-0.027,-0.000824999999999999,0.0095));
#588=DIRECTION('',(0.,0.,-1.));
#589=VECTOR('',#588,1.);
#590=LINE('',#587,#589);
#591=CARTESIAN_POINT('',(-0.027,-0.000824999999999999,0.0095));
#592=VERTEX_POINT('',#591);
#593=CARTESIAN_POINT('',(-0.027,-0.000824999999999999,-0.0095));
#594=VERTEX_POINT('',#593);
#595=EDGE_CURVE('',#592,#594,#590,.T.);
#596=ORIENTED_EDGE('',*,*,#595,.F.);
#597=CARTESIAN_POINT('',(-0.0225,-0.000824999999999999,0.0095));
#598=DIRECTION('',(0.,1.,0.));
#599=DIRECTION('',(0.,0.,1.));
#600=AXIS2_PLACEMENT_3D('',#597,#598,#599);
#601=CIRCLE('',#600,0.0045);
#602=CARTESIAN_POINT('',(-0.018,-0.000824999999999999,0.0095));
#603=VERTEX_POINT('',#602);
#604=EDGE_CURVE('',#592,#603,#601,.T.);
#605=ORIENTED_EDGE('',*,*,#604,.T.);
#606=CARTESIAN_POINT('',(-0.018,-0.000824999999999999,0.0095));
#607=DIRECTION('',(1.82602471155453E-16,0.,1.));
#608=VECTOR('',#607,1.);
#609=LINE('',#606,#608);
#610=CARTESIAN_POINT('',(-0.018,-0.000825,-0.00949999999999999));
#611=VERTEX_POINT('',#610);
#612=EDGE_CURVE('',#611,#603,#609,.T.);
#613=ORIENTED_EDGE('',*,*,#612,.F.);
#614=CARTESIAN_POINT('',(-0.0225,-0.000824999999999999,-0.0095));
#615=DIRECTION('',(0.,1.,0.));
#616=DIRECTION('',(0.,0.,1.));
#617=AXIS2_PLACEMENT_3D('',#614,#615,#616);
#618=CIRCLE('',#617,0.0045);
#619=EDGE_CURVE('',#611,#594,#618,.T.);
#620=ORIENTED_EDGE('',*,*,#619,.T.);
#621=EDGE_LOOP('',(#596,#605,#613,#620));
#622=FACE_BOUND('',#621,.T.);
#623=CARTESIAN_POINT('',(-0.00850000000000001,-0.000825,0.0305));
#624=DIRECTION('',(0.,1.,0.));
#625=DIRECTION('',(0.,0.,1.));
#626=AXIS2_PLACEMENT_3D('',#623,#624,#625);
#627=CIRCLE('',#626,0.00654999999999999);
#628=CARTESIAN_POINT('',(-0.01505,-0.000825,0.0305));
#629=VERTEX_POINT('',#628);
#630=CARTESIAN_POINT('',(-0.00850000000000001,-0.000825,0.03705));
#631=VERTEX_POINT('',#630);
#632=EDGE_CURVE('',#629,#631,#627,.T.);
#633=ORIENTED_EDGE('',*,*,#632,.T.);
#634=CARTESIAN_POINT('',(0.,-0.000825,0.03705));
#635=DIRECTION('',(1.,0.,0.));
#636=VECTOR('',#635,1.);
#637=LINE('',#634,#636);
#638=CARTESIAN_POINT('',(0.0085,-0.000825,0.03705));
#639=VERTEX_POINT('',#638);
#640=EDGE_CURVE('',#631,#639,#637,.T.);
#641=ORIENTED_EDGE('',*,*,#640,.T.);
#642=CARTESIAN_POINT('',(0.0085,-0.000825,0.0305));
#643=DIRECTION('',(0.,1.,0.));
#644=DIRECTION('',(0.,0.,1.));
#645=AXIS2_PLACEMENT_3D('',#642,#643,#644);
#646=CIRCLE('',#645,0.00654999999999999);
#647=CARTESIAN_POINT('',(0.01505,-0.000825,0.0305));
#648=VERTEX_POINT('',#647);
#649=EDGE_CURVE('',#639,#648,#646,.T.);
#650=ORIENTED_EDGE('',*,*,#649,.T.);
#651=CARTESIAN_POINT('',(0.01505,-0.000825,0.));
#652=DIRECTION('',(0.,0.,-1.));
#653=VECTOR('',#652,1.);
#654=LINE('',#651,#653);
#655=CARTESIAN_POINT('',(0.01505,-0.000825,0.0225));
#656=VERTEX_POINT('',#655);
#657=EDGE_CURVE('',#648,#656,#654,.T.);
#658=ORIENTED_EDGE('',*,*,#657,.T.);
#659=CARTESIAN_POINT('',(0.0085,-0.000825,0.0225));
#660=DIRECTION('',(0.,1.,0.));
#661=DIRECTION('',(0.,0.,1.));
#662=AXIS2_PLACEMENT_3D('',#659,#660,#661);
#663=CIRCLE('',#662,0.00654999999999999);
#664=CARTESIAN_POINT('',(0.00849999999999999,-0.000825,0.01595));
#665=VERTEX_POINT('',#664);
#666=EDGE_CURVE('',#656,#665,#663,.T.);
#667=ORIENTED_EDGE('',*,*,#666,.T.);
#668=CARTESIAN_POINT('',(6.51031516278356E-18,-0.000825,0.01595));
#669=DIRECTION('',(1.,0.,-4.08170229641602E-16));
#670=VECTOR('',#669,1.);
#671=LINE('',#668,#670);
#672=CARTESIAN_POINT('',(-0.00849999999999999,-0.000825,0.01595));
#673=VERTEX_POINT('',#672);
#674=EDGE_CURVE('',#673,#665,#671,.T.);
#675=ORIENTED_EDGE('',*,*,#674,.F.);
#676=CARTESIAN_POINT('',(-0.00849999999999998,-0.000825,0.0225));
#677=DIRECTION('',(0.,1.,0.));
#678=DIRECTION('',(0.,0.,1.));
#679=AXIS2_PLACEMENT_3D('',#676,#677,#678);
#680=CIRCLE('',#679,0.00654999999999999);
#681=CARTESIAN_POINT('',(-0.01505,-0.000825,0.0225));
#682=VERTEX_POINT('',#681);
#683=EDGE_CURVE('',#673,#682,#680,.T.);
#684=ORIENTED_EDGE('',*,*,#683,.T.);
#685=CARTESIAN_POINT('',(-0.0150499999999999,-0.000825,-4.89517280877202E-17));
#686=DIRECTION('',(3.25260651745651E-15,0.,-1.));
#687=VECTOR('',#686,1.);
#688=LINE('',#685,#687);
#689=EDGE_CURVE('',#629,#682,#688,.T.);
#690=ORIENTED_EDGE('',*,*,#689,.F.);
#691=EDGE_LOOP('',(#633,#641,#650,#658,#667,#675,#684,#690));
#692=FACE_BOUND('',#691,.T.);
#693=CARTESIAN_POINT('',(0.01505,-0.000825,-3.26344853918137E-18));
#694=DIRECTION('',(2.16840434497101E-16,0.,1.));
#695=VECTOR('',#694,1.);
#696=LINE('',#693,#695);
#697=CARTESIAN_POINT('',(0.01505,-0.000825,-0.0305));
#698=VERTEX_POINT('',#697);
#699=CARTESIAN_POINT('',(0.01505,-0.000825,-0.0225));
#700=VERTEX_POINT('',#699);
#701=EDGE_CURVE('',#698,#700,#696,.T.);
#702=ORIENTED_EDGE('',*,*,#701,.F.);
#703=CARTESIAN_POINT('',(0.00849999999999999,-0.000825,-0.0305));
#704=DIRECTION('',(0.,1.,0.));
#705=DIRECTION('',(0.,0.,1.));
#706=AXIS2_PLACEMENT_3D('',#703,#704,#705);
#707=CIRCLE('',#706,0.00655000000000001);
#708=CARTESIAN_POINT('',(0.00849999999999999,-0.000825,-0.03705));
#709=VERTEX_POINT('',#708);
#710=EDGE_CURVE('',#698,#709,#707,.T.);
#711=ORIENTED_EDGE('',*,*,#710,.T.);
#712=CARTESIAN_POINT('',(-3.02454140164427E-17,-0.000825,-0.03705));
#713=DIRECTION('',(1.,0.,-8.16340459283204E-16));
#714=VECTOR('',#713,1.);
#715=LINE('',#712,#714);
#716=CARTESIAN_POINT('',(-0.0085,-0.000825,-0.03705));
#717=VERTEX_POINT('',#716);
#718=EDGE_CURVE('',#717,#709,#715,.T.);
#719=ORIENTED_EDGE('',*,*,#718,.F.);
#720=CARTESIAN_POINT('',(-0.0085,-0.000825,-0.0305));
#721=DIRECTION('',(0.,1.,0.));
#722=DIRECTION('',(0.,0.,1.));
#723=AXIS2_PLACEMENT_3D('',#720,#721,#722);
#724=CIRCLE('',#723,0.00655);
#725=CARTESIAN_POINT('',(-0.01505,-0.000825,-0.0305));
#726=VERTEX_POINT('',#725);
#727=EDGE_CURVE('',#717,#726,#724,.T.);
#728=ORIENTED_EDGE('',*,*,#727,.T.);
#729=CARTESIAN_POINT('',(-0.01505,-0.000825,1.30537941567255E-17));
#730=DIRECTION('',(-8.67361737988404E-16,0.,-1.));
#731=VECTOR('',#730,1.);
#732=LINE('',#729,#731);
#733=CARTESIAN_POINT('',(-0.01505,-0.000825,-0.0225));
#734=VERTEX_POINT('',#733);
#735=EDGE_CURVE('',#734,#726,#732,.T.);
#736=ORIENTED_EDGE('',*,*,#735,.F.);
#737=CARTESIAN_POINT('',(-0.00849999999999999,-0.000825,-0.0225));
#738=DIRECTION('',(0.,1.,0.));
#739=DIRECTION('',(0.,0.,1.));
#740=AXIS2_PLACEMENT_3D('',#737,#738,#739);
#741=CIRCLE('',#740,0.00655);
#742=CARTESIAN_POINT('',(-0.00849999999999999,-0.000825,-0.01595));
#743=VERTEX_POINT('',#742);
#744=EDGE_CURVE('',#734,#743,#741,.T.);
#745=ORIENTED_EDGE('',*,*,#744,.T.);
#746=CARTESIAN_POINT('',(-3.25515758139178E-18,-0.000825,-0.01595));
#747=DIRECTION('',(1.,0.,-2.04085114820801E-16));
#748=VECTOR('',#747,1.);
#749=LINE('',#746,#748);
#750=CARTESIAN_POINT('',(0.0085,-0.000825,-0.01595));
#751=VERTEX_POINT('',#750);
#752=EDGE_CURVE('',#743,#751,#749,.T.);
#753=ORIENTED_EDGE('',*,*,#752,.T.);
#754=CARTESIAN_POINT('',(0.0085,-0.000825,-0.0225));
#755=DIRECTION('',(0.,1.,0.));
#756=DIRECTION('',(0.,0.,1.));
#757=AXIS2_PLACEMENT_3D('',#754,#755,#756);
#758=CIRCLE('',#757,0.00655);
#759=EDGE_CURVE('',#751,#700,#758,.T.);
#760=ORIENTED_EDGE('',*,*,#759,.T.);
#761=EDGE_LOOP('',(#702,#711,#719,#728,#736,#745,#753,#760));
#762=FACE_BOUND('',#761,.T.);
#763=ADVANCED_FACE('',(#171,#182,#193,#204,#215,#226,#237,#248,#259,#270,#281,#292,#303,#314,#325,#336,#478,#514,#550,#586,#622,#692,#762),#19,.F.);
#764=CARTESIAN_POINT('',(-0.00849999999999998,-0.000824999999999999,0.018));
#765=DIRECTION('',(1.,0.,-2.04085114820801E-16));
#766=VECTOR('',#765,1.);
#767=LINE('',#764,#766);
#768=CARTESIAN_POINT('',(-0.00849999999999998,-0.000824999999999999,0.018));
#769=VERTEX_POINT('',#768);
#770=CARTESIAN_POINT('',(0.00849999999999999,-0.000824999999999999,0.018));
#771=VERTEX_POINT('',#770);
#772=EDGE_CURVE('',#769,#771,#767,.T.);
#773=ORIENTED_EDGE('',*,*,#772,.F.);
#774=CARTESIAN_POINT('',(-0.00849999999999998,-0.000824999999999999,0.0225));
#775=DIRECTION('',(0.,1.,0.));
#776=DIRECTION('',(0.,0.,1.));
#777=AXIS2_PLACEMENT_3D('',#774,#775,#776);
#778=CIRCLE('',#777,0.00450000000000001);
#779=CARTESIAN_POINT('',(-0.013,-0.000824999999999999,0.0225));
#780=VERTEX_POINT('',#779);
#781=EDGE_CURVE('',#769,#780,#778,.T.);
#782=ORIENTED_EDGE('',*,*,#781,.T.);
#783=CARTESIAN_POINT('',(-0.013,-0.000824999999999999,0.0225));
#784=DIRECTION('',(0.,0.,-1.));
#785=VECTOR('',#784,1.);
#786=LINE('',#783,#785);
#787=CARTESIAN_POINT('',(-0.013,-0.000825,0.0305));
#788=VERTEX_POINT('',#787);
#789=EDGE_CURVE('',#788,#780,#786,.T.);
#790=ORIENTED_EDGE('',*,*,#789,.F.);
#791=CARTESIAN_POINT('',(-0.00850000000000001,-0.000824999999999999,0.0305));
#792=DIRECTION('',(0.,1.,0.));
#793=DIRECTION('',(0.,0.,1.));
#794=AXIS2_PLACEMENT_3D('',#791,#792,#793);
#795=CIRCLE('',#794,0.00449999999999999);
#796=CARTESIAN_POINT('',(-0.00850000000000001,-0.000824999999999999,0.035));
#797=VERTEX_POINT('',#796);
#798=EDGE_CURVE('',#788,#797,#795,.T.);
#799=ORIENTED_EDGE('',*,*,#798,.T.);
#800=CARTESIAN_POINT('',(-0.00849999999999998,-0.000824999999999999,0.035));
#801=DIRECTION('',(-1.,0.,0.));
#802=VECTOR('',#801,1.);
#803=LINE('',#800,#802);
#804=CARTESIAN_POINT('',(0.00849999999999999,-0.000824999999999999,0.035));
#805=VERTEX_POINT('',#804);
#806=EDGE_CURVE('',#805,#797,#803,.T.);
#807=ORIENTED_EDGE('',*,*,#806,.F.);
#808=CARTESIAN_POINT('',(0.0085,-0.000824999999999999,0.0305));
#809=DIRECTION('',(0.,1.,0.));
#810=DIRECTION('',(0.,0.,1.));
#811=AXIS2_PLACEMENT_3D('',#808,#809,#810);
#812=CIRCLE('',#811,0.00449999999999999);
#813=CARTESIAN_POINT('',(0.013,-0.000824999999999999,0.0305));
#814=VERTEX_POINT('',#813);
#815=EDGE_CURVE('',#805,#814,#812,.T.);
#816=ORIENTED_EDGE('',*,*,#815,.T.);
#817=CARTESIAN_POINT('',(0.013,-0.000824999999999999,0.0225));
#818=DIRECTION('',(0.,0.,1.));
#819=VECTOR('',#818,1.);
#820=LINE('',#817,#819);
#821=CARTESIAN_POINT('',(0.013,-0.000824999999999999,0.0225));
#822=VERTEX_POINT('',#821);
#823=EDGE_CURVE('',#822,#814,#820,.T.);
#824=ORIENTED_EDGE('',*,*,#823,.F.);
#825=CARTESIAN_POINT('',(0.0085,-0.000824999999999999,0.0225));
#826=DIRECTION('',(0.,1.,0.));
#827=DIRECTION('',(0.,0.,1.));
#828=AXIS2_PLACEMENT_3D('',#825,#826,#827);
#829=CIRCLE('',#828,0.0045);
#830=EDGE_CURVE('',#822,#771,#829,.T.);
#831=ORIENTED_EDGE('',*,*,#830,.T.);
#832=EDGE_LOOP('',(#773,#782,#790,#799,#807,#816,#824,#831));
#833=FACE_BOUND('',#832,.T.);
#834=CARTESIAN_POINT('',(0.0085,-0.000825,0.0305));
#835=DIRECTION('',(0.,1.,0.));
#836=DIRECTION('',(0.,0.,1.));
#837=AXIS2_PLACEMENT_3D('',#834,#835,#836);
#838=CIRCLE('',#837,0.00474999999999999);
#839=CARTESIAN_POINT('',(0.0085,-0.000825,0.03525));
#840=VERTEX_POINT('',#839);
#841=CARTESIAN_POINT('',(0.01325,-0.000825,0.0305));
#842=VERTEX_POINT('',#841);
#843=EDGE_CURVE('',#840,#842,#838,.T.);
#844=ORIENTED_EDGE('',*,*,#843,.F.);
#845=CARTESIAN_POINT('',(0.,-0.000825,0.03525));
#846=DIRECTION('',(1.,0.,0.));
#847=VECTOR('',#846,1.);
#848=LINE('',#845,#847);
#849=CARTESIAN_POINT('',(-0.00850000000000001,-0.000825,0.03525));
#850=VERTEX_POINT('',#849);
#851=EDGE_CURVE('',#850,#840,#848,.T.);
#852=ORIENTED_EDGE('',*,*,#851,.F.);
#853=CARTESIAN_POINT('',(-0.00850000000000001,-0.000825,0.0305));
#854=DIRECTION('',(0.,1.,0.));
#855=DIRECTION('',(0.,0.,1.));
#856=AXIS2_PLACEMENT_3D('',#853,#854,#855);
#857=CIRCLE('',#856,0.00474999999999999);
#858=CARTESIAN_POINT('',(-0.01325,-0.000825,0.0305));
#859=VERTEX_POINT('',#858);
#860=EDGE_CURVE('',#859,#850,#857,.T.);
#861=ORIENTED_EDGE('',*,*,#860,.F.);
#862=CARTESIAN_POINT('',(-0.0132499999999999,-0.000825,-4.5970172113385E-17));
#863=DIRECTION('',(3.46944695195361E-15,0.,-1.));
#864=VECTOR('',#863,1.);
#865=LINE('',#862,#864);
#866=CARTESIAN_POINT('',(-0.01325,-0.000825,0.0225));
#867=VERTEX_POINT('',#866);
#868=EDGE_CURVE('',#859,#867,#865,.T.);
#869=ORIENTED_EDGE('',*,*,#868,.T.);
#870=CARTESIAN_POINT('',(-0.00849999999999998,-0.000825,0.0225));
#871=DIRECTION('',(0.,1.,0.));
#872=DIRECTION('',(0.,0.,1.));
#873=AXIS2_PLACEMENT_3D('',#870,#871,#872);
#874=CIRCLE('',#873,0.00474999999999999);
#875=CARTESIAN_POINT('',(-0.00849999999999999,-0.000825,0.01775));
#876=VERTEX_POINT('',#875);
#877=EDGE_CURVE('',#876,#867,#874,.T.);
#878=ORIENTED_EDGE('',*,*,#877,.F.);
#879=CARTESIAN_POINT('',(7.24502157613844E-18,-0.000825,0.01775));
#880=DIRECTION('',(1.,0.,-4.08170229641602E-16));
#881=VECTOR('',#880,1.);
#882=LINE('',#879,#881);
#883=CARTESIAN_POINT('',(0.00849999999999999,-0.000825,0.01775));
#884=VERTEX_POINT('',#883);
#885=EDGE_CURVE('',#876,#884,#882,.T.);
#886=ORIENTED_EDGE('',*,*,#885,.T.);
#887=CARTESIAN_POINT('',(0.0085,-0.000825,0.0225));
#888=DIRECTION('',(0.,1.,0.));
#889=DIRECTION('',(0.,0.,1.));
#890=AXIS2_PLACEMENT_3D('',#887,#888,#889);
#891=CIRCLE('',#890,0.00474999999999999);
#892=CARTESIAN_POINT('',(0.01325,-0.000825,0.0225));
#893=VERTEX_POINT('',#892);
#894=EDGE_CURVE('',#893,#884,#891,.T.);
#895=ORIENTED_EDGE('',*,*,#894,.F.);
#896=CARTESIAN_POINT('',(0.01325,-0.000825,0.));
#897=DIRECTION('',(0.,0.,-1.));
#898=VECTOR('',#897,1.);
#899=LINE('',#896,#898);
#900=EDGE_CURVE('',#842,#893,#899,.T.);
#901=ORIENTED_EDGE('',*,*,#900,.F.);
#902=EDGE_LOOP('',(#844,#852,#861,#869,#878,#886,#895,#901));
#903=FACE_BOUND('',#902,.T.);
#904=ADVANCED_FACE('',(#833,#903),#19,.F.);
#905=CARTESIAN_POINT('',(0.0317403131083168,-0.000825,-0.0493995412201418));
#906=DIRECTION('',(0.,1.,0.));
#907=DIRECTION('',(0.,0.,1.));
#908=AXIS2_PLACEMENT_3D('',#905,#906,#907);
#909=CIRCLE('',#908,0.00467545877985825);
#910=CARTESIAN_POINT('',(0.0350463617167128,-0.000825,-0.0527055898285377));
#911=VERTEX_POINT('',#910);
#912=CARTESIAN_POINT('',(0.0301604785192151,-0.000825,-0.0538));
#913=VERTEX_POINT('',#912);
#914=EDGE_CURVE('',#911,#913,#909,.T.);
#915=ORIENTED_EDGE('',*,*,#914,.F.);
#916=CARTESIAN_POINT('',(0.0350463617167128,-0.000825,-0.0527055898285377));
#917=DIRECTION('',(-0.707106781186549,0.,-0.707106781186546));
#918=VECTOR('',#917,1.);
#919=LINE('',#916,#918);
#920=CARTESIAN_POINT('',(0.0527055898285376,-0.000825,-0.035046361716713));
#921=VERTEX_POINT('',#920);
#922=EDGE_CURVE('',#921,#911,#919,.T.);
#923=ORIENTED_EDGE('',*,*,#922,.F.);
#924=CARTESIAN_POINT('',(0.0493995412201414,-0.000825,-0.0317403131083168));
#925=DIRECTION('',(0.,1.,0.));
#926=DIRECTION('',(0.,0.,1.));
#927=AXIS2_PLACEMENT_3D('',#924,#925,#926);
#928=CIRCLE('',#927,0.00467545877985861);
#929=CARTESIAN_POINT('',(0.0538,-0.000825,-0.0301604785192151));
#930=VERTEX_POINT('',#929);
#931=EDGE_CURVE('',#930,#921,#928,.T.);
#932=ORIENTED_EDGE('',*,*,#931,.F.);
#933=CARTESIAN_POINT('',(0.137808758524575,-0.000825,6.31088724176809E-30));
#934=DIRECTION('',(0.,-1.,0.));
#935=DIRECTION('',(0.,0.,1.));
#936=AXIS2_PLACEMENT_3D('',#933,#934,#935);
#937=CIRCLE('',#936,0.0892587585245745);
#938=CARTESIAN_POINT('',(0.0538,-0.000825,0.030160478519215));
#939=VERTEX_POINT('',#938);
#940=EDGE_CURVE('',#939,#930,#937,.T.);
#941=ORIENTED_EDGE('',*,*,#940,.F.);
#942=CARTESIAN_POINT('',(0.0493995412201418,-0.000825,0.0317403131083168));
#943=DIRECTION('',(0.,1.,0.));
#944=DIRECTION('',(0.,0.,1.));
#945=AXIS2_PLACEMENT_3D('',#942,#943,#944);
#946=CIRCLE('',#945,0.00467545877985822);
#947=CARTESIAN_POINT('',(0.0527055898285377,-0.000825,0.0350463617167127));
#948=VERTEX_POINT('',#947);
#949=EDGE_CURVE('',#948,#939,#946,.T.);
#950=ORIENTED_EDGE('',*,*,#949,.F.);
#951=CARTESIAN_POINT('',(0.0350463617167129,-0.000825,0.0527055898285376));
#952=DIRECTION('',(0.707106781186546,0.,-0.707106781186549));
#953=VECTOR('',#952,1.);
#954=LINE('',#951,#953);
#955=CARTESIAN_POINT('',(0.0350463617167129,-0.000825,0.0527055898285376));
#956=VERTEX_POINT('',#955);
#957=EDGE_CURVE('',#956,#948,#954,.T.);
#958=ORIENTED_EDGE('',*,*,#957,.F.);
#959=CARTESIAN_POINT('',(0.0317403131083168,-0.000825,0.0493995412201414));
#960=DIRECTION('',(0.,1.,0.));
#961=DIRECTION('',(0.,0.,1.));
#962=AXIS2_PLACEMENT_3D('',#959,#960,#961);
#963=CIRCLE('',#962,0.00467545877985854);
#964=CARTESIAN_POINT('',(0.0301604785192151,-0.000825,0.0538));
#965=VERTEX_POINT('',#964);
#966=EDGE_CURVE('',#965,#956,#963,.T.);
#967=ORIENTED_EDGE('',*,*,#966,.F.);
#968=CARTESIAN_POINT('',(0.,-0.000825,0.137808758524574));
#969=DIRECTION('',(0.,-1.,0.));
#970=DIRECTION('',(0.,0.,1.));
#971=AXIS2_PLACEMENT_3D('',#968,#969,#970);
#972=CIRCLE('',#971,0.0892587585245745);
#973=CARTESIAN_POINT('',(-0.0301604785192151,-0.000825,0.0538));
#974=VERTEX_POINT('',#973);
#975=EDGE_CURVE('',#974,#965,#972,.T.);
#976=ORIENTED_EDGE('',*,*,#975,.F.);
#977=CARTESIAN_POINT('',(-0.0317403131083169,-0.000825,0.0493995412201418));
#978=DIRECTION('',(0.,1.,0.));
#979=DIRECTION('',(0.,0.,1.));
#980=AXIS2_PLACEMENT_3D('',#977,#978,#979);
#981=CIRCLE('',#980,0.0046754587798582);
#982=CARTESIAN_POINT('',(-0.0350463617167128,-0.000825,0.0527055898285378));
#983=VERTEX_POINT('',#982);
#984=EDGE_CURVE('',#983,#974,#981,.T.);
#985=ORIENTED_EDGE('',*,*,#984,.F.);
#986=CARTESIAN_POINT('',(-0.0527055898285376,-0.000825,0.035046361716713));
#987=DIRECTION('',(0.707106781186549,0.,0.707106781186546));
#988=VECTOR('',#987,1.);
#989=LINE('',#986,#988);
#990=CARTESIAN_POINT('',(-0.0527055898285376,-0.000825,0.035046361716713));
#991=VERTEX_POINT('',#990);
#992=EDGE_CURVE('',#991,#983,#989,.T.);
#993=ORIENTED_EDGE('',*,*,#992,.F.);
#994=CARTESIAN_POINT('',(-0.0493995412201414,-0.000825,0.0317403131083168));
#995=DIRECTION('',(0.,1.,0.));
#996=DIRECTION('',(0.,0.,1.));
#997=AXIS2_PLACEMENT_3D('',#994,#995,#996);
#998=CIRCLE('',#997,0.00467545877985857);
#999=CARTESIAN_POINT('',(-0.0538,-0.000825,0.0301604785192151));
#1000=VERTEX_POINT('',#999);
#1001=EDGE_CURVE('',#1000,#991,#998,.T.);
#1002=ORIENTED_EDGE('',*,*,#1001,.F.);
#1003=CARTESIAN_POINT('',(-0.137808758524574,-0.000825,4.34998886281967E-28));
#1004=DIRECTION('',(0.,-1.,0.));
#1005=DIRECTION('',(0.,0.,1.));
#1006=AXIS2_PLACEMENT_3D('',#1003,#1004,#1005);
#1007=CIRCLE('',#1006,0.0892587585245745);
#1008=CARTESIAN_POINT('',(-0.0538,-0.000825,-0.0301604785192151));
#1009=VERTEX_POINT('',#1008);
#1010=EDGE_CURVE('',#1009,#1000,#1007,.T.);
#1011=ORIENTED_EDGE('',*,*,#1010,.F.);
#1012=CARTESIAN_POINT('',(-0.0493995412201417,-0.000825,-0.0317403131083168));
#1013=DIRECTION('',(0.,1.,0.));
#1014=DIRECTION('',(0.,0.,1.));
#1015=AXIS2_PLACEMENT_3D('',#1012,#1013,#1014);
#1016=CIRCLE('',#1015,0.00467545877985828);
#1017=CARTESIAN_POINT('',(-0.0527055898285377,-0.000825,-0.0350463617167127));
#1018=VERTEX_POINT('',#1017);
#1019=EDGE_CURVE('',#1018,#1009,#1016,.T.);
#1020=ORIENTED_EDGE('',*,*,#1019,.F.);
#1021=CARTESIAN_POINT('',(-0.0527055898285377,-0.000825,-0.0350463617167127));
#1022=DIRECTION('',(-0.707106781186546,0.,0.707106781186549));
#1023=VECTOR('',#1022,1.);
#1024=LINE('',#1021,#1023);
#1025=CARTESIAN_POINT('',(-0.0350463617167129,-0.000825,-0.0527055898285376));
#1026=VERTEX_POINT('',#1025);
#1027=EDGE_CURVE('',#1026,#1018,#1024,.T.);
#1028=ORIENTED_EDGE('',*,*,#1027,.F.);
#1029=CARTESIAN_POINT('',(-0.0317403131083168,-0.000825,-0.0493995412201414));
#1030=DIRECTION('',(0.,1.,0.));
#1031=DIRECTION('',(0.,0.,1.));
#1032=AXIS2_PLACEMENT_3D('',#1029,#1030,#1031);
#1033=CIRCLE('',#1032,0.00467545877985854);
#1034=CARTESIAN_POINT('',(-0.0301604785192151,-0.000825,-0.0538));
#1035=VERTEX_POINT('',#1034);
#1036=EDGE_CURVE('',#1035,#1026,#1033,.T.);
#1037=ORIENTED_EDGE('',*,*,#1036,.F.);
#1038=CARTESIAN_POINT('',(-9.80586021949021E-27,-0.000825,-0.137808758524574));
#1039=DIRECTION('',(0.,-1.,0.));
#1040=DIRECTION('',(0.,0.,1.));
#1041=AXIS2_PLACEMENT_3D('',#1038,#1039,#1040);
#1042=CIRCLE('',#1041,0.0892587585245745);
#1043=EDGE_CURVE('',#913,#1035,#1042,.T.);
#1044=ORIENTED_EDGE('',*,*,#1043,.F.);
#1045=EDGE_LOOP('',(#915,#923,#932,#941,#950,#958,#967,#976,#985,#993,#1002,#1011,#1020,#1028,#1037,#1044));
#1046=FACE_BOUND('',#1045,.T.);
#1047=CARTESIAN_POINT('',(0.,-0.000825,-0.137808758524574));
#1048=DIRECTION('',(0.,1.,0.));
#1049=DIRECTION('',(0.,0.,1.));
#1050=AXIS2_PLACEMENT_3D('',#1047,#1048,#1049);
#1051=CIRCLE('',#1050,0.0895087585245745);
#1052=CARTESIAN_POINT('',(-0.0302449533624063,-0.000825,-0.0535647044393368));
#1053=VERTEX_POINT('',#1052);
#1054=CARTESIAN_POINT('',(0.0302449533624064,-0.000825,-0.0535647044393368));
#1055=VERTEX_POINT('',#1054);
#1056=EDGE_CURVE('',#1053,#1055,#1051,.T.);
#1057=ORIENTED_EDGE('',*,*,#1056,.F.);
#1058=CARTESIAN_POINT('',(-0.0317403131083168,-0.000825,-0.0493995412201414));
#1059=DIRECTION('',(0.,1.,0.));
#1060=DIRECTION('',(0.,0.,1.));
#1061=AXIS2_PLACEMENT_3D('',#1058,#1059,#1060);
#1062=CIRCLE('',#1061,0.00442545877985854);
#1063=CARTESIAN_POINT('',(-0.0348695850214163,-0.000825,-0.052528813133241));
#1064=VERTEX_POINT('',#1063);
#1065=EDGE_CURVE('',#1053,#1064,#1062,.T.);
#1066=ORIENTED_EDGE('',*,*,#1065,.T.);
#1067=CARTESIAN_POINT('',(-0.0436991990773286,-0.000825,-0.0436991990773286));
#1068=DIRECTION('',(0.707106781186547,0.,-0.707106781186548));
#1069=VECTOR('',#1068,1.);
#1070=LINE('',#1067,#1069);
#1071=CARTESIAN_POINT('',(-0.0525288131332411,-0.000825,-0.0348695850214161));
#1072=VERTEX_POINT('',#1071);
#1073=EDGE_CURVE('',#1072,#1064,#1070,.T.);
#1074=ORIENTED_EDGE('',*,*,#1073,.F.);
#1075=CARTESIAN_POINT('',(-0.0493995412201417,-0.000825,-0.0317403131083168));
#1076=DIRECTION('',(0.,1.,0.));
#1077=DIRECTION('',(0.,0.,1.));
#1078=AXIS2_PLACEMENT_3D('',#1075,#1076,#1077);
#1079=CIRCLE('',#1078,0.00442545877985828);
#1080=CARTESIAN_POINT('',(-0.0535647044393368,-0.000825,-0.0302449533624063));
#1081=VERTEX_POINT('',#1080);
#1082=EDGE_CURVE('',#1072,#1081,#1079,.T.);
#1083=ORIENTED_EDGE('',*,*,#1082,.T.);
#1084=CARTESIAN_POINT('',(-0.137808758524574,-0.000825,0.));
#1085=DIRECTION('',(0.,1.,0.));
#1086=DIRECTION('',(0.,0.,1.));
#1087=AXIS2_PLACEMENT_3D('',#1084,#1085,#1086);
#1088=CIRCLE('',#1087,0.0895087585245745);
#1089=CARTESIAN_POINT('',(-0.0535647044393368,-0.000825,0.0302449533624063));
#1090=VERTEX_POINT('',#1089);
#1091=EDGE_CURVE('',#1090,#1081,#1088,.T.);
#1092=ORIENTED_EDGE('',*,*,#1091,.F.);
#1093=CARTESIAN_POINT('',(-0.0493995412201414,-0.000825,0.0317403131083168));
#1094=DIRECTION('',(0.,1.,0.));
#1095=DIRECTION('',(0.,0.,1.));
#1096=AXIS2_PLACEMENT_3D('',#1093,#1094,#1095);
#1097=CIRCLE('',#1096,0.00442545877985853);
#1098=CARTESIAN_POINT('',(-0.0525288131332409,-0.000825,0.0348695850214163));
#1099=VERTEX_POINT('',#1098);
#1100=EDGE_CURVE('',#1090,#1099,#1097,.T.);
#1101=ORIENTED_EDGE('',*,*,#1100,.T.);
#1102=CARTESIAN_POINT('',(-0.0436991990773286,-0.000825,0.0436991990773286));
#1103=DIRECTION('',(0.707106781186548,0.,0.707106781186548));
#1104=VECTOR('',#1103,1.);
#1105=LINE('',#1102,#1104);
#1106=CARTESIAN_POINT('',(-0.0348695850214161,-0.000825,0.0525288131332411));
#1107=VERTEX_POINT('',#1106);
#1108=EDGE_CURVE('',#1099,#1107,#1105,.T.);
#1109=ORIENTED_EDGE('',*,*,#1108,.T.);
#1110=CARTESIAN_POINT('',(-0.0317403131083169,-0.000825,0.0493995412201418));
#1111=DIRECTION('',(0.,1.,0.));
#1112=DIRECTION('',(0.,0.,1.));
#1113=AXIS2_PLACEMENT_3D('',#1110,#1111,#1112);
#1114=CIRCLE('',#1113,0.00442545877985821);
#1115=CARTESIAN_POINT('',(-0.0302449533624064,-0.000825,0.0535647044393368));
#1116=VERTEX_POINT('',#1115);
#1117=EDGE_CURVE('',#1107,#1116,#1114,.T.);
#1118=ORIENTED_EDGE('',*,*,#1117,.T.);
#1119=CARTESIAN_POINT('',(0.,-0.000825,0.137808758524574));
#1120=DIRECTION('',(0.,1.,0.));
#1121=DIRECTION('',(0.,0.,1.));
#1122=AXIS2_PLACEMENT_3D('',#1119,#1120,#1121);
#1123=CIRCLE('',#1122,0.0895087585245745);
#1124=CARTESIAN_POINT('',(0.0302449533624063,-0.000825,0.0535647044393368));
#1125=VERTEX_POINT('',#1124);
#1126=EDGE_CURVE('',#1125,#1116,#1123,.T.);
#1127=ORIENTED_EDGE('',*,*,#1126,.F.);
#1128=CARTESIAN_POINT('',(0.0317403131083168,-0.000825,0.0493995412201414));
#1129=DIRECTION('',(0.,1.,0.));
#1130=DIRECTION('',(0.,0.,1.));
#1131=AXIS2_PLACEMENT_3D('',#1128,#1129,#1130);
#1132=CIRCLE('',#1131,0.00442545877985853);
#1133=CARTESIAN_POINT('',(0.0348695850214163,-0.000825,0.0525288131332409));
#1134=VERTEX_POINT('',#1133);
#1135=EDGE_CURVE('',#1125,#1134,#1132,.T.);
#1136=ORIENTED_EDGE('',*,*,#1135,.T.);
#1137=CARTESIAN_POINT('',(0.0436991990773286,-0.000825,0.0436991990773286));
#1138=DIRECTION('',(0.707106781186548,0.,-0.707106781186547));
#1139=VECTOR('',#1138,1.);
#1140=LINE('',#1137,#1139);
#1141=CARTESIAN_POINT('',(0.0525288131332411,-0.000825,0.0348695850214161));
#1142=VERTEX_POINT('',#1141);
#1143=EDGE_CURVE('',#1134,#1142,#1140,.T.);
#1144=ORIENTED_EDGE('',*,*,#1143,.T.);
#1145=CARTESIAN_POINT('',(0.0493995412201418,-0.000825,0.0317403131083168));
#1146=DIRECTION('',(0.,1.,0.));
#1147=DIRECTION('',(0.,0.,1.));
#1148=AXIS2_PLACEMENT_3D('',#1145,#1146,#1147);
#1149=CIRCLE('',#1148,0.00442545877985825);
#1150=CARTESIAN_POINT('',(0.0535647044393368,-0.000825,0.0302449533624064));
#1151=VERTEX_POINT('',#1150);
#1152=EDGE_CURVE('',#1142,#1151,#1149,.T.);
#1153=ORIENTED_EDGE('',*,*,#1152,.T.);
#1154=CARTESIAN_POINT('',(0.137808758524575,-0.000825,0.));
#1155=DIRECTION('',(0.,1.,0.));
#1156=DIRECTION('',(0.,0.,1.));
#1157=AXIS2_PLACEMENT_3D('',#1154,#1155,#1156);
#1158=CIRCLE('',#1157,0.0895087585245745);
#1159=CARTESIAN_POINT('',(0.0535647044393368,-0.000825,-0.0302449533624063));
#1160=VERTEX_POINT('',#1159);
#1161=EDGE_CURVE('',#1160,#1151,#1158,.T.);
#1162=ORIENTED_EDGE('',*,*,#1161,.F.);
#1163=CARTESIAN_POINT('',(0.0493995412201414,-0.000825,-0.0317403131083168));
#1164=DIRECTION('',(0.,1.,0.));
#1165=DIRECTION('',(0.,0.,1.));
#1166=AXIS2_PLACEMENT_3D('',#1163,#1164,#1165);
#1167=CIRCLE('',#1166,0.00442545877985862);
#1168=CARTESIAN_POINT('',(0.052528813133241,-0.000825,-0.0348695850214164));
#1169=VERTEX_POINT('',#1168);
#1170=EDGE_CURVE('',#1160,#1169,#1167,.T.);
#1171=ORIENTED_EDGE('',*,*,#1170,.T.);
#1172=CARTESIAN_POINT('',(0.0436991990773287,-0.000825,-0.0436991990773287));
#1173=DIRECTION('',(0.707106781186548,0.,0.707106781186547));
#1174=VECTOR('',#1173,1.);
#1175=LINE('',#1172,#1174);
#1176=CARTESIAN_POINT('',(0.0348695850214162,-0.000825,-0.0525288131332411));
#1177=VERTEX_POINT('',#1176);
#1178=EDGE_CURVE('',#1177,#1169,#1175,.T.);
#1179=ORIENTED_EDGE('',*,*,#1178,.F.);
#1180=CARTESIAN_POINT('',(0.0317403131083168,-0.000825,-0.0493995412201418));
#1181=DIRECTION('',(0.,1.,0.));
#1182=DIRECTION('',(0.,0.,1.));
#1183=AXIS2_PLACEMENT_3D('',#1180,#1181,#1182);
#1184=CIRCLE('',#1183,0.00442545877985828);
#1185=EDGE_CURVE('',#1177,#1055,#1184,.T.);
#1186=ORIENTED_EDGE('',*,*,#1185,.T.);
#1187=EDGE_LOOP('',(#1057,#1066,#1074,#1083,#1092,#1101,#1109,#1118,#1127,#1136,#1144,#1153,#1162,#1171,#1179,#1186));
#1188=FACE_BOUND('',#1187,.T.);
#1189=ADVANCED_FACE('',(#1046,#1188),#19,.F.);
#1190=CARTESIAN_POINT('',(0.0317403131083168,0.000825,-0.0493995412201418));
#1191=DIRECTION('',(0.,1.,0.));
#1192=DIRECTION('',(0.,0.,1.));
#1193=AXIS2_PLACEMENT_3D('',#1190,#1191,#1192);
#1194=PLANE('',#1193);
#1195=CARTESIAN_POINT('',(0.00849999999999999,0.000825,-0.0305));
#1196=DIRECTION('',(0.,1.,0.));
#1197=DIRECTION('',(0.,0.,1.));
#1198=AXIS2_PLACEMENT_3D('',#1195,#1196,#1197);
#1199=CIRCLE('',#1198,0.00450000000000001);
#1200=CARTESIAN_POINT('',(0.013,0.000825,-0.0305));
#1201=VERTEX_POINT('',#1200);
#1202=CARTESIAN_POINT('',(0.00849999999999999,0.000825,-0.035));
#1203=VERTEX_POINT('',#1202);
#1204=EDGE_CURVE('',#1201,#1203,#1199,.T.);
#1205=ORIENTED_EDGE('',*,*,#1204,.F.);
#1206=CARTESIAN_POINT('',(0.013,0.000825,-0.0305));
#1207=DIRECTION('',(-2.16840434497101E-16,0.,-1.));
#1208=VECTOR('',#1207,1.);
#1209=LINE('',#1206,#1208);
#1210=CARTESIAN_POINT('',(0.013,0.000825,-0.0225));
#1211=VERTEX_POINT('',#1210);
#1212=EDGE_CURVE('',#1211,#1201,#1209,.T.);
#1213=ORIENTED_EDGE('',*,*,#1212,.F.);
#1214=CARTESIAN_POINT('',(0.0085,0.000825,-0.0225));
#1215=DIRECTION('',(0.,1.,0.));
#1216=DIRECTION('',(0.,0.,1.));
#1217=AXIS2_PLACEMENT_3D('',#1214,#1215,#1216);
#1218=CIRCLE('',#1217,0.0045);
#1219=CARTESIAN_POINT('',(0.00849999999999999,0.000825,-0.018));
#1220=VERTEX_POINT('',#1219);
#1221=EDGE_CURVE('',#1220,#1211,#1218,.T.);
#1222=ORIENTED_EDGE('',*,*,#1221,.F.);
#1223=CARTESIAN_POINT('',(-0.00849999999999999,0.000825,-0.018));
#1224=DIRECTION('',(1.,0.,-2.04085114820801E-16));
#1225=VECTOR('',#1224,1.);
#1226=LINE('',#1223,#1225);
#1227=CARTESIAN_POINT('',(-0.00849999999999999,0.000825,-0.018));
#1228=VERTEX_POINT('',#1227);
#1229=EDGE_CURVE('',#1228,#1220,#1226,.T.);
#1230=ORIENTED_EDGE('',*,*,#1229,.F.);
#1231=CARTESIAN_POINT('',(-0.00849999999999999,0.000825,-0.0225));
#1232=DIRECTION('',(0.,1.,0.));
#1233=DIRECTION('',(0.,0.,1.));
#1234=AXIS2_PLACEMENT_3D('',#1231,#1232,#1233);
#1235=CIRCLE('',#1234,0.00450000000000001);
#1236=CARTESIAN_POINT('',(-0.013,0.000825,-0.0225));
#1237=VERTEX_POINT('',#1236);
#1238=EDGE_CURVE('',#1237,#1228,#1235,.T.);
#1239=ORIENTED_EDGE('',*,*,#1238,.F.);
#1240=CARTESIAN_POINT('',(-0.013,0.000825,-0.0305));
#1241=DIRECTION('',(2.16840434497101E-16,0.,1.));
#1242=VECTOR('',#1241,1.);
#1243=LINE('',#1240,#1242);
#1244=CARTESIAN_POINT('',(-0.013,0.000825,-0.0305));
#1245=VERTEX_POINT('',#1244);
#1246=EDGE_CURVE('',#1245,#1237,#1243,.T.);
#1247=ORIENTED_EDGE('',*,*,#1246,.F.);
#1248=CARTESIAN_POINT('',(-0.0085,0.000825,-0.0305));
#1249=DIRECTION('',(0.,1.,0.));
#1250=DIRECTION('',(0.,0.,1.));
#1251=AXIS2_PLACEMENT_3D('',#1248,#1249,#1250);
#1252=CIRCLE('',#1251,0.0045);
#1253=CARTESIAN_POINT('',(-0.0085,0.000825,-0.035));
#1254=VERTEX_POINT('',#1253);
#1255=EDGE_CURVE('',#1254,#1245,#1252,.T.);
#1256=ORIENTED_EDGE('',*,*,#1255,.F.);
#1257=CARTESIAN_POINT('',(-0.0085,0.000825,-0.035));
#1258=DIRECTION('',(-1.,0.,4.08170229641602E-16));
#1259=VECTOR('',#1258,1.);
#1260=LINE('',#1257,#1259);
#1261=EDGE_CURVE('',#1203,#1254,#1260,.T.);
#1262=ORIENTED_EDGE('',*,*,#1261,.F.);
#1263=EDGE_LOOP('',(#1205,#1213,#1222,#1230,#1239,#1247,#1256,#1262));
#1264=FACE_BOUND('',#1263,.T.);
#1265=CARTESIAN_POINT('',(0.0085,0.000825,-0.0225));
#1266=DIRECTION('',(0.,1.,0.));
#1267=DIRECTION('',(0.,0.,1.));
#1268=AXIS2_PLACEMENT_3D('',#1265,#1266,#1267);
#1269=CIRCLE('',#1268,0.00475000000000001);
#1270=CARTESIAN_POINT('',(0.0085,0.000825,-0.01775));
#1271=VERTEX_POINT('',#1270);
#1272=CARTESIAN_POINT('',(0.01325,0.000825,-0.0225));
#1273=VERTEX_POINT('',#1272);
#1274=EDGE_CURVE('',#1271,#1273,#1269,.T.);
#1275=ORIENTED_EDGE('',*,*,#1274,.T.);
#1276=CARTESIAN_POINT('',(0.01325,0.000825,-5.74627151417318E-18));
#1277=DIRECTION('',(4.33680868994202E-16,0.,1.));
#1278=VECTOR('',#1277,1.);
#1279=LINE('',#1276,#1278);
#1280=CARTESIAN_POINT('',(0.01325,0.000825,-0.0305));
#1281=VERTEX_POINT('',#1280);
#1282=EDGE_CURVE('',#1281,#1273,#1279,.T.);
#1283=ORIENTED_EDGE('',*,*,#1282,.F.);
#1284=CARTESIAN_POINT('',(0.00849999999999999,0.000825,-0.0305));
#1285=DIRECTION('',(0.,1.,0.));
#1286=DIRECTION('',(0.,0.,1.));
#1287=AXIS2_PLACEMENT_3D('',#1284,#1285,#1286);
#1288=CIRCLE('',#1287,0.00475000000000001);
#1289=CARTESIAN_POINT('',(0.00849999999999999,0.000825,-0.03525));
#1290=VERTEX_POINT('',#1289);
#1291=EDGE_CURVE('',#1281,#1290,#1288,.T.);
#1292=ORIENTED_EDGE('',*,*,#1291,.T.);
#1293=CARTESIAN_POINT('',(-2.87760011897329E-17,0.000825,-0.03525));
#1294=DIRECTION('',(1.,0.,-8.16340459283204E-16));
#1295=VECTOR('',#1294,1.);
#1296=LINE('',#1293,#1295);
#1297=CARTESIAN_POINT('',(-0.0085,0.000825,-0.03525));
#1298=VERTEX_POINT('',#1297);
#1299=EDGE_CURVE('',#1298,#1290,#1296,.T.);
#1300=ORIENTED_EDGE('',*,*,#1299,.F.);
#1301=CARTESIAN_POINT('',(-0.0085,0.000825,-0.0305));
#1302=DIRECTION('',(0.,1.,0.));
#1303=DIRECTION('',(0.,0.,1.));
#1304=AXIS2_PLACEMENT_3D('',#1301,#1302,#1303);
#1305=CIRCLE('',#1304,0.00475);
#1306=CARTESIAN_POINT('',(-0.01325,0.000825,-0.0305));
#1307=VERTEX_POINT('',#1306);
#1308=EDGE_CURVE('',#1298,#1307,#1305,.T.);
#1309=ORIENTED_EDGE('',*,*,#1308,.T.);
#1310=CARTESIAN_POINT('',(-0.01325,0.000825,1.14925430283463E-17));
#1311=DIRECTION('',(-8.67361737988404E-16,0.,-1.));
#1312=VECTOR('',#1311,1.);
#1313=LINE('',#1310,#1312);
#1314=CARTESIAN_POINT('',(-0.01325,0.000825,-0.0225));
#1315=VERTEX_POINT('',#1314);
#1316=EDGE_CURVE('',#1315,#1307,#1313,.T.);
#1317=ORIENTED_EDGE('',*,*,#1316,.F.);
#1318=CARTESIAN_POINT('',(-0.00849999999999999,0.000825,-0.0225));
#1319=DIRECTION('',(0.,1.,0.));
#1320=DIRECTION('',(0.,0.,1.));
#1321=AXIS2_PLACEMENT_3D('',#1318,#1319,#1320);
#1322=CIRCLE('',#1321,0.00475);
#1323=CARTESIAN_POINT('',(-0.00849999999999999,0.000825,-0.01775));
#1324=VERTEX_POINT('',#1323);
#1325=EDGE_CURVE('',#1315,#1324,#1322,.T.);
#1326=ORIENTED_EDGE('',*,*,#1325,.T.);
#1327=CARTESIAN_POINT('',(0.,0.000825,-0.01775));
#1328=DIRECTION('',(1.,0.,0.));
#1329=VECTOR('',#1328,1.);
#1330=LINE('',#1327,#1329);
#1331=EDGE_CURVE('',#1324,#1271,#1330,.T.);
#1332=ORIENTED_EDGE('',*,*,#1331,.T.);
#1333=EDGE_LOOP('',(#1275,#1283,#1292,#1300,#1309,#1317,#1326,#1332));
#1334=FACE_BOUND('',#1333,.T.);
#1335=ADVANCED_FACE('',(#1264,#1334),#1194,.T.);
#1336=CARTESIAN_POINT('',(-0.0314662517628015,0.000825,-0.0480832611206851));
#1337=DIRECTION('',(0.,1.,0.));
#1338=DIRECTION('',(0.,0.,1.));
#1339=AXIS2_PLACEMENT_3D('',#1336,#1337,#1338);
#1340=CIRCLE('',#1339,0.003);
#1341=CARTESIAN_POINT('',(-0.0314662517628015,0.000825,-0.0510832611206851));
#1342=VERTEX_POINT('',#1341);
#1343=EDGE_CURVE('',#1342,#1342,#1340,.T.);
#1344=ORIENTED_EDGE('',*,*,#1343,.F.);
#1345=EDGE_LOOP('',(#1344));
#1346=FACE_BOUND('',#1345,.T.);
#1347=CARTESIAN_POINT('',(-0.0202265829604429,0.000825,-0.0315402914594276));
#1348=DIRECTION('',(0.,1.,0.));
#1349=DIRECTION('',(0.,0.,1.));
#1350=AXIS2_PLACEMENT_3D('',#1347,#1348,#1349);
#1351=CIRCLE('',#1350,0.003);
#1352=CARTESIAN_POINT('',(-0.0202265829604429,0.000825,-0.0345402914594276));
#1353=VERTEX_POINT('',#1352);
#1354=EDGE_CURVE('',#1353,#1353,#1351,.T.);
#1355=ORIENTED_EDGE('',*,*,#1354,.F.);
#1356=EDGE_LOOP('',(#1355));
#1357=FACE_BOUND('',#1356,.T.);
#1358=CARTESIAN_POINT('',(-0.0315402914594277,0.000825,-0.0202265829604428));
#1359=DIRECTION('',(0.,1.,0.));
#1360=DIRECTION('',(0.,0.,1.));
#1361=AXIS2_PLACEMENT_3D('',#1358,#1359,#1360);
#1362=CIRCLE('',#1361,0.003);
#1363=CARTESIAN_POINT('',(-0.0315402914594277,0.000825,-0.0232265829604428));
#1364=VERTEX_POINT('',#1363);
#1365=EDGE_CURVE('',#1364,#1364,#1362,.T.);
#1366=ORIENTED_EDGE('',*,*,#1365,.F.);
#1367=EDGE_LOOP('',(#1366));
#1368=FACE_BOUND('',#1367,.T.);
#1369=CARTESIAN_POINT('',(-0.0480832611206853,0.000825,-0.0314662517628012));
#1370=DIRECTION('',(0.,1.,0.));
#1371=DIRECTION('',(0.,0.,1.));
#1372=AXIS2_PLACEMENT_3D('',#1369,#1370,#1371);
#1373=CIRCLE('',#1372,0.003);
#1374=CARTESIAN_POINT('',(-0.0480832611206853,0.000825,-0.0344662517628012));
#1375=VERTEX_POINT('',#1374);
#1376=EDGE_CURVE('',#1375,#1375,#1373,.T.);
#1377=ORIENTED_EDGE('',*,*,#1376,.F.);
#1378=EDGE_LOOP('',(#1377));
#1379=FACE_BOUND('',#1378,.T.);
#1380=CARTESIAN_POINT('',(0.0314662517628013,0.000825,-0.0480832611206853));
#1381=DIRECTION('',(0.,1.,0.));
#1382=DIRECTION('',(0.,0.,1.));
#1383=AXIS2_PLACEMENT_3D('',#1380,#1381,#1382);
#1384=CIRCLE('',#1383,0.003);
#1385=CARTESIAN_POINT('',(0.0314662517628013,0.000825,-0.0510832611206853));
#1386=VERTEX_POINT('',#1385);
#1387=EDGE_CURVE('',#1386,#1386,#1384,.T.);
#1388=ORIENTED_EDGE('',*,*,#1387,.F.);
#1389=EDGE_LOOP('',(#1388));
#1390=FACE_BOUND('',#1389,.T.);
#1391=CARTESIAN_POINT('',(0.0202265829604428,0.000825,-0.0315402914594277));
#1392=DIRECTION('',(0.,1.,0.));
#1393=DIRECTION('',(0.,0.,1.));
#1394=AXIS2_PLACEMENT_3D('',#1391,#1392,#1393);
#1395=CIRCLE('',#1394,0.003);
#1396=CARTESIAN_POINT('',(0.0202265829604428,0.000825,-0.0345402914594277));
#1397=VERTEX_POINT('',#1396);
#1398=EDGE_CURVE('',#1397,#1397,#1395,.T.);
#1399=ORIENTED_EDGE('',*,*,#1398,.F.);
#1400=EDGE_LOOP('',(#1399));
#1401=FACE_BOUND('',#1400,.T.);
#1402=CARTESIAN_POINT('',(0.0480832611206852,0.000825,-0.0314662517628015));
#1403=DIRECTION('',(0.,1.,0.));
#1404=DIRECTION('',(0.,0.,1.));
#1405=AXIS2_PLACEMENT_3D('',#1402,#1403,#1404);
#1406=CIRCLE('',#1405,0.003);
#1407=CARTESIAN_POINT('',(0.0480832611206852,0.000825,-0.0344662517628015));
#1408=VERTEX_POINT('',#1407);
#1409=EDGE_CURVE('',#1408,#1408,#1406,.T.);
#1410=ORIENTED_EDGE('',*,*,#1409,.F.);
#1411=EDGE_LOOP('',(#1410));
#1412=FACE_BOUND('',#1411,.T.);
#1413=CARTESIAN_POINT('',(0.0315402914594276,0.000825,-0.0202265829604429));
#1414=DIRECTION('',(0.,1.,0.));
#1415=DIRECTION('',(0.,0.,1.));
#1416=AXIS2_PLACEMENT_3D('',#1413,#1414,#1415);
#1417=CIRCLE('',#1416,0.003);
#1418=CARTESIAN_POINT('',(0.0315402914594276,0.000825,-0.0232265829604429));
#1419=VERTEX_POINT('',#1418);
#1420=EDGE_CURVE('',#1419,#1419,#1417,.T.);
#1421=ORIENTED_EDGE('',*,*,#1420,.F.);
#1422=EDGE_LOOP('',(#1421));
#1423=FACE_BOUND('',#1422,.T.);
#1424=CARTESIAN_POINT('',(0.0480832611206853,0.000825,0.0314662517628012));
#1425=DIRECTION('',(0.,1.,0.));
#1426=DIRECTION('',(0.,0.,1.));
#1427=AXIS2_PLACEMENT_3D('',#1424,#1425,#1426);
#1428=CIRCLE('',#1427,0.003);
#1429=CARTESIAN_POINT('',(0.0480832611206853,0.000825,0.0284662517628012));
#1430=VERTEX_POINT('',#1429);
#1431=EDGE_CURVE('',#1430,#1430,#1428,.T.);
#1432=ORIENTED_EDGE('',*,*,#1431,.F.);
#1433=EDGE_LOOP('',(#1432));
#1434=FACE_BOUND('',#1433,.T.);
#1435=CARTESIAN_POINT('',(0.0315402914594277,0.000825,0.0202265829604428));
#1436=DIRECTION('',(0.,1.,0.));
#1437=DIRECTION('',(0.,0.,1.));
#1438=AXIS2_PLACEMENT_3D('',#1435,#1436,#1437);
#1439=CIRCLE('',#1438,0.003);
#1440=CARTESIAN_POINT('',(0.0315402914594277,0.000825,0.0172265829604428));
#1441=VERTEX_POINT('',#1440);
#1442=EDGE_CURVE('',#1441,#1441,#1439,.T.);
#1443=ORIENTED_EDGE('',*,*,#1442,.F.);
#1444=EDGE_LOOP('',(#1443));
#1445=FACE_BOUND('',#1444,.T.);
#1446=CARTESIAN_POINT('',(0.0202265829604429,0.000825,0.0315402914594276));
#1447=DIRECTION('',(0.,1.,0.));
#1448=DIRECTION('',(0.,0.,1.));
#1449=AXIS2_PLACEMENT_3D('',#1446,#1447,#1448);
#1450=CIRCLE('',#1449,0.00299999999999999);
#1451=CARTESIAN_POINT('',(0.0202265829604429,0.000825,0.0285402914594276));
#1452=VERTEX_POINT('',#1451);
#1453=EDGE_CURVE('',#1452,#1452,#1450,.T.);
#1454=ORIENTED_EDGE('',*,*,#1453,.F.);
#1455=EDGE_LOOP('',(#1454));
#1456=FACE_BOUND('',#1455,.T.);
#1457=CARTESIAN_POINT('',(0.0314662517628014,0.000825,0.0480832611206851));
#1458=DIRECTION('',(0.,1.,0.));
#1459=DIRECTION('',(0.,0.,1.));
#1460=AXIS2_PLACEMENT_3D('',#1457,#1458,#1459);
#1461=CIRCLE('',#1460,0.003);
#1462=CARTESIAN_POINT('',(0.0314662517628014,0.000825,0.0450832611206851));
#1463=VERTEX_POINT('',#1462);
#1464=EDGE_CURVE('',#1463,#1463,#1461,.T.);
#1465=ORIENTED_EDGE('',*,*,#1464,.F.);
#1466=EDGE_LOOP('',(#1465));
#1467=FACE_BOUND('',#1466,.T.);
#1468=CARTESIAN_POINT('',(-0.0315402914594276,0.000825,0.0202265829604429));
#1469=DIRECTION('',(0.,1.,0.));
#1470=DIRECTION('',(0.,0.,1.));
#1471=AXIS2_PLACEMENT_3D('',#1468,#1469,#1470);
#1472=CIRCLE('',#1471,0.003);
#1473=CARTESIAN_POINT('',(-0.0315402914594276,0.000825,0.0172265829604429));
#1474=VERTEX_POINT('',#1473);
#1475=EDGE_CURVE('',#1474,#1474,#1472,.T.);
#1476=ORIENTED_EDGE('',*,*,#1475,.F.);
#1477=EDGE_LOOP('',(#1476));
#1478=FACE_BOUND('',#1477,.T.);
#1479=CARTESIAN_POINT('',(-0.0202265829604428,0.000825,0.0315402914594277));
#1480=DIRECTION('',(0.,1.,0.));
#1481=DIRECTION('',(0.,0.,1.));
#1482=AXIS2_PLACEMENT_3D('',#1479,#1480,#1481);
#1483=CIRCLE('',#1482,0.003);
#1484=CARTESIAN_POINT('',(-0.0202265829604428,0.000825,0.0285402914594277));
#1485=VERTEX_POINT('',#1484);
#1486=EDGE_CURVE('',#1485,#1485,#1483,.T.);
#1487=ORIENTED_EDGE('',*,*,#1486,.F.);
#1488=EDGE_LOOP('',(#1487));
#1489=FACE_BOUND('',#1488,.T.);
#1490=CARTESIAN_POINT('',(-0.0314662517628013,0.000825,0.0480832611206853));
#1491=DIRECTION('',(0.,1.,0.));
#1492=DIRECTION('',(0.,0.,1.));
#1493=AXIS2_PLACEMENT_3D('',#1490,#1491,#1492);
#1494=CIRCLE('',#1493,0.003);
#1495=CARTESIAN_POINT('',(-0.0314662517628013,0.000825,0.0450832611206853));
#1496=VERTEX_POINT('',#1495);
#1497=EDGE_CURVE('',#1496,#1496,#1494,.T.);
#1498=ORIENTED_EDGE('',*,*,#1497,.F.);
#1499=EDGE_LOOP('',(#1498));
#1500=FACE_BOUND('',#1499,.T.);
#1501=CARTESIAN_POINT('',(-0.0480832611206852,0.000825,0.0314662517628015));
#1502=DIRECTION('',(0.,1.,0.));
#1503=DIRECTION('',(0.,0.,1.));
#1504=AXIS2_PLACEMENT_3D('',#1501,#1502,#1503);
#1505=CIRCLE('',#1504,0.003);
#1506=CARTESIAN_POINT('',(-0.0480832611206852,0.000825,0.0284662517628015));
#1507=VERTEX_POINT('',#1506);
#1508=EDGE_CURVE('',#1507,#1507,#1505,.T.);
#1509=ORIENTED_EDGE('',*,*,#1508,.F.);
#1510=EDGE_LOOP('',(#1509));
#1511=FACE_BOUND('',#1510,.T.);
#1512=CARTESIAN_POINT('',(-0.0493995412201414,0.000825,0.0317403131083168));
#1513=DIRECTION('',(0.,1.,0.));
#1514=DIRECTION('',(0.,0.,1.));
#1515=AXIS2_PLACEMENT_3D('',#1512,#1513,#1514);
#1516=CIRCLE('',#1515,0.00262545877985854);
#1517=CARTESIAN_POINT('',(-0.0518705764025615,0.000825,0.0308531722333828));
#1518=VERTEX_POINT('',#1517);
#1519=CARTESIAN_POINT('',(-0.0512560209271052,0.000825,0.0335967928152805));
#1520=VERTEX_POINT('',#1519);
#1521=EDGE_CURVE('',#1518,#1520,#1516,.T.);
#1522=ORIENTED_EDGE('',*,*,#1521,.T.);
#1523=CARTESIAN_POINT('',(-0.0424264068711929,0.000825,0.0424264068711928));
#1524=DIRECTION('',(0.707106781186547,0.,0.707106781186548));
#1525=VECTOR('',#1524,1.);
#1526=LINE('',#1523,#1525);
#1527=CARTESIAN_POINT('',(-0.0335967928152804,0.000825,0.0512560209271053));
#1528=VERTEX_POINT('',#1527);
#1529=EDGE_CURVE('',#1520,#1528,#1526,.T.);
#1530=ORIENTED_EDGE('',*,*,#1529,.T.);
#1531=CARTESIAN_POINT('',(-0.0317403131083169,0.000825,0.0493995412201418));
#1532=DIRECTION('',(0.,1.,0.));
#1533=DIRECTION('',(0.,0.,1.));
#1534=AXIS2_PLACEMENT_3D('',#1531,#1532,#1533);
#1535=CIRCLE('',#1534,0.00262545877985821);
#1536=CARTESIAN_POINT('',(-0.030853172233383,0.000825,0.0518705764025616));
#1537=VERTEX_POINT('',#1536);
#1538=EDGE_CURVE('',#1528,#1537,#1535,.T.);
#1539=ORIENTED_EDGE('',*,*,#1538,.T.);
#1540=CARTESIAN_POINT('',(0.,0.000825,0.137808758524574));
#1541=DIRECTION('',(0.,1.,0.));
#1542=DIRECTION('',(0.,0.,1.));
#1543=AXIS2_PLACEMENT_3D('',#1540,#1541,#1542);
#1544=CIRCLE('',#1543,0.0913087585245745);
#1545=CARTESIAN_POINT('',(0.0308531722333828,0.000825,0.0518705764025615));
#1546=VERTEX_POINT('',#1545);
#1547=EDGE_CURVE('',#1546,#1537,#1544,.T.);
#1548=ORIENTED_EDGE('',*,*,#1547,.F.);
#1549=CARTESIAN_POINT('',(0.0317403131083168,0.000825,0.0493995412201414));
#1550=DIRECTION('',(0.,1.,0.));
#1551=DIRECTION('',(0.,0.,1.));
#1552=AXIS2_PLACEMENT_3D('',#1549,#1550,#1551);
#1553=CIRCLE('',#1552,0.00262545877985852);
#1554=CARTESIAN_POINT('',(0.0335967928152805,0.000825,0.0512560209271052));
#1555=VERTEX_POINT('',#1554);
#1556=EDGE_CURVE('',#1546,#1555,#1553,.T.);
#1557=ORIENTED_EDGE('',*,*,#1556,.T.);
#1558=CARTESIAN_POINT('',(0.0424264068711928,0.000825,0.0424264068711928));
#1559=DIRECTION('',(0.707106781186547,0.,-0.707106781186548));
#1560=VECTOR('',#1559,1.);
#1561=LINE('',#1558,#1560);
#1562=CARTESIAN_POINT('',(0.0512560209271053,0.000825,0.0335967928152803));
#1563=VERTEX_POINT('',#1562);
#1564=EDGE_CURVE('',#1555,#1563,#1561,.T.);
#1565=ORIENTED_EDGE('',*,*,#1564,.T.);
#1566=CARTESIAN_POINT('',(0.0493995412201418,0.000825,0.0317403131083168));
#1567=DIRECTION('',(0.,1.,0.));
#1568=DIRECTION('',(0.,0.,1.));
#1569=AXIS2_PLACEMENT_3D('',#1566,#1567,#1568);
#1570=CIRCLE('',#1569,0.00262545877985824);
#1571=CARTESIAN_POINT('',(0.0518705764025616,0.000825,0.0308531722333829));
#1572=VERTEX_POINT('',#1571);
#1573=EDGE_CURVE('',#1563,#1572,#1570,.T.);
#1574=ORIENTED_EDGE('',*,*,#1573,.T.);
#1575=CARTESIAN_POINT('',(0.137808758524575,0.000825,0.));
#1576=DIRECTION('',(0.,1.,0.));
#1577=DIRECTION('',(0.,0.,1.));
#1578=AXIS2_PLACEMENT_3D('',#1575,#1576,#1577);
#1579=CIRCLE('',#1578,0.0913087585245745);
#1580=CARTESIAN_POINT('',(0.0518705764025615,0.000825,-0.0308531722333828));
#1581=VERTEX_POINT('',#1580);
#1582=EDGE_CURVE('',#1581,#1572,#1579,.T.);
#1583=ORIENTED_EDGE('',*,*,#1582,.F.);
#1584=CARTESIAN_POINT('',(0.0493995412201414,0.000825,-0.0317403131083168));
#1585=DIRECTION('',(0.,1.,0.));
#1586=DIRECTION('',(0.,0.,1.));
#1587=AXIS2_PLACEMENT_3D('',#1584,#1585,#1586);
#1588=CIRCLE('',#1587,0.00262545877985862);
#1589=CARTESIAN_POINT('',(0.0512560209271052,0.000825,-0.0335967928152806));
#1590=VERTEX_POINT('',#1589);
#1591=EDGE_CURVE('',#1581,#1590,#1588,.T.);
#1592=ORIENTED_EDGE('',*,*,#1591,.T.);
#1593=CARTESIAN_POINT('',(0.0424264068711929,0.000825,-0.0424264068711929));
#1594=DIRECTION('',(0.707106781186548,0.,0.707106781186547));
#1595=VECTOR('',#1594,1.);
#1596=LINE('',#1593,#1595);
#1597=CARTESIAN_POINT('',(0.0335967928152804,0.000825,-0.0512560209271054));
#1598=VERTEX_POINT('',#1597);
#1599=EDGE_CURVE('',#1598,#1590,#1596,.T.);
#1600=ORIENTED_EDGE('',*,*,#1599,.F.);
#1601=CARTESIAN_POINT('',(0.0317403131083168,0.000825,-0.0493995412201418));
#1602=DIRECTION('',(0.,1.,0.));
#1603=DIRECTION('',(0.,0.,1.));
#1604=AXIS2_PLACEMENT_3D('',#1601,#1602,#1603);
#1605=CIRCLE('',#1604,0.00262545877985829);
#1606=CARTESIAN_POINT('',(0.030853172233383,0.000825,-0.0518705764025616));
#1607=VERTEX_POINT('',#1606);
#1608=EDGE_CURVE('',#1598,#1607,#1605,.T.);
#1609=ORIENTED_EDGE('',*,*,#1608,.T.);
#1610=CARTESIAN_POINT('',(0.,0.000825,-0.137808758524574));
#1611=DIRECTION('',(0.,1.,0.));
#1612=DIRECTION('',(0.,0.,1.));
#1613=AXIS2_PLACEMENT_3D('',#1610,#1611,#1612);
#1614=CIRCLE('',#1613,0.0913087585245745);
#1615=CARTESIAN_POINT('',(-0.0308531722333828,0.000825,-0.0518705764025615));
#1616=VERTEX_POINT('',#1615);
#1617=EDGE_CURVE('',#1616,#1607,#1614,.T.);
#1618=ORIENTED_EDGE('',*,*,#1617,.F.);
#1619=CARTESIAN_POINT('',(-0.0317403131083168,0.000825,-0.0493995412201414));
#1620=DIRECTION('',(0.,1.,0.));
#1621=DIRECTION('',(0.,0.,1.));
#1622=AXIS2_PLACEMENT_3D('',#1619,#1620,#1621);
#1623=CIRCLE('',#1622,0.00262545877985853);
#1624=CARTESIAN_POINT('',(-0.0335967928152805,0.000825,-0.0512560209271052));
#1625=VERTEX_POINT('',#1624);
#1626=EDGE_CURVE('',#1616,#1625,#1623,.T.);
#1627=ORIENTED_EDGE('',*,*,#1626,.T.);
#1628=CARTESIAN_POINT('',(-0.0424264068711928,0.000825,-0.0424264068711928));
#1629=DIRECTION('',(0.707106781186547,0.,-0.707106781186548));
#1630=VECTOR('',#1629,1.);
#1631=LINE('',#1628,#1630);
#1632=CARTESIAN_POINT('',(-0.0512560209271053,0.000825,-0.0335967928152803));
#1633=VERTEX_POINT('',#1632);
#1634=EDGE_CURVE('',#1633,#1625,#1631,.T.);
#1635=ORIENTED_EDGE('',*,*,#1634,.F.);
#1636=CARTESIAN_POINT('',(-0.0493995412201417,0.000825,-0.0317403131083168));
#1637=DIRECTION('',(0.,1.,0.));
#1638=DIRECTION('',(0.,0.,1.));
#1639=AXIS2_PLACEMENT_3D('',#1636,#1637,#1638);
#1640=CIRCLE('',#1639,0.00262545877985829);
#1641=CARTESIAN_POINT('',(-0.0518705764025616,0.000825,-0.0308531722333829));
#1642=VERTEX_POINT('',#1641);
#1643=EDGE_CURVE('',#1633,#1642,#1640,.T.);
#1644=ORIENTED_EDGE('',*,*,#1643,.T.);
#1645=CARTESIAN_POINT('',(-0.137808758524574,0.000825,0.));
#1646=DIRECTION('',(0.,1.,0.));
#1647=DIRECTION('',(0.,0.,1.));
#1648=AXIS2_PLACEMENT_3D('',#1645,#1646,#1647);
#1649=CIRCLE('',#1648,0.0913087585245745);
#1650=EDGE_CURVE('',#1518,#1642,#1649,.T.);
#1651=ORIENTED_EDGE('',*,*,#1650,.F.);
#1652=EDGE_LOOP('',(#1522,#1530,#1539,#1548,#1557,#1565,#1574,#1583,#1592,#1600,#1609,#1618,#1627,#1635,#1644,#1651));
#1653=FACE_BOUND('',#1652,.T.);
#1654=CARTESIAN_POINT('',(0.038,0.000825,-0.011));
#1655=DIRECTION('',(0.,1.,0.));
#1656=DIRECTION('',(0.,0.,1.));
#1657=AXIS2_PLACEMENT_3D('',#1654,#1655,#1656);
#1658=CIRCLE('',#1657,0.003);
#1659=CARTESIAN_POINT('',(0.041,0.000825,-0.011));
#1660=VERTEX_POINT('',#1659);
#1661=CARTESIAN_POINT('',(0.035,0.000825,-0.011));
#1662=VERTEX_POINT('',#1661);
#1663=EDGE_CURVE('',#1660,#1662,#1658,.T.);
#1664=ORIENTED_EDGE('',*,*,#1663,.F.);
#1665=CARTESIAN_POINT('',(0.041,0.000825,-0.011));
#1666=DIRECTION('',(0.,0.,-1.));
#1667=VECTOR('',#1666,1.);
#1668=LINE('',#1665,#1667);
#1669=CARTESIAN_POINT('',(0.041,0.000825,0.011));
#1670=VERTEX_POINT('',#1669);
#1671=EDGE_CURVE('',#1670,#1660,#1668,.T.);
#1672=ORIENTED_EDGE('',*,*,#1671,.F.);
#1673=CARTESIAN_POINT('',(0.038,0.000825,0.011));
#1674=DIRECTION('',(0.,1.,0.));
#1675=DIRECTION('',(0.,0.,1.));
#1676=AXIS2_PLACEMENT_3D('',#1673,#1674,#1675);
#1677=CIRCLE('',#1676,0.003);
#1678=CARTESIAN_POINT('',(0.035,0.000825,0.011));
#1679=VERTEX_POINT('',#1678);
#1680=EDGE_CURVE('',#1679,#1670,#1677,.T.);
#1681=ORIENTED_EDGE('',*,*,#1680,.F.);
#1682=CARTESIAN_POINT('',(0.035,0.000825,-0.011));
#1683=DIRECTION('',(0.,0.,1.));
#1684=VECTOR('',#1683,1.);
#1685=LINE('',#1682,#1684);
#1686=EDGE_CURVE('',#1662,#1679,#1685,.T.);
#1687=ORIENTED_EDGE('',*,*,#1686,.F.);
#1688=EDGE_LOOP('',(#1664,#1672,#1681,#1687));
#1689=FACE_BOUND('',#1688,.T.);
#1690=CARTESIAN_POINT('',(0.0225,0.000825,0.0095));
#1691=DIRECTION('',(0.,1.,0.));
#1692=DIRECTION('',(0.,0.,1.));
#1693=AXIS2_PLACEMENT_3D('',#1690,#1691,#1692);
#1694=CIRCLE('',#1693,0.0045);
#1695=CARTESIAN_POINT('',(0.018,0.000825,0.0095));
#1696=VERTEX_POINT('',#1695);
#1697=CARTESIAN_POINT('',(0.027,0.000825,0.0095));
#1698=VERTEX_POINT('',#1697);
#1699=EDGE_CURVE('',#1696,#1698,#1694,.T.);
#1700=ORIENTED_EDGE('',*,*,#1699,.F.);
#1701=CARTESIAN_POINT('',(0.018,0.000825,0.0095));
#1702=DIRECTION('',(0.,0.,1.));
#1703=VECTOR('',#1702,1.);
#1704=LINE('',#1701,#1703);
#1705=CARTESIAN_POINT('',(0.018,0.000825,-0.0095));
#1706=VERTEX_POINT('',#1705);
#1707=EDGE_CURVE('',#1706,#1696,#1704,.T.);
#1708=ORIENTED_EDGE('',*,*,#1707,.F.);
#1709=CARTESIAN_POINT('',(0.0225,0.000825,-0.0095));
#1710=DIRECTION('',(0.,1.,0.));
#1711=DIRECTION('',(0.,0.,1.));
#1712=AXIS2_PLACEMENT_3D('',#1709,#1710,#1711);
#1713=CIRCLE('',#1712,0.0045);
#1714=CARTESIAN_POINT('',(0.027,0.000825,-0.0095));
#1715=VERTEX_POINT('',#1714);
#1716=EDGE_CURVE('',#1715,#1706,#1713,.T.);
#1717=ORIENTED_EDGE('',*,*,#1716,.F.);
#1718=CARTESIAN_POINT('',(0.027,0.000825,0.0095));
#1719=DIRECTION('',(0.,0.,-1.));
#1720=VECTOR('',#1719,1.);
#1721=LINE('',#1718,#1720);
#1722=EDGE_CURVE('',#1698,#1715,#1721,.T.);
#1723=ORIENTED_EDGE('',*,*,#1722,.F.);
#1724=EDGE_LOOP('',(#1700,#1708,#1717,#1723));
#1725=FACE_BOUND('',#1724,.T.);
#1726=CARTESIAN_POINT('',(-0.038,0.000825,-0.011));
#1727=DIRECTION('',(0.,1.,0.));
#1728=DIRECTION('',(0.,0.,1.));
#1729=AXIS2_PLACEMENT_3D('',#1726,#1727,#1728);
#1730=CIRCLE('',#1729,0.00299999999999999);
#1731=CARTESIAN_POINT('',(-0.035,0.000825,-0.011));
#1732=VERTEX_POINT('',#1731);
#1733=CARTESIAN_POINT('',(-0.041,0.000825,-0.011));
#1734=VERTEX_POINT('',#1733);
#1735=EDGE_CURVE('',#1732,#1734,#1730,.T.);
#1736=ORIENTED_EDGE('',*,*,#1735,.F.);
#1737=CARTESIAN_POINT('',(-0.035,0.000825,-0.011));
#1738=DIRECTION('',(-3.15404268359419E-16,0.,-1.));
#1739=VECTOR('',#1738,1.);
#1740=LINE('',#1737,#1739);
#1741=CARTESIAN_POINT('',(-0.035,0.000825,0.011));
#1742=VERTEX_POINT('',#1741);
#1743=EDGE_CURVE('',#1742,#1732,#1740,.T.);
#1744=ORIENTED_EDGE('',*,*,#1743,.F.);
#1745=CARTESIAN_POINT('',(-0.038,0.000825,0.011));
#1746=DIRECTION('',(0.,1.,0.));
#1747=DIRECTION('',(0.,0.,1.));
#1748=AXIS2_PLACEMENT_3D('',#1745,#1746,#1747);
#1749=CIRCLE('',#1748,0.003);
#1750=CARTESIAN_POINT('',(-0.041,0.000825,0.011));
#1751=VERTEX_POINT('',#1750);
#1752=EDGE_CURVE('',#1751,#1742,#1749,.T.);
#1753=ORIENTED_EDGE('',*,*,#1752,.F.);
#1754=CARTESIAN_POINT('',(-0.041,0.000825,-0.011));
#1755=DIRECTION('',(-3.15404268359419E-16,0.,1.));
#1756=VECTOR('',#1755,1.);
#1757=LINE('',#1754,#1756);
#1758=EDGE_CURVE('',#1734,#1751,#1757,.T.);
#1759=ORIENTED_EDGE('',*,*,#1758,.F.);
#1760=EDGE_LOOP('',(#1736,#1744,#1753,#1759));
#1761=FACE_BOUND('',#1760,.T.);
#1762=CARTESIAN_POINT('',(-0.0225,0.000825,0.0095));
#1763=DIRECTION('',(0.,1.,0.));
#1764=DIRECTION('',(0.,0.,1.));
#1765=AXIS2_PLACEMENT_3D('',#1762,#1763,#1764);
#1766=CIRCLE('',#1765,0.0045);
#1767=CARTESIAN_POINT('',(-0.027,0.000825,0.0095));
#1768=VERTEX_POINT('',#1767);
#1769=CARTESIAN_POINT('',(-0.018,0.000825,0.00949999999999999));
#1770=VERTEX_POINT('',#1769);
#1771=EDGE_CURVE('',#1768,#1770,#1766,.T.);
#1772=ORIENTED_EDGE('',*,*,#1771,.F.);
#1773=CARTESIAN_POINT('',(-0.027,0.000825,0.0095));
#1774=DIRECTION('',(0.,0.,1.));
#1775=VECTOR('',#1774,1.);
#1776=LINE('',#1773,#1775);
#1777=CARTESIAN_POINT('',(-0.027,0.000825,-0.0095));
#1778=VERTEX_POINT('',#1777);
#1779=EDGE_CURVE('',#1778,#1768,#1776,.T.);
#1780=ORIENTED_EDGE('',*,*,#1779,.F.);
#1781=CARTESIAN_POINT('',(-0.0225,0.000825,-0.0095));
#1782=DIRECTION('',(0.,1.,0.));
#1783=DIRECTION('',(0.,0.,1.));
#1784=AXIS2_PLACEMENT_3D('',#1781,#1782,#1783);
#1785=CIRCLE('',#1784,0.0045);
#1786=CARTESIAN_POINT('',(-0.018,0.000825,-0.0095));
#1787=VERTEX_POINT('',#1786);
#1788=EDGE_CURVE('',#1787,#1778,#1785,.T.);
#1789=ORIENTED_EDGE('',*,*,#1788,.F.);
#1790=CARTESIAN_POINT('',(-0.018,0.000825,0.0095));
#1791=DIRECTION('',(-1.82602471155453E-16,0.,-1.));
#1792=VECTOR('',#1791,1.);
#1793=LINE('',#1790,#1792);
#1794=EDGE_CURVE('',#1770,#1787,#1793,.T.);
#1795=ORIENTED_EDGE('',*,*,#1794,.F.);
#1796=EDGE_LOOP('',(#1772,#1780,#1789,#1795));
#1797=FACE_BOUND('',#1796,.T.);
#1798=CARTESIAN_POINT('',(0.0085,0.000825,0.0305));
#1799=DIRECTION('',(0.,1.,0.));
#1800=DIRECTION('',(0.,0.,1.));
#1801=AXIS2_PLACEMENT_3D('',#1798,#1799,#1800);
#1802=CIRCLE('',#1801,0.00654999999999999);
#1803=CARTESIAN_POINT('',(0.0085,0.000825,0.03705));
#1804=VERTEX_POINT('',#1803);
#1805=CARTESIAN_POINT('',(0.01505,0.000825,0.0305));
#1806=VERTEX_POINT('',#1805);
#1807=EDGE_CURVE('',#1804,#1806,#1802,.T.);
#1808=ORIENTED_EDGE('',*,*,#1807,.F.);
#1809=CARTESIAN_POINT('',(0.,0.000825,0.03705));
#1810=DIRECTION('',(1.,0.,0.));
#1811=VECTOR('',#1810,1.);
#1812=LINE('',#1809,#1811);
#1813=CARTESIAN_POINT('',(-0.00850000000000001,0.000825,0.03705));
#1814=VERTEX_POINT('',#1813);
#1815=EDGE_CURVE('',#1814,#1804,#1812,.T.);
#1816=ORIENTED_EDGE('',*,*,#1815,.F.);
#1817=CARTESIAN_POINT('',(-0.00850000000000001,0.000825,0.0305));
#1818=DIRECTION('',(0.,1.,0.));
#1819=DIRECTION('',(0.,0.,1.));
#1820=AXIS2_PLACEMENT_3D('',#1817,#1818,#1819);
#1821=CIRCLE('',#1820,0.00654999999999999);
#1822=CARTESIAN_POINT('',(-0.01505,0.000825,0.0305));
#1823=VERTEX_POINT('',#1822);
#1824=EDGE_CURVE('',#1823,#1814,#1821,.T.);
#1825=ORIENTED_EDGE('',*,*,#1824,.F.);
#1826=CARTESIAN_POINT('',(-0.0150499999999999,0.000825,-4.89517280877202E-17));
#1827=DIRECTION('',(3.25260651745651E-15,0.,-1.));
#1828=VECTOR('',#1827,1.);
#1829=LINE('',#1826,#1828);
#1830=CARTESIAN_POINT('',(-0.01505,0.000825,0.0225));
#1831=VERTEX_POINT('',#1830);
#1832=EDGE_CURVE('',#1823,#1831,#1829,.T.);
#1833=ORIENTED_EDGE('',*,*,#1832,.T.);
#1834=CARTESIAN_POINT('',(-0.00849999999999998,0.000825,0.0225));
#1835=DIRECTION('',(0.,1.,0.));
#1836=DIRECTION('',(0.,0.,1.));
#1837=AXIS2_PLACEMENT_3D('',#1834,#1835,#1836);
#1838=CIRCLE('',#1837,0.00654999999999999);
#1839=CARTESIAN_POINT('',(-0.00849999999999999,0.000825,0.01595));
#1840=VERTEX_POINT('',#1839);
#1841=EDGE_CURVE('',#1840,#1831,#1838,.T.);
#1842=ORIENTED_EDGE('',*,*,#1841,.F.);
#1843=CARTESIAN_POINT('',(6.51031516278356E-18,0.000825,0.01595));
#1844=DIRECTION('',(1.,0.,-4.08170229641602E-16));
#1845=VECTOR('',#1844,1.);
#1846=LINE('',#1843,#1845);
#1847=CARTESIAN_POINT('',(0.00849999999999999,0.000825,0.01595));
#1848=VERTEX_POINT('',#1847);
#1849=EDGE_CURVE('',#1840,#1848,#1846,.T.);
#1850=ORIENTED_EDGE('',*,*,#1849,.T.);
#1851=CARTESIAN_POINT('',(0.0085,0.000825,0.0225));
#1852=DIRECTION('',(0.,1.,0.));
#1853=DIRECTION('',(0.,0.,1.));
#1854=AXIS2_PLACEMENT_3D('',#1851,#1852,#1853);
#1855=CIRCLE('',#1854,0.00654999999999999);
#1856=CARTESIAN_POINT('',(0.01505,0.000825,0.0225));
#1857=VERTEX_POINT('',#1856);
#1858=EDGE_CURVE('',#1857,#1848,#1855,.T.);
#1859=ORIENTED_EDGE('',*,*,#1858,.F.);
#1860=CARTESIAN_POINT('',(0.01505,0.000825,0.));
#1861=DIRECTION('',(0.,0.,-1.));
#1862=VECTOR('',#1861,1.);
#1863=LINE('',#1860,#1862);
#1864=EDGE_CURVE('',#1806,#1857,#1863,.T.);
#1865=ORIENTED_EDGE('',*,*,#1864,.F.);
#1866=EDGE_LOOP('',(#1808,#1816,#1825,#1833,#1842,#1850,#1859,#1865));
#1867=FACE_BOUND('',#1866,.T.);
#1868=CARTESIAN_POINT('',(0.01505,0.000825,-3.26344853918137E-18));
#1869=DIRECTION('',(2.16840434497101E-16,0.,1.));
#1870=VECTOR('',#1869,1.);
#1871=LINE('',#1868,#1870);
#1872=CARTESIAN_POINT('',(0.01505,0.000825,-0.0305));
#1873=VERTEX_POINT('',#1872);
#1874=CARTESIAN_POINT('',(0.01505,0.000825,-0.0225));
#1875=VERTEX_POINT('',#1874);
#1876=EDGE_CURVE('',#1873,#1875,#1871,.T.);
#1877=ORIENTED_EDGE('',*,*,#1876,.T.);
#1878=CARTESIAN_POINT('',(0.0085,0.000825,-0.0225));
#1879=DIRECTION('',(0.,1.,0.));
#1880=DIRECTION('',(0.,0.,1.));
#1881=AXIS2_PLACEMENT_3D('',#1878,#1879,#1880);
#1882=CIRCLE('',#1881,0.00655);
#1883=CARTESIAN_POINT('',(0.0085,0.000825,-0.01595));
#1884=VERTEX_POINT('',#1883);
#1885=EDGE_CURVE('',#1884,#1875,#1882,.T.);
#1886=ORIENTED_EDGE('',*,*,#1885,.F.);
#1887=CARTESIAN_POINT('',(-3.25515758139178E-18,0.000825,-0.01595));
#1888=DIRECTION('',(1.,0.,-2.04085114820801E-16));
#1889=VECTOR('',#1888,1.);
#1890=LINE('',#1887,#1889);
#1891=CARTESIAN_POINT('',(-0.00849999999999999,0.000825,-0.01595));
#1892=VERTEX_POINT('',#1891);
#1893=EDGE_CURVE('',#1892,#1884,#1890,.T.);
#1894=ORIENTED_EDGE('',*,*,#1893,.F.);
#1895=CARTESIAN_POINT('',(-0.00849999999999999,0.000825,-0.0225));
#1896=DIRECTION('',(0.,1.,0.));
#1897=DIRECTION('',(0.,0.,1.));
#1898=AXIS2_PLACEMENT_3D('',#1895,#1896,#1897);
#1899=CIRCLE('',#1898,0.00655);
#1900=CARTESIAN_POINT('',(-0.01505,0.000825,-0.0225));
#1901=VERTEX_POINT('',#1900);
#1902=EDGE_CURVE('',#1901,#1892,#1899,.T.);
#1903=ORIENTED_EDGE('',*,*,#1902,.F.);
#1904=CARTESIAN_POINT('',(-0.01505,0.000825,1.30537941567255E-17));
#1905=DIRECTION('',(-8.67361737988404E-16,0.,-1.));
#1906=VECTOR('',#1905,1.);
#1907=LINE('',#1904,#1906);
#1908=CARTESIAN_POINT('',(-0.01505,0.000825,-0.0305));
#1909=VERTEX_POINT('',#1908);
#1910=EDGE_CURVE('',#1901,#1909,#1907,.T.);
#1911=ORIENTED_EDGE('',*,*,#1910,.T.);
#1912=CARTESIAN_POINT('',(-0.0085,0.000825,-0.0305));
#1913=DIRECTION('',(0.,1.,0.));
#1914=DIRECTION('',(0.,0.,1.));
#1915=AXIS2_PLACEMENT_3D('',#1912,#1913,#1914);
#1916=CIRCLE('',#1915,0.00655);
#1917=CARTESIAN_POINT('',(-0.0085,0.000825,-0.03705));
#1918=VERTEX_POINT('',#1917);
#1919=EDGE_CURVE('',#1918,#1909,#1916,.T.);
#1920=ORIENTED_EDGE('',*,*,#1919,.F.);
#1921=CARTESIAN_POINT('',(-3.02454140164427E-17,0.000825,-0.03705));
#1922=DIRECTION('',(1.,0.,-8.16340459283204E-16));
#1923=VECTOR('',#1922,1.);
#1924=LINE('',#1921,#1923);
#1925=CARTESIAN_POINT('',(0.00849999999999999,0.000825,-0.03705));
#1926=VERTEX_POINT('',#1925);
#1927=EDGE_CURVE('',#1918,#1926,#1924,.T.);
#1928=ORIENTED_EDGE('',*,*,#1927,.T.);
#1929=CARTESIAN_POINT('',(0.00849999999999999,0.000825,-0.0305));
#1930=DIRECTION('',(0.,1.,0.));
#1931=DIRECTION('',(0.,0.,1.));
#1932=AXIS2_PLACEMENT_3D('',#1929,#1930,#1931);
#1933=CIRCLE('',#1932,0.00655000000000001);
#1934=EDGE_CURVE('',#1873,#1926,#1933,.T.);
#1935=ORIENTED_EDGE('',*,*,#1934,.F.);
#1936=EDGE_LOOP('',(#1877,#1886,#1894,#1903,#1911,#1920,#1928,#1935));
#1937=FACE_BOUND('',#1936,.T.);
#1938=ADVANCED_FACE('',(#1346,#1357,#1368,#1379,#1390,#1401,#1412,#1423,#1434,#1445,#1456,#1467,#1478,#1489,#1500,#1511,#1653,#1689,#1725,#1761,#1797,#1867,#1937),#1194,.T.);
#1939=CARTESIAN_POINT('',(-0.00849999999999998,0.000825,0.0225));
#1940=DIRECTION('',(0.,1.,0.));
#1941=DIRECTION('',(0.,0.,1.));
#1942=AXIS2_PLACEMENT_3D('',#1939,#1940,#1941);
#1943=CIRCLE('',#1942,0.00450000000000001);
#1944=CARTESIAN_POINT('',(-0.00849999999999998,0.000825,0.018));
#1945=VERTEX_POINT('',#1944);
#1946=CARTESIAN_POINT('',(-0.013,0.000825,0.0225));
#1947=VERTEX_POINT('',#1946);
#1948=EDGE_CURVE('',#1945,#1947,#1943,.T.);
#1949=ORIENTED_EDGE('',*,*,#1948,.F.);
#1950=CARTESIAN_POINT('',(-0.00849999999999998,0.000825,0.018));
#1951=DIRECTION('',(-1.,0.,2.04085114820801E-16));
#1952=VECTOR('',#1951,1.);
#1953=LINE('',#1950,#1952);
#1954=CARTESIAN_POINT('',(0.00849999999999999,0.000825,0.018));
#1955=VERTEX_POINT('',#1954);
#1956=EDGE_CURVE('',#1955,#1945,#1953,.T.);
#1957=ORIENTED_EDGE('',*,*,#1956,.F.);
#1958=CARTESIAN_POINT('',(0.0085,0.000825,0.0225));
#1959=DIRECTION('',(0.,1.,0.));
#1960=DIRECTION('',(0.,0.,1.));
#1961=AXIS2_PLACEMENT_3D('',#1958,#1959,#1960);
#1962=CIRCLE('',#1961,0.0045);
#1963=CARTESIAN_POINT('',(0.013,0.000825,0.0225));
#1964=VERTEX_POINT('',#1963);
#1965=EDGE_CURVE('',#1964,#1955,#1962,.T.);
#1966=ORIENTED_EDGE('',*,*,#1965,.F.);
#1967=CARTESIAN_POINT('',(0.013,0.000825,0.0225));
#1968=DIRECTION('',(0.,0.,-1.));
#1969=VECTOR('',#1968,1.);
#1970=LINE('',#1967,#1969);
#1971=CARTESIAN_POINT('',(0.013,0.000825,0.0305));
#1972=VERTEX_POINT('',#1971);
#1973=EDGE_CURVE('',#1972,#1964,#1970,.T.);
#1974=ORIENTED_EDGE('',*,*,#1973,.F.);
#1975=CARTESIAN_POINT('',(0.0085,0.000825,0.0305));
#1976=DIRECTION('',(0.,1.,0.));
#1977=DIRECTION('',(0.,0.,1.));
#1978=AXIS2_PLACEMENT_3D('',#1975,#1976,#1977);
#1979=CIRCLE('',#1978,0.00449999999999999);
#1980=CARTESIAN_POINT('',(0.00849999999999999,0.000825,0.035));
#1981=VERTEX_POINT('',#1980);
#1982=EDGE_CURVE('',#1981,#1972,#1979,.T.);
#1983=ORIENTED_EDGE('',*,*,#1982,.F.);
#1984=CARTESIAN_POINT('',(-0.00849999999999998,0.000825,0.035));
#1985=DIRECTION('',(1.,0.,0.));
#1986=VECTOR('',#1985,1.);
#1987=LINE('',#1984,#1986);
#1988=CARTESIAN_POINT('',(-0.00850000000000001,0.000825,0.035));
#1989=VERTEX_POINT('',#1988);
#1990=EDGE_CURVE('',#1989,#1981,#1987,.T.);
#1991=ORIENTED_EDGE('',*,*,#1990,.F.);
#1992=CARTESIAN_POINT('',(-0.00850000000000001,0.000825,0.0305));
#1993=DIRECTION('',(0.,1.,0.));
#1994=DIRECTION('',(0.,0.,1.));
#1995=AXIS2_PLACEMENT_3D('',#1992,#1993,#1994);
#1996=CIRCLE('',#1995,0.00449999999999999);
#1997=CARTESIAN_POINT('',(-0.013,0.000825,0.0305));
#1998=VERTEX_POINT('',#1997);
#1999=EDGE_CURVE('',#1998,#1989,#1996,.T.);
#2000=ORIENTED_EDGE('',*,*,#1999,.F.);
#2001=CARTESIAN_POINT('',(-0.013,0.000825,0.0225));
#2002=DIRECTION('',(0.,0.,1.));
#2003=VECTOR('',#2002,1.);
#2004=LINE('',#2001,#2003);
#2005=EDGE_CURVE('',#1947,#1998,#2004,.T.);
#2006=ORIENTED_EDGE('',*,*,#2005,.F.);
#2007=EDGE_LOOP('',(#1949,#1957,#1966,#1974,#1983,#1991,#2000,#2006));
#2008=FACE_BOUND('',#2007,.T.);
#2009=CARTESIAN_POINT('',(0.0085,0.000825,0.0305));
#2010=DIRECTION('',(0.,1.,0.));
#2011=DIRECTION('',(0.,0.,1.));
#2012=AXIS2_PLACEMENT_3D('',#2009,#2010,#2011);
#2013=CIRCLE('',#2012,0.00474999999999999);
#2014=CARTESIAN_POINT('',(0.0085,0.000825,0.03525));
#2015=VERTEX_POINT('',#2014);
#2016=CARTESIAN_POINT('',(0.01325,0.000825,0.0305));
#2017=VERTEX_POINT('',#2016);
#2018=EDGE_CURVE('',#2015,#2017,#2013,.T.);
#2019=ORIENTED_EDGE('',*,*,#2018,.T.);
#2020=CARTESIAN_POINT('',(0.01325,0.000825,0.));
#2021=DIRECTION('',(0.,0.,-1.));
#2022=VECTOR('',#2021,1.);
#2023=LINE('',#2020,#2022);
#2024=CARTESIAN_POINT('',(0.01325,0.000825,0.0225));
#2025=VERTEX_POINT('',#2024);
#2026=EDGE_CURVE('',#2017,#2025,#2023,.T.);
#2027=ORIENTED_EDGE('',*,*,#2026,.T.);
#2028=CARTESIAN_POINT('',(0.0085,0.000825,0.0225));
#2029=DIRECTION('',(0.,1.,0.));
#2030=DIRECTION('',(0.,0.,1.));
#2031=AXIS2_PLACEMENT_3D('',#2028,#2029,#2030);
#2032=CIRCLE('',#2031,0.00474999999999999);
#2033=CARTESIAN_POINT('',(0.0085,0.000825,0.01775));
#2034=VERTEX_POINT('',#2033);
#2035=EDGE_CURVE('',#2025,#2034,#2032,.T.);
#2036=ORIENTED_EDGE('',*,*,#2035,.T.);
#2037=CARTESIAN_POINT('',(7.24502157613844E-18,0.000825,0.01775));
#2038=DIRECTION('',(1.,0.,-4.08170229641602E-16));
#2039=VECTOR('',#2038,1.);
#2040=LINE('',#2037,#2039);
#2041=CARTESIAN_POINT('',(-0.00849999999999999,0.000825,0.01775));
#2042=VERTEX_POINT('',#2041);
#2043=EDGE_CURVE('',#2042,#2034,#2040,.T.);
#2044=ORIENTED_EDGE('',*,*,#2043,.F.);
#2045=CARTESIAN_POINT('',(-0.00849999999999998,0.000825,0.0225));
#2046=DIRECTION('',(0.,1.,0.));
#2047=DIRECTION('',(0.,0.,1.));
#2048=AXIS2_PLACEMENT_3D('',#2045,#2046,#2047);
#2049=CIRCLE('',#2048,0.00474999999999999);
#2050=CARTESIAN_POINT('',(-0.01325,0.000825,0.0225));
#2051=VERTEX_POINT('',#2050);
#2052=EDGE_CURVE('',#2042,#2051,#2049,.T.);
#2053=ORIENTED_EDGE('',*,*,#2052,.T.);
#2054=CARTESIAN_POINT('',(-0.0132499999999999,0.000825,-4.5970172113385E-17));
#2055=DIRECTION('',(3.46944695195361E-15,0.,-1.));
#2056=VECTOR('',#2055,1.);
#2057=LINE('',#2054,#2056);
#2058=CARTESIAN_POINT('',(-0.01325,0.000825,0.0305));
#2059=VERTEX_POINT('',#2058);
#2060=EDGE_CURVE('',#2059,#2051,#2057,.T.);
#2061=ORIENTED_EDGE('',*,*,#2060,.F.);
#2062=CARTESIAN_POINT('',(-0.00850000000000001,0.000825,0.0305));
#2063=DIRECTION('',(0.,1.,0.));
#2064=DIRECTION('',(0.,0.,1.));
#2065=AXIS2_PLACEMENT_3D('',#2062,#2063,#2064);
#2066=CIRCLE('',#2065,0.00474999999999999);
#2067=CARTESIAN_POINT('',(-0.00850000000000001,0.000825,0.03525));
#2068=VERTEX_POINT('',#2067);
#2069=EDGE_CURVE('',#2059,#2068,#2066,.T.);
#2070=ORIENTED_EDGE('',*,*,#2069,.T.);
#2071=CARTESIAN_POINT('',(0.,0.000825,0.03525));
#2072=DIRECTION('',(1.,0.,0.));
#2073=VECTOR('',#2072,1.);
#2074=LINE('',#2071,#2073);
#2075=EDGE_CURVE('',#2068,#2015,#2074,.T.);
#2076=ORIENTED_EDGE('',*,*,#2075,.T.);
#2077=EDGE_LOOP('',(#2019,#2027,#2036,#2044,#2053,#2061,#2070,#2076));
#2078=FACE_BOUND('',#2077,.T.);
#2079=ADVANCED_FACE('',(#2008,#2078),#1194,.T.);
#2080=CARTESIAN_POINT('',(0.0317403131083168,0.000825,-0.0493995412201418));
#2081=DIRECTION('',(0.,1.,0.));
#2082=DIRECTION('',(0.,0.,1.));
#2083=AXIS2_PLACEMENT_3D('',#2080,#2081,#2082);
#2084=CIRCLE('',#2083,0.00467545877985825);
#2085=CARTESIAN_POINT('',(0.0350463617167128,0.000825,-0.0527055898285377));
#2086=VERTEX_POINT('',#2085);
#2087=CARTESIAN_POINT('',(0.0301604785192151,0.000825,-0.0538));
#2088=VERTEX_POINT('',#2087);
#2089=EDGE_CURVE('',#2086,#2088,#2084,.T.);
#2090=ORIENTED_EDGE('',*,*,#2089,.T.);
#2091=CARTESIAN_POINT('',(-9.80586021949021E-27,0.000825,-0.137808758524574));
#2092=DIRECTION('',(0.,-1.,0.));
#2093=DIRECTION('',(0.,0.,1.));
#2094=AXIS2_PLACEMENT_3D('',#2091,#2092,#2093);
#2095=CIRCLE('',#2094,0.0892587585245745);
#2096=CARTESIAN_POINT('',(-0.0301604785192151,0.000825,-0.0538));
#2097=VERTEX_POINT('',#2096);
#2098=EDGE_CURVE('',#2088,#2097,#2095,.T.);
#2099=ORIENTED_EDGE('',*,*,#2098,.T.);
#2100=CARTESIAN_POINT('',(-0.0317403131083168,0.000825,-0.0493995412201414));
#2101=DIRECTION('',(0.,1.,0.));
#2102=DIRECTION('',(0.,0.,1.));
#2103=AXIS2_PLACEMENT_3D('',#2100,#2101,#2102);
#2104=CIRCLE('',#2103,0.00467545877985854);
#2105=CARTESIAN_POINT('',(-0.0350463617167129,0.000825,-0.0527055898285376));
#2106=VERTEX_POINT('',#2105);
#2107=EDGE_CURVE('',#2097,#2106,#2104,.T.);
#2108=ORIENTED_EDGE('',*,*,#2107,.T.);
#2109=CARTESIAN_POINT('',(-0.0527055898285377,0.000825,-0.0350463617167127));
#2110=DIRECTION('',(-0.707106781186546,0.,0.707106781186549));
#2111=VECTOR('',#2110,1.);
#2112=LINE('',#2109,#2111);
#2113=CARTESIAN_POINT('',(-0.0527055898285377,0.000825,-0.0350463617167127));
#2114=VERTEX_POINT('',#2113);
#2115=EDGE_CURVE('',#2106,#2114,#2112,.T.);
#2116=ORIENTED_EDGE('',*,*,#2115,.T.);
#2117=CARTESIAN_POINT('',(-0.0493995412201417,0.000825,-0.0317403131083168));
#2118=DIRECTION('',(0.,1.,0.));
#2119=DIRECTION('',(0.,0.,1.));
#2120=AXIS2_PLACEMENT_3D('',#2117,#2118,#2119);
#2121=CIRCLE('',#2120,0.00467545877985828);
#2122=CARTESIAN_POINT('',(-0.0538,0.000825,-0.0301604785192151));
#2123=VERTEX_POINT('',#2122);
#2124=EDGE_CURVE('',#2114,#2123,#2121,.T.);
#2125=ORIENTED_EDGE('',*,*,#2124,.T.);
#2126=CARTESIAN_POINT('',(-0.137808758524574,0.000825,4.34998886281967E-28));
#2127=DIRECTION('',(0.,-1.,0.));
#2128=DIRECTION('',(0.,0.,1.));
#2129=AXIS2_PLACEMENT_3D('',#2126,#2127,#2128);
#2130=CIRCLE('',#2129,0.0892587585245745);
#2131=CARTESIAN_POINT('',(-0.0538,0.000825,0.0301604785192151));
#2132=VERTEX_POINT('',#2131);
#2133=EDGE_CURVE('',#2123,#2132,#2130,.T.);
#2134=ORIENTED_EDGE('',*,*,#2133,.T.);
#2135=CARTESIAN_POINT('',(-0.0493995412201414,0.000825,0.0317403131083168));
#2136=DIRECTION('',(0.,1.,0.));
#2137=DIRECTION('',(0.,0.,1.));
#2138=AXIS2_PLACEMENT_3D('',#2135,#2136,#2137);
#2139=CIRCLE('',#2138,0.00467545877985857);
#2140=CARTESIAN_POINT('',(-0.0527055898285376,0.000825,0.035046361716713));
#2141=VERTEX_POINT('',#2140);
#2142=EDGE_CURVE('',#2132,#2141,#2139,.T.);
#2143=ORIENTED_EDGE('',*,*,#2142,.T.);
#2144=CARTESIAN_POINT('',(-0.0527055898285376,0.000825,0.035046361716713));
#2145=DIRECTION('',(0.707106781186549,0.,0.707106781186546));
#2146=VECTOR('',#2145,1.);
#2147=LINE('',#2144,#2146);
#2148=CARTESIAN_POINT('',(-0.0350463617167128,0.000825,0.0527055898285378));
#2149=VERTEX_POINT('',#2148);
#2150=EDGE_CURVE('',#2141,#2149,#2147,.T.);
#2151=ORIENTED_EDGE('',*,*,#2150,.T.);
#2152=CARTESIAN_POINT('',(-0.0317403131083169,0.000825,0.0493995412201418));
#2153=DIRECTION('',(0.,1.,0.));
#2154=DIRECTION('',(0.,0.,1.));
#2155=AXIS2_PLACEMENT_3D('',#2152,#2153,#2154);
#2156=CIRCLE('',#2155,0.0046754587798582);
#2157=CARTESIAN_POINT('',(-0.0301604785192151,0.000825,0.0538));
#2158=VERTEX_POINT('',#2157);
#2159=EDGE_CURVE('',#2149,#2158,#2156,.T.);
#2160=ORIENTED_EDGE('',*,*,#2159,.T.);
#2161=CARTESIAN_POINT('',(0.,0.000825,0.137808758524574));
#2162=DIRECTION('',(0.,-1.,0.));
#2163=DIRECTION('',(0.,0.,1.));
#2164=AXIS2_PLACEMENT_3D('',#2161,#2162,#2163);
#2165=CIRCLE('',#2164,0.0892587585245745);
#2166=CARTESIAN_POINT('',(0.0301604785192151,0.000825,0.0538));
#2167=VERTEX_POINT('',#2166);
#2168=EDGE_CURVE('',#2158,#2167,#2165,.T.);
#2169=ORIENTED_EDGE('',*,*,#2168,.T.);
#2170=CARTESIAN_POINT('',(0.0317403131083168,0.000825,0.0493995412201414));
#2171=DIRECTION('',(0.,1.,0.));
#2172=DIRECTION('',(0.,0.,1.));
#2173=AXIS2_PLACEMENT_3D('',#2170,#2171,#2172);
#2174=CIRCLE('',#2173,0.00467545877985854);
#2175=CARTESIAN_POINT('',(0.0350463617167129,0.000825,0.0527055898285376));
#2176=VERTEX_POINT('',#2175);
#2177=EDGE_CURVE('',#2167,#2176,#2174,.T.);
#2178=ORIENTED_EDGE('',*,*,#2177,.T.);
#2179=CARTESIAN_POINT('',(0.0350463617167129,0.000825,0.0527055898285376));
#2180=DIRECTION('',(0.707106781186546,0.,-0.707106781186549));
#2181=VECTOR('',#2180,1.);
#2182=LINE('',#2179,#2181);
#2183=CARTESIAN_POINT('',(0.0527055898285377,0.000825,0.0350463617167127));
#2184=VERTEX_POINT('',#2183);
#2185=EDGE_CURVE('',#2176,#2184,#2182,.T.);
#2186=ORIENTED_EDGE('',*,*,#2185,.T.);
#2187=CARTESIAN_POINT('',(0.0493995412201418,0.000825,0.0317403131083168));
#2188=DIRECTION('',(0.,1.,0.));
#2189=DIRECTION('',(0.,0.,1.));
#2190=AXIS2_PLACEMENT_3D('',#2187,#2188,#2189);
#2191=CIRCLE('',#2190,0.00467545877985822);
#2192=CARTESIAN_POINT('',(0.0538,0.000825,0.030160478519215));
#2193=VERTEX_POINT('',#2192);
#2194=EDGE_CURVE('',#2184,#2193,#2191,.T.);
#2195=ORIENTED_EDGE('',*,*,#2194,.T.);
#2196=CARTESIAN_POINT('',(0.137808758524575,0.000825,6.31088724176809E-30));
#2197=DIRECTION('',(0.,-1.,0.));
#2198=DIRECTION('',(0.,0.,1.));
#2199=AXIS2_PLACEMENT_3D('',#2196,#2197,#2198);
#2200=CIRCLE('',#2199,0.0892587585245745);
#2201=CARTESIAN_POINT('',(0.0538,0.000825,-0.0301604785192151));
#2202=VERTEX_POINT('',#2201);
#2203=EDGE_CURVE('',#2193,#2202,#2200,.T.);
#2204=ORIENTED_EDGE('',*,*,#2203,.T.);
#2205=CARTESIAN_POINT('',(0.0493995412201414,0.000825,-0.0317403131083168));
#2206=DIRECTION('',(0.,1.,0.));
#2207=DIRECTION('',(0.,0.,1.));
#2208=AXIS2_PLACEMENT_3D('',#2205,#2206,#2207);
#2209=CIRCLE('',#2208,0.00467545877985861);
#2210=CARTESIAN_POINT('',(0.0527055898285376,0.000825,-0.035046361716713));
#2211=VERTEX_POINT('',#2210);
#2212=EDGE_CURVE('',#2202,#2211,#2209,.T.);
#2213=ORIENTED_EDGE('',*,*,#2212,.T.);
#2214=CARTESIAN_POINT('',(0.0350463617167128,0.000825,-0.0527055898285377));
#2215=DIRECTION('',(-0.707106781186549,0.,-0.707106781186546));
#2216=VECTOR('',#2215,1.);
#2217=LINE('',#2214,#2216);
#2218=EDGE_CURVE('',#2211,#2086,#2217,.T.);
#2219=ORIENTED_EDGE('',*,*,#2218,.T.);
#2220=EDGE_LOOP('',(#2090,#2099,#2108,#2116,#2125,#2134,#2143,#2151,#2160,#2169,#2178,#2186,#2195,#2204,#2213,#2219));
#2221=FACE_BOUND('',#2220,.T.);
#2222=CARTESIAN_POINT('',(0.,0.000825,-0.137808758524574));
#2223=DIRECTION('',(0.,1.,0.));
#2224=DIRECTION('',(0.,0.,1.));
#2225=AXIS2_PLACEMENT_3D('',#2222,#2223,#2224);
#2226=CIRCLE('',#2225,0.0895087585245745);
#2227=CARTESIAN_POINT('',(-0.0302449533624063,0.000825,-0.0535647044393368));
#2228=VERTEX_POINT('',#2227);
#2229=CARTESIAN_POINT('',(0.0302449533624064,0.000825,-0.0535647044393368));
#2230=VERTEX_POINT('',#2229);
#2231=EDGE_CURVE('',#2228,#2230,#2226,.T.);
#2232=ORIENTED_EDGE('',*,*,#2231,.T.);
#2233=CARTESIAN_POINT('',(0.0317403131083168,0.000825,-0.0493995412201418));
#2234=DIRECTION('',(0.,1.,0.));
#2235=DIRECTION('',(0.,0.,1.));
#2236=AXIS2_PLACEMENT_3D('',#2233,#2234,#2235);
#2237=CIRCLE('',#2236,0.00442545877985828);
#2238=CARTESIAN_POINT('',(0.0348695850214162,0.000825,-0.0525288131332411));
#2239=VERTEX_POINT('',#2238);
#2240=EDGE_CURVE('',#2239,#2230,#2237,.T.);
#2241=ORIENTED_EDGE('',*,*,#2240,.F.);
#2242=CARTESIAN_POINT('',(0.0436991990773287,0.000825,-0.0436991990773287));
#2243=DIRECTION('',(0.707106781186548,0.,0.707106781186547));
#2244=VECTOR('',#2243,1.);
#2245=LINE('',#2242,#2244);
#2246=CARTESIAN_POINT('',(0.052528813133241,0.000825,-0.0348695850214164));
#2247=VERTEX_POINT('',#2246);
#2248=EDGE_CURVE('',#2239,#2247,#2245,.T.);
#2249=ORIENTED_EDGE('',*,*,#2248,.T.);
#2250=CARTESIAN_POINT('',(0.0493995412201414,0.000825,-0.0317403131083168));
#2251=DIRECTION('',(0.,1.,0.));
#2252=DIRECTION('',(0.,0.,1.));
#2253=AXIS2_PLACEMENT_3D('',#2250,#2251,#2252);
#2254=CIRCLE('',#2253,0.00442545877985862);
#2255=CARTESIAN_POINT('',(0.0535647044393368,0.000825,-0.0302449533624063));
#2256=VERTEX_POINT('',#2255);
#2257=EDGE_CURVE('',#2256,#2247,#2254,.T.);
#2258=ORIENTED_EDGE('',*,*,#2257,.F.);
#2259=CARTESIAN_POINT('',(0.137808758524575,0.000825,0.));
#2260=DIRECTION('',(0.,1.,0.));
#2261=DIRECTION('',(0.,0.,1.));
#2262=AXIS2_PLACEMENT_3D('',#2259,#2260,#2261);
#2263=CIRCLE('',#2262,0.0895087585245745);
#2264=CARTESIAN_POINT('',(0.0535647044393368,0.000825,0.0302449533624064));
#2265=VERTEX_POINT('',#2264);
#2266=EDGE_CURVE('',#2256,#2265,#2263,.T.);
#2267=ORIENTED_EDGE('',*,*,#2266,.T.);
#2268=CARTESIAN_POINT('',(0.0493995412201418,0.000825,0.0317403131083168));
#2269=DIRECTION('',(0.,1.,0.));
#2270=DIRECTION('',(0.,0.,1.));
#2271=AXIS2_PLACEMENT_3D('',#2268,#2269,#2270);
#2272=CIRCLE('',#2271,0.00442545877985825);
#2273=CARTESIAN_POINT('',(0.0525288131332411,0.000825,0.0348695850214161));
#2274=VERTEX_POINT('',#2273);
#2275=EDGE_CURVE('',#2274,#2265,#2272,.T.);
#2276=ORIENTED_EDGE('',*,*,#2275,.F.);
#2277=CARTESIAN_POINT('',(0.0436991990773286,0.000825,0.0436991990773286));
#2278=DIRECTION('',(0.707106781186548,0.,-0.707106781186547));
#2279=VECTOR('',#2278,1.);
#2280=LINE('',#2277,#2279);
#2281=CARTESIAN_POINT('',(0.0348695850214163,0.000825,0.0525288131332409));
#2282=VERTEX_POINT('',#2281);
#2283=EDGE_CURVE('',#2282,#2274,#2280,.T.);
#2284=ORIENTED_EDGE('',*,*,#2283,.F.);
#2285=CARTESIAN_POINT('',(0.0317403131083168,0.000825,0.0493995412201414));
#2286=DIRECTION('',(0.,1.,0.));
#2287=DIRECTION('',(0.,0.,1.));
#2288=AXIS2_PLACEMENT_3D('',#2285,#2286,#2287);
#2289=CIRCLE('',#2288,0.00442545877985853);
#2290=CARTESIAN_POINT('',(0.0302449533624063,0.000825,0.0535647044393368));
#2291=VERTEX_POINT('',#2290);
#2292=EDGE_CURVE('',#2291,#2282,#2289,.T.);
#2293=ORIENTED_EDGE('',*,*,#2292,.F.);
#2294=CARTESIAN_POINT('',(0.,0.000825,0.137808758524574));
#2295=DIRECTION('',(0.,1.,0.));
#2296=DIRECTION('',(0.,0.,1.));
#2297=AXIS2_PLACEMENT_3D('',#2294,#2295,#2296);
#2298=CIRCLE('',#2297,0.0895087585245745);
#2299=CARTESIAN_POINT('',(-0.0302449533624064,0.000825,0.0535647044393368));
#2300=VERTEX_POINT('',#2299);
#2301=EDGE_CURVE('',#2291,#2300,#2298,.T.);
#2302=ORIENTED_EDGE('',*,*,#2301,.T.);
#2303=CARTESIAN_POINT('',(-0.0317403131083169,0.000825,0.0493995412201418));
#2304=DIRECTION('',(0.,1.,0.));
#2305=DIRECTION('',(0.,0.,1.));
#2306=AXIS2_PLACEMENT_3D('',#2303,#2304,#2305);
#2307=CIRCLE('',#2306,0.00442545877985821);
#2308=CARTESIAN_POINT('',(-0.0348695850214161,0.000825,0.0525288131332411));
#2309=VERTEX_POINT('',#2308);
#2310=EDGE_CURVE('',#2309,#2300,#2307,.T.);
#2311=ORIENTED_EDGE('',*,*,#2310,.F.);
#2312=CARTESIAN_POINT('',(-0.0436991990773286,0.000825,0.0436991990773286));
#2313=DIRECTION('',(0.707106781186548,0.,0.707106781186548));
#2314=VECTOR('',#2313,1.);
#2315=LINE('',#2312,#2314);
#2316=CARTESIAN_POINT('',(-0.0525288131332409,0.000825,0.0348695850214163));
#2317=VERTEX_POINT('',#2316);
#2318=EDGE_CURVE('',#2317,#2309,#2315,.T.);
#2319=ORIENTED_EDGE('',*,*,#2318,.F.);
#2320=CARTESIAN_POINT('',(-0.0493995412201414,0.000825,0.0317403131083168));
#2321=DIRECTION('',(0.,1.,0.));
#2322=DIRECTION('',(0.,0.,1.));
#2323=AXIS2_PLACEMENT_3D('',#2320,#2321,#2322);
#2324=CIRCLE('',#2323,0.00442545877985853);
#2325=CARTESIAN_POINT('',(-0.0535647044393368,0.000825,0.0302449533624063));
#2326=VERTEX_POINT('',#2325);
#2327=EDGE_CURVE('',#2326,#2317,#2324,.T.);
#2328=ORIENTED_EDGE('',*,*,#2327,.F.);
#2329=CARTESIAN_POINT('',(-0.137808758524574,0.000825,0.));
#2330=DIRECTION('',(0.,1.,0.));
#2331=DIRECTION('',(0.,0.,1.));
#2332=AXIS2_PLACEMENT_3D('',#2329,#2330,#2331);
#2333=CIRCLE('',#2332,0.0895087585245745);
#2334=CARTESIAN_POINT('',(-0.0535647044393368,0.000825,-0.0302449533624063));
#2335=VERTEX_POINT('',#2334);
#2336=EDGE_CURVE('',#2326,#2335,#2333,.T.);
#2337=ORIENTED_EDGE('',*,*,#2336,.T.);
#2338=CARTESIAN_POINT('',(-0.0493995412201417,0.000825,-0.0317403131083168));
#2339=DIRECTION('',(0.,1.,0.));
#2340=DIRECTION('',(0.,0.,1.));
#2341=AXIS2_PLACEMENT_3D('',#2338,#2339,#2340);
#2342=CIRCLE('',#2341,0.00442545877985828);
#2343=CARTESIAN_POINT('',(-0.0525288131332411,0.000825,-0.0348695850214161));
#2344=VERTEX_POINT('',#2343);
#2345=EDGE_CURVE('',#2344,#2335,#2342,.T.);
#2346=ORIENTED_EDGE('',*,*,#2345,.F.);
#2347=CARTESIAN_POINT('',(-0.0436991990773286,0.000825,-0.0436991990773286));
#2348=DIRECTION('',(0.707106781186547,0.,-0.707106781186548));
#2349=VECTOR('',#2348,1.);
#2350=LINE('',#2347,#2349);
#2351=CARTESIAN_POINT('',(-0.0348695850214163,0.000825,-0.052528813133241));
#2352=VERTEX_POINT('',#2351);
#2353=EDGE_CURVE('',#2344,#2352,#2350,.T.);
#2354=ORIENTED_EDGE('',*,*,#2353,.T.);
#2355=CARTESIAN_POINT('',(-0.0317403131083168,0.000825,-0.0493995412201414));
#2356=DIRECTION('',(0.,1.,0.));
#2357=DIRECTION('',(0.,0.,1.));
#2358=AXIS2_PLACEMENT_3D('',#2355,#2356,#2357);
#2359=CIRCLE('',#2358,0.00442545877985854);
#2360=EDGE_CURVE('',#2228,#2352,#2359,.T.);
#2361=ORIENTED_EDGE('',*,*,#2360,.F.);
#2362=EDGE_LOOP('',(#2232,#2241,#2249,#2258,#2267,#2276,#2284,#2293,#2302,#2311,#2319,#2328,#2337,#2346,#2354,#2361));
#2363=FACE_BOUND('',#2362,.T.);
#2364=ADVANCED_FACE('',(#2221,#2363),#1194,.T.);
#2365=CARTESIAN_POINT('',(0.0317403131083168,-0.000825,-0.0493995412201418));
#2366=DIRECTION('',(0.,1.,0.));
#2367=DIRECTION('',(0.,0.,1.));
#2368=AXIS2_PLACEMENT_3D('',#2365,#2366,#2367);
#2369=CYLINDRICAL_SURFACE('',#2368,0.00467545877985825);
#2370=CARTESIAN_POINT('',(0.0301604785192151,-0.000825,-0.0538));
#2371=DIRECTION('',(0.,1.,0.));
#2372=VECTOR('',#2371,1.);
#2373=LINE('',#2370,#2372);
#2374=EDGE_CURVE('',#913,#2088,#2373,.T.);
#2375=ORIENTED_EDGE('',*,*,#2374,.T.);
#2376=ORIENTED_EDGE('',*,*,#2089,.F.);
#2377=CARTESIAN_POINT('',(0.0350463617167128,-0.000825,-0.0527055898285377));
#2378=DIRECTION('',(0.,1.,0.));
#2379=VECTOR('',#2378,1.);
#2380=LINE('',#2377,#2379);
#2381=EDGE_CURVE('',#911,#2086,#2380,.T.);
#2382=ORIENTED_EDGE('',*,*,#2381,.F.);
#2383=ORIENTED_EDGE('',*,*,#914,.T.);
#2384=EDGE_LOOP('',(#2375,#2376,#2382,#2383));
#2385=FACE_BOUND('',#2384,.T.);
#2386=ADVANCED_FACE('',(#2385),#2369,.T.);
#2387=CARTESIAN_POINT('',(0.0350463617167128,-0.000825,-0.0527055898285377));
#2388=DIRECTION('',(0.707106781186546,0.,-0.707106781186549));
#2389=DIRECTION('',(-0.707106781186549,0.,-0.707106781186546));
#2390=AXIS2_PLACEMENT_3D('',#2387,#2388,#2389);
#2391=PLANE('',#2390);
#2392=ORIENTED_EDGE('',*,*,#2381,.T.);
#2393=ORIENTED_EDGE('',*,*,#2218,.F.);
#2394=CARTESIAN_POINT('',(0.0527055898285376,-0.000825,-0.035046361716713));
#2395=DIRECTION('',(0.,1.,0.));
#2396=VECTOR('',#2395,1.);
#2397=LINE('',#2394,#2396);
#2398=EDGE_CURVE('',#921,#2211,#2397,.T.);
#2399=ORIENTED_EDGE('',*,*,#2398,.F.);
#2400=ORIENTED_EDGE('',*,*,#922,.T.);
#2401=EDGE_LOOP('',(#2392,#2393,#2399,#2400));
#2402=FACE_BOUND('',#2401,.T.);
#2403=ADVANCED_FACE('',(#2402),#2391,.T.);
#2404=CARTESIAN_POINT('',(0.0493995412201414,-0.000825,-0.0317403131083168));
#2405=DIRECTION('',(0.,1.,0.));
#2406=DIRECTION('',(0.,0.,1.));
#2407=AXIS2_PLACEMENT_3D('',#2404,#2405,#2406);
#2408=CYLINDRICAL_SURFACE('',#2407,0.00467545877985861);
#2409=ORIENTED_EDGE('',*,*,#2398,.T.);
#2410=ORIENTED_EDGE('',*,*,#2212,.F.);
#2411=CARTESIAN_POINT('',(0.0538,-0.000825,-0.0301604785192151));
#2412=DIRECTION('',(0.,1.,0.));
#2413=VECTOR('',#2412,1.);
#2414=LINE('',#2411,#2413);
#2415=EDGE_CURVE('',#930,#2202,#2414,.T.);
#2416=ORIENTED_EDGE('',*,*,#2415,.F.);
#2417=ORIENTED_EDGE('',*,*,#931,.T.);
#2418=EDGE_LOOP('',(#2409,#2410,#2416,#2417));
#2419=FACE_BOUND('',#2418,.T.);
#2420=ADVANCED_FACE('',(#2419),#2408,.T.);
#2421=CARTESIAN_POINT('',(0.137808758524575,-0.000825,6.31088724176809E-30));
#2422=DIRECTION('',(0.,1.,0.));
#2423=DIRECTION('',(0.,0.,1.));
#2424=AXIS2_PLACEMENT_3D('',#2421,#2422,#2423);
#2425=CYLINDRICAL_SURFACE('',#2424,0.0892587585245745);
#2426=ORIENTED_EDGE('',*,*,#2415,.T.);
#2427=ORIENTED_EDGE('',*,*,#2203,.F.);
#2428=CARTESIAN_POINT('',(0.0538,-0.000825,0.030160478519215));
#2429=DIRECTION('',(0.,1.,0.));
#2430=VECTOR('',#2429,1.);
#2431=LINE('',#2428,#2430);
#2432=EDGE_CURVE('',#939,#2193,#2431,.T.);
#2433=ORIENTED_EDGE('',*,*,#2432,.F.);
#2434=ORIENTED_EDGE('',*,*,#940,.T.);
#2435=EDGE_LOOP('',(#2426,#2427,#2433,#2434));
#2436=FACE_BOUND('',#2435,.T.);
#2437=ADVANCED_FACE('',(#2436),#2425,.F.);
#2438=CARTESIAN_POINT('',(0.0493995412201418,-0.000825,0.0317403131083168));
#2439=DIRECTION('',(0.,1.,0.));
#2440=DIRECTION('',(0.,0.,1.));
#2441=AXIS2_PLACEMENT_3D('',#2438,#2439,#2440);
#2442=CYLINDRICAL_SURFACE('',#2441,0.00467545877985822);
#2443=ORIENTED_EDGE('',*,*,#2432,.T.);
#2444=ORIENTED_EDGE('',*,*,#2194,.F.);
#2445=CARTESIAN_POINT('',(0.0527055898285377,-0.000825,0.0350463617167127));
#2446=DIRECTION('',(0.,1.,0.));
#2447=VECTOR('',#2446,1.);
#2448=LINE('',#2445,#2447);
#2449=EDGE_CURVE('',#948,#2184,#2448,.T.);
#2450=ORIENTED_EDGE('',*,*,#2449,.F.);
#2451=ORIENTED_EDGE('',*,*,#949,.T.);
#2452=EDGE_LOOP('',(#2443,#2444,#2450,#2451));
#2453=FACE_BOUND('',#2452,.T.);
#2454=ADVANCED_FACE('',(#2453),#2442,.T.);
#2455=CARTESIAN_POINT('',(0.0350463617167129,-0.000825,0.0527055898285376));
#2456=DIRECTION('',(0.707106781186549,0.,0.707106781186546));
#2457=DIRECTION('',(0.707106781186546,0.,-0.707106781186549));
#2458=AXIS2_PLACEMENT_3D('',#2455,#2456,#2457);
#2459=PLANE('',#2458);
#2460=ORIENTED_EDGE('',*,*,#2449,.T.);
#2461=ORIENTED_EDGE('',*,*,#2185,.F.);
#2462=CARTESIAN_POINT('',(0.0350463617167129,-0.000825,0.0527055898285376));
#2463=DIRECTION('',(0.,1.,0.));
#2464=VECTOR('',#2463,1.);
#2465=LINE('',#2462,#2464);
#2466=EDGE_CURVE('',#956,#2176,#2465,.T.);
#2467=ORIENTED_EDGE('',*,*,#2466,.F.);
#2468=ORIENTED_EDGE('',*,*,#957,.T.);
#2469=EDGE_LOOP('',(#2460,#2461,#2467,#2468));
#2470=FACE_BOUND('',#2469,.T.);
#2471=ADVANCED_FACE('',(#2470),#2459,.T.);
#2472=CARTESIAN_POINT('',(0.0317403131083168,-0.000825,0.0493995412201414));
#2473=DIRECTION('',(0.,1.,0.));
#2474=DIRECTION('',(0.,0.,1.));
#2475=AXIS2_PLACEMENT_3D('',#2472,#2473,#2474);
#2476=CYLINDRICAL_SURFACE('',#2475,0.00467545877985854);
#2477=ORIENTED_EDGE('',*,*,#2466,.T.);
#2478=ORIENTED_EDGE('',*,*,#2177,.F.);
#2479=CARTESIAN_POINT('',(0.0301604785192151,-0.000825,0.0538));
#2480=DIRECTION('',(0.,1.,0.));
#2481=VECTOR('',#2480,1.);
#2482=LINE('',#2479,#2481);
#2483=EDGE_CURVE('',#965,#2167,#2482,.T.);
#2484=ORIENTED_EDGE('',*,*,#2483,.F.);
#2485=ORIENTED_EDGE('',*,*,#966,.T.);
#2486=EDGE_LOOP('',(#2477,#2478,#2484,#2485));
#2487=FACE_BOUND('',#2486,.T.);
#2488=ADVANCED_FACE('',(#2487),#2476,.T.);
#2489=CARTESIAN_POINT('',(0.,-0.000825,0.137808758524574));
#2490=DIRECTION('',(0.,1.,0.));
#2491=DIRECTION('',(0.,0.,1.));
#2492=AXIS2_PLACEMENT_3D('',#2489,#2490,#2491);
#2493=CYLINDRICAL_SURFACE('',#2492,0.0892587585245745);
#2494=ORIENTED_EDGE('',*,*,#2483,.T.);
#2495=ORIENTED_EDGE('',*,*,#2168,.F.);
#2496=CARTESIAN_POINT('',(-0.0301604785192151,-0.000825,0.0538));
#2497=DIRECTION('',(0.,1.,0.));
#2498=VECTOR('',#2497,1.);
#2499=LINE('',#2496,#2498);
#2500=EDGE_CURVE('',#974,#2158,#2499,.T.);
#2501=ORIENTED_EDGE('',*,*,#2500,.F.);
#2502=ORIENTED_EDGE('',*,*,#975,.T.);
#2503=EDGE_LOOP('',(#2494,#2495,#2501,#2502));
#2504=FACE_BOUND('',#2503,.T.);
#2505=ADVANCED_FACE('',(#2504),#2493,.F.);
#2506=CARTESIAN_POINT('',(-0.0317403131083169,-0.000825,0.0493995412201418));
#2507=DIRECTION('',(0.,1.,0.));
#2508=DIRECTION('',(0.,0.,1.));
#2509=AXIS2_PLACEMENT_3D('',#2506,#2507,#2508);
#2510=CYLINDRICAL_SURFACE('',#2509,0.0046754587798582);
#2511=ORIENTED_EDGE('',*,*,#2500,.T.);
#2512=ORIENTED_EDGE('',*,*,#2159,.F.);
#2513=CARTESIAN_POINT('',(-0.0350463617167128,-0.000825,0.0527055898285378));
#2514=DIRECTION('',(0.,1.,0.));
#2515=VECTOR('',#2514,1.);
#2516=LINE('',#2513,#2515);
#2517=EDGE_CURVE('',#983,#2149,#2516,.T.);
#2518=ORIENTED_EDGE('',*,*,#2517,.F.);
#2519=ORIENTED_EDGE('',*,*,#984,.T.);
#2520=EDGE_LOOP('',(#2511,#2512,#2518,#2519));
#2521=FACE_BOUND('',#2520,.T.);
#2522=ADVANCED_FACE('',(#2521),#2510,.T.);
#2523=CARTESIAN_POINT('',(-0.0527055898285376,-0.000825,0.035046361716713));
#2524=DIRECTION('',(-0.707106781186546,0.,0.707106781186549));
#2525=DIRECTION('',(0.707106781186549,0.,0.707106781186546));
#2526=AXIS2_PLACEMENT_3D('',#2523,#2524,#2525);
#2527=PLANE('',#2526);
#2528=ORIENTED_EDGE('',*,*,#2517,.T.);
#2529=ORIENTED_EDGE('',*,*,#2150,.F.);
#2530=CARTESIAN_POINT('',(-0.0527055898285376,-0.000825,0.035046361716713));
#2531=DIRECTION('',(0.,1.,0.));
#2532=VECTOR('',#2531,1.);
#2533=LINE('',#2530,#2532);
#2534=EDGE_CURVE('',#991,#2141,#2533,.T.);
#2535=ORIENTED_EDGE('',*,*,#2534,.F.);
#2536=ORIENTED_EDGE('',*,*,#992,.T.);
#2537=EDGE_LOOP('',(#2528,#2529,#2535,#2536));
#2538=FACE_BOUND('',#2537,.T.);
#2539=ADVANCED_FACE('',(#2538),#2527,.T.);
#2540=CARTESIAN_POINT('',(-0.0493995412201414,-0.000825,0.0317403131083168));
#2541=DIRECTION('',(0.,1.,0.));
#2542=DIRECTION('',(0.,0.,1.));
#2543=AXIS2_PLACEMENT_3D('',#2540,#2541,#2542);
#2544=CYLINDRICAL_SURFACE('',#2543,0.00467545877985857);
#2545=ORIENTED_EDGE('',*,*,#2534,.T.);
#2546=ORIENTED_EDGE('',*,*,#2142,.F.);
#2547=CARTESIAN_POINT('',(-0.0538,-0.000825,0.0301604785192151));
#2548=DIRECTION('',(0.,1.,0.));
#2549=VECTOR('',#2548,1.);
#2550=LINE('',#2547,#2549);
#2551=EDGE_CURVE('',#1000,#2132,#2550,.T.);
#2552=ORIENTED_EDGE('',*,*,#2551,.F.);
#2553=ORIENTED_EDGE('',*,*,#1001,.T.);
#2554=EDGE_LOOP('',(#2545,#2546,#2552,#2553));
#2555=FACE_BOUND('',#2554,.T.);
#2556=ADVANCED_FACE('',(#2555),#2544,.T.);
#2557=CARTESIAN_POINT('',(-0.137808758524574,-0.000825,4.34998886281967E-28));
#2558=DIRECTION('',(0.,1.,0.));
#2559=DIRECTION('',(0.,0.,1.));
#2560=AXIS2_PLACEMENT_3D('',#2557,#2558,#2559);
#2561=CYLINDRICAL_SURFACE('',#2560,0.0892587585245745);
#2562=ORIENTED_EDGE('',*,*,#2551,.T.);
#2563=ORIENTED_EDGE('',*,*,#2133,.F.);
#2564=CARTESIAN_POINT('',(-0.0538,-0.000825,-0.0301604785192151));
#2565=DIRECTION('',(0.,1.,0.));
#2566=VECTOR('',#2565,1.);
#2567=LINE('',#2564,#2566);
#2568=EDGE_CURVE('',#1009,#2123,#2567,.T.);
#2569=ORIENTED_EDGE('',*,*,#2568,.F.);
#2570=ORIENTED_EDGE('',*,*,#1010,.T.);
#2571=EDGE_LOOP('',(#2562,#2563,#2569,#2570));
#2572=FACE_BOUND('',#2571,.T.);
#2573=ADVANCED_FACE('',(#2572),#2561,.F.);
#2574=CARTESIAN_POINT('',(-0.0493995412201417,-0.000825,-0.0317403131083168));
#2575=DIRECTION('',(0.,1.,0.));
#2576=DIRECTION('',(0.,0.,1.));
#2577=AXIS2_PLACEMENT_3D('',#2574,#2575,#2576);
#2578=CYLINDRICAL_SURFACE('',#2577,0.00467545877985828);
#2579=ORIENTED_EDGE('',*,*,#2568,.T.);
#2580=ORIENTED_EDGE('',*,*,#2124,.F.);
#2581=CARTESIAN_POINT('',(-0.0527055898285377,-0.000825,-0.0350463617167127));
#2582=DIRECTION('',(0.,1.,0.));
#2583=VECTOR('',#2582,1.);
#2584=LINE('',#2581,#2583);
#2585=EDGE_CURVE('',#1018,#2114,#2584,.T.);
#2586=ORIENTED_EDGE('',*,*,#2585,.F.);
#2587=ORIENTED_EDGE('',*,*,#1019,.T.);
#2588=EDGE_LOOP('',(#2579,#2580,#2586,#2587));
#2589=FACE_BOUND('',#2588,.T.);
#2590=ADVANCED_FACE('',(#2589),#2578,.T.);
#2591=CARTESIAN_POINT('',(-0.0527055898285377,-0.000825,-0.0350463617167127));
#2592=DIRECTION('',(-0.707106781186549,0.,-0.707106781186546));
#2593=DIRECTION('',(-0.707106781186546,0.,0.707106781186549));
#2594=AXIS2_PLACEMENT_3D('',#2591,#2592,#2593);
#2595=PLANE('',#2594);
#2596=ORIENTED_EDGE('',*,*,#2585,.T.);
#2597=ORIENTED_EDGE('',*,*,#2115,.F.);
#2598=CARTESIAN_POINT('',(-0.0350463617167129,-0.000825,-0.0527055898285376));
#2599=DIRECTION('',(0.,1.,0.));
#2600=VECTOR('',#2599,1.);
#2601=LINE('',#2598,#2600);
#2602=EDGE_CURVE('',#1026,#2106,#2601,.T.);
#2603=ORIENTED_EDGE('',*,*,#2602,.F.);
#2604=ORIENTED_EDGE('',*,*,#1027,.T.);
#2605=EDGE_LOOP('',(#2596,#2597,#2603,#2604));
#2606=FACE_BOUND('',#2605,.T.);
#2607=ADVANCED_FACE('',(#2606),#2595,.T.);
#2608=CARTESIAN_POINT('',(-0.0317403131083168,-0.000825,-0.0493995412201414));
#2609=DIRECTION('',(0.,1.,0.));
#2610=DIRECTION('',(0.,0.,1.));
#2611=AXIS2_PLACEMENT_3D('',#2608,#2609,#2610);
#2612=CYLINDRICAL_SURFACE('',#2611,0.00467545877985854);
#2613=ORIENTED_EDGE('',*,*,#2602,.T.);
#2614=ORIENTED_EDGE('',*,*,#2107,.F.);
#2615=CARTESIAN_POINT('',(-0.0301604785192151,-0.000825,-0.0538));
#2616=DIRECTION('',(0.,1.,0.));
#2617=VECTOR('',#2616,1.);
#2618=LINE('',#2615,#2617);
#2619=EDGE_CURVE('',#1035,#2097,#2618,.T.);
#2620=ORIENTED_EDGE('',*,*,#2619,.F.);
#2621=ORIENTED_EDGE('',*,*,#1036,.T.);
#2622=EDGE_LOOP('',(#2613,#2614,#2620,#2621));
#2623=FACE_BOUND('',#2622,.T.);
#2624=ADVANCED_FACE('',(#2623),#2612,.T.);
#2625=CARTESIAN_POINT('',(-9.80586021949021E-27,-0.000825,-0.137808758524574));
#2626=DIRECTION('',(0.,1.,0.));
#2627=DIRECTION('',(0.,0.,1.));
#2628=AXIS2_PLACEMENT_3D('',#2625,#2626,#2627);
#2629=CYLINDRICAL_SURFACE('',#2628,0.0892587585245745);
#2630=ORIENTED_EDGE('',*,*,#2619,.T.);
#2631=ORIENTED_EDGE('',*,*,#2098,.F.);
#2632=ORIENTED_EDGE('',*,*,#2374,.F.);
#2633=ORIENTED_EDGE('',*,*,#1043,.T.);
#2634=EDGE_LOOP('',(#2630,#2631,#2632,#2633));
#2635=FACE_BOUND('',#2634,.T.);
#2636=ADVANCED_FACE('',(#2635),#2629,.F.);
#2637=CARTESIAN_POINT('',(0.00849999999999999,-0.0318894491340181,-0.0305));
#2638=DIRECTION('',(0.,1.,0.));
#2639=DIRECTION('',(0.,0.,1.));
#2640=AXIS2_PLACEMENT_3D('',#2637,#2638,#2639);
#2641=CYLINDRICAL_SURFACE('',#2640,0.00450000000000001);
#2642=ORIENTED_EDGE('',*,*,#37,.F.);
#2643=CARTESIAN_POINT('',(0.013,-0.0318894491340181,-0.0305));
#2644=DIRECTION('',(0.,1.,0.));
#2645=VECTOR('',#2644,1.);
#2646=LINE('',#2643,#2645);
#2647=EDGE_CURVE('',#25,#1201,#2646,.T.);
#2648=ORIENTED_EDGE('',*,*,#2647,.T.);
#2649=ORIENTED_EDGE('',*,*,#1204,.T.);
#2650=CARTESIAN_POINT('',(0.00849999999999999,-0.0318894491340181,-0.035));
#2651=DIRECTION('',(0.,1.,0.));
#2652=VECTOR('',#2651,1.);
#2653=LINE('',#2650,#2652);
#2654=EDGE_CURVE('',#36,#1203,#2653,.T.);
#2655=ORIENTED_EDGE('',*,*,#2654,.F.);
#2656=EDGE_LOOP('',(#2642,#2648,#2649,#2655));
#2657=FACE_BOUND('',#2656,.T.);
#2658=ADVANCED_FACE('',(#2657),#2641,.F.);
#2659=CARTESIAN_POINT('',(0.013,-0.0318894491340181,-0.0305));
#2660=DIRECTION('',(1.,0.,-2.16840434497101E-16));
#2661=DIRECTION('',(-2.16840434497101E-16,0.,-1.));
#2662=AXIS2_PLACEMENT_3D('',#2659,#2660,#2661);
#2663=PLANE('',#2662);
#2664=ORIENTED_EDGE('',*,*,#28,.T.);
#2665=CARTESIAN_POINT('',(0.013,-0.0318894491340181,-0.0225));
#2666=DIRECTION('',(0.,1.,0.));
#2667=VECTOR('',#2666,1.);
#2668=LINE('',#2665,#2667);
#2669=EDGE_CURVE('',#27,#1211,#2668,.T.);
#2670=ORIENTED_EDGE('',*,*,#2669,.T.);
#2671=ORIENTED_EDGE('',*,*,#1212,.T.);
#2672=ORIENTED_EDGE('',*,*,#2647,.F.);
#2673=EDGE_LOOP('',(#2664,#2670,#2671,#2672));
#2674=FACE_BOUND('',#2673,.T.);
#2675=ADVANCED_FACE('',(#2674),#2663,.F.);
#2676=CARTESIAN_POINT('',(0.0085,-0.0318894491340181,-0.0225));
#2677=DIRECTION('',(0.,1.,0.));
#2678=DIRECTION('',(0.,0.,1.));
#2679=AXIS2_PLACEMENT_3D('',#2676,#2677,#2678);
#2680=CYLINDRICAL_SURFACE('',#2679,0.0045);
#2681=ORIENTED_EDGE('',*,*,#86,.F.);
#2682=CARTESIAN_POINT('',(0.00849999999999999,-0.0318894491340181,-0.018));
#2683=DIRECTION('',(0.,1.,0.));
#2684=VECTOR('',#2683,1.);
#2685=LINE('',#2682,#2684);
#2686=EDGE_CURVE('',#78,#1220,#2685,.T.);
#2687=ORIENTED_EDGE('',*,*,#2686,.T.);
#2688=ORIENTED_EDGE('',*,*,#1221,.T.);
#2689=ORIENTED_EDGE('',*,*,#2669,.F.);
#2690=EDGE_LOOP('',(#2681,#2687,#2688,#2689));
#2691=FACE_BOUND('',#2690,.T.);
#2692=ADVANCED_FACE('',(#2691),#2680,.F.);
#2693=CARTESIAN_POINT('',(-0.00849999999999999,-0.0318894491340181,-0.018));
#2694=DIRECTION('',(2.04085114820801E-16,0.,1.));
#2695=DIRECTION('',(1.,0.,-2.04085114820801E-16));
#2696=AXIS2_PLACEMENT_3D('',#2693,#2694,#2695);
#2697=PLANE('',#2696);
#2698=ORIENTED_EDGE('',*,*,#79,.T.);
#2699=CARTESIAN_POINT('',(-0.00849999999999999,-0.0318894491340181,-0.018));
#2700=DIRECTION('',(0.,1.,0.));
#2701=VECTOR('',#2700,1.);
#2702=LINE('',#2699,#2701);
#2703=EDGE_CURVE('',#70,#1228,#2702,.T.);
#2704=ORIENTED_EDGE('',*,*,#2703,.T.);
#2705=ORIENTED_EDGE('',*,*,#1229,.T.);
#2706=ORIENTED_EDGE('',*,*,#2686,.F.);
#2707=EDGE_LOOP('',(#2698,#2704,#2705,#2706));
#2708=FACE_BOUND('',#2707,.T.);
#2709=ADVANCED_FACE('',(#2708),#2697,.F.);
#2710=CARTESIAN_POINT('',(-0.00849999999999999,-0.0318894491340181,-0.0225));
#2711=DIRECTION('',(0.,1.,0.));
#2712=DIRECTION('',(0.,0.,1.));
#2713=AXIS2_PLACEMENT_3D('',#2710,#2711,#2712);
#2714=CYLINDRICAL_SURFACE('',#2713,0.00450000000000001);
#2715=ORIENTED_EDGE('',*,*,#71,.F.);
#2716=CARTESIAN_POINT('',(-0.013,-0.0318894491340181,-0.0225));
#2717=DIRECTION('',(0.,1.,0.));
#2718=VECTOR('',#2717,1.);
#2719=LINE('',#2716,#2718);
#2720=EDGE_CURVE('',#61,#1237,#2719,.T.);
#2721=ORIENTED_EDGE('',*,*,#2720,.T.);
#2722=ORIENTED_EDGE('',*,*,#1238,.T.);
#2723=ORIENTED_EDGE('',*,*,#2703,.F.);
#2724=EDGE_LOOP('',(#2715,#2721,#2722,#2723));
#2725=FACE_BOUND('',#2724,.T.);
#2726=ADVANCED_FACE('',(#2725),#2714,.F.);
#2727=CARTESIAN_POINT('',(-0.013,-0.0318894491340181,-0.0305));
#2728=DIRECTION('',(-1.,0.,2.16840434497101E-16));
#2729=DIRECTION('',(2.16840434497101E-16,0.,1.));
#2730=AXIS2_PLACEMENT_3D('',#2727,#2728,#2729);
#2731=PLANE('',#2730);
#2732=ORIENTED_EDGE('',*,*,#62,.T.);
#2733=CARTESIAN_POINT('',(-0.013,-0.0318894491340181,-0.0305));
#2734=DIRECTION('',(0.,1.,0.));
#2735=VECTOR('',#2734,1.);
#2736=LINE('',#2733,#2735);
#2737=EDGE_CURVE('',#53,#1245,#2736,.T.);
#2738=ORIENTED_EDGE('',*,*,#2737,.T.);
#2739=ORIENTED_EDGE('',*,*,#1246,.T.);
#2740=ORIENTED_EDGE('',*,*,#2720,.F.);
#2741=EDGE_LOOP('',(#2732,#2738,#2739,#2740));
#2742=FACE_BOUND('',#2741,.T.);
#2743=ADVANCED_FACE('',(#2742),#2731,.F.);
#2744=CARTESIAN_POINT('',(-0.0085,-0.0318894491340181,-0.0305));
#2745=DIRECTION('',(0.,1.,0.));
#2746=DIRECTION('',(0.,0.,1.));
#2747=AXIS2_PLACEMENT_3D('',#2744,#2745,#2746);
#2748=CYLINDRICAL_SURFACE('',#2747,0.0045);
#2749=ORIENTED_EDGE('',*,*,#54,.F.);
#2750=CARTESIAN_POINT('',(-0.0085,-0.0318894491340181,-0.035));
#2751=DIRECTION('',(0.,1.,0.));
#2752=VECTOR('',#2751,1.);
#2753=LINE('',#2750,#2752);
#2754=EDGE_CURVE('',#44,#1254,#2753,.T.);
#2755=ORIENTED_EDGE('',*,*,#2754,.T.);
#2756=ORIENTED_EDGE('',*,*,#1255,.T.);
#2757=ORIENTED_EDGE('',*,*,#2737,.F.);
#2758=EDGE_LOOP('',(#2749,#2755,#2756,#2757));
#2759=FACE_BOUND('',#2758,.T.);
#2760=ADVANCED_FACE('',(#2759),#2748,.F.);
#2761=CARTESIAN_POINT('',(-0.0085,-0.0318894491340181,-0.035));
#2762=DIRECTION('',(-4.08170229641602E-16,0.,-1.));
#2763=DIRECTION('',(-1.,0.,4.08170229641602E-16));
#2764=AXIS2_PLACEMENT_3D('',#2761,#2762,#2763);
#2765=PLANE('',#2764);
#2766=ORIENTED_EDGE('',*,*,#45,.T.);
#2767=ORIENTED_EDGE('',*,*,#2654,.T.);
#2768=ORIENTED_EDGE('',*,*,#1261,.T.);
#2769=ORIENTED_EDGE('',*,*,#2754,.F.);
#2770=EDGE_LOOP('',(#2766,#2767,#2768,#2769));
#2771=FACE_BOUND('',#2770,.T.);
#2772=ADVANCED_FACE('',(#2771),#2765,.F.);
#2773=CARTESIAN_POINT('',(-0.00849999999999998,-0.0318894491340181,0.0225));
#2774=DIRECTION('',(0.,1.,0.));
#2775=DIRECTION('',(0.,0.,1.));
#2776=AXIS2_PLACEMENT_3D('',#2773,#2774,#2775);
#2777=CYLINDRICAL_SURFACE('',#2776,0.00450000000000001);
#2778=ORIENTED_EDGE('',*,*,#781,.F.);
#2779=CARTESIAN_POINT('',(-0.00849999999999998,-0.0318894491340181,0.018));
#2780=DIRECTION('',(0.,1.,0.));
#2781=VECTOR('',#2780,1.);
#2782=LINE('',#2779,#2781);
#2783=EDGE_CURVE('',#769,#1945,#2782,.T.);
#2784=ORIENTED_EDGE('',*,*,#2783,.T.);
#2785=ORIENTED_EDGE('',*,*,#1948,.T.);
#2786=CARTESIAN_POINT('',(-0.013,-0.0318894491340181,0.0225));
#2787=DIRECTION('',(0.,1.,0.));
#2788=VECTOR('',#2787,1.);
#2789=LINE('',#2786,#2788);
#2790=EDGE_CURVE('',#780,#1947,#2789,.T.);
#2791=ORIENTED_EDGE('',*,*,#2790,.F.);
#2792=EDGE_LOOP('',(#2778,#2784,#2785,#2791));
#2793=FACE_BOUND('',#2792,.T.);
#2794=ADVANCED_FACE('',(#2793),#2777,.F.);
#2795=CARTESIAN_POINT('',(-0.00849999999999998,-0.0318894491340181,0.018));
#2796=DIRECTION('',(-2.04085114820801E-16,0.,-1.));
#2797=DIRECTION('',(-1.,0.,2.04085114820801E-16));
#2798=AXIS2_PLACEMENT_3D('',#2795,#2796,#2797);
#2799=PLANE('',#2798);
#2800=ORIENTED_EDGE('',*,*,#772,.T.);
#2801=CARTESIAN_POINT('',(0.00849999999999999,-0.0318894491340181,0.018));
#2802=DIRECTION('',(0.,1.,0.));
#2803=VECTOR('',#2802,1.);
#2804=LINE('',#2801,#2803);
#2805=EDGE_CURVE('',#771,#1955,#2804,.T.);
#2806=ORIENTED_EDGE('',*,*,#2805,.T.);
#2807=ORIENTED_EDGE('',*,*,#1956,.T.);
#2808=ORIENTED_EDGE('',*,*,#2783,.F.);
#2809=EDGE_LOOP('',(#2800,#2806,#2807,#2808));
#2810=FACE_BOUND('',#2809,.T.);
#2811=ADVANCED_FACE('',(#2810),#2799,.F.);
#2812=CARTESIAN_POINT('',(0.0085,-0.0318894491340181,0.0225));
#2813=DIRECTION('',(0.,1.,0.));
#2814=DIRECTION('',(0.,0.,1.));
#2815=AXIS2_PLACEMENT_3D('',#2812,#2813,#2814);
#2816=CYLINDRICAL_SURFACE('',#2815,0.0045);
#2817=ORIENTED_EDGE('',*,*,#830,.F.);
#2818=CARTESIAN_POINT('',(0.013,-0.0318894491340181,0.0225));
#2819=DIRECTION('',(0.,1.,0.));
#2820=VECTOR('',#2819,1.);
#2821=LINE('',#2818,#2820);
#2822=EDGE_CURVE('',#822,#1964,#2821,.T.);
#2823=ORIENTED_EDGE('',*,*,#2822,.T.);
#2824=ORIENTED_EDGE('',*,*,#1965,.T.);
#2825=ORIENTED_EDGE('',*,*,#2805,.F.);
#2826=EDGE_LOOP('',(#2817,#2823,#2824,#2825));
#2827=FACE_BOUND('',#2826,.T.);
#2828=ADVANCED_FACE('',(#2827),#2816,.F.);
#2829=CARTESIAN_POINT('',(0.013,-0.0318894491340181,0.0225));
#2830=DIRECTION('',(1.,0.,0.));
#2831=DIRECTION('',(0.,0.,-1.));
#2832=AXIS2_PLACEMENT_3D('',#2829,#2830,#2831);
#2833=PLANE('',#2832);
#2834=ORIENTED_EDGE('',*,*,#823,.T.);
#2835=CARTESIAN_POINT('',(0.013,-0.0318894491340181,0.0305));
#2836=DIRECTION('',(0.,1.,0.));
#2837=VECTOR('',#2836,1.);
#2838=LINE('',#2835,#2837);
#2839=EDGE_CURVE('',#814,#1972,#2838,.T.);
#2840=ORIENTED_EDGE('',*,*,#2839,.T.);
#2841=ORIENTED_EDGE('',*,*,#1973,.T.);
#2842=ORIENTED_EDGE('',*,*,#2822,.F.);
#2843=EDGE_LOOP('',(#2834,#2840,#2841,#2842));
#2844=FACE_BOUND('',#2843,.T.);
#2845=ADVANCED_FACE('',(#2844),#2833,.F.);
#2846=CARTESIAN_POINT('',(0.0085,-0.0318894491340181,0.0305));
#2847=DIRECTION('',(0.,1.,0.));
#2848=DIRECTION('',(0.,0.,1.));
#2849=AXIS2_PLACEMENT_3D('',#2846,#2847,#2848);
#2850=CYLINDRICAL_SURFACE('',#2849,0.00449999999999999);
#2851=ORIENTED_EDGE('',*,*,#815,.F.);
#2852=CARTESIAN_POINT('',(0.00849999999999999,-0.0318894491340181,0.035));
#2853=DIRECTION('',(0.,1.,0.));
#2854=VECTOR('',#2853,1.);
#2855=LINE('',#2852,#2854);
#2856=EDGE_CURVE('',#805,#1981,#2855,.T.);
#2857=ORIENTED_EDGE('',*,*,#2856,.T.);
#2858=ORIENTED_EDGE('',*,*,#1982,.T.);
#2859=ORIENTED_EDGE('',*,*,#2839,.F.);
#2860=EDGE_LOOP('',(#2851,#2857,#2858,#2859));
#2861=FACE_BOUND('',#2860,.T.);
#2862=ADVANCED_FACE('',(#2861),#2850,.F.);
#2863=CARTESIAN_POINT('',(-0.00849999999999998,-0.0318894491340181,0.035));
#2864=DIRECTION('',(0.,0.,1.));
#2865=DIRECTION('',(1.,0.,0.));
#2866=AXIS2_PLACEMENT_3D('',#2863,#2864,#2865);
#2867=PLANE('',#2866);
#2868=ORIENTED_EDGE('',*,*,#806,.T.);
#2869=CARTESIAN_POINT('',(-0.00850000000000001,-0.0318894491340181,0.035));
#2870=DIRECTION('',(0.,1.,0.));
#2871=VECTOR('',#2870,1.);
#2872=LINE('',#2869,#2871);
#2873=EDGE_CURVE('',#797,#1989,#2872,.T.);
#2874=ORIENTED_EDGE('',*,*,#2873,.T.);
#2875=ORIENTED_EDGE('',*,*,#1990,.T.);
#2876=ORIENTED_EDGE('',*,*,#2856,.F.);
#2877=EDGE_LOOP('',(#2868,#2874,#2875,#2876));
#2878=FACE_BOUND('',#2877,.T.);
#2879=ADVANCED_FACE('',(#2878),#2867,.F.);
#2880=CARTESIAN_POINT('',(-0.00850000000000001,-0.0318894491340181,0.0305));
#2881=DIRECTION('',(0.,1.,0.));
#2882=DIRECTION('',(0.,0.,1.));
#2883=AXIS2_PLACEMENT_3D('',#2880,#2881,#2882);
#2884=CYLINDRICAL_SURFACE('',#2883,0.00449999999999999);
#2885=ORIENTED_EDGE('',*,*,#798,.F.);
#2886=CARTESIAN_POINT('',(-0.013,-0.0318894491340181,0.0305));
#2887=DIRECTION('',(0.,1.,0.));
#2888=VECTOR('',#2887,1.);
#2889=LINE('',#2886,#2888);
#2890=EDGE_CURVE('',#788,#1998,#2889,.T.);
#2891=ORIENTED_EDGE('',*,*,#2890,.T.);
#2892=ORIENTED_EDGE('',*,*,#1999,.T.);
#2893=ORIENTED_EDGE('',*,*,#2873,.F.);
#2894=EDGE_LOOP('',(#2885,#2891,#2892,#2893));
#2895=FACE_BOUND('',#2894,.T.);
#2896=ADVANCED_FACE('',(#2895),#2884,.F.);
#2897=CARTESIAN_POINT('',(-0.013,-0.0318894491340181,0.0225));
#2898=DIRECTION('',(-1.,0.,0.));
#2899=DIRECTION('',(0.,0.,1.));
#2900=AXIS2_PLACEMENT_3D('',#2897,#2898,#2899);
#2901=PLANE('',#2900);
#2902=ORIENTED_EDGE('',*,*,#789,.T.);
#2903=ORIENTED_EDGE('',*,*,#2790,.T.);
#2904=ORIENTED_EDGE('',*,*,#2005,.T.);
#2905=ORIENTED_EDGE('',*,*,#2890,.F.);
#2906=EDGE_LOOP('',(#2902,#2903,#2904,#2905));
#2907=FACE_BOUND('',#2906,.T.);
#2908=ADVANCED_FACE('',(#2907),#2901,.F.);
#2909=CARTESIAN_POINT('',(-0.0225,-0.0318894491340181,0.0095));
#2910=DIRECTION('',(0.,1.,0.));
#2911=DIRECTION('',(0.,0.,1.));
#2912=AXIS2_PLACEMENT_3D('',#2909,#2910,#2911);
#2913=CYLINDRICAL_SURFACE('',#2912,0.0045);
#2914=ORIENTED_EDGE('',*,*,#604,.F.);
#2915=CARTESIAN_POINT('',(-0.027,-0.0318894491340181,0.0095));
#2916=DIRECTION('',(0.,1.,0.));
#2917=VECTOR('',#2916,1.);
#2918=LINE('',#2915,#2917);
#2919=EDGE_CURVE('',#592,#1768,#2918,.T.);
#2920=ORIENTED_EDGE('',*,*,#2919,.T.);
#2921=ORIENTED_EDGE('',*,*,#1771,.T.);
#2922=CARTESIAN_POINT('',(-0.018,-0.0318894491340181,0.0095));
#2923=DIRECTION('',(0.,1.,0.));
#2924=VECTOR('',#2923,1.);
#2925=LINE('',#2922,#2924);
#2926=EDGE_CURVE('',#603,#1770,#2925,.T.);
#2927=ORIENTED_EDGE('',*,*,#2926,.F.);
#2928=EDGE_LOOP('',(#2914,#2920,#2921,#2927));
#2929=FACE_BOUND('',#2928,.T.);
#2930=ADVANCED_FACE('',(#2929),#2913,.F.);
#2931=CARTESIAN_POINT('',(-0.027,-0.0318894491340181,0.0095));
#2932=DIRECTION('',(-1.,0.,0.));
#2933=DIRECTION('',(0.,0.,1.));
#2934=AXIS2_PLACEMENT_3D('',#2931,#2932,#2933);
#2935=PLANE('',#2934);
#2936=ORIENTED_EDGE('',*,*,#595,.T.);
#2937=CARTESIAN_POINT('',(-0.027,-0.0318894491340181,-0.0095));
#2938=DIRECTION('',(0.,1.,0.));
#2939=VECTOR('',#2938,1.);
#2940=LINE('',#2937,#2939);
#2941=EDGE_CURVE('',#594,#1778,#2940,.T.);
#2942=ORIENTED_EDGE('',*,*,#2941,.T.);
#2943=ORIENTED_EDGE('',*,*,#1779,.T.);
#2944=ORIENTED_EDGE('',*,*,#2919,.F.);
#2945=EDGE_LOOP('',(#2936,#2942,#2943,#2944));
#2946=FACE_BOUND('',#2945,.T.);
#2947=ADVANCED_FACE('',(#2946),#2935,.F.);
#2948=CARTESIAN_POINT('',(-0.0225,-0.0318894491340181,-0.0095));
#2949=DIRECTION('',(0.,1.,0.));
#2950=DIRECTION('',(0.,0.,1.));
#2951=AXIS2_PLACEMENT_3D('',#2948,#2949,#2950);
#2952=CYLINDRICAL_SURFACE('',#2951,0.0045);
#2953=ORIENTED_EDGE('',*,*,#619,.F.);
#2954=CARTESIAN_POINT('',(-0.018,-0.0318894491340181,-0.0095));
#2955=DIRECTION('',(0.,1.,0.));
#2956=VECTOR('',#2955,1.);
#2957=LINE('',#2954,#2956);
#2958=EDGE_CURVE('',#611,#1787,#2957,.T.);
#2959=ORIENTED_EDGE('',*,*,#2958,.T.);
#2960=ORIENTED_EDGE('',*,*,#1788,.T.);
#2961=ORIENTED_EDGE('',*,*,#2941,.F.);
#2962=EDGE_LOOP('',(#2953,#2959,#2960,#2961));
#2963=FACE_BOUND('',#2962,.T.);
#2964=ADVANCED_FACE('',(#2963),#2952,.F.);
#2965=CARTESIAN_POINT('',(-0.018,-0.0318894491340181,0.0095));
#2966=DIRECTION('',(1.,0.,-1.82602471155453E-16));
#2967=DIRECTION('',(-1.82602471155453E-16,0.,-1.));
#2968=AXIS2_PLACEMENT_3D('',#2965,#2966,#2967);
#2969=PLANE('',#2968);
#2970=ORIENTED_EDGE('',*,*,#612,.T.);
#2971=ORIENTED_EDGE('',*,*,#2926,.T.);
#2972=ORIENTED_EDGE('',*,*,#1794,.T.);
#2973=ORIENTED_EDGE('',*,*,#2958,.F.);
#2974=EDGE_LOOP('',(#2970,#2971,#2972,#2973));
#2975=FACE_BOUND('',#2974,.T.);
#2976=ADVANCED_FACE('',(#2975),#2969,.F.);
#2977=CARTESIAN_POINT('',(-0.038,-0.0318894491340181,-0.011));
#2978=DIRECTION('',(0.,1.,0.));
#2979=DIRECTION('',(0.,0.,1.));
#2980=AXIS2_PLACEMENT_3D('',#2977,#2978,#2979);
#2981=CYLINDRICAL_SURFACE('',#2980,0.00299999999999999);
#2982=ORIENTED_EDGE('',*,*,#568,.F.);
#2983=CARTESIAN_POINT('',(-0.035,-0.0318894491340181,-0.011));
#2984=DIRECTION('',(0.,1.,0.));
#2985=VECTOR('',#2984,1.);
#2986=LINE('',#2983,#2985);
#2987=EDGE_CURVE('',#556,#1732,#2986,.T.);
#2988=ORIENTED_EDGE('',*,*,#2987,.T.);
#2989=ORIENTED_EDGE('',*,*,#1735,.T.);
#2990=CARTESIAN_POINT('',(-0.041,-0.0318894491340181,-0.011));
#2991=DIRECTION('',(0.,1.,0.));
#2992=VECTOR('',#2991,1.);
#2993=LINE('',#2990,#2992);
#2994=EDGE_CURVE('',#567,#1734,#2993,.T.);
#2995=ORIENTED_EDGE('',*,*,#2994,.F.);
#2996=EDGE_LOOP('',(#2982,#2988,#2989,#2995));
#2997=FACE_BOUND('',#2996,.T.);
#2998=ADVANCED_FACE('',(#2997),#2981,.F.);
#2999=CARTESIAN_POINT('',(-0.035,-0.0318894491340181,-0.011));
#3000=DIRECTION('',(1.,0.,-3.1540426835942E-16));
#3001=DIRECTION('',(-3.1540426835942E-16,0.,-1.));
#3002=AXIS2_PLACEMENT_3D('',#2999,#3000,#3001);
#3003=PLANE('',#3002);
#3004=ORIENTED_EDGE('',*,*,#559,.T.);
#3005=CARTESIAN_POINT('',(-0.035,-0.0318894491340181,0.011));
#3006=DIRECTION('',(0.,1.,0.));
#3007=VECTOR('',#3006,1.);
#3008=LINE('',#3005,#3007);
#3009=EDGE_CURVE('',#558,#1742,#3008,.T.);
#3010=ORIENTED_EDGE('',*,*,#3009,.T.);
#3011=ORIENTED_EDGE('',*,*,#1743,.T.);
#3012=ORIENTED_EDGE('',*,*,#2987,.F.);
#3013=EDGE_LOOP('',(#3004,#3010,#3011,#3012));
#3014=FACE_BOUND('',#3013,.T.);
#3015=ADVANCED_FACE('',(#3014),#3003,.F.);
#3016=CARTESIAN_POINT('',(-0.038,-0.0318894491340181,0.011));
#3017=DIRECTION('',(0.,1.,0.));
#3018=DIRECTION('',(0.,0.,1.));
#3019=AXIS2_PLACEMENT_3D('',#3016,#3017,#3018);
#3020=CYLINDRICAL_SURFACE('',#3019,0.003);
#3021=ORIENTED_EDGE('',*,*,#583,.F.);
#3022=CARTESIAN_POINT('',(-0.041,-0.0318894491340181,0.011));
#3023=DIRECTION('',(0.,1.,0.));
#3024=VECTOR('',#3023,1.);
#3025=LINE('',#3022,#3024);
#3026=EDGE_CURVE('',#575,#1751,#3025,.T.);
#3027=ORIENTED_EDGE('',*,*,#3026,.T.);
#3028=ORIENTED_EDGE('',*,*,#1752,.T.);
#3029=ORIENTED_EDGE('',*,*,#3009,.F.);
#3030=EDGE_LOOP('',(#3021,#3027,#3028,#3029));
#3031=FACE_BOUND('',#3030,.T.);
#3032=ADVANCED_FACE('',(#3031),#3020,.F.);
#3033=CARTESIAN_POINT('',(-0.041,-0.0318894491340181,-0.011));
#3034=DIRECTION('',(-1.,0.,-3.1540426835942E-16));
#3035=DIRECTION('',(-3.1540426835942E-16,0.,1.));
#3036=AXIS2_PLACEMENT_3D('',#3033,#3034,#3035);
#3037=PLANE('',#3036);
#3038=ORIENTED_EDGE('',*,*,#576,.T.);
#3039=ORIENTED_EDGE('',*,*,#2994,.T.);
#3040=ORIENTED_EDGE('',*,*,#1758,.T.);
#3041=ORIENTED_EDGE('',*,*,#3026,.F.);
#3042=EDGE_LOOP('',(#3038,#3039,#3040,#3041));
#3043=FACE_BOUND('',#3042,.T.);
#3044=ADVANCED_FACE('',(#3043),#3037,.F.);
#3045=CARTESIAN_POINT('',(0.0225,-0.0318894491340181,0.0095));
#3046=DIRECTION('',(0.,1.,0.));
#3047=DIRECTION('',(0.,0.,1.));
#3048=AXIS2_PLACEMENT_3D('',#3045,#3046,#3047);
#3049=CYLINDRICAL_SURFACE('',#3048,0.0045);
#3050=ORIENTED_EDGE('',*,*,#532,.F.);
#3051=CARTESIAN_POINT('',(0.018,-0.0318894491340181,0.0095));
#3052=DIRECTION('',(0.,1.,0.));
#3053=VECTOR('',#3052,1.);
#3054=LINE('',#3051,#3053);
#3055=EDGE_CURVE('',#520,#1696,#3054,.T.);
#3056=ORIENTED_EDGE('',*,*,#3055,.T.);
#3057=ORIENTED_EDGE('',*,*,#1699,.T.);
#3058=CARTESIAN_POINT('',(0.027,-0.0318894491340181,0.0095));
#3059=DIRECTION('',(0.,1.,0.));
#3060=VECTOR('',#3059,1.);
#3061=LINE('',#3058,#3060);
#3062=EDGE_CURVE('',#531,#1698,#3061,.T.);
#3063=ORIENTED_EDGE('',*,*,#3062,.F.);
#3064=EDGE_LOOP('',(#3050,#3056,#3057,#3063));
#3065=FACE_BOUND('',#3064,.T.);
#3066=ADVANCED_FACE('',(#3065),#3049,.F.);
#3067=CARTESIAN_POINT('',(0.018,-0.0318894491340181,0.0095));
#3068=DIRECTION('',(-1.,0.,0.));
#3069=DIRECTION('',(0.,0.,1.));
#3070=AXIS2_PLACEMENT_3D('',#3067,#3068,#3069);
#3071=PLANE('',#3070);
#3072=ORIENTED_EDGE('',*,*,#523,.T.);
#3073=CARTESIAN_POINT('',(0.018,-0.0318894491340181,-0.0095));
#3074=DIRECTION('',(0.,1.,0.));
#3075=VECTOR('',#3074,1.);
#3076=LINE('',#3073,#3075);
#3077=EDGE_CURVE('',#522,#1706,#3076,.T.);
#3078=ORIENTED_EDGE('',*,*,#3077,.T.);
#3079=ORIENTED_EDGE('',*,*,#1707,.T.);
#3080=ORIENTED_EDGE('',*,*,#3055,.F.);
#3081=EDGE_LOOP('',(#3072,#3078,#3079,#3080));
#3082=FACE_BOUND('',#3081,.T.);
#3083=ADVANCED_FACE('',(#3082),#3071,.F.);
#3084=CARTESIAN_POINT('',(0.0225,-0.0318894491340181,-0.0095));
#3085=DIRECTION('',(0.,1.,0.));
#3086=DIRECTION('',(0.,0.,1.));
#3087=AXIS2_PLACEMENT_3D('',#3084,#3085,#3086);
#3088=CYLINDRICAL_SURFACE('',#3087,0.0045);
#3089=ORIENTED_EDGE('',*,*,#547,.F.);
#3090=CARTESIAN_POINT('',(0.027,-0.0318894491340181,-0.0095));
#3091=DIRECTION('',(0.,1.,0.));
#3092=VECTOR('',#3091,1.);
#3093=LINE('',#3090,#3092);
#3094=EDGE_CURVE('',#539,#1715,#3093,.T.);
#3095=ORIENTED_EDGE('',*,*,#3094,.T.);
#3096=ORIENTED_EDGE('',*,*,#1716,.T.);
#3097=ORIENTED_EDGE('',*,*,#3077,.F.);
#3098=EDGE_LOOP('',(#3089,#3095,#3096,#3097));
#3099=FACE_BOUND('',#3098,.T.);
#3100=ADVANCED_FACE('',(#3099),#3088,.F.);
#3101=CARTESIAN_POINT('',(0.027,-0.0318894491340181,0.0095));
#3102=DIRECTION('',(1.,0.,0.));
#3103=DIRECTION('',(0.,0.,-1.));
#3104=AXIS2_PLACEMENT_3D('',#3101,#3102,#3103);
#3105=PLANE('',#3104);
#3106=ORIENTED_EDGE('',*,*,#540,.T.);
#3107=ORIENTED_EDGE('',*,*,#3062,.T.);
#3108=ORIENTED_EDGE('',*,*,#1722,.T.);
#3109=ORIENTED_EDGE('',*,*,#3094,.F.);
#3110=EDGE_LOOP('',(#3106,#3107,#3108,#3109));
#3111=FACE_BOUND('',#3110,.T.);
#3112=ADVANCED_FACE('',(#3111),#3105,.F.);
#3113=CARTESIAN_POINT('',(0.038,-0.0318894491340181,-0.011));
#3114=DIRECTION('',(0.,1.,0.));
#3115=DIRECTION('',(0.,0.,1.));
#3116=AXIS2_PLACEMENT_3D('',#3113,#3114,#3115);
#3117=CYLINDRICAL_SURFACE('',#3116,0.003);
#3118=ORIENTED_EDGE('',*,*,#496,.F.);
#3119=CARTESIAN_POINT('',(0.041,-0.0318894491340181,-0.011));
#3120=DIRECTION('',(0.,1.,0.));
#3121=VECTOR('',#3120,1.);
#3122=LINE('',#3119,#3121);
#3123=EDGE_CURVE('',#484,#1660,#3122,.T.);
#3124=ORIENTED_EDGE('',*,*,#3123,.T.);
#3125=ORIENTED_EDGE('',*,*,#1663,.T.);
#3126=CARTESIAN_POINT('',(0.035,-0.0318894491340181,-0.011));
#3127=DIRECTION('',(0.,1.,0.));
#3128=VECTOR('',#3127,1.);
#3129=LINE('',#3126,#3128);
#3130=EDGE_CURVE('',#495,#1662,#3129,.T.);
#3131=ORIENTED_EDGE('',*,*,#3130,.F.);
#3132=EDGE_LOOP('',(#3118,#3124,#3125,#3131));
#3133=FACE_BOUND('',#3132,.T.);
#3134=ADVANCED_FACE('',(#3133),#3117,.F.);
#3135=CARTESIAN_POINT('',(0.041,-0.0318894491340181,-0.011));
#3136=DIRECTION('',(1.,0.,0.));
#3137=DIRECTION('',(0.,0.,-1.));
#3138=AXIS2_PLACEMENT_3D('',#3135,#3136,#3137);
#3139=PLANE('',#3138);
#3140=ORIENTED_EDGE('',*,*,#487,.T.);
#3141=CARTESIAN_POINT('',(0.041,-0.0318894491340181,0.011));
#3142=DIRECTION('',(0.,1.,0.));
#3143=VECTOR('',#3142,1.);
#3144=LINE('',#3141,#3143);
#3145=EDGE_CURVE('',#486,#1670,#3144,.T.);
#3146=ORIENTED_EDGE('',*,*,#3145,.T.);
#3147=ORIENTED_EDGE('',*,*,#1671,.T.);
#3148=ORIENTED_EDGE('',*,*,#3123,.F.);
#3149=EDGE_LOOP('',(#3140,#3146,#3147,#3148));
#3150=FACE_BOUND('',#3149,.T.);
#3151=ADVANCED_FACE('',(#3150),#3139,.F.);
#3152=CARTESIAN_POINT('',(0.038,-0.0318894491340181,0.011));
#3153=DIRECTION('',(0.,1.,0.));
#3154=DIRECTION('',(0.,0.,1.));
#3155=AXIS2_PLACEMENT_3D('',#3152,#3153,#3154);
#3156=CYLINDRICAL_SURFACE('',#3155,0.003);
#3157=ORIENTED_EDGE('',*,*,#511,.F.);
#3158=CARTESIAN_POINT('',(0.035,-0.0318894491340181,0.011));
#3159=DIRECTION('',(0.,1.,0.));
#3160=VECTOR('',#3159,1.);
#3161=LINE('',#3158,#3160);
#3162=EDGE_CURVE('',#503,#1679,#3161,.T.);
#3163=ORIENTED_EDGE('',*,*,#3162,.T.);
#3164=ORIENTED_EDGE('',*,*,#1680,.T.);
#3165=ORIENTED_EDGE('',*,*,#3145,.F.);
#3166=EDGE_LOOP('',(#3157,#3163,#3164,#3165));
#3167=FACE_BOUND('',#3166,.T.);
#3168=ADVANCED_FACE('',(#3167),#3156,.F.);
#3169=CARTESIAN_POINT('',(0.035,-0.0318894491340181,-0.011));
#3170=DIRECTION('',(-1.,0.,0.));
#3171=DIRECTION('',(0.,0.,1.));
#3172=AXIS2_PLACEMENT_3D('',#3169,#3170,#3171);
#3173=PLANE('',#3172);
#3174=ORIENTED_EDGE('',*,*,#504,.T.);
#3175=ORIENTED_EDGE('',*,*,#3130,.T.);
#3176=ORIENTED_EDGE('',*,*,#1686,.T.);
#3177=ORIENTED_EDGE('',*,*,#3162,.F.);
#3178=EDGE_LOOP('',(#3174,#3175,#3176,#3177));
#3179=FACE_BOUND('',#3178,.T.);
#3180=ADVANCED_FACE('',(#3179),#3173,.F.);
#3181=CARTESIAN_POINT('',(-0.0480832611206852,-0.0050676406871193,0.0314662517628015));
#3182=DIRECTION('',(0.,1.,0.));
#3183=DIRECTION('',(0.,0.,1.));
#3184=AXIS2_PLACEMENT_3D('',#3181,#3182,#3183);
#3185=CYLINDRICAL_SURFACE('',#3184,0.0015);
#3186=CARTESIAN_POINT('',(-0.0480832611206852,0.000826,0.0314662517628015));
#3187=DIRECTION('',(0.,1.,0.));
#3188=DIRECTION('',(0.,0.,1.));
#3189=AXIS2_PLACEMENT_3D('',#3186,#3187,#3188);
#3190=CIRCLE('',#3189,0.0015);
#3191=CARTESIAN_POINT('',(-0.0480832611206852,0.000826,0.0299662517628015));
#3192=VERTEX_POINT('',#3191);
#3193=EDGE_CURVE('',#3192,#3192,#3190,.T.);
#3194=ORIENTED_EDGE('',*,*,#3193,.T.);
#3195=EDGE_LOOP('',(#3194));
#3196=FACE_BOUND('',#3195,.T.);
#3197=CARTESIAN_POINT('',(-0.0480832611206852,-0.000826,0.0314662517628015));
#3198=DIRECTION('',(0.,1.,0.));
#3199=DIRECTION('',(0.,0.,1.));
#3200=AXIS2_PLACEMENT_3D('',#3197,#3198,#3199);
#3201=CIRCLE('',#3200,0.0015);
#3202=CARTESIAN_POINT('',(-0.0480832611206852,-0.000826,0.0299662517628015));
#3203=VERTEX_POINT('',#3202);
#3204=EDGE_CURVE('',#3203,#3203,#3201,.T.);
#3205=ORIENTED_EDGE('',*,*,#3204,.F.);
#3206=EDGE_LOOP('',(#3205));
#3207=FACE_BOUND('',#3206,.T.);
#3208=ADVANCED_FACE('',(#3196,#3207),#3185,.F.);
#3209=CARTESIAN_POINT('',(0.0480832611206852,-0.0050676406871193,-0.0314662517628015));
#3210=DIRECTION('',(0.,1.,0.));
#3211=DIRECTION('',(0.,0.,1.));
#3212=AXIS2_PLACEMENT_3D('',#3209,#3210,#3211);
#3213=CYLINDRICAL_SURFACE('',#3212,0.0015);
#3214=CARTESIAN_POINT('',(0.0480832611206852,0.000826,-0.0314662517628015));
#3215=DIRECTION('',(0.,1.,0.));
#3216=DIRECTION('',(0.,0.,1.));
#3217=AXIS2_PLACEMENT_3D('',#3214,#3215,#3216);
#3218=CIRCLE('',#3217,0.0015);
#3219=CARTESIAN_POINT('',(0.0480832611206852,0.000826,-0.0329662517628015));
#3220=VERTEX_POINT('',#3219);
#3221=EDGE_CURVE('',#3220,#3220,#3218,.T.);
#3222=ORIENTED_EDGE('',*,*,#3221,.T.);
#3223=EDGE_LOOP('',(#3222));
#3224=FACE_BOUND('',#3223,.T.);
#3225=CARTESIAN_POINT('',(0.0480832611206852,-0.000826,-0.0314662517628015));
#3226=DIRECTION('',(0.,1.,0.));
#3227=DIRECTION('',(0.,0.,1.));
#3228=AXIS2_PLACEMENT_3D('',#3225,#3226,#3227);
#3229=CIRCLE('',#3228,0.0015);
#3230=CARTESIAN_POINT('',(0.0480832611206852,-0.000826,-0.0329662517628015));
#3231=VERTEX_POINT('',#3230);
#3232=EDGE_CURVE('',#3231,#3231,#3229,.T.);
#3233=ORIENTED_EDGE('',*,*,#3232,.F.);
#3234=EDGE_LOOP('',(#3233));
#3235=FACE_BOUND('',#3234,.T.);
#3236=ADVANCED_FACE('',(#3224,#3235),#3213,.F.);
#3237=CARTESIAN_POINT('',(0.0314662517628013,-0.0050676406871193,-0.0480832611206853));
#3238=DIRECTION('',(0.,1.,0.));
#3239=DIRECTION('',(0.,0.,1.));
#3240=AXIS2_PLACEMENT_3D('',#3237,#3238,#3239);
#3241=CYLINDRICAL_SURFACE('',#3240,0.0015);
#3242=CARTESIAN_POINT('',(0.0314662517628013,0.000826,-0.0480832611206853));
#3243=DIRECTION('',(0.,1.,0.));
#3244=DIRECTION('',(0.,0.,1.));
#3245=AXIS2_PLACEMENT_3D('',#3242,#3243,#3244);
#3246=CIRCLE('',#3245,0.0015);
#3247=CARTESIAN_POINT('',(0.0314662517628013,0.000826,-0.0495832611206853));
#3248=VERTEX_POINT('',#3247);
#3249=EDGE_CURVE('',#3248,#3248,#3246,.T.);
#3250=ORIENTED_EDGE('',*,*,#3249,.T.);
#3251=EDGE_LOOP('',(#3250));
#3252=FACE_BOUND('',#3251,.T.);
#3253=CARTESIAN_POINT('',(0.0314662517628013,-0.000826,-0.0480832611206853));
#3254=DIRECTION('',(0.,1.,0.));
#3255=DIRECTION('',(0.,0.,1.));
#3256=AXIS2_PLACEMENT_3D('',#3253,#3254,#3255);
#3257=CIRCLE('',#3256,0.0015);
#3258=CARTESIAN_POINT('',(0.0314662517628013,-0.000826,-0.0495832611206853));
#3259=VERTEX_POINT('',#3258);
#3260=EDGE_CURVE('',#3259,#3259,#3257,.T.);
#3261=ORIENTED_EDGE('',*,*,#3260,.F.);
#3262=EDGE_LOOP('',(#3261));
#3263=FACE_BOUND('',#3262,.T.);
#3264=ADVANCED_FACE('',(#3252,#3263),#3241,.F.);
#3265=CARTESIAN_POINT('',(0.0314662517628014,-0.0050676406871193,0.0480832611206851));
#3266=DIRECTION('',(0.,1.,0.));
#3267=DIRECTION('',(0.,0.,1.));
#3268=AXIS2_PLACEMENT_3D('',#3265,#3266,#3267);
#3269=CYLINDRICAL_SURFACE('',#3268,0.0015);
#3270=CARTESIAN_POINT('',(0.0314662517628014,0.000826,0.0480832611206851));
#3271=DIRECTION('',(0.,1.,0.));
#3272=DIRECTION('',(0.,0.,1.));
#3273=AXIS2_PLACEMENT_3D('',#3270,#3271,#3272);
#3274=CIRCLE('',#3273,0.0015);
#3275=CARTESIAN_POINT('',(0.0314662517628014,0.000826,0.0465832611206851));
#3276=VERTEX_POINT('',#3275);
#3277=EDGE_CURVE('',#3276,#3276,#3274,.T.);
#3278=ORIENTED_EDGE('',*,*,#3277,.T.);
#3279=EDGE_LOOP('',(#3278));
#3280=FACE_BOUND('',#3279,.T.);
#3281=CARTESIAN_POINT('',(0.0314662517628014,-0.000826,0.0480832611206851));
#3282=DIRECTION('',(0.,1.,0.));
#3283=DIRECTION('',(0.,0.,1.));
#3284=AXIS2_PLACEMENT_3D('',#3281,#3282,#3283);
#3285=CIRCLE('',#3284,0.0015);
#3286=CARTESIAN_POINT('',(0.0314662517628014,-0.000826,0.0465832611206851));
#3287=VERTEX_POINT('',#3286);
#3288=EDGE_CURVE('',#3287,#3287,#3285,.T.);
#3289=ORIENTED_EDGE('',*,*,#3288,.F.);
#3290=EDGE_LOOP('',(#3289));
#3291=FACE_BOUND('',#3290,.T.);
#3292=ADVANCED_FACE('',(#3280,#3291),#3269,.F.);
#3293=CARTESIAN_POINT('',(-0.0314662517628015,-0.0050676406871193,-0.0480832611206851));
#3294=DIRECTION('',(0.,1.,0.));
#3295=DIRECTION('',(0.,0.,1.));
#3296=AXIS2_PLACEMENT_3D('',#3293,#3294,#3295);
#3297=CYLINDRICAL_SURFACE('',#3296,0.0015);
#3298=CARTESIAN_POINT('',(-0.0314662517628015,0.000826,-0.0480832611206851));
#3299=DIRECTION('',(0.,1.,0.));
#3300=DIRECTION('',(0.,0.,1.));
#3301=AXIS2_PLACEMENT_3D('',#3298,#3299,#3300);
#3302=CIRCLE('',#3301,0.0015);
#3303=CARTESIAN_POINT('',(-0.0314662517628015,0.000826,-0.0495832611206851));
#3304=VERTEX_POINT('',#3303);
#3305=EDGE_CURVE('',#3304,#3304,#3302,.T.);
#3306=ORIENTED_EDGE('',*,*,#3305,.T.);
#3307=EDGE_LOOP('',(#3306));
#3308=FACE_BOUND('',#3307,.T.);
#3309=CARTESIAN_POINT('',(-0.0314662517628015,-0.000826,-0.0480832611206851));
#3310=DIRECTION('',(0.,1.,0.));
#3311=DIRECTION('',(0.,0.,1.));
#3312=AXIS2_PLACEMENT_3D('',#3309,#3310,#3311);
#3313=CIRCLE('',#3312,0.0015);
#3314=CARTESIAN_POINT('',(-0.0314662517628015,-0.000826,-0.0495832611206851));
#3315=VERTEX_POINT('',#3314);
#3316=EDGE_CURVE('',#3315,#3315,#3313,.T.);
#3317=ORIENTED_EDGE('',*,*,#3316,.F.);
#3318=EDGE_LOOP('',(#3317));
#3319=FACE_BOUND('',#3318,.T.);
#3320=ADVANCED_FACE('',(#3308,#3319),#3297,.F.);
#3321=CARTESIAN_POINT('',(0.0480832611206853,-0.0050676406871193,0.0314662517628012));
#3322=DIRECTION('',(0.,1.,0.));
#3323=DIRECTION('',(0.,0.,1.));
#3324=AXIS2_PLACEMENT_3D('',#3321,#3322,#3323);
#3325=CYLINDRICAL_SURFACE('',#3324,0.0015);
#3326=CARTESIAN_POINT('',(0.0480832611206853,0.000826,0.0314662517628012));
#3327=DIRECTION('',(0.,1.,0.));
#3328=DIRECTION('',(0.,0.,1.));
#3329=AXIS2_PLACEMENT_3D('',#3326,#3327,#3328);
#3330=CIRCLE('',#3329,0.0015);
#3331=CARTESIAN_POINT('',(0.0480832611206853,0.000826,0.0299662517628012));
#3332=VERTEX_POINT('',#3331);
#3333=EDGE_CURVE('',#3332,#3332,#3330,.T.);
#3334=ORIENTED_EDGE('',*,*,#3333,.T.);
#3335=EDGE_LOOP('',(#3334));
#3336=FACE_BOUND('',#3335,.T.);
#3337=CARTESIAN_POINT('',(0.0480832611206853,-0.000826,0.0314662517628012));
#3338=DIRECTION('',(0.,1.,0.));
#3339=DIRECTION('',(0.,0.,1.));
#3340=AXIS2_PLACEMENT_3D('',#3337,#3338,#3339);
#3341=CIRCLE('',#3340,0.0015);
#3342=CARTESIAN_POINT('',(0.0480832611206853,-0.000826,0.0299662517628012));
#3343=VERTEX_POINT('',#3342);
#3344=EDGE_CURVE('',#3343,#3343,#3341,.T.);
#3345=ORIENTED_EDGE('',*,*,#3344,.F.);
#3346=EDGE_LOOP('',(#3345));
#3347=FACE_BOUND('',#3346,.T.);
#3348=ADVANCED_FACE('',(#3336,#3347),#3325,.F.);
#3349=CARTESIAN_POINT('',(-0.0202265829604428,-0.0050676406871193,0.0315402914594277));
#3350=DIRECTION('',(0.,1.,0.));
#3351=DIRECTION('',(0.,0.,1.));
#3352=AXIS2_PLACEMENT_3D('',#3349,#3350,#3351);
#3353=CYLINDRICAL_SURFACE('',#3352,0.0015);
#3354=CARTESIAN_POINT('',(-0.0202265829604428,0.000826,0.0315402914594277));
#3355=DIRECTION('',(0.,1.,0.));
#3356=DIRECTION('',(0.,0.,1.));
#3357=AXIS2_PLACEMENT_3D('',#3354,#3355,#3356);
#3358=CIRCLE('',#3357,0.0015);
#3359=CARTESIAN_POINT('',(-0.0202265829604428,0.000826,0.0300402914594277));
#3360=VERTEX_POINT('',#3359);
#3361=EDGE_CURVE('',#3360,#3360,#3358,.T.);
#3362=ORIENTED_EDGE('',*,*,#3361,.T.);
#3363=EDGE_LOOP('',(#3362));
#3364=FACE_BOUND('',#3363,.T.);
#3365=CARTESIAN_POINT('',(-0.0202265829604428,-0.000826,0.0315402914594277));
#3366=DIRECTION('',(0.,1.,0.));
#3367=DIRECTION('',(0.,0.,1.));
#3368=AXIS2_PLACEMENT_3D('',#3365,#3366,#3367);
#3369=CIRCLE('',#3368,0.0015);
#3370=CARTESIAN_POINT('',(-0.0202265829604428,-0.000826,0.0300402914594277));
#3371=VERTEX_POINT('',#3370);
#3372=EDGE_CURVE('',#3371,#3371,#3369,.T.);
#3373=ORIENTED_EDGE('',*,*,#3372,.F.);
#3374=EDGE_LOOP('',(#3373));
#3375=FACE_BOUND('',#3374,.T.);
#3376=ADVANCED_FACE('',(#3364,#3375),#3353,.F.);
#3377=CARTESIAN_POINT('',(-0.0314662517628013,-0.0050676406871193,0.0480832611206853));
#3378=DIRECTION('',(0.,1.,0.));
#3379=DIRECTION('',(0.,0.,1.));
#3380=AXIS2_PLACEMENT_3D('',#3377,#3378,#3379);
#3381=CYLINDRICAL_SURFACE('',#3380,0.0015);
#3382=CARTESIAN_POINT('',(-0.0314662517628013,0.000826,0.0480832611206853));
#3383=DIRECTION('',(0.,1.,0.));
#3384=DIRECTION('',(0.,0.,1.));
#3385=AXIS2_PLACEMENT_3D('',#3382,#3383,#3384);
#3386=CIRCLE('',#3385,0.0015);
#3387=CARTESIAN_POINT('',(-0.0314662517628013,0.000826,0.0465832611206853));
#3388=VERTEX_POINT('',#3387);
#3389=EDGE_CURVE('',#3388,#3388,#3386,.T.);
#3390=ORIENTED_EDGE('',*,*,#3389,.T.);
#3391=EDGE_LOOP('',(#3390));
#3392=FACE_BOUND('',#3391,.T.);
#3393=CARTESIAN_POINT('',(-0.0314662517628013,-0.000826,0.0480832611206853));
#3394=DIRECTION('',(0.,1.,0.));
#3395=DIRECTION('',(0.,0.,1.));
#3396=AXIS2_PLACEMENT_3D('',#3393,#3394,#3395);
#3397=CIRCLE('',#3396,0.0015);
#3398=CARTESIAN_POINT('',(-0.0314662517628013,-0.000826,0.0465832611206853));
#3399=VERTEX_POINT('',#3398);
#3400=EDGE_CURVE('',#3399,#3399,#3397,.T.);
#3401=ORIENTED_EDGE('',*,*,#3400,.F.);
#3402=EDGE_LOOP('',(#3401));
#3403=FACE_BOUND('',#3402,.T.);
#3404=ADVANCED_FACE('',(#3392,#3403),#3381,.F.);
#3405=CARTESIAN_POINT('',(-0.0202265829604429,-0.0050676406871193,-0.0315402914594276));
#3406=DIRECTION('',(0.,1.,0.));
#3407=DIRECTION('',(0.,0.,1.));
#3408=AXIS2_PLACEMENT_3D('',#3405,#3406,#3407);
#3409=CYLINDRICAL_SURFACE('',#3408,0.0015);
#3410=CARTESIAN_POINT('',(-0.0202265829604429,0.000826,-0.0315402914594276));
#3411=DIRECTION('',(0.,1.,0.));
#3412=DIRECTION('',(0.,0.,1.));
#3413=AXIS2_PLACEMENT_3D('',#3410,#3411,#3412);
#3414=CIRCLE('',#3413,0.0015);
#3415=CARTESIAN_POINT('',(-0.0202265829604429,0.000826,-0.0330402914594276));
#3416=VERTEX_POINT('',#3415);
#3417=EDGE_CURVE('',#3416,#3416,#3414,.T.);
#3418=ORIENTED_EDGE('',*,*,#3417,.T.);
#3419=EDGE_LOOP('',(#3418));
#3420=FACE_BOUND('',#3419,.T.);
#3421=CARTESIAN_POINT('',(-0.0202265829604429,-0.000826,-0.0315402914594276));
#3422=DIRECTION('',(0.,1.,0.));
#3423=DIRECTION('',(0.,0.,1.));
#3424=AXIS2_PLACEMENT_3D('',#3421,#3422,#3423);
#3425=CIRCLE('',#3424,0.0015);
#3426=CARTESIAN_POINT('',(-0.0202265829604429,-0.000826,-0.0330402914594276));
#3427=VERTEX_POINT('',#3426);
#3428=EDGE_CURVE('',#3427,#3427,#3425,.T.);
#3429=ORIENTED_EDGE('',*,*,#3428,.F.);
#3430=EDGE_LOOP('',(#3429));
#3431=FACE_BOUND('',#3430,.T.);
#3432=ADVANCED_FACE('',(#3420,#3431),#3409,.F.);
#3433=CARTESIAN_POINT('',(-0.0315402914594276,-0.0050676406871193,0.0202265829604429));
#3434=DIRECTION('',(0.,1.,0.));
#3435=DIRECTION('',(0.,0.,1.));
#3436=AXIS2_PLACEMENT_3D('',#3433,#3434,#3435);
#3437=CYLINDRICAL_SURFACE('',#3436,0.0015);
#3438=CARTESIAN_POINT('',(-0.0315402914594276,0.000826,0.0202265829604429));
#3439=DIRECTION('',(0.,1.,0.));
#3440=DIRECTION('',(0.,0.,1.));
#3441=AXIS2_PLACEMENT_3D('',#3438,#3439,#3440);
#3442=CIRCLE('',#3441,0.0015);
#3443=CARTESIAN_POINT('',(-0.0315402914594276,0.000826,0.0187265829604429));
#3444=VERTEX_POINT('',#3443);
#3445=EDGE_CURVE('',#3444,#3444,#3442,.T.);
#3446=ORIENTED_EDGE('',*,*,#3445,.T.);
#3447=EDGE_LOOP('',(#3446));
#3448=FACE_BOUND('',#3447,.T.);
#3449=CARTESIAN_POINT('',(-0.0315402914594276,-0.000826,0.0202265829604429));
#3450=DIRECTION('',(0.,1.,0.));
#3451=DIRECTION('',(0.,0.,1.));
#3452=AXIS2_PLACEMENT_3D('',#3449,#3450,#3451);
#3453=CIRCLE('',#3452,0.0015);
#3454=CARTESIAN_POINT('',(-0.0315402914594276,-0.000826,0.0187265829604429));
#3455=VERTEX_POINT('',#3454);
#3456=EDGE_CURVE('',#3455,#3455,#3453,.T.);
#3457=ORIENTED_EDGE('',*,*,#3456,.F.);
#3458=EDGE_LOOP('',(#3457));
#3459=FACE_BOUND('',#3458,.T.);
#3460=ADVANCED_FACE('',(#3448,#3459),#3437,.F.);
#3461=CARTESIAN_POINT('',(-0.0315402914594277,-0.0050676406871193,-0.0202265829604428));
#3462=DIRECTION('',(0.,1.,0.));
#3463=DIRECTION('',(0.,0.,1.));
#3464=AXIS2_PLACEMENT_3D('',#3461,#3462,#3463);
#3465=CYLINDRICAL_SURFACE('',#3464,0.0015);
#3466=CARTESIAN_POINT('',(-0.0315402914594277,0.000826,-0.0202265829604428));
#3467=DIRECTION('',(0.,1.,0.));
#3468=DIRECTION('',(0.,0.,1.));
#3469=AXIS2_PLACEMENT_3D('',#3466,#3467,#3468);
#3470=CIRCLE('',#3469,0.0015);
#3471=CARTESIAN_POINT('',(-0.0315402914594277,0.000826,-0.0217265829604428));
#3472=VERTEX_POINT('',#3471);
#3473=EDGE_CURVE('',#3472,#3472,#3470,.T.);
#3474=ORIENTED_EDGE('',*,*,#3473,.T.);
#3475=EDGE_LOOP('',(#3474));
#3476=FACE_BOUND('',#3475,.T.);
#3477=CARTESIAN_POINT('',(-0.0315402914594277,-0.000826,-0.0202265829604428));
#3478=DIRECTION('',(0.,1.,0.));
#3479=DIRECTION('',(0.,0.,1.));
#3480=AXIS2_PLACEMENT_3D('',#3477,#3478,#3479);
#3481=CIRCLE('',#3480,0.0015);
#3482=CARTESIAN_POINT('',(-0.0315402914594277,-0.000826,-0.0217265829604428));
#3483=VERTEX_POINT('',#3482);
#3484=EDGE_CURVE('',#3483,#3483,#3481,.T.);
#3485=ORIENTED_EDGE('',*,*,#3484,.F.);
#3486=EDGE_LOOP('',(#3485));
#3487=FACE_BOUND('',#3486,.T.);
#3488=ADVANCED_FACE('',(#3476,#3487),#3465,.F.);
#3489=CARTESIAN_POINT('',(-0.0480832611206853,-0.0050676406871193,-0.0314662517628012));
#3490=DIRECTION('',(0.,1.,0.));
#3491=DIRECTION('',(0.,0.,1.));
#3492=AXIS2_PLACEMENT_3D('',#3489,#3490,#3491);
#3493=CYLINDRICAL_SURFACE('',#3492,0.0015);
#3494=CARTESIAN_POINT('',(-0.0480832611206853,0.000826,-0.0314662517628012));
#3495=DIRECTION('',(0.,1.,0.));
#3496=DIRECTION('',(0.,0.,1.));
#3497=AXIS2_PLACEMENT_3D('',#3494,#3495,#3496);
#3498=CIRCLE('',#3497,0.0015);
#3499=CARTESIAN_POINT('',(-0.0480832611206853,0.000826,-0.0329662517628012));
#3500=VERTEX_POINT('',#3499);
#3501=EDGE_CURVE('',#3500,#3500,#3498,.T.);
#3502=ORIENTED_EDGE('',*,*,#3501,.T.);
#3503=EDGE_LOOP('',(#3502));
#3504=FACE_BOUND('',#3503,.T.);
#3505=CARTESIAN_POINT('',(-0.0480832611206853,-0.000826,-0.0314662517628012));
#3506=DIRECTION('',(0.,1.,0.));
#3507=DIRECTION('',(0.,0.,1.));
#3508=AXIS2_PLACEMENT_3D('',#3505,#3506,#3507);
#3509=CIRCLE('',#3508,0.0015);
#3510=CARTESIAN_POINT('',(-0.0480832611206853,-0.000826,-0.0329662517628012));
#3511=VERTEX_POINT('',#3510);
#3512=EDGE_CURVE('',#3511,#3511,#3509,.T.);
#3513=ORIENTED_EDGE('',*,*,#3512,.F.);
#3514=EDGE_LOOP('',(#3513));
#3515=FACE_BOUND('',#3514,.T.);
#3516=ADVANCED_FACE('',(#3504,#3515),#3493,.F.);
#3517=CARTESIAN_POINT('',(0.0202265829604428,-0.0050676406871193,-0.0315402914594277));
#3518=DIRECTION('',(0.,1.,0.));
#3519=DIRECTION('',(0.,0.,1.));
#3520=AXIS2_PLACEMENT_3D('',#3517,#3518,#3519);
#3521=CYLINDRICAL_SURFACE('',#3520,0.0015);
#3522=CARTESIAN_POINT('',(0.0202265829604428,0.000826,-0.0315402914594277));
#3523=DIRECTION('',(0.,1.,0.));
#3524=DIRECTION('',(0.,0.,1.));
#3525=AXIS2_PLACEMENT_3D('',#3522,#3523,#3524);
#3526=CIRCLE('',#3525,0.0015);
#3527=CARTESIAN_POINT('',(0.0202265829604428,0.000826,-0.0330402914594277));
#3528=VERTEX_POINT('',#3527);
#3529=EDGE_CURVE('',#3528,#3528,#3526,.T.);
#3530=ORIENTED_EDGE('',*,*,#3529,.T.);
#3531=EDGE_LOOP('',(#3530));
#3532=FACE_BOUND('',#3531,.T.);
#3533=CARTESIAN_POINT('',(0.0202265829604428,-0.000826,-0.0315402914594277));
#3534=DIRECTION('',(0.,1.,0.));
#3535=DIRECTION('',(0.,0.,1.));
#3536=AXIS2_PLACEMENT_3D('',#3533,#3534,#3535);
#3537=CIRCLE('',#3536,0.0015);
#3538=CARTESIAN_POINT('',(0.0202265829604428,-0.000826,-0.0330402914594277));
#3539=VERTEX_POINT('',#3538);
#3540=EDGE_CURVE('',#3539,#3539,#3537,.T.);
#3541=ORIENTED_EDGE('',*,*,#3540,.F.);
#3542=EDGE_LOOP('',(#3541));
#3543=FACE_BOUND('',#3542,.T.);
#3544=ADVANCED_FACE('',(#3532,#3543),#3521,.F.);
#3545=CARTESIAN_POINT('',(0.0315402914594276,-0.0050676406871193,-0.0202265829604429));
#3546=DIRECTION('',(0.,1.,0.));
#3547=DIRECTION('',(0.,0.,1.));
#3548=AXIS2_PLACEMENT_3D('',#3545,#3546,#3547);
#3549=CYLINDRICAL_SURFACE('',#3548,0.0015);
#3550=CARTESIAN_POINT('',(0.0315402914594276,0.000826,-0.0202265829604429));
#3551=DIRECTION('',(0.,1.,0.));
#3552=DIRECTION('',(0.,0.,1.));
#3553=AXIS2_PLACEMENT_3D('',#3550,#3551,#3552);
#3554=CIRCLE('',#3553,0.0015);
#3555=CARTESIAN_POINT('',(0.0315402914594276,0.000826,-0.0217265829604429));
#3556=VERTEX_POINT('',#3555);
#3557=EDGE_CURVE('',#3556,#3556,#3554,.T.);
#3558=ORIENTED_EDGE('',*,*,#3557,.T.);
#3559=EDGE_LOOP('',(#3558));
#3560=FACE_BOUND('',#3559,.T.);
#3561=CARTESIAN_POINT('',(0.0315402914594276,-0.000826,-0.0202265829604429));
#3562=DIRECTION('',(0.,1.,0.));
#3563=DIRECTION('',(0.,0.,1.));
#3564=AXIS2_PLACEMENT_3D('',#3561,#3562,#3563);
#3565=CIRCLE('',#3564,0.0015);
#3566=CARTESIAN_POINT('',(0.0315402914594276,-0.000826,-0.0217265829604429));
#3567=VERTEX_POINT('',#3566);
#3568=EDGE_CURVE('',#3567,#3567,#3565,.T.);
#3569=ORIENTED_EDGE('',*,*,#3568,.F.);
#3570=EDGE_LOOP('',(#3569));
#3571=FACE_BOUND('',#3570,.T.);
#3572=ADVANCED_FACE('',(#3560,#3571),#3549,.F.);
#3573=CARTESIAN_POINT('',(0.0315402914594277,-0.0050676406871193,0.0202265829604428));
#3574=DIRECTION('',(0.,1.,0.));
#3575=DIRECTION('',(0.,0.,1.));
#3576=AXIS2_PLACEMENT_3D('',#3573,#3574,#3575);
#3577=CYLINDRICAL_SURFACE('',#3576,0.0015);
#3578=CARTESIAN_POINT('',(0.0315402914594277,0.000826,0.0202265829604428));
#3579=DIRECTION('',(0.,1.,0.));
#3580=DIRECTION('',(0.,0.,1.));
#3581=AXIS2_PLACEMENT_3D('',#3578,#3579,#3580);
#3582=CIRCLE('',#3581,0.0015);
#3583=CARTESIAN_POINT('',(0.0315402914594277,0.000826,0.0187265829604428));
#3584=VERTEX_POINT('',#3583);
#3585=EDGE_CURVE('',#3584,#3584,#3582,.T.);
#3586=ORIENTED_EDGE('',*,*,#3585,.T.);
#3587=EDGE_LOOP('',(#3586));
#3588=FACE_BOUND('',#3587,.T.);
#3589=CARTESIAN_POINT('',(0.0315402914594277,-0.000826,0.0202265829604428));
#3590=DIRECTION('',(0.,1.,0.));
#3591=DIRECTION('',(0.,0.,1.));
#3592=AXIS2_PLACEMENT_3D('',#3589,#3590,#3591);
#3593=CIRCLE('',#3592,0.0015);
#3594=CARTESIAN_POINT('',(0.0315402914594277,-0.000826,0.0187265829604428));
#3595=VERTEX_POINT('',#3594);
#3596=EDGE_CURVE('',#3595,#3595,#3593,.T.);
#3597=ORIENTED_EDGE('',*,*,#3596,.F.);
#3598=EDGE_LOOP('',(#3597));
#3599=FACE_BOUND('',#3598,.T.);
#3600=ADVANCED_FACE('',(#3588,#3599),#3577,.F.);
#3601=CARTESIAN_POINT('',(0.0202265829604429,-0.0050676406871193,0.0315402914594276));
#3602=DIRECTION('',(0.,1.,0.));
#3603=DIRECTION('',(0.,0.,1.));
#3604=AXIS2_PLACEMENT_3D('',#3601,#3602,#3603);
#3605=CYLINDRICAL_SURFACE('',#3604,0.0015);
#3606=CARTESIAN_POINT('',(0.0202265829604429,0.000826,0.0315402914594276));
#3607=DIRECTION('',(0.,1.,0.));
#3608=DIRECTION('',(0.,0.,1.));
#3609=AXIS2_PLACEMENT_3D('',#3606,#3607,#3608);
#3610=CIRCLE('',#3609,0.0015);
#3611=CARTESIAN_POINT('',(0.0202265829604429,0.000826,0.0300402914594276));
#3612=VERTEX_POINT('',#3611);
#3613=EDGE_CURVE('',#3612,#3612,#3610,.T.);
#3614=ORIENTED_EDGE('',*,*,#3613,.T.);
#3615=EDGE_LOOP('',(#3614));
#3616=FACE_BOUND('',#3615,.T.);
#3617=CARTESIAN_POINT('',(0.0202265829604429,-0.000826,0.0315402914594276));
#3618=DIRECTION('',(0.,1.,0.));
#3619=DIRECTION('',(0.,0.,1.));
#3620=AXIS2_PLACEMENT_3D('',#3617,#3618,#3619);
#3621=CIRCLE('',#3620,0.0015);
#3622=CARTESIAN_POINT('',(0.0202265829604429,-0.000826,0.0300402914594276));
#3623=VERTEX_POINT('',#3622);
#3624=EDGE_CURVE('',#3623,#3623,#3621,.T.);
#3625=ORIENTED_EDGE('',*,*,#3624,.F.);
#3626=EDGE_LOOP('',(#3625));
#3627=FACE_BOUND('',#3626,.T.);
#3628=ADVANCED_FACE('',(#3616,#3627),#3605,.F.);
#3629=CARTESIAN_POINT('',(0.,0.000826,-0.137808758524574));
#3630=DIRECTION('',(0.,-1.,0.));
#3631=DIRECTION('',(0.,0.,-1.));
#3632=AXIS2_PLACEMENT_3D('',#3629,#3630,#3631);
#3633=CYLINDRICAL_SURFACE('',#3632,0.0895087585245745);
#3634=ORIENTED_EDGE('',*,*,#2231,.F.);
#3635=CARTESIAN_POINT('',(-0.0302449533624063,0.000826,-0.0535647044393368));
#3636=DIRECTION('',(0.,-1.,0.));
#3637=VECTOR('',#3636,1.);
#3638=LINE('',#3635,#3637);
#3639=CARTESIAN_POINT('',(-0.0302449533624063,0.000826,-0.0535647044393368));
#3640=VERTEX_POINT('',#3639);
#3641=EDGE_CURVE('',#3640,#2228,#3638,.T.);
#3642=ORIENTED_EDGE('',*,*,#3641,.F.);
#3643=CARTESIAN_POINT('',(0.,0.000826,-0.137808758524574));
#3644=DIRECTION('',(0.,1.,0.));
#3645=DIRECTION('',(0.,0.,1.));
#3646=AXIS2_PLACEMENT_3D('',#3643,#3644,#3645);
#3647=CIRCLE('',#3646,0.0895087585245745);
#3648=CARTESIAN_POINT('',(0.0302449533624064,0.000826,-0.0535647044393368));
#3649=VERTEX_POINT('',#3648);
#3650=EDGE_CURVE('',#3640,#3649,#3647,.T.);
#3651=ORIENTED_EDGE('',*,*,#3650,.T.);
#3652=CARTESIAN_POINT('',(0.0302449533624064,0.000826,-0.0535647044393368));
#3653=DIRECTION('',(0.,-1.,0.));
#3654=VECTOR('',#3653,1.);
#3655=LINE('',#3652,#3654);
#3656=EDGE_CURVE('',#3649,#2230,#3655,.T.);
#3657=ORIENTED_EDGE('',*,*,#3656,.T.);
#3658=EDGE_LOOP('',(#3634,#3642,#3651,#3657));
#3659=FACE_BOUND('',#3658,.T.);
#3660=ADVANCED_FACE('',(#3659),#3633,.F.);
#3661=CARTESIAN_POINT('',(-0.0317403131083168,0.000826,-0.0493995412201414));
#3662=DIRECTION('',(0.,-1.,0.));
#3663=DIRECTION('',(0.,0.,-1.));
#3664=AXIS2_PLACEMENT_3D('',#3661,#3662,#3663);
#3665=CYLINDRICAL_SURFACE('',#3664,0.00442545877985854);
#3666=ORIENTED_EDGE('',*,*,#2360,.T.);
#3667=CARTESIAN_POINT('',(-0.0348695850214163,0.000826,-0.052528813133241));
#3668=DIRECTION('',(0.,-1.,0.));
#3669=VECTOR('',#3668,1.);
#3670=LINE('',#3667,#3669);
#3671=CARTESIAN_POINT('',(-0.0348695850214163,0.000826,-0.052528813133241));
#3672=VERTEX_POINT('',#3671);
#3673=EDGE_CURVE('',#3672,#2352,#3670,.T.);
#3674=ORIENTED_EDGE('',*,*,#3673,.F.);
#3675=CARTESIAN_POINT('',(-0.0317403131083168,0.000826,-0.0493995412201414));
#3676=DIRECTION('',(0.,1.,0.));
#3677=DIRECTION('',(0.,0.,1.));
#3678=AXIS2_PLACEMENT_3D('',#3675,#3676,#3677);
#3679=CIRCLE('',#3678,0.00442545877985854);
#3680=EDGE_CURVE('',#3640,#3672,#3679,.T.);
#3681=ORIENTED_EDGE('',*,*,#3680,.F.);
#3682=ORIENTED_EDGE('',*,*,#3641,.T.);
#3683=EDGE_LOOP('',(#3666,#3674,#3681,#3682));
#3684=FACE_BOUND('',#3683,.T.);
#3685=ADVANCED_FACE('',(#3684),#3665,.T.);
#3686=CARTESIAN_POINT('',(-0.0436991990773286,0.000826,-0.0436991990773286));
#3687=DIRECTION('',(-0.707106781186548,0.,-0.707106781186547));
#3688=DIRECTION('',(-0.707106781186547,0.,0.707106781186548));
#3689=AXIS2_PLACEMENT_3D('',#3686,#3687,#3688);
#3690=PLANE('',#3689);
#3691=ORIENTED_EDGE('',*,*,#2353,.F.);
#3692=CARTESIAN_POINT('',(-0.0525288131332411,0.000826,-0.0348695850214161));
#3693=DIRECTION('',(0.,-1.,0.));
#3694=VECTOR('',#3693,1.);
#3695=LINE('',#3692,#3694);
#3696=CARTESIAN_POINT('',(-0.0525288131332411,0.000826,-0.0348695850214161));
#3697=VERTEX_POINT('',#3696);
#3698=EDGE_CURVE('',#3697,#2344,#3695,.T.);
#3699=ORIENTED_EDGE('',*,*,#3698,.F.);
#3700=CARTESIAN_POINT('',(-0.0436991990773286,0.000826,-0.0436991990773286));
#3701=DIRECTION('',(0.707106781186547,0.,-0.707106781186548));
#3702=VECTOR('',#3701,1.);
#3703=LINE('',#3700,#3702);
#3704=EDGE_CURVE('',#3697,#3672,#3703,.T.);
#3705=ORIENTED_EDGE('',*,*,#3704,.T.);
#3706=ORIENTED_EDGE('',*,*,#3673,.T.);
#3707=EDGE_LOOP('',(#3691,#3699,#3705,#3706));
#3708=FACE_BOUND('',#3707,.T.);
#3709=ADVANCED_FACE('',(#3708),#3690,.T.);
#3710=CARTESIAN_POINT('',(-0.0493995412201417,0.000826,-0.0317403131083168));
#3711=DIRECTION('',(0.,-1.,0.));
#3712=DIRECTION('',(0.,0.,-1.));
#3713=AXIS2_PLACEMENT_3D('',#3710,#3711,#3712);
#3714=CYLINDRICAL_SURFACE('',#3713,0.00442545877985828);
#3715=ORIENTED_EDGE('',*,*,#2345,.T.);
#3716=CARTESIAN_POINT('',(-0.0535647044393368,0.000826,-0.0302449533624063));
#3717=DIRECTION('',(0.,-1.,0.));
#3718=VECTOR('',#3717,1.);
#3719=LINE('',#3716,#3718);
#3720=CARTESIAN_POINT('',(-0.0535647044393368,0.000826,-0.0302449533624063));
#3721=VERTEX_POINT('',#3720);
#3722=EDGE_CURVE('',#3721,#2335,#3719,.T.);
#3723=ORIENTED_EDGE('',*,*,#3722,.F.);
#3724=CARTESIAN_POINT('',(-0.0493995412201417,0.000826,-0.0317403131083168));
#3725=DIRECTION('',(0.,1.,0.));
#3726=DIRECTION('',(0.,0.,1.));
#3727=AXIS2_PLACEMENT_3D('',#3724,#3725,#3726);
#3728=CIRCLE('',#3727,0.00442545877985828);
#3729=EDGE_CURVE('',#3697,#3721,#3728,.T.);
#3730=ORIENTED_EDGE('',*,*,#3729,.F.);
#3731=ORIENTED_EDGE('',*,*,#3698,.T.);
#3732=EDGE_LOOP('',(#3715,#3723,#3730,#3731));
#3733=FACE_BOUND('',#3732,.T.);
#3734=ADVANCED_FACE('',(#3733),#3714,.T.);
#3735=CARTESIAN_POINT('',(-0.137808758524574,0.000826,0.));
#3736=DIRECTION('',(0.,-1.,0.));
#3737=DIRECTION('',(0.,0.,-1.));
#3738=AXIS2_PLACEMENT_3D('',#3735,#3736,#3737);
#3739=CYLINDRICAL_SURFACE('',#3738,0.0895087585245745);
#3740=ORIENTED_EDGE('',*,*,#2336,.F.);
#3741=CARTESIAN_POINT('',(-0.0535647044393368,0.000826,0.0302449533624063));
#3742=DIRECTION('',(0.,-1.,0.));
#3743=VECTOR('',#3742,1.);
#3744=LINE('',#3741,#3743);
#3745=CARTESIAN_POINT('',(-0.0535647044393368,0.000826,0.0302449533624063));
#3746=VERTEX_POINT('',#3745);
#3747=EDGE_CURVE('',#3746,#2326,#3744,.T.);
#3748=ORIENTED_EDGE('',*,*,#3747,.F.);
#3749=CARTESIAN_POINT('',(-0.137808758524574,0.000826,0.));
#3750=DIRECTION('',(0.,1.,0.));
#3751=DIRECTION('',(0.,0.,1.));
#3752=AXIS2_PLACEMENT_3D('',#3749,#3750,#3751);
#3753=CIRCLE('',#3752,0.0895087585245745);
#3754=EDGE_CURVE('',#3746,#3721,#3753,.T.);
#3755=ORIENTED_EDGE('',*,*,#3754,.T.);
#3756=ORIENTED_EDGE('',*,*,#3722,.T.);
#3757=EDGE_LOOP('',(#3740,#3748,#3755,#3756));
#3758=FACE_BOUND('',#3757,.T.);
#3759=ADVANCED_FACE('',(#3758),#3739,.F.);
#3760=CARTESIAN_POINT('',(-0.0493995412201414,0.000826,0.0317403131083168));
#3761=DIRECTION('',(0.,-1.,0.));
#3762=DIRECTION('',(0.,0.,-1.));
#3763=AXIS2_PLACEMENT_3D('',#3760,#3761,#3762);
#3764=CYLINDRICAL_SURFACE('',#3763,0.00442545877985853);
#3765=ORIENTED_EDGE('',*,*,#2327,.T.);
#3766=CARTESIAN_POINT('',(-0.0525288131332409,0.000826,0.0348695850214163));
#3767=DIRECTION('',(0.,-1.,0.));
#3768=VECTOR('',#3767,1.);
#3769=LINE('',#3766,#3768);
#3770=CARTESIAN_POINT('',(-0.0525288131332409,0.000826,0.0348695850214163));
#3771=VERTEX_POINT('',#3770);
#3772=EDGE_CURVE('',#3771,#2317,#3769,.T.);
#3773=ORIENTED_EDGE('',*,*,#3772,.F.);
#3774=CARTESIAN_POINT('',(-0.0493995412201414,0.000826,0.0317403131083168));
#3775=DIRECTION('',(0.,1.,0.));
#3776=DIRECTION('',(0.,0.,1.));
#3777=AXIS2_PLACEMENT_3D('',#3774,#3775,#3776);
#3778=CIRCLE('',#3777,0.00442545877985853);
#3779=EDGE_CURVE('',#3746,#3771,#3778,.T.);
#3780=ORIENTED_EDGE('',*,*,#3779,.F.);
#3781=ORIENTED_EDGE('',*,*,#3747,.T.);
#3782=EDGE_LOOP('',(#3765,#3773,#3780,#3781));
#3783=FACE_BOUND('',#3782,.T.);
#3784=ADVANCED_FACE('',(#3783),#3764,.T.);
#3785=CARTESIAN_POINT('',(-0.0436991990773286,0.000826,0.0436991990773286));
#3786=DIRECTION('',(0.707106781186548,0.,-0.707106781186548));
#3787=DIRECTION('',(-0.707106781186548,0.,-0.707106781186548));
#3788=AXIS2_PLACEMENT_3D('',#3785,#3786,#3787);
#3789=PLANE('',#3788);
#3790=ORIENTED_EDGE('',*,*,#2318,.T.);
#3791=CARTESIAN_POINT('',(-0.0348695850214161,0.000826,0.0525288131332411));
#3792=DIRECTION('',(0.,-1.,0.));
#3793=VECTOR('',#3792,1.);
#3794=LINE('',#3791,#3793);
#3795=CARTESIAN_POINT('',(-0.0348695850214161,0.000826,0.0525288131332411));
#3796=VERTEX_POINT('',#3795);
#3797=EDGE_CURVE('',#3796,#2309,#3794,.T.);
#3798=ORIENTED_EDGE('',*,*,#3797,.F.);
#3799=CARTESIAN_POINT('',(-0.0436991990773286,0.000826,0.0436991990773286));
#3800=DIRECTION('',(0.707106781186548,0.,0.707106781186548));
#3801=VECTOR('',#3800,1.);
#3802=LINE('',#3799,#3801);
#3803=EDGE_CURVE('',#3771,#3796,#3802,.T.);
#3804=ORIENTED_EDGE('',*,*,#3803,.F.);
#3805=ORIENTED_EDGE('',*,*,#3772,.T.);
#3806=EDGE_LOOP('',(#3790,#3798,#3804,#3805));
#3807=FACE_BOUND('',#3806,.T.);
#3808=ADVANCED_FACE('',(#3807),#3789,.F.);
#3809=CARTESIAN_POINT('',(-0.0317403131083169,0.000826,0.0493995412201418));
#3810=DIRECTION('',(0.,-1.,0.));
#3811=DIRECTION('',(0.,0.,-1.));
#3812=AXIS2_PLACEMENT_3D('',#3809,#3810,#3811);
#3813=CYLINDRICAL_SURFACE('',#3812,0.00442545877985821);
#3814=ORIENTED_EDGE('',*,*,#2310,.T.);
#3815=CARTESIAN_POINT('',(-0.0302449533624064,0.000826,0.0535647044393368));
#3816=DIRECTION('',(0.,-1.,0.));
#3817=VECTOR('',#3816,1.);
#3818=LINE('',#3815,#3817);
#3819=CARTESIAN_POINT('',(-0.0302449533624064,0.000826,0.0535647044393368));
#3820=VERTEX_POINT('',#3819);
#3821=EDGE_CURVE('',#3820,#2300,#3818,.T.);
#3822=ORIENTED_EDGE('',*,*,#3821,.F.);
#3823=CARTESIAN_POINT('',(-0.0317403131083169,0.000826,0.0493995412201418));
#3824=DIRECTION('',(0.,1.,0.));
#3825=DIRECTION('',(0.,0.,1.));
#3826=AXIS2_PLACEMENT_3D('',#3823,#3824,#3825);
#3827=CIRCLE('',#3826,0.00442545877985821);
#3828=EDGE_CURVE('',#3796,#3820,#3827,.T.);
#3829=ORIENTED_EDGE('',*,*,#3828,.F.);
#3830=ORIENTED_EDGE('',*,*,#3797,.T.);
#3831=EDGE_LOOP('',(#3814,#3822,#3829,#3830));
#3832=FACE_BOUND('',#3831,.T.);
#3833=ADVANCED_FACE('',(#3832),#3813,.T.);
#3834=CARTESIAN_POINT('',(0.,0.000826,0.137808758524574));
#3835=DIRECTION('',(0.,-1.,0.));
#3836=DIRECTION('',(0.,0.,-1.));
#3837=AXIS2_PLACEMENT_3D('',#3834,#3835,#3836);
#3838=CYLINDRICAL_SURFACE('',#3837,0.0895087585245745);
#3839=ORIENTED_EDGE('',*,*,#2301,.F.);
#3840=CARTESIAN_POINT('',(0.0302449533624063,0.000826,0.0535647044393368));
#3841=DIRECTION('',(0.,-1.,0.));
#3842=VECTOR('',#3841,1.);
#3843=LINE('',#3840,#3842);
#3844=CARTESIAN_POINT('',(0.0302449533624063,0.000826,0.0535647044393368));
#3845=VERTEX_POINT('',#3844);
#3846=EDGE_CURVE('',#3845,#2291,#3843,.T.);
#3847=ORIENTED_EDGE('',*,*,#3846,.F.);
#3848=CARTESIAN_POINT('',(0.,0.000826,0.137808758524574));
#3849=DIRECTION('',(0.,1.,0.));
#3850=DIRECTION('',(0.,0.,1.));
#3851=AXIS2_PLACEMENT_3D('',#3848,#3849,#3850);
#3852=CIRCLE('',#3851,0.0895087585245745);
#3853=EDGE_CURVE('',#3845,#3820,#3852,.T.);
#3854=ORIENTED_EDGE('',*,*,#3853,.T.);
#3855=ORIENTED_EDGE('',*,*,#3821,.T.);
#3856=EDGE_LOOP('',(#3839,#3847,#3854,#3855));
#3857=FACE_BOUND('',#3856,.T.);
#3858=ADVANCED_FACE('',(#3857),#3838,.F.);
#3859=CARTESIAN_POINT('',(0.0317403131083168,0.000826,0.0493995412201414));
#3860=DIRECTION('',(0.,-1.,0.));
#3861=DIRECTION('',(0.,0.,-1.));
#3862=AXIS2_PLACEMENT_3D('',#3859,#3860,#3861);
#3863=CYLINDRICAL_SURFACE('',#3862,0.00442545877985853);
#3864=ORIENTED_EDGE('',*,*,#2292,.T.);
#3865=CARTESIAN_POINT('',(0.0348695850214163,0.000826,0.0525288131332409));
#3866=DIRECTION('',(0.,-1.,0.));
#3867=VECTOR('',#3866,1.);
#3868=LINE('',#3865,#3867);
#3869=CARTESIAN_POINT('',(0.0348695850214163,0.000826,0.0525288131332409));
#3870=VERTEX_POINT('',#3869);
#3871=EDGE_CURVE('',#3870,#2282,#3868,.T.);
#3872=ORIENTED_EDGE('',*,*,#3871,.F.);
#3873=CARTESIAN_POINT('',(0.0317403131083168,0.000826,0.0493995412201414));
#3874=DIRECTION('',(0.,1.,0.));
#3875=DIRECTION('',(0.,0.,1.));
#3876=AXIS2_PLACEMENT_3D('',#3873,#3874,#3875);
#3877=CIRCLE('',#3876,0.00442545877985853);
#3878=EDGE_CURVE('',#3845,#3870,#3877,.T.);
#3879=ORIENTED_EDGE('',*,*,#3878,.F.);
#3880=ORIENTED_EDGE('',*,*,#3846,.T.);
#3881=EDGE_LOOP('',(#3864,#3872,#3879,#3880));
#3882=FACE_BOUND('',#3881,.T.);
#3883=ADVANCED_FACE('',(#3882),#3863,.T.);
#3884=CARTESIAN_POINT('',(0.0436991990773286,0.000826,0.0436991990773286));
#3885=DIRECTION('',(-0.707106781186547,0.,-0.707106781186548));
#3886=DIRECTION('',(-0.707106781186548,0.,0.707106781186547));
#3887=AXIS2_PLACEMENT_3D('',#3884,#3885,#3886);
#3888=PLANE('',#3887);
#3889=ORIENTED_EDGE('',*,*,#2283,.T.);
#3890=CARTESIAN_POINT('',(0.0525288131332411,0.000826,0.0348695850214161));
#3891=DIRECTION('',(0.,-1.,0.));
#3892=VECTOR('',#3891,1.);
#3893=LINE('',#3890,#3892);
#3894=CARTESIAN_POINT('',(0.0525288131332411,0.000826,0.0348695850214161));
#3895=VERTEX_POINT('',#3894);
#3896=EDGE_CURVE('',#3895,#2274,#3893,.T.);
#3897=ORIENTED_EDGE('',*,*,#3896,.F.);
#3898=CARTESIAN_POINT('',(0.0436991990773286,0.000826,0.0436991990773286));
#3899=DIRECTION('',(0.707106781186548,0.,-0.707106781186547));
#3900=VECTOR('',#3899,1.);
#3901=LINE('',#3898,#3900);
#3902=EDGE_CURVE('',#3870,#3895,#3901,.T.);
#3903=ORIENTED_EDGE('',*,*,#3902,.F.);
#3904=ORIENTED_EDGE('',*,*,#3871,.T.);
#3905=EDGE_LOOP('',(#3889,#3897,#3903,#3904));
#3906=FACE_BOUND('',#3905,.T.);
#3907=ADVANCED_FACE('',(#3906),#3888,.F.);
#3908=CARTESIAN_POINT('',(0.0493995412201418,0.000826,0.0317403131083168));
#3909=DIRECTION('',(0.,-1.,0.));
#3910=DIRECTION('',(0.,0.,-1.));
#3911=AXIS2_PLACEMENT_3D('',#3908,#3909,#3910);
#3912=CYLINDRICAL_SURFACE('',#3911,0.00442545877985825);
#3913=ORIENTED_EDGE('',*,*,#2275,.T.);
#3914=CARTESIAN_POINT('',(0.0535647044393368,0.000826,0.0302449533624064));
#3915=DIRECTION('',(0.,-1.,0.));
#3916=VECTOR('',#3915,1.);
#3917=LINE('',#3914,#3916);
#3918=CARTESIAN_POINT('',(0.0535647044393368,0.000826,0.0302449533624064));
#3919=VERTEX_POINT('',#3918);
#3920=EDGE_CURVE('',#3919,#2265,#3917,.T.);
#3921=ORIENTED_EDGE('',*,*,#3920,.F.);
#3922=CARTESIAN_POINT('',(0.0493995412201418,0.000826,0.0317403131083168));
#3923=DIRECTION('',(0.,1.,0.));
#3924=DIRECTION('',(0.,0.,1.));
#3925=AXIS2_PLACEMENT_3D('',#3922,#3923,#3924);
#3926=CIRCLE('',#3925,0.00442545877985825);
#3927=EDGE_CURVE('',#3895,#3919,#3926,.T.);
#3928=ORIENTED_EDGE('',*,*,#3927,.F.);
#3929=ORIENTED_EDGE('',*,*,#3896,.T.);
#3930=EDGE_LOOP('',(#3913,#3921,#3928,#3929));
#3931=FACE_BOUND('',#3930,.T.);
#3932=ADVANCED_FACE('',(#3931),#3912,.T.);
#3933=CARTESIAN_POINT('',(0.137808758524575,0.000826,0.));
#3934=DIRECTION('',(0.,-1.,0.));
#3935=DIRECTION('',(0.,0.,-1.));
#3936=AXIS2_PLACEMENT_3D('',#3933,#3934,#3935);
#3937=CYLINDRICAL_SURFACE('',#3936,0.0895087585245745);
#3938=ORIENTED_EDGE('',*,*,#2266,.F.);
#3939=CARTESIAN_POINT('',(0.0535647044393368,0.000826,-0.0302449533624063));
#3940=DIRECTION('',(0.,-1.,0.));
#3941=VECTOR('',#3940,1.);
#3942=LINE('',#3939,#3941);
#3943=CARTESIAN_POINT('',(0.0535647044393368,0.000826,-0.0302449533624063));
#3944=VERTEX_POINT('',#3943);
#3945=EDGE_CURVE('',#3944,#2256,#3942,.T.);
#3946=ORIENTED_EDGE('',*,*,#3945,.F.);
#3947=CARTESIAN_POINT('',(0.137808758524575,0.000826,0.));
#3948=DIRECTION('',(0.,1.,0.));
#3949=DIRECTION('',(0.,0.,1.));
#3950=AXIS2_PLACEMENT_3D('',#3947,#3948,#3949);
#3951=CIRCLE('',#3950,0.0895087585245745);
#3952=EDGE_CURVE('',#3944,#3919,#3951,.T.);
#3953=ORIENTED_EDGE('',*,*,#3952,.T.);
#3954=ORIENTED_EDGE('',*,*,#3920,.T.);
#3955=EDGE_LOOP('',(#3938,#3946,#3953,#3954));
#3956=FACE_BOUND('',#3955,.T.);
#3957=ADVANCED_FACE('',(#3956),#3937,.F.);
#3958=CARTESIAN_POINT('',(0.0493995412201414,0.000826,-0.0317403131083168));
#3959=DIRECTION('',(0.,-1.,0.));
#3960=DIRECTION('',(0.,0.,-1.));
#3961=AXIS2_PLACEMENT_3D('',#3958,#3959,#3960);
#3962=CYLINDRICAL_SURFACE('',#3961,0.00442545877985862);
#3963=ORIENTED_EDGE('',*,*,#2257,.T.);
#3964=CARTESIAN_POINT('',(0.052528813133241,0.000826,-0.0348695850214164));
#3965=DIRECTION('',(0.,-1.,0.));
#3966=VECTOR('',#3965,1.);
#3967=LINE('',#3964,#3966);
#3968=CARTESIAN_POINT('',(0.052528813133241,0.000826,-0.0348695850214164));
#3969=VERTEX_POINT('',#3968);
#3970=EDGE_CURVE('',#3969,#2247,#3967,.T.);
#3971=ORIENTED_EDGE('',*,*,#3970,.F.);
#3972=CARTESIAN_POINT('',(0.0493995412201414,0.000826,-0.0317403131083168));
#3973=DIRECTION('',(0.,1.,0.));
#3974=DIRECTION('',(0.,0.,1.));
#3975=AXIS2_PLACEMENT_3D('',#3972,#3973,#3974);
#3976=CIRCLE('',#3975,0.00442545877985862);
#3977=EDGE_CURVE('',#3944,#3969,#3976,.T.);
#3978=ORIENTED_EDGE('',*,*,#3977,.F.);
#3979=ORIENTED_EDGE('',*,*,#3945,.T.);
#3980=EDGE_LOOP('',(#3963,#3971,#3978,#3979));
#3981=FACE_BOUND('',#3980,.T.);
#3982=ADVANCED_FACE('',(#3981),#3962,.T.);
#3983=CARTESIAN_POINT('',(0.0436991990773287,0.000826,-0.0436991990773287));
#3984=DIRECTION('',(0.707106781186547,0.,-0.707106781186548));
#3985=DIRECTION('',(-0.707106781186548,0.,-0.707106781186547));
#3986=AXIS2_PLACEMENT_3D('',#3983,#3984,#3985);
#3987=PLANE('',#3986);
#3988=ORIENTED_EDGE('',*,*,#2248,.F.);
#3989=CARTESIAN_POINT('',(0.0348695850214162,0.000826,-0.0525288131332411));
#3990=DIRECTION('',(0.,-1.,0.));
#3991=VECTOR('',#3990,1.);
#3992=LINE('',#3989,#3991);
#3993=CARTESIAN_POINT('',(0.0348695850214162,0.000826,-0.0525288131332411));
#3994=VERTEX_POINT('',#3993);
#3995=EDGE_CURVE('',#3994,#2239,#3992,.T.);
#3996=ORIENTED_EDGE('',*,*,#3995,.F.);
#3997=CARTESIAN_POINT('',(0.0436991990773287,0.000826,-0.0436991990773287));
#3998=DIRECTION('',(0.707106781186548,0.,0.707106781186547));
#3999=VECTOR('',#3998,1.);
#4000=LINE('',#3997,#3999);
#4001=EDGE_CURVE('',#3994,#3969,#4000,.T.);
#4002=ORIENTED_EDGE('',*,*,#4001,.T.);
#4003=ORIENTED_EDGE('',*,*,#3970,.T.);
#4004=EDGE_LOOP('',(#3988,#3996,#4002,#4003));
#4005=FACE_BOUND('',#4004,.T.);
#4006=ADVANCED_FACE('',(#4005),#3987,.T.);
#4007=CARTESIAN_POINT('',(-0.0493995412201414,0.000826,0.0317403131083168));
#4008=DIRECTION('',(0.,-1.,0.));
#4009=DIRECTION('',(0.,0.,-1.));
#4010=AXIS2_PLACEMENT_3D('',#4007,#4008,#4009);
#4011=CYLINDRICAL_SURFACE('',#4010,0.00262545877985854);
#4012=ORIENTED_EDGE('',*,*,#1521,.F.);
#4013=CARTESIAN_POINT('',(-0.0518705764025615,0.000826,0.0308531722333828));
#4014=DIRECTION('',(0.,-1.,0.));
#4015=VECTOR('',#4014,1.);
#4016=LINE('',#4013,#4015);
#4017=CARTESIAN_POINT('',(-0.0518705764025615,0.000826,0.0308531722333828));
#4018=VERTEX_POINT('',#4017);
#4019=EDGE_CURVE('',#4018,#1518,#4016,.T.);
#4020=ORIENTED_EDGE('',*,*,#4019,.F.);
#4021=CARTESIAN_POINT('',(-0.0493995412201414,0.000826,0.0317403131083168));
#4022=DIRECTION('',(0.,1.,0.));
#4023=DIRECTION('',(0.,0.,1.));
#4024=AXIS2_PLACEMENT_3D('',#4021,#4022,#4023);
#4025=CIRCLE('',#4024,0.00262545877985854);
#4026=CARTESIAN_POINT('',(-0.0512560209271052,0.000826,0.0335967928152805));
#4027=VERTEX_POINT('',#4026);
#4028=EDGE_CURVE('',#4018,#4027,#4025,.T.);
#4029=ORIENTED_EDGE('',*,*,#4028,.T.);
#4030=CARTESIAN_POINT('',(-0.0512560209271052,0.000826,0.0335967928152805));
#4031=DIRECTION('',(0.,-1.,0.));
#4032=VECTOR('',#4031,1.);
#4033=LINE('',#4030,#4032);
#4034=EDGE_CURVE('',#4027,#1520,#4033,.T.);
#4035=ORIENTED_EDGE('',*,*,#4034,.T.);
#4036=EDGE_LOOP('',(#4012,#4020,#4029,#4035));
#4037=FACE_BOUND('',#4036,.T.);
#4038=ADVANCED_FACE('',(#4037),#4011,.F.);
#4039=CARTESIAN_POINT('',(-0.137808758524574,0.000826,0.));
#4040=DIRECTION('',(0.,-1.,0.));
#4041=DIRECTION('',(0.,0.,-1.));
#4042=AXIS2_PLACEMENT_3D('',#4039,#4040,#4041);
#4043=CYLINDRICAL_SURFACE('',#4042,0.0913087585245745);
#4044=ORIENTED_EDGE('',*,*,#1650,.T.);
#4045=CARTESIAN_POINT('',(-0.0518705764025615,0.000826,-0.0308531722333829));
#4046=DIRECTION('',(0.,-1.,0.));
#4047=VECTOR('',#4046,1.);
#4048=LINE('',#4045,#4047);
#4049=CARTESIAN_POINT('',(-0.0518705764025615,0.000826,-0.0308531722333829));
#4050=VERTEX_POINT('',#4049);
#4051=EDGE_CURVE('',#4050,#1642,#4048,.T.);
#4052=ORIENTED_EDGE('',*,*,#4051,.F.);
#4053=CARTESIAN_POINT('',(-0.137808758524574,0.000826,0.));
#4054=DIRECTION('',(0.,1.,0.));
#4055=DIRECTION('',(0.,0.,1.));
#4056=AXIS2_PLACEMENT_3D('',#4053,#4054,#4055);
#4057=CIRCLE('',#4056,0.0913087585245745);
#4058=EDGE_CURVE('',#4018,#4050,#4057,.T.);
#4059=ORIENTED_EDGE('',*,*,#4058,.F.);
#4060=ORIENTED_EDGE('',*,*,#4019,.T.);
#4061=EDGE_LOOP('',(#4044,#4052,#4059,#4060));
#4062=FACE_BOUND('',#4061,.T.);
#4063=ADVANCED_FACE('',(#4062),#4043,.T.);
#4064=CARTESIAN_POINT('',(-0.0493995412201417,0.000826,-0.0317403131083168));
#4065=DIRECTION('',(0.,-1.,0.));
#4066=DIRECTION('',(0.,0.,-1.));
#4067=AXIS2_PLACEMENT_3D('',#4064,#4065,#4066);
#4068=CYLINDRICAL_SURFACE('',#4067,0.00262545877985829);
#4069=ORIENTED_EDGE('',*,*,#1643,.F.);
#4070=CARTESIAN_POINT('',(-0.0512560209271053,0.000826,-0.0335967928152803));
#4071=DIRECTION('',(0.,-1.,0.));
#4072=VECTOR('',#4071,1.);
#4073=LINE('',#4070,#4072);
#4074=CARTESIAN_POINT('',(-0.0512560209271053,0.000826,-0.0335967928152803));
#4075=VERTEX_POINT('',#4074);
#4076=EDGE_CURVE('',#4075,#1633,#4073,.T.);
#4077=ORIENTED_EDGE('',*,*,#4076,.F.);
#4078=CARTESIAN_POINT('',(-0.0493995412201417,0.000826,-0.0317403131083168));
#4079=DIRECTION('',(0.,1.,0.));
#4080=DIRECTION('',(0.,0.,1.));
#4081=AXIS2_PLACEMENT_3D('',#4078,#4079,#4080);
#4082=CIRCLE('',#4081,0.00262545877985829);
#4083=EDGE_CURVE('',#4075,#4050,#4082,.T.);
#4084=ORIENTED_EDGE('',*,*,#4083,.T.);
#4085=ORIENTED_EDGE('',*,*,#4051,.T.);
#4086=EDGE_LOOP('',(#4069,#4077,#4084,#4085));
#4087=FACE_BOUND('',#4086,.T.);
#4088=ADVANCED_FACE('',(#4087),#4068,.F.);
#4089=CARTESIAN_POINT('',(-0.0424264068711928,0.000826,-0.0424264068711928));
#4090=DIRECTION('',(-0.707106781186548,0.,-0.707106781186547));
#4091=DIRECTION('',(-0.707106781186547,0.,0.707106781186548));
#4092=AXIS2_PLACEMENT_3D('',#4089,#4090,#4091);
#4093=PLANE('',#4092);
#4094=ORIENTED_EDGE('',*,*,#1634,.T.);
#4095=CARTESIAN_POINT('',(-0.0335967928152805,0.000826,-0.0512560209271052));
#4096=DIRECTION('',(0.,-1.,0.));
#4097=VECTOR('',#4096,1.);
#4098=LINE('',#4095,#4097);
#4099=CARTESIAN_POINT('',(-0.0335967928152805,0.000826,-0.0512560209271052));
#4100=VERTEX_POINT('',#4099);
#4101=EDGE_CURVE('',#4100,#1625,#4098,.T.);
#4102=ORIENTED_EDGE('',*,*,#4101,.F.);
#4103=CARTESIAN_POINT('',(-0.0424264068711928,0.000826,-0.0424264068711928));
#4104=DIRECTION('',(0.707106781186547,0.,-0.707106781186548));
#4105=VECTOR('',#4104,1.);
#4106=LINE('',#4103,#4105);
#4107=EDGE_CURVE('',#4075,#4100,#4106,.T.);
#4108=ORIENTED_EDGE('',*,*,#4107,.F.);
#4109=ORIENTED_EDGE('',*,*,#4076,.T.);
#4110=EDGE_LOOP('',(#4094,#4102,#4108,#4109));
#4111=FACE_BOUND('',#4110,.T.);
#4112=ADVANCED_FACE('',(#4111),#4093,.F.);
#4113=CARTESIAN_POINT('',(-0.0317403131083168,0.000826,-0.0493995412201414));
#4114=DIRECTION('',(0.,-1.,0.));
#4115=DIRECTION('',(0.,0.,-1.));
#4116=AXIS2_PLACEMENT_3D('',#4113,#4114,#4115);
#4117=CYLINDRICAL_SURFACE('',#4116,0.00262545877985853);
#4118=ORIENTED_EDGE('',*,*,#1626,.F.);
#4119=CARTESIAN_POINT('',(-0.0308531722333828,0.000826,-0.0518705764025615));
#4120=DIRECTION('',(0.,-1.,0.));
#4121=VECTOR('',#4120,1.);
#4122=LINE('',#4119,#4121);
#4123=CARTESIAN_POINT('',(-0.0308531722333828,0.000826,-0.0518705764025615));
#4124=VERTEX_POINT('',#4123);
#4125=EDGE_CURVE('',#4124,#1616,#4122,.T.);
#4126=ORIENTED_EDGE('',*,*,#4125,.F.);
#4127=CARTESIAN_POINT('',(-0.0317403131083168,0.000826,-0.0493995412201414));
#4128=DIRECTION('',(0.,1.,0.));
#4129=DIRECTION('',(0.,0.,1.));
#4130=AXIS2_PLACEMENT_3D('',#4127,#4128,#4129);
#4131=CIRCLE('',#4130,0.00262545877985853);
#4132=EDGE_CURVE('',#4124,#4100,#4131,.T.);
#4133=ORIENTED_EDGE('',*,*,#4132,.T.);
#4134=ORIENTED_EDGE('',*,*,#4101,.T.);
#4135=EDGE_LOOP('',(#4118,#4126,#4133,#4134));
#4136=FACE_BOUND('',#4135,.T.);
#4137=ADVANCED_FACE('',(#4136),#4117,.F.);
#4138=CARTESIAN_POINT('',(0.,0.000826,-0.137808758524574));
#4139=DIRECTION('',(0.,-1.,0.));
#4140=DIRECTION('',(0.,0.,-1.));
#4141=AXIS2_PLACEMENT_3D('',#4138,#4139,#4140);
#4142=CYLINDRICAL_SURFACE('',#4141,0.0913087585245745);
#4143=ORIENTED_EDGE('',*,*,#1617,.T.);
#4144=CARTESIAN_POINT('',(0.030853172233383,0.000826,-0.0518705764025615));
#4145=DIRECTION('',(0.,-1.,0.));
#4146=VECTOR('',#4145,1.);
#4147=LINE('',#4144,#4146);
#4148=CARTESIAN_POINT('',(0.030853172233383,0.000826,-0.0518705764025615));
#4149=VERTEX_POINT('',#4148);
#4150=EDGE_CURVE('',#4149,#1607,#4147,.T.);
#4151=ORIENTED_EDGE('',*,*,#4150,.F.);
#4152=CARTESIAN_POINT('',(0.,0.000826,-0.137808758524574));
#4153=DIRECTION('',(0.,1.,0.));
#4154=DIRECTION('',(0.,0.,1.));
#4155=AXIS2_PLACEMENT_3D('',#4152,#4153,#4154);
#4156=CIRCLE('',#4155,0.0913087585245745);
#4157=EDGE_CURVE('',#4124,#4149,#4156,.T.);
#4158=ORIENTED_EDGE('',*,*,#4157,.F.);
#4159=ORIENTED_EDGE('',*,*,#4125,.T.);
#4160=EDGE_LOOP('',(#4143,#4151,#4158,#4159));
#4161=FACE_BOUND('',#4160,.T.);
#4162=ADVANCED_FACE('',(#4161),#4142,.T.);
#4163=CARTESIAN_POINT('',(0.0317403131083168,0.000826,-0.0493995412201418));
#4164=DIRECTION('',(0.,-1.,0.));
#4165=DIRECTION('',(0.,0.,-1.));
#4166=AXIS2_PLACEMENT_3D('',#4163,#4164,#4165);
#4167=CYLINDRICAL_SURFACE('',#4166,0.00262545877985829);
#4168=ORIENTED_EDGE('',*,*,#1608,.F.);
#4169=CARTESIAN_POINT('',(0.0335967928152804,0.000826,-0.0512560209271054));
#4170=DIRECTION('',(0.,-1.,0.));
#4171=VECTOR('',#4170,1.);
#4172=LINE('',#4169,#4171);
#4173=CARTESIAN_POINT('',(0.0335967928152804,0.000826,-0.0512560209271054));
#4174=VERTEX_POINT('',#4173);
#4175=EDGE_CURVE('',#4174,#1598,#4172,.T.);
#4176=ORIENTED_EDGE('',*,*,#4175,.F.);
#4177=CARTESIAN_POINT('',(0.0317403131083168,0.000826,-0.0493995412201418));
#4178=DIRECTION('',(0.,1.,0.));
#4179=DIRECTION('',(0.,0.,1.));
#4180=AXIS2_PLACEMENT_3D('',#4177,#4178,#4179);
#4181=CIRCLE('',#4180,0.00262545877985829);
#4182=EDGE_CURVE('',#4174,#4149,#4181,.T.);
#4183=ORIENTED_EDGE('',*,*,#4182,.T.);
#4184=ORIENTED_EDGE('',*,*,#4150,.T.);
#4185=EDGE_LOOP('',(#4168,#4176,#4183,#4184));
#4186=FACE_BOUND('',#4185,.T.);
#4187=ADVANCED_FACE('',(#4186),#4167,.F.);
#4188=CARTESIAN_POINT('',(0.0424264068711929,0.000826,-0.0424264068711929));
#4189=DIRECTION('',(0.707106781186547,0.,-0.707106781186548));
#4190=DIRECTION('',(-0.707106781186548,0.,-0.707106781186547));
#4191=AXIS2_PLACEMENT_3D('',#4188,#4189,#4190);
#4192=PLANE('',#4191);
#4193=ORIENTED_EDGE('',*,*,#1599,.T.);
#4194=CARTESIAN_POINT('',(0.0512560209271052,0.000826,-0.0335967928152806));
#4195=DIRECTION('',(0.,-1.,0.));
#4196=VECTOR('',#4195,1.);
#4197=LINE('',#4194,#4196);
#4198=CARTESIAN_POINT('',(0.0512560209271052,0.000826,-0.0335967928152806));
#4199=VERTEX_POINT('',#4198);
#4200=EDGE_CURVE('',#4199,#1590,#4197,.T.);
#4201=ORIENTED_EDGE('',*,*,#4200,.F.);
#4202=CARTESIAN_POINT('',(0.0424264068711929,0.000826,-0.0424264068711929));
#4203=DIRECTION('',(0.707106781186548,0.,0.707106781186547));
#4204=VECTOR('',#4203,1.);
#4205=LINE('',#4202,#4204);
#4206=EDGE_CURVE('',#4174,#4199,#4205,.T.);
#4207=ORIENTED_EDGE('',*,*,#4206,.F.);
#4208=ORIENTED_EDGE('',*,*,#4175,.T.);
#4209=EDGE_LOOP('',(#4193,#4201,#4207,#4208));
#4210=FACE_BOUND('',#4209,.T.);
#4211=ADVANCED_FACE('',(#4210),#4192,.F.);
#4212=CARTESIAN_POINT('',(0.0493995412201414,0.000826,-0.0317403131083168));
#4213=DIRECTION('',(0.,-1.,0.));
#4214=DIRECTION('',(0.,0.,-1.));
#4215=AXIS2_PLACEMENT_3D('',#4212,#4213,#4214);
#4216=CYLINDRICAL_SURFACE('',#4215,0.00262545877985862);
#4217=ORIENTED_EDGE('',*,*,#1591,.F.);
#4218=CARTESIAN_POINT('',(0.0518705764025615,0.000826,-0.0308531722333828));
#4219=DIRECTION('',(0.,-1.,0.));
#4220=VECTOR('',#4219,1.);
#4221=LINE('',#4218,#4220);
#4222=CARTESIAN_POINT('',(0.0518705764025615,0.000826,-0.0308531722333828));
#4223=VERTEX_POINT('',#4222);
#4224=EDGE_CURVE('',#4223,#1581,#4221,.T.);
#4225=ORIENTED_EDGE('',*,*,#4224,.F.);
#4226=CARTESIAN_POINT('',(0.0493995412201414,0.000826,-0.0317403131083168));
#4227=DIRECTION('',(0.,1.,0.));
#4228=DIRECTION('',(0.,0.,1.));
#4229=AXIS2_PLACEMENT_3D('',#4226,#4227,#4228);
#4230=CIRCLE('',#4229,0.00262545877985862);
#4231=EDGE_CURVE('',#4223,#4199,#4230,.T.);
#4232=ORIENTED_EDGE('',*,*,#4231,.T.);
#4233=ORIENTED_EDGE('',*,*,#4200,.T.);
#4234=EDGE_LOOP('',(#4217,#4225,#4232,#4233));
#4235=FACE_BOUND('',#4234,.T.);
#4236=ADVANCED_FACE('',(#4235),#4216,.F.);
#4237=CARTESIAN_POINT('',(0.137808758524575,0.000826,0.));
#4238=DIRECTION('',(0.,-1.,0.));
#4239=DIRECTION('',(0.,0.,-1.));
#4240=AXIS2_PLACEMENT_3D('',#4237,#4238,#4239);
#4241=CYLINDRICAL_SURFACE('',#4240,0.0913087585245745);
#4242=ORIENTED_EDGE('',*,*,#1582,.T.);
#4243=CARTESIAN_POINT('',(0.0518705764025616,0.000826,0.0308531722333829));
#4244=DIRECTION('',(0.,-1.,0.));
#4245=VECTOR('',#4244,1.);
#4246=LINE('',#4243,#4245);
#4247=CARTESIAN_POINT('',(0.0518705764025616,0.000826,0.0308531722333829));
#4248=VERTEX_POINT('',#4247);
#4249=EDGE_CURVE('',#4248,#1572,#4246,.T.);
#4250=ORIENTED_EDGE('',*,*,#4249,.F.);
#4251=CARTESIAN_POINT('',(0.137808758524575,0.000826,0.));
#4252=DIRECTION('',(0.,1.,0.));
#4253=DIRECTION('',(0.,0.,1.));
#4254=AXIS2_PLACEMENT_3D('',#4251,#4252,#4253);
#4255=CIRCLE('',#4254,0.0913087585245745);
#4256=EDGE_CURVE('',#4223,#4248,#4255,.T.);
#4257=ORIENTED_EDGE('',*,*,#4256,.F.);
#4258=ORIENTED_EDGE('',*,*,#4224,.T.);
#4259=EDGE_LOOP('',(#4242,#4250,#4257,#4258));
#4260=FACE_BOUND('',#4259,.T.);
#4261=ADVANCED_FACE('',(#4260),#4241,.T.);
#4262=CARTESIAN_POINT('',(0.0493995412201418,0.000826,0.0317403131083168));
#4263=DIRECTION('',(0.,-1.,0.));
#4264=DIRECTION('',(0.,0.,-1.));
#4265=AXIS2_PLACEMENT_3D('',#4262,#4263,#4264);
#4266=CYLINDRICAL_SURFACE('',#4265,0.00262545877985824);
#4267=ORIENTED_EDGE('',*,*,#1573,.F.);
#4268=CARTESIAN_POINT('',(0.0512560209271053,0.000826,0.0335967928152803));
#4269=DIRECTION('',(0.,-1.,0.));
#4270=VECTOR('',#4269,1.);
#4271=LINE('',#4268,#4270);
#4272=CARTESIAN_POINT('',(0.0512560209271053,0.000826,0.0335967928152803));
#4273=VERTEX_POINT('',#4272);
#4274=EDGE_CURVE('',#4273,#1563,#4271,.T.);
#4275=ORIENTED_EDGE('',*,*,#4274,.F.);
#4276=CARTESIAN_POINT('',(0.0493995412201418,0.000826,0.0317403131083168));
#4277=DIRECTION('',(0.,1.,0.));
#4278=DIRECTION('',(0.,0.,1.));
#4279=AXIS2_PLACEMENT_3D('',#4276,#4277,#4278);
#4280=CIRCLE('',#4279,0.00262545877985824);
#4281=EDGE_CURVE('',#4273,#4248,#4280,.T.);
#4282=ORIENTED_EDGE('',*,*,#4281,.T.);
#4283=ORIENTED_EDGE('',*,*,#4249,.T.);
#4284=EDGE_LOOP('',(#4267,#4275,#4282,#4283));
#4285=FACE_BOUND('',#4284,.T.);
#4286=ADVANCED_FACE('',(#4285),#4266,.F.);
#4287=CARTESIAN_POINT('',(0.0424264068711928,0.000826,0.0424264068711928));
#4288=DIRECTION('',(-0.707106781186548,0.,-0.707106781186547));
#4289=DIRECTION('',(-0.707106781186547,0.,0.707106781186548));
#4290=AXIS2_PLACEMENT_3D('',#4287,#4288,#4289);
#4291=PLANE('',#4290);
#4292=ORIENTED_EDGE('',*,*,#1564,.F.);
#4293=CARTESIAN_POINT('',(0.0335967928152805,0.000826,0.0512560209271052));
#4294=DIRECTION('',(0.,-1.,0.));
#4295=VECTOR('',#4294,1.);
#4296=LINE('',#4293,#4295);
#4297=CARTESIAN_POINT('',(0.0335967928152805,0.000826,0.0512560209271052));
#4298=VERTEX_POINT('',#4297);
#4299=EDGE_CURVE('',#4298,#1555,#4296,.T.);
#4300=ORIENTED_EDGE('',*,*,#4299,.F.);
#4301=CARTESIAN_POINT('',(0.0424264068711928,0.000826,0.0424264068711928));
#4302=DIRECTION('',(0.707106781186547,0.,-0.707106781186548));
#4303=VECTOR('',#4302,1.);
#4304=LINE('',#4301,#4303);
#4305=EDGE_CURVE('',#4298,#4273,#4304,.T.);
#4306=ORIENTED_EDGE('',*,*,#4305,.T.);
#4307=ORIENTED_EDGE('',*,*,#4274,.T.);
#4308=EDGE_LOOP('',(#4292,#4300,#4306,#4307));
#4309=FACE_BOUND('',#4308,.T.);
#4310=ADVANCED_FACE('',(#4309),#4291,.T.);
#4311=CARTESIAN_POINT('',(0.0317403131083168,0.000826,0.0493995412201414));
#4312=DIRECTION('',(0.,-1.,0.));
#4313=DIRECTION('',(0.,0.,-1.));
#4314=AXIS2_PLACEMENT_3D('',#4311,#4312,#4313);
#4315=CYLINDRICAL_SURFACE('',#4314,0.00262545877985852);
#4316=ORIENTED_EDGE('',*,*,#1556,.F.);
#4317=CARTESIAN_POINT('',(0.0308531722333828,0.000826,0.0518705764025615));
#4318=DIRECTION('',(0.,-1.,0.));
#4319=VECTOR('',#4318,1.);
#4320=LINE('',#4317,#4319);
#4321=CARTESIAN_POINT('',(0.0308531722333828,0.000826,0.0518705764025615));
#4322=VERTEX_POINT('',#4321);
#4323=EDGE_CURVE('',#4322,#1546,#4320,.T.);
#4324=ORIENTED_EDGE('',*,*,#4323,.F.);
#4325=CARTESIAN_POINT('',(0.0317403131083168,0.000826,0.0493995412201414));
#4326=DIRECTION('',(0.,1.,0.));
#4327=DIRECTION('',(0.,0.,1.));
#4328=AXIS2_PLACEMENT_3D('',#4325,#4326,#4327);
#4329=CIRCLE('',#4328,0.00262545877985852);
#4330=EDGE_CURVE('',#4322,#4298,#4329,.T.);
#4331=ORIENTED_EDGE('',*,*,#4330,.T.);
#4332=ORIENTED_EDGE('',*,*,#4299,.T.);
#4333=EDGE_LOOP('',(#4316,#4324,#4331,#4332));
#4334=FACE_BOUND('',#4333,.T.);
#4335=ADVANCED_FACE('',(#4334),#4315,.F.);
#4336=CARTESIAN_POINT('',(0.,0.000826,0.137808758524574));
#4337=DIRECTION('',(0.,-1.,0.));
#4338=DIRECTION('',(0.,0.,-1.));
#4339=AXIS2_PLACEMENT_3D('',#4336,#4337,#4338);
#4340=CYLINDRICAL_SURFACE('',#4339,0.0913087585245745);
#4341=ORIENTED_EDGE('',*,*,#1547,.T.);
#4342=CARTESIAN_POINT('',(-0.030853172233383,0.000826,0.0518705764025616));
#4343=DIRECTION('',(0.,-1.,0.));
#4344=VECTOR('',#4343,1.);
#4345=LINE('',#4342,#4344);
#4346=CARTESIAN_POINT('',(-0.030853172233383,0.000826,0.0518705764025616));
#4347=VERTEX_POINT('',#4346);
#4348=EDGE_CURVE('',#4347,#1537,#4345,.T.);
#4349=ORIENTED_EDGE('',*,*,#4348,.F.);
#4350=CARTESIAN_POINT('',(0.,0.000826,0.137808758524574));
#4351=DIRECTION('',(0.,1.,0.));
#4352=DIRECTION('',(0.,0.,1.));
#4353=AXIS2_PLACEMENT_3D('',#4350,#4351,#4352);
#4354=CIRCLE('',#4353,0.0913087585245745);
#4355=EDGE_CURVE('',#4322,#4347,#4354,.T.);
#4356=ORIENTED_EDGE('',*,*,#4355,.F.);
#4357=ORIENTED_EDGE('',*,*,#4323,.T.);
#4358=EDGE_LOOP('',(#4341,#4349,#4356,#4357));
#4359=FACE_BOUND('',#4358,.T.);
#4360=ADVANCED_FACE('',(#4359),#4340,.T.);
#4361=CARTESIAN_POINT('',(-0.0317403131083169,0.000826,0.0493995412201418));
#4362=DIRECTION('',(0.,-1.,0.));
#4363=DIRECTION('',(0.,0.,-1.));
#4364=AXIS2_PLACEMENT_3D('',#4361,#4362,#4363);
#4365=CYLINDRICAL_SURFACE('',#4364,0.00262545877985821);
#4366=ORIENTED_EDGE('',*,*,#1538,.F.);
#4367=CARTESIAN_POINT('',(-0.0335967928152804,0.000826,0.0512560209271053));
#4368=DIRECTION('',(0.,-1.,0.));
#4369=VECTOR('',#4368,1.);
#4370=LINE('',#4367,#4369);
#4371=CARTESIAN_POINT('',(-0.0335967928152804,0.000826,0.0512560209271053));
#4372=VERTEX_POINT('',#4371);
#4373=EDGE_CURVE('',#4372,#1528,#4370,.T.);
#4374=ORIENTED_EDGE('',*,*,#4373,.F.);
#4375=CARTESIAN_POINT('',(-0.0317403131083169,0.000826,0.0493995412201418));
#4376=DIRECTION('',(0.,1.,0.));
#4377=DIRECTION('',(0.,0.,1.));
#4378=AXIS2_PLACEMENT_3D('',#4375,#4376,#4377);
#4379=CIRCLE('',#4378,0.00262545877985821);
#4380=EDGE_CURVE('',#4372,#4347,#4379,.T.);
#4381=ORIENTED_EDGE('',*,*,#4380,.T.);
#4382=ORIENTED_EDGE('',*,*,#4348,.T.);
#4383=EDGE_LOOP('',(#4366,#4374,#4381,#4382));
#4384=FACE_BOUND('',#4383,.T.);
#4385=ADVANCED_FACE('',(#4384),#4365,.F.);
#4386=CARTESIAN_POINT('',(-0.0424264068711929,0.000826,0.0424264068711928));
#4387=DIRECTION('',(0.707106781186548,0.,-0.707106781186547));
#4388=DIRECTION('',(-0.707106781186547,0.,-0.707106781186548));
#4389=AXIS2_PLACEMENT_3D('',#4386,#4387,#4388);
#4390=PLANE('',#4389);
#4391=ORIENTED_EDGE('',*,*,#1529,.F.);
#4392=ORIENTED_EDGE('',*,*,#4034,.F.);
#4393=CARTESIAN_POINT('',(-0.0424264068711929,0.000826,0.0424264068711928));
#4394=DIRECTION('',(0.707106781186547,0.,0.707106781186548));
#4395=VECTOR('',#4394,1.);
#4396=LINE('',#4393,#4395);
#4397=EDGE_CURVE('',#4027,#4372,#4396,.T.);
#4398=ORIENTED_EDGE('',*,*,#4397,.T.);
#4399=ORIENTED_EDGE('',*,*,#4373,.T.);
#4400=EDGE_LOOP('',(#4391,#4392,#4398,#4399));
#4401=FACE_BOUND('',#4400,.T.);
#4402=ADVANCED_FACE('',(#4401),#4390,.T.);
#4403=CARTESIAN_POINT('',(0.0317403131083168,0.000826,-0.0493995412201418));
#4404=DIRECTION('',(0.,-1.,0.));
#4405=DIRECTION('',(0.,0.,-1.));
#4406=AXIS2_PLACEMENT_3D('',#4403,#4404,#4405);
#4407=CYLINDRICAL_SURFACE('',#4406,0.00442545877985828);
#4408=ORIENTED_EDGE('',*,*,#2240,.T.);
#4409=ORIENTED_EDGE('',*,*,#3656,.F.);
#4410=CARTESIAN_POINT('',(0.0317403131083168,0.000826,-0.0493995412201418));
#4411=DIRECTION('',(0.,1.,0.));
#4412=DIRECTION('',(0.,0.,1.));
#4413=AXIS2_PLACEMENT_3D('',#4410,#4411,#4412);
#4414=CIRCLE('',#4413,0.00442545877985828);
#4415=EDGE_CURVE('',#3994,#3649,#4414,.T.);
#4416=ORIENTED_EDGE('',*,*,#4415,.F.);
#4417=ORIENTED_EDGE('',*,*,#3995,.T.);
#4418=EDGE_LOOP('',(#4408,#4409,#4416,#4417));
#4419=FACE_BOUND('',#4418,.T.);
#4420=ADVANCED_FACE('',(#4419),#4407,.T.);
#4421=CARTESIAN_POINT('',(0.,0.000826,0.));
#4422=DIRECTION('',(0.,1.,0.));
#4423=DIRECTION('',(0.,0.,1.));
#4424=AXIS2_PLACEMENT_3D('',#4421,#4422,#4423);
#4425=PLANE('',#4424);
#4426=ORIENTED_EDGE('',*,*,#4028,.F.);
#4427=ORIENTED_EDGE('',*,*,#4058,.T.);
#4428=ORIENTED_EDGE('',*,*,#4083,.F.);
#4429=ORIENTED_EDGE('',*,*,#4107,.T.);
#4430=ORIENTED_EDGE('',*,*,#4132,.F.);
#4431=ORIENTED_EDGE('',*,*,#4157,.T.);
#4432=ORIENTED_EDGE('',*,*,#4182,.F.);
#4433=ORIENTED_EDGE('',*,*,#4206,.T.);
#4434=ORIENTED_EDGE('',*,*,#4231,.F.);
#4435=ORIENTED_EDGE('',*,*,#4256,.T.);
#4436=ORIENTED_EDGE('',*,*,#4281,.F.);
#4437=ORIENTED_EDGE('',*,*,#4305,.F.);
#4438=ORIENTED_EDGE('',*,*,#4330,.F.);
#4439=ORIENTED_EDGE('',*,*,#4355,.T.);
#4440=ORIENTED_EDGE('',*,*,#4380,.F.);
#4441=ORIENTED_EDGE('',*,*,#4397,.F.);
#4442=EDGE_LOOP('',(#4426,#4427,#4428,#4429,#4430,#4431,#4432,#4433,#4434,#4435,#4436,#4437,#4438,#4439,#4440,#4441));
#4443=FACE_BOUND('',#4442,.T.);
#4444=ORIENTED_EDGE('',*,*,#3650,.F.);
#4445=ORIENTED_EDGE('',*,*,#3680,.T.);
#4446=ORIENTED_EDGE('',*,*,#3704,.F.);
#4447=ORIENTED_EDGE('',*,*,#3729,.T.);
#4448=ORIENTED_EDGE('',*,*,#3754,.F.);
#4449=ORIENTED_EDGE('',*,*,#3779,.T.);
#4450=ORIENTED_EDGE('',*,*,#3803,.T.);
#4451=ORIENTED_EDGE('',*,*,#3828,.T.);
#4452=ORIENTED_EDGE('',*,*,#3853,.F.);
#4453=ORIENTED_EDGE('',*,*,#3878,.T.);
#4454=ORIENTED_EDGE('',*,*,#3902,.T.);
#4455=ORIENTED_EDGE('',*,*,#3927,.T.);
#4456=ORIENTED_EDGE('',*,*,#3952,.F.);
#4457=ORIENTED_EDGE('',*,*,#3977,.T.);
#4458=ORIENTED_EDGE('',*,*,#4001,.F.);
#4459=ORIENTED_EDGE('',*,*,#4415,.T.);
#4460=EDGE_LOOP('',(#4444,#4445,#4446,#4447,#4448,#4449,#4450,#4451,#4452,#4453,#4454,#4455,#4456,#4457,#4458,#4459));
#4461=FACE_BOUND('',#4460,.T.);
#4462=ADVANCED_FACE('',(#4443,#4461),#4425,.T.);
#4463=CARTESIAN_POINT('',(0.,0.000826,0.03705));
#4464=DIRECTION('',(0.,0.,-1.));
#4465=DIRECTION('',(-1.,0.,0.));
#4466=AXIS2_PLACEMENT_3D('',#4463,#4464,#4465);
#4467=PLANE('',#4466);
#4468=ORIENTED_EDGE('',*,*,#1815,.T.);
#4469=CARTESIAN_POINT('',(0.0085,0.000826,0.03705));
#4470=DIRECTION('',(0.,-1.,0.));
#4471=VECTOR('',#4470,1.);
#4472=LINE('',#4469,#4471);
#4473=CARTESIAN_POINT('',(0.0085,0.000826,0.03705));
#4474=VERTEX_POINT('',#4473);
#4475=EDGE_CURVE('',#4474,#1804,#4472,.T.);
#4476=ORIENTED_EDGE('',*,*,#4475,.F.);
#4477=CARTESIAN_POINT('',(0.,0.000826,0.03705));
#4478=DIRECTION('',(1.,0.,0.));
#4479=VECTOR('',#4478,1.);
#4480=LINE('',#4477,#4479);
#4481=CARTESIAN_POINT('',(-0.00850000000000001,0.000826,0.03705));
#4482=VERTEX_POINT('',#4481);
#4483=EDGE_CURVE('',#4482,#4474,#4480,.T.);
#4484=ORIENTED_EDGE('',*,*,#4483,.F.);
#4485=CARTESIAN_POINT('',(-0.00850000000000001,0.000826,0.03705));
#4486=DIRECTION('',(0.,-1.,0.));
#4487=VECTOR('',#4486,1.);
#4488=LINE('',#4485,#4487);
#4489=EDGE_CURVE('',#4482,#1814,#4488,.T.);
#4490=ORIENTED_EDGE('',*,*,#4489,.T.);
#4491=EDGE_LOOP('',(#4468,#4476,#4484,#4490));
#4492=FACE_BOUND('',#4491,.T.);
#4493=ADVANCED_FACE('',(#4492),#4467,.F.);
#4494=CARTESIAN_POINT('',(0.0085,0.000826,0.0305));
#4495=DIRECTION('',(0.,-1.,0.));
#4496=DIRECTION('',(0.,0.,-1.));
#4497=AXIS2_PLACEMENT_3D('',#4494,#4495,#4496);
#4498=CYLINDRICAL_SURFACE('',#4497,0.00654999999999999);
#4499=ORIENTED_EDGE('',*,*,#1807,.T.);
#4500=CARTESIAN_POINT('',(0.01505,0.000826,0.0305));
#4501=DIRECTION('',(0.,-1.,0.));
#4502=VECTOR('',#4501,1.);
#4503=LINE('',#4500,#4502);
#4504=CARTESIAN_POINT('',(0.01505,0.000826,0.0305));
#4505=VERTEX_POINT('',#4504);
#4506=EDGE_CURVE('',#4505,#1806,#4503,.T.);
#4507=ORIENTED_EDGE('',*,*,#4506,.F.);
#4508=CARTESIAN_POINT('',(0.0085,0.000826,0.0305));
#4509=DIRECTION('',(0.,1.,0.));
#4510=DIRECTION('',(0.,0.,1.));
#4511=AXIS2_PLACEMENT_3D('',#4508,#4509,#4510);
#4512=CIRCLE('',#4511,0.00654999999999999);
#4513=EDGE_CURVE('',#4474,#4505,#4512,.T.);
#4514=ORIENTED_EDGE('',*,*,#4513,.F.);
#4515=ORIENTED_EDGE('',*,*,#4475,.T.);
#4516=EDGE_LOOP('',(#4499,#4507,#4514,#4515));
#4517=FACE_BOUND('',#4516,.T.);
#4518=ADVANCED_FACE('',(#4517),#4498,.T.);
#4519=CARTESIAN_POINT('',(0.01505,0.000826,0.));
#4520=DIRECTION('',(-1.,0.,0.));
#4521=DIRECTION('',(0.,0.,1.));
#4522=AXIS2_PLACEMENT_3D('',#4519,#4520,#4521);
#4523=PLANE('',#4522);
#4524=ORIENTED_EDGE('',*,*,#1864,.T.);
#4525=CARTESIAN_POINT('',(0.01505,0.000826,0.0225));
#4526=DIRECTION('',(0.,-1.,0.));
#4527=VECTOR('',#4526,1.);
#4528=LINE('',#4525,#4527);
#4529=CARTESIAN_POINT('',(0.01505,0.000826,0.0225));
#4530=VERTEX_POINT('',#4529);
#4531=EDGE_CURVE('',#4530,#1857,#4528,.T.);
#4532=ORIENTED_EDGE('',*,*,#4531,.F.);
#4533=CARTESIAN_POINT('',(0.01505,0.000826,0.));
#4534=DIRECTION('',(0.,0.,-1.));
#4535=VECTOR('',#4534,1.);
#4536=LINE('',#4533,#4535);
#4537=EDGE_CURVE('',#4505,#4530,#4536,.T.);
#4538=ORIENTED_EDGE('',*,*,#4537,.F.);
#4539=ORIENTED_EDGE('',*,*,#4506,.T.);
#4540=EDGE_LOOP('',(#4524,#4532,#4538,#4539));
#4541=FACE_BOUND('',#4540,.T.);
#4542=ADVANCED_FACE('',(#4541),#4523,.F.);
#4543=CARTESIAN_POINT('',(0.0085,0.000826,0.0225));
#4544=DIRECTION('',(0.,-1.,0.));
#4545=DIRECTION('',(0.,0.,-1.));
#4546=AXIS2_PLACEMENT_3D('',#4543,#4544,#4545);
#4547=CYLINDRICAL_SURFACE('',#4546,0.00654999999999999);
#4548=ORIENTED_EDGE('',*,*,#1858,.T.);
#4549=CARTESIAN_POINT('',(0.00849999999999999,0.000826,0.01595));
#4550=DIRECTION('',(0.,-1.,0.));
#4551=VECTOR('',#4550,1.);
#4552=LINE('',#4549,#4551);
#4553=CARTESIAN_POINT('',(0.00849999999999999,0.000826,0.01595));
#4554=VERTEX_POINT('',#4553);
#4555=EDGE_CURVE('',#4554,#1848,#4552,.T.);
#4556=ORIENTED_EDGE('',*,*,#4555,.F.);
#4557=CARTESIAN_POINT('',(0.0085,0.000826,0.0225));
#4558=DIRECTION('',(0.,1.,0.));
#4559=DIRECTION('',(0.,0.,1.));
#4560=AXIS2_PLACEMENT_3D('',#4557,#4558,#4559);
#4561=CIRCLE('',#4560,0.00654999999999999);
#4562=EDGE_CURVE('',#4530,#4554,#4561,.T.);
#4563=ORIENTED_EDGE('',*,*,#4562,.F.);
#4564=ORIENTED_EDGE('',*,*,#4531,.T.);
#4565=EDGE_LOOP('',(#4548,#4556,#4563,#4564));
#4566=FACE_BOUND('',#4565,.T.);
#4567=ADVANCED_FACE('',(#4566),#4547,.T.);
#4568=CARTESIAN_POINT('',(6.51031516278356E-18,0.000826,0.01595));
#4569=DIRECTION('',(-4.08170229641602E-16,0.,-1.));
#4570=DIRECTION('',(-1.,0.,4.08170229641602E-16));
#4571=AXIS2_PLACEMENT_3D('',#4568,#4569,#4570);
#4572=PLANE('',#4571);
#4573=ORIENTED_EDGE('',*,*,#1849,.F.);
#4574=CARTESIAN_POINT('',(-0.00849999999999999,0.000826,0.01595));
#4575=DIRECTION('',(0.,-1.,0.));
#4576=VECTOR('',#4575,1.);
#4577=LINE('',#4574,#4576);
#4578=CARTESIAN_POINT('',(-0.00849999999999999,0.000826,0.01595));
#4579=VERTEX_POINT('',#4578);
#4580=EDGE_CURVE('',#4579,#1840,#4577,.T.);
#4581=ORIENTED_EDGE('',*,*,#4580,.F.);
#4582=CARTESIAN_POINT('',(6.51031516278356E-18,0.000826,0.01595));
#4583=DIRECTION('',(1.,0.,-4.08170229641602E-16));
#4584=VECTOR('',#4583,1.);
#4585=LINE('',#4582,#4584);
#4586=EDGE_CURVE('',#4579,#4554,#4585,.T.);
#4587=ORIENTED_EDGE('',*,*,#4586,.T.);
#4588=ORIENTED_EDGE('',*,*,#4555,.T.);
#4589=EDGE_LOOP('',(#4573,#4581,#4587,#4588));
#4590=FACE_BOUND('',#4589,.T.);
#4591=ADVANCED_FACE('',(#4590),#4572,.T.);
#4592=CARTESIAN_POINT('',(-0.00849999999999998,0.000826,0.0225));
#4593=DIRECTION('',(0.,-1.,0.));
#4594=DIRECTION('',(0.,0.,-1.));
#4595=AXIS2_PLACEMENT_3D('',#4592,#4593,#4594);
#4596=CYLINDRICAL_SURFACE('',#4595,0.00654999999999999);
#4597=ORIENTED_EDGE('',*,*,#1841,.T.);
#4598=CARTESIAN_POINT('',(-0.01505,0.000826,0.0225));
#4599=DIRECTION('',(0.,-1.,0.));
#4600=VECTOR('',#4599,1.);
#4601=LINE('',#4598,#4600);
#4602=CARTESIAN_POINT('',(-0.01505,0.000826,0.0225));
#4603=VERTEX_POINT('',#4602);
#4604=EDGE_CURVE('',#4603,#1831,#4601,.T.);
#4605=ORIENTED_EDGE('',*,*,#4604,.F.);
#4606=CARTESIAN_POINT('',(-0.00849999999999998,0.000826,0.0225));
#4607=DIRECTION('',(0.,1.,0.));
#4608=DIRECTION('',(0.,0.,1.));
#4609=AXIS2_PLACEMENT_3D('',#4606,#4607,#4608);
#4610=CIRCLE('',#4609,0.00654999999999999);
#4611=EDGE_CURVE('',#4579,#4603,#4610,.T.);
#4612=ORIENTED_EDGE('',*,*,#4611,.F.);
#4613=ORIENTED_EDGE('',*,*,#4580,.T.);
#4614=EDGE_LOOP('',(#4597,#4605,#4612,#4613));
#4615=FACE_BOUND('',#4614,.T.);
#4616=ADVANCED_FACE('',(#4615),#4596,.T.);
#4617=CARTESIAN_POINT('',(-0.0150499999999999,0.000826,-4.89517280877202E-17));
#4618=DIRECTION('',(-1.,0.,-3.25260651745651E-15));
#4619=DIRECTION('',(-3.25260651745651E-15,0.,1.));
#4620=AXIS2_PLACEMENT_3D('',#4617,#4618,#4619);
#4621=PLANE('',#4620);
#4622=ORIENTED_EDGE('',*,*,#1832,.F.);
#4623=CARTESIAN_POINT('',(-0.01505,0.000826,0.0305));
#4624=DIRECTION('',(0.,-1.,0.));
#4625=VECTOR('',#4624,1.);
#4626=LINE('',#4623,#4625);
#4627=CARTESIAN_POINT('',(-0.01505,0.000826,0.0305));
#4628=VERTEX_POINT('',#4627);
#4629=EDGE_CURVE('',#4628,#1823,#4626,.T.);
#4630=ORIENTED_EDGE('',*,*,#4629,.F.);
#4631=CARTESIAN_POINT('',(-0.0150499999999999,0.000826,-4.89517280877202E-17));
#4632=DIRECTION('',(3.25260651745651E-15,0.,-1.));
#4633=VECTOR('',#4632,1.);
#4634=LINE('',#4631,#4633);
#4635=EDGE_CURVE('',#4628,#4603,#4634,.T.);
#4636=ORIENTED_EDGE('',*,*,#4635,.T.);
#4637=ORIENTED_EDGE('',*,*,#4604,.T.);
#4638=EDGE_LOOP('',(#4622,#4630,#4636,#4637));
#4639=FACE_BOUND('',#4638,.T.);
#4640=ADVANCED_FACE('',(#4639),#4621,.T.);
#4641=CARTESIAN_POINT('',(0.0085,0.000826,0.0305));
#4642=DIRECTION('',(0.,-1.,0.));
#4643=DIRECTION('',(0.,0.,-1.));
#4644=AXIS2_PLACEMENT_3D('',#4641,#4642,#4643);
#4645=CYLINDRICAL_SURFACE('',#4644,0.00474999999999999);
#4646=ORIENTED_EDGE('',*,*,#2018,.F.);
#4647=CARTESIAN_POINT('',(0.0085,0.000826,0.03525));
#4648=DIRECTION('',(0.,-1.,0.));
#4649=VECTOR('',#4648,1.);
#4650=LINE('',#4647,#4649);
#4651=CARTESIAN_POINT('',(0.0085,0.000826,0.03525));
#4652=VERTEX_POINT('',#4651);
#4653=EDGE_CURVE('',#4652,#2015,#4650,.T.);
#4654=ORIENTED_EDGE('',*,*,#4653,.F.);
#4655=CARTESIAN_POINT('',(0.0085,0.000826,0.0305));
#4656=DIRECTION('',(0.,1.,0.));
#4657=DIRECTION('',(0.,0.,1.));
#4658=AXIS2_PLACEMENT_3D('',#4655,#4656,#4657);
#4659=CIRCLE('',#4658,0.00474999999999999);
#4660=CARTESIAN_POINT('',(0.01325,0.000826,0.0305));
#4661=VERTEX_POINT('',#4660);
#4662=EDGE_CURVE('',#4652,#4661,#4659,.T.);
#4663=ORIENTED_EDGE('',*,*,#4662,.T.);
#4664=CARTESIAN_POINT('',(0.01325,0.000826,0.0305));
#4665=DIRECTION('',(0.,-1.,0.));
#4666=VECTOR('',#4665,1.);
#4667=LINE('',#4664,#4666);
#4668=EDGE_CURVE('',#4661,#2017,#4667,.T.);
#4669=ORIENTED_EDGE('',*,*,#4668,.T.);
#4670=EDGE_LOOP('',(#4646,#4654,#4663,#4669));
#4671=FACE_BOUND('',#4670,.T.);
#4672=ADVANCED_FACE('',(#4671),#4645,.F.);
#4673=CARTESIAN_POINT('',(0.,0.000826,0.03525));
#4674=DIRECTION('',(0.,0.,-1.));
#4675=DIRECTION('',(-1.,0.,0.));
#4676=AXIS2_PLACEMENT_3D('',#4673,#4674,#4675);
#4677=PLANE('',#4676);
#4678=ORIENTED_EDGE('',*,*,#2075,.F.);
#4679=CARTESIAN_POINT('',(-0.00850000000000001,0.000826,0.03525));
#4680=DIRECTION('',(0.,-1.,0.));
#4681=VECTOR('',#4680,1.);
#4682=LINE('',#4679,#4681);
#4683=CARTESIAN_POINT('',(-0.00850000000000001,0.000826,0.03525));
#4684=VERTEX_POINT('',#4683);
#4685=EDGE_CURVE('',#4684,#2068,#4682,.T.);
#4686=ORIENTED_EDGE('',*,*,#4685,.F.);
#4687=CARTESIAN_POINT('',(0.,0.000826,0.03525));
#4688=DIRECTION('',(1.,0.,0.));
#4689=VECTOR('',#4688,1.);
#4690=LINE('',#4687,#4689);
#4691=EDGE_CURVE('',#4684,#4652,#4690,.T.);
#4692=ORIENTED_EDGE('',*,*,#4691,.T.);
#4693=ORIENTED_EDGE('',*,*,#4653,.T.);
#4694=EDGE_LOOP('',(#4678,#4686,#4692,#4693));
#4695=FACE_BOUND('',#4694,.T.);
#4696=ADVANCED_FACE('',(#4695),#4677,.T.);
#4697=CARTESIAN_POINT('',(-0.00850000000000001,0.000826,0.0305));
#4698=DIRECTION('',(0.,-1.,0.));
#4699=DIRECTION('',(0.,0.,-1.));
#4700=AXIS2_PLACEMENT_3D('',#4697,#4698,#4699);
#4701=CYLINDRICAL_SURFACE('',#4700,0.00474999999999999);
#4702=ORIENTED_EDGE('',*,*,#2069,.F.);
#4703=CARTESIAN_POINT('',(-0.01325,0.000826,0.0305));
#4704=DIRECTION('',(0.,-1.,0.));
#4705=VECTOR('',#4704,1.);
#4706=LINE('',#4703,#4705);
#4707=CARTESIAN_POINT('',(-0.01325,0.000826,0.0305));
#4708=VERTEX_POINT('',#4707);
#4709=EDGE_CURVE('',#4708,#2059,#4706,.T.);
#4710=ORIENTED_EDGE('',*,*,#4709,.F.);
#4711=CARTESIAN_POINT('',(-0.00850000000000001,0.000826,0.0305));
#4712=DIRECTION('',(0.,1.,0.));
#4713=DIRECTION('',(0.,0.,1.));
#4714=AXIS2_PLACEMENT_3D('',#4711,#4712,#4713);
#4715=CIRCLE('',#4714,0.00474999999999999);
#4716=EDGE_CURVE('',#4708,#4684,#4715,.T.);
#4717=ORIENTED_EDGE('',*,*,#4716,.T.);
#4718=ORIENTED_EDGE('',*,*,#4685,.T.);
#4719=EDGE_LOOP('',(#4702,#4710,#4717,#4718));
#4720=FACE_BOUND('',#4719,.T.);
#4721=ADVANCED_FACE('',(#4720),#4701,.F.);
#4722=CARTESIAN_POINT('',(-0.0132499999999999,0.000826,-4.5970172113385E-17));
#4723=DIRECTION('',(-1.,0.,-3.46944695195361E-15));
#4724=DIRECTION('',(-3.46944695195361E-15,0.,1.));
#4725=AXIS2_PLACEMENT_3D('',#4722,#4723,#4724);
#4726=PLANE('',#4725);
#4727=ORIENTED_EDGE('',*,*,#2060,.T.);
#4728=CARTESIAN_POINT('',(-0.01325,0.000826,0.0225));
#4729=DIRECTION('',(0.,-1.,0.));
#4730=VECTOR('',#4729,1.);
#4731=LINE('',#4728,#4730);
#4732=CARTESIAN_POINT('',(-0.01325,0.000826,0.0225));
#4733=VERTEX_POINT('',#4732);
#4734=EDGE_CURVE('',#4733,#2051,#4731,.T.);
#4735=ORIENTED_EDGE('',*,*,#4734,.F.);
#4736=CARTESIAN_POINT('',(-0.0132499999999999,0.000826,-4.5970172113385E-17));
#4737=DIRECTION('',(3.46944695195361E-15,0.,-1.));
#4738=VECTOR('',#4737,1.);
#4739=LINE('',#4736,#4738);
#4740=EDGE_CURVE('',#4708,#4733,#4739,.T.);
#4741=ORIENTED_EDGE('',*,*,#4740,.F.);
#4742=ORIENTED_EDGE('',*,*,#4709,.T.);
#4743=EDGE_LOOP('',(#4727,#4735,#4741,#4742));
#4744=FACE_BOUND('',#4743,.T.);
#4745=ADVANCED_FACE('',(#4744),#4726,.F.);
#4746=CARTESIAN_POINT('',(-0.00849999999999998,0.000826,0.0225));
#4747=DIRECTION('',(0.,-1.,0.));
#4748=DIRECTION('',(0.,0.,-1.));
#4749=AXIS2_PLACEMENT_3D('',#4746,#4747,#4748);
#4750=CYLINDRICAL_SURFACE('',#4749,0.00474999999999999);
#4751=ORIENTED_EDGE('',*,*,#2052,.F.);
#4752=CARTESIAN_POINT('',(-0.00849999999999999,0.000826,0.01775));
#4753=DIRECTION('',(0.,-1.,0.));
#4754=VECTOR('',#4753,1.);
#4755=LINE('',#4752,#4754);
#4756=CARTESIAN_POINT('',(-0.00849999999999999,0.000826,0.01775));
#4757=VERTEX_POINT('',#4756);
#4758=EDGE_CURVE('',#4757,#2042,#4755,.T.);
#4759=ORIENTED_EDGE('',*,*,#4758,.F.);
#4760=CARTESIAN_POINT('',(-0.00849999999999998,0.000826,0.0225));
#4761=DIRECTION('',(0.,1.,0.));
#4762=DIRECTION('',(0.,0.,1.));
#4763=AXIS2_PLACEMENT_3D('',#4760,#4761,#4762);
#4764=CIRCLE('',#4763,0.00474999999999999);
#4765=EDGE_CURVE('',#4757,#4733,#4764,.T.);
#4766=ORIENTED_EDGE('',*,*,#4765,.T.);
#4767=ORIENTED_EDGE('',*,*,#4734,.T.);
#4768=EDGE_LOOP('',(#4751,#4759,#4766,#4767));
#4769=FACE_BOUND('',#4768,.T.);
#4770=ADVANCED_FACE('',(#4769),#4750,.F.);
#4771=CARTESIAN_POINT('',(7.24502157613844E-18,0.000826,0.01775));
#4772=DIRECTION('',(-4.08170229641602E-16,0.,-1.));
#4773=DIRECTION('',(-1.,0.,4.08170229641602E-16));
#4774=AXIS2_PLACEMENT_3D('',#4771,#4772,#4773);
#4775=PLANE('',#4774);
#4776=ORIENTED_EDGE('',*,*,#2043,.T.);
#4777=CARTESIAN_POINT('',(0.0085,0.000826,0.01775));
#4778=DIRECTION('',(0.,-1.,0.));
#4779=VECTOR('',#4778,1.);
#4780=LINE('',#4777,#4779);
#4781=CARTESIAN_POINT('',(0.0085,0.000826,0.01775));
#4782=VERTEX_POINT('',#4781);
#4783=EDGE_CURVE('',#4782,#2034,#4780,.T.);
#4784=ORIENTED_EDGE('',*,*,#4783,.F.);
#4785=CARTESIAN_POINT('',(7.24502157613844E-18,0.000826,0.01775));
#4786=DIRECTION('',(1.,0.,-4.08170229641602E-16));
#4787=VECTOR('',#4786,1.);
#4788=LINE('',#4785,#4787);
#4789=EDGE_CURVE('',#4757,#4782,#4788,.T.);
#4790=ORIENTED_EDGE('',*,*,#4789,.F.);
#4791=ORIENTED_EDGE('',*,*,#4758,.T.);
#4792=EDGE_LOOP('',(#4776,#4784,#4790,#4791));
#4793=FACE_BOUND('',#4792,.T.);
#4794=ADVANCED_FACE('',(#4793),#4775,.F.);
#4795=CARTESIAN_POINT('',(0.0085,0.000826,0.0225));
#4796=DIRECTION('',(0.,-1.,0.));
#4797=DIRECTION('',(0.,0.,-1.));
#4798=AXIS2_PLACEMENT_3D('',#4795,#4796,#4797);
#4799=CYLINDRICAL_SURFACE('',#4798,0.00474999999999999);
#4800=ORIENTED_EDGE('',*,*,#2035,.F.);
#4801=CARTESIAN_POINT('',(0.01325,0.000826,0.0225));
#4802=DIRECTION('',(0.,-1.,0.));
#4803=VECTOR('',#4802,1.);
#4804=LINE('',#4801,#4803);
#4805=CARTESIAN_POINT('',(0.01325,0.000826,0.0225));
#4806=VERTEX_POINT('',#4805);
#4807=EDGE_CURVE('',#4806,#2025,#4804,.T.);
#4808=ORIENTED_EDGE('',*,*,#4807,.F.);
#4809=CARTESIAN_POINT('',(0.0085,0.000826,0.0225));
#4810=DIRECTION('',(0.,1.,0.));
#4811=DIRECTION('',(0.,0.,1.));
#4812=AXIS2_PLACEMENT_3D('',#4809,#4810,#4811);
#4813=CIRCLE('',#4812,0.00474999999999999);
#4814=EDGE_CURVE('',#4806,#4782,#4813,.T.);
#4815=ORIENTED_EDGE('',*,*,#4814,.T.);
#4816=ORIENTED_EDGE('',*,*,#4783,.T.);
#4817=EDGE_LOOP('',(#4800,#4808,#4815,#4816));
#4818=FACE_BOUND('',#4817,.T.);
#4819=ADVANCED_FACE('',(#4818),#4799,.F.);
#4820=CARTESIAN_POINT('',(0.01325,0.000826,0.));
#4821=DIRECTION('',(-1.,0.,0.));
#4822=DIRECTION('',(0.,0.,1.));
#4823=AXIS2_PLACEMENT_3D('',#4820,#4821,#4822);
#4824=PLANE('',#4823);
#4825=ORIENTED_EDGE('',*,*,#2026,.F.);
#4826=ORIENTED_EDGE('',*,*,#4668,.F.);
#4827=CARTESIAN_POINT('',(0.01325,0.000826,0.));
#4828=DIRECTION('',(0.,0.,-1.));
#4829=VECTOR('',#4828,1.);
#4830=LINE('',#4827,#4829);
#4831=EDGE_CURVE('',#4661,#4806,#4830,.T.);
#4832=ORIENTED_EDGE('',*,*,#4831,.T.);
#4833=ORIENTED_EDGE('',*,*,#4807,.T.);
#4834=EDGE_LOOP('',(#4825,#4826,#4832,#4833));
#4835=FACE_BOUND('',#4834,.T.);
#4836=ADVANCED_FACE('',(#4835),#4824,.T.);
#4837=CARTESIAN_POINT('',(-0.00850000000000001,0.000826,0.0305));
#4838=DIRECTION('',(0.,-1.,0.));
#4839=DIRECTION('',(0.,0.,-1.));
#4840=AXIS2_PLACEMENT_3D('',#4837,#4838,#4839);
#4841=CYLINDRICAL_SURFACE('',#4840,0.00654999999999999);
#4842=ORIENTED_EDGE('',*,*,#1824,.T.);
#4843=ORIENTED_EDGE('',*,*,#4489,.F.);
#4844=CARTESIAN_POINT('',(-0.00850000000000001,0.000826,0.0305));
#4845=DIRECTION('',(0.,1.,0.));
#4846=DIRECTION('',(0.,0.,1.));
#4847=AXIS2_PLACEMENT_3D('',#4844,#4845,#4846);
#4848=CIRCLE('',#4847,0.00654999999999999);
#4849=EDGE_CURVE('',#4628,#4482,#4848,.T.);
#4850=ORIENTED_EDGE('',*,*,#4849,.F.);
#4851=ORIENTED_EDGE('',*,*,#4629,.T.);
#4852=EDGE_LOOP('',(#4842,#4843,#4850,#4851));
#4853=FACE_BOUND('',#4852,.T.);
#4854=ADVANCED_FACE('',(#4853),#4841,.T.);
#4855=CARTESIAN_POINT('',(0.,0.000826,0.));
#4856=DIRECTION('',(0.,1.,0.));
#4857=DIRECTION('',(0.,0.,1.));
#4858=AXIS2_PLACEMENT_3D('',#4855,#4856,#4857);
#4859=PLANE('',#4858);
#4860=ORIENTED_EDGE('',*,*,#4662,.F.);
#4861=ORIENTED_EDGE('',*,*,#4691,.F.);
#4862=ORIENTED_EDGE('',*,*,#4716,.F.);
#4863=ORIENTED_EDGE('',*,*,#4740,.T.);
#4864=ORIENTED_EDGE('',*,*,#4765,.F.);
#4865=ORIENTED_EDGE('',*,*,#4789,.T.);
#4866=ORIENTED_EDGE('',*,*,#4814,.F.);
#4867=ORIENTED_EDGE('',*,*,#4831,.F.);
#4868=EDGE_LOOP('',(#4860,#4861,#4862,#4863,#4864,#4865,#4866,#4867));
#4869=FACE_BOUND('',#4868,.T.);
#4870=ORIENTED_EDGE('',*,*,#4483,.T.);
#4871=ORIENTED_EDGE('',*,*,#4513,.T.);
#4872=ORIENTED_EDGE('',*,*,#4537,.T.);
#4873=ORIENTED_EDGE('',*,*,#4562,.T.);
#4874=ORIENTED_EDGE('',*,*,#4586,.F.);
#4875=ORIENTED_EDGE('',*,*,#4611,.T.);
#4876=ORIENTED_EDGE('',*,*,#4635,.F.);
#4877=ORIENTED_EDGE('',*,*,#4849,.T.);
#4878=EDGE_LOOP('',(#4870,#4871,#4872,#4873,#4874,#4875,#4876,#4877));
#4879=FACE_BOUND('',#4878,.T.);
#4880=ADVANCED_FACE('',(#4869,#4879),#4859,.T.);
#4881=CARTESIAN_POINT('',(0.01505,0.000826,-3.26344853918137E-18));
#4882=DIRECTION('',(1.,0.,-2.16840434497101E-16));
#4883=DIRECTION('',(-2.16840434497101E-16,0.,-1.));
#4884=AXIS2_PLACEMENT_3D('',#4881,#4882,#4883);
#4885=PLANE('',#4884);
#4886=ORIENTED_EDGE('',*,*,#1876,.F.);
#4887=CARTESIAN_POINT('',(0.01505,0.000826,-0.0305));
#4888=DIRECTION('',(0.,-1.,0.));
#4889=VECTOR('',#4888,1.);
#4890=LINE('',#4887,#4889);
#4891=CARTESIAN_POINT('',(0.01505,0.000826,-0.0305));
#4892=VERTEX_POINT('',#4891);
#4893=EDGE_CURVE('',#4892,#1873,#4890,.T.);
#4894=ORIENTED_EDGE('',*,*,#4893,.F.);
#4895=CARTESIAN_POINT('',(0.01505,0.000826,-3.26344853918137E-18));
#4896=DIRECTION('',(2.16840434497101E-16,0.,1.));
#4897=VECTOR('',#4896,1.);
#4898=LINE('',#4895,#4897);
#4899=CARTESIAN_POINT('',(0.01505,0.000826,-0.0225));
#4900=VERTEX_POINT('',#4899);
#4901=EDGE_CURVE('',#4892,#4900,#4898,.T.);
#4902=ORIENTED_EDGE('',*,*,#4901,.T.);
#4903=CARTESIAN_POINT('',(0.01505,0.000826,-0.0225));
#4904=DIRECTION('',(0.,-1.,0.));
#4905=VECTOR('',#4904,1.);
#4906=LINE('',#4903,#4905);
#4907=EDGE_CURVE('',#4900,#1875,#4906,.T.);
#4908=ORIENTED_EDGE('',*,*,#4907,.T.);
#4909=EDGE_LOOP('',(#4886,#4894,#4902,#4908));
#4910=FACE_BOUND('',#4909,.T.);
#4911=ADVANCED_FACE('',(#4910),#4885,.T.);
#4912=CARTESIAN_POINT('',(0.00849999999999999,0.000826,-0.0305));
#4913=DIRECTION('',(0.,-1.,0.));
#4914=DIRECTION('',(0.,0.,-1.));
#4915=AXIS2_PLACEMENT_3D('',#4912,#4913,#4914);
#4916=CYLINDRICAL_SURFACE('',#4915,0.00655000000000001);
#4917=ORIENTED_EDGE('',*,*,#1934,.T.);
#4918=CARTESIAN_POINT('',(0.00849999999999999,0.000826,-0.03705));
#4919=DIRECTION('',(0.,-1.,0.));
#4920=VECTOR('',#4919,1.);
#4921=LINE('',#4918,#4920);
#4922=CARTESIAN_POINT('',(0.00849999999999999,0.000826,-0.03705));
#4923=VERTEX_POINT('',#4922);
#4924=EDGE_CURVE('',#4923,#1926,#4921,.T.);
#4925=ORIENTED_EDGE('',*,*,#4924,.F.);
#4926=CARTESIAN_POINT('',(0.00849999999999999,0.000826,-0.0305));
#4927=DIRECTION('',(0.,1.,0.));
#4928=DIRECTION('',(0.,0.,1.));
#4929=AXIS2_PLACEMENT_3D('',#4926,#4927,#4928);
#4930=CIRCLE('',#4929,0.00655000000000001);
#4931=EDGE_CURVE('',#4892,#4923,#4930,.T.);
#4932=ORIENTED_EDGE('',*,*,#4931,.F.);
#4933=ORIENTED_EDGE('',*,*,#4893,.T.);
#4934=EDGE_LOOP('',(#4917,#4925,#4932,#4933));
#4935=FACE_BOUND('',#4934,.T.);
#4936=ADVANCED_FACE('',(#4935),#4916,.T.);
#4937=CARTESIAN_POINT('',(-3.02454140164427E-17,0.000826,-0.03705));
#4938=DIRECTION('',(-8.16340459283204E-16,0.,-1.));
#4939=DIRECTION('',(-1.,0.,8.16340459283204E-16));
#4940=AXIS2_PLACEMENT_3D('',#4937,#4938,#4939);
#4941=PLANE('',#4940);
#4942=ORIENTED_EDGE('',*,*,#1927,.F.);
#4943=CARTESIAN_POINT('',(-0.0085,0.000826,-0.03705));
#4944=DIRECTION('',(0.,-1.,0.));
#4945=VECTOR('',#4944,1.);
#4946=LINE('',#4943,#4945);
#4947=CARTESIAN_POINT('',(-0.0085,0.000826,-0.03705));
#4948=VERTEX_POINT('',#4947);
#4949=EDGE_CURVE('',#4948,#1918,#4946,.T.);
#4950=ORIENTED_EDGE('',*,*,#4949,.F.);
#4951=CARTESIAN_POINT('',(-3.02454140164427E-17,0.000826,-0.03705));
#4952=DIRECTION('',(1.,0.,-8.16340459283204E-16));
#4953=VECTOR('',#4952,1.);
#4954=LINE('',#4951,#4953);
#4955=EDGE_CURVE('',#4948,#4923,#4954,.T.);
#4956=ORIENTED_EDGE('',*,*,#4955,.T.);
#4957=ORIENTED_EDGE('',*,*,#4924,.T.);
#4958=EDGE_LOOP('',(#4942,#4950,#4956,#4957));
#4959=FACE_BOUND('',#4958,.T.);
#4960=ADVANCED_FACE('',(#4959),#4941,.T.);
#4961=CARTESIAN_POINT('',(-0.0085,0.000826,-0.0305));
#4962=DIRECTION('',(0.,-1.,0.));
#4963=DIRECTION('',(0.,0.,-1.));
#4964=AXIS2_PLACEMENT_3D('',#4961,#4962,#4963);
#4965=CYLINDRICAL_SURFACE('',#4964,0.00655);
#4966=ORIENTED_EDGE('',*,*,#1919,.T.);
#4967=CARTESIAN_POINT('',(-0.01505,0.000826,-0.0305));
#4968=DIRECTION('',(0.,-1.,0.));
#4969=VECTOR('',#4968,1.);
#4970=LINE('',#4967,#4969);
#4971=CARTESIAN_POINT('',(-0.01505,0.000826,-0.0305));
#4972=VERTEX_POINT('',#4971);
#4973=EDGE_CURVE('',#4972,#1909,#4970,.T.);
#4974=ORIENTED_EDGE('',*,*,#4973,.F.);
#4975=CARTESIAN_POINT('',(-0.0085,0.000826,-0.0305));
#4976=DIRECTION('',(0.,1.,0.));
#4977=DIRECTION('',(0.,0.,1.));
#4978=AXIS2_PLACEMENT_3D('',#4975,#4976,#4977);
#4979=CIRCLE('',#4978,0.00655);
#4980=EDGE_CURVE('',#4948,#4972,#4979,.T.);
#4981=ORIENTED_EDGE('',*,*,#4980,.F.);
#4982=ORIENTED_EDGE('',*,*,#4949,.T.);
#4983=EDGE_LOOP('',(#4966,#4974,#4981,#4982));
#4984=FACE_BOUND('',#4983,.T.);
#4985=ADVANCED_FACE('',(#4984),#4965,.T.);
#4986=CARTESIAN_POINT('',(-0.01505,0.000826,1.30537941567255E-17));
#4987=DIRECTION('',(-1.,0.,8.67361737988404E-16));
#4988=DIRECTION('',(8.67361737988404E-16,0.,1.));
#4989=AXIS2_PLACEMENT_3D('',#4986,#4987,#4988);
#4990=PLANE('',#4989);
#4991=ORIENTED_EDGE('',*,*,#1910,.F.);
#4992=CARTESIAN_POINT('',(-0.01505,0.000826,-0.0225));
#4993=DIRECTION('',(0.,-1.,0.));
#4994=VECTOR('',#4993,1.);
#4995=LINE('',#4992,#4994);
#4996=CARTESIAN_POINT('',(-0.01505,0.000826,-0.0225));
#4997=VERTEX_POINT('',#4996);
#4998=EDGE_CURVE('',#4997,#1901,#4995,.T.);
#4999=ORIENTED_EDGE('',*,*,#4998,.F.);
#5000=CARTESIAN_POINT('',(-0.01505,0.000826,1.30537941567255E-17));
#5001=DIRECTION('',(-8.67361737988404E-16,0.,-1.));
#5002=VECTOR('',#5001,1.);
#5003=LINE('',#5000,#5002);
#5004=EDGE_CURVE('',#4997,#4972,#5003,.T.);
#5005=ORIENTED_EDGE('',*,*,#5004,.T.);
#5006=ORIENTED_EDGE('',*,*,#4973,.T.);
#5007=EDGE_LOOP('',(#4991,#4999,#5005,#5006));
#5008=FACE_BOUND('',#5007,.T.);
#5009=ADVANCED_FACE('',(#5008),#4990,.T.);
#5010=CARTESIAN_POINT('',(-0.00849999999999999,0.000826,-0.0225));
#5011=DIRECTION('',(0.,-1.,0.));
#5012=DIRECTION('',(0.,0.,-1.));
#5013=AXIS2_PLACEMENT_3D('',#5010,#5011,#5012);
#5014=CYLINDRICAL_SURFACE('',#5013,0.00655);
#5015=ORIENTED_EDGE('',*,*,#1902,.T.);
#5016=CARTESIAN_POINT('',(-0.00849999999999999,0.000826,-0.01595));
#5017=DIRECTION('',(0.,-1.,0.));
#5018=VECTOR('',#5017,1.);
#5019=LINE('',#5016,#5018);
#5020=CARTESIAN_POINT('',(-0.00849999999999999,0.000826,-0.01595));
#5021=VERTEX_POINT('',#5020);
#5022=EDGE_CURVE('',#5021,#1892,#5019,.T.);
#5023=ORIENTED_EDGE('',*,*,#5022,.F.);
#5024=CARTESIAN_POINT('',(-0.00849999999999999,0.000826,-0.0225));
#5025=DIRECTION('',(0.,1.,0.));
#5026=DIRECTION('',(0.,0.,1.));
#5027=AXIS2_PLACEMENT_3D('',#5024,#5025,#5026);
#5028=CIRCLE('',#5027,0.00655);
#5029=EDGE_CURVE('',#4997,#5021,#5028,.T.);
#5030=ORIENTED_EDGE('',*,*,#5029,.F.);
#5031=ORIENTED_EDGE('',*,*,#4998,.T.);
#5032=EDGE_LOOP('',(#5015,#5023,#5030,#5031));
#5033=FACE_BOUND('',#5032,.T.);
#5034=ADVANCED_FACE('',(#5033),#5014,.T.);
#5035=CARTESIAN_POINT('',(-3.25515758139178E-18,0.000826,-0.01595));
#5036=DIRECTION('',(-2.04085114820801E-16,0.,-1.));
#5037=DIRECTION('',(-1.,0.,2.04085114820801E-16));
#5038=AXIS2_PLACEMENT_3D('',#5035,#5036,#5037);
#5039=PLANE('',#5038);
#5040=ORIENTED_EDGE('',*,*,#1893,.T.);
#5041=CARTESIAN_POINT('',(0.0085,0.000826,-0.01595));
#5042=DIRECTION('',(0.,-1.,0.));
#5043=VECTOR('',#5042,1.);
#5044=LINE('',#5041,#5043);
#5045=CARTESIAN_POINT('',(0.0085,0.000826,-0.01595));
#5046=VERTEX_POINT('',#5045);
#5047=EDGE_CURVE('',#5046,#1884,#5044,.T.);
#5048=ORIENTED_EDGE('',*,*,#5047,.F.);
#5049=CARTESIAN_POINT('',(-3.25515758139178E-18,0.000826,-0.01595));
#5050=DIRECTION('',(1.,0.,-2.04085114820801E-16));
#5051=VECTOR('',#5050,1.);
#5052=LINE('',#5049,#5051);
#5053=EDGE_CURVE('',#5021,#5046,#5052,.T.);
#5054=ORIENTED_EDGE('',*,*,#5053,.F.);
#5055=ORIENTED_EDGE('',*,*,#5022,.T.);
#5056=EDGE_LOOP('',(#5040,#5048,#5054,#5055));
#5057=FACE_BOUND('',#5056,.T.);
#5058=ADVANCED_FACE('',(#5057),#5039,.F.);
#5059=CARTESIAN_POINT('',(0.0085,0.000826,-0.0225));
#5060=DIRECTION('',(0.,-1.,0.));
#5061=DIRECTION('',(0.,0.,-1.));
#5062=AXIS2_PLACEMENT_3D('',#5059,#5060,#5061);
#5063=CYLINDRICAL_SURFACE('',#5062,0.00475000000000001);
#5064=ORIENTED_EDGE('',*,*,#1274,.F.);
#5065=CARTESIAN_POINT('',(0.0085,0.000826,-0.01775));
#5066=DIRECTION('',(0.,-1.,0.));
#5067=VECTOR('',#5066,1.);
#5068=LINE('',#5065,#5067);
#5069=CARTESIAN_POINT('',(0.0085,0.000826,-0.01775));
#5070=VERTEX_POINT('',#5069);
#5071=EDGE_CURVE('',#5070,#1271,#5068,.T.);
#5072=ORIENTED_EDGE('',*,*,#5071,.F.);
#5073=CARTESIAN_POINT('',(0.0085,0.000826,-0.0225));
#5074=DIRECTION('',(0.,1.,0.));
#5075=DIRECTION('',(0.,0.,1.));
#5076=AXIS2_PLACEMENT_3D('',#5073,#5074,#5075);
#5077=CIRCLE('',#5076,0.00475000000000001);
#5078=CARTESIAN_POINT('',(0.01325,0.000826,-0.0225));
#5079=VERTEX_POINT('',#5078);
#5080=EDGE_CURVE('',#5070,#5079,#5077,.T.);
#5081=ORIENTED_EDGE('',*,*,#5080,.T.);
#5082=CARTESIAN_POINT('',(0.01325,0.000826,-0.0225));
#5083=DIRECTION('',(0.,-1.,0.));
#5084=VECTOR('',#5083,1.);
#5085=LINE('',#5082,#5084);
#5086=EDGE_CURVE('',#5079,#1273,#5085,.T.);
#5087=ORIENTED_EDGE('',*,*,#5086,.T.);
#5088=EDGE_LOOP('',(#5064,#5072,#5081,#5087));
#5089=FACE_BOUND('',#5088,.T.);
#5090=ADVANCED_FACE('',(#5089),#5063,.F.);
#5091=CARTESIAN_POINT('',(0.,0.000826,-0.01775));
#5092=DIRECTION('',(0.,0.,-1.));
#5093=DIRECTION('',(-1.,0.,0.));
#5094=AXIS2_PLACEMENT_3D('',#5091,#5092,#5093);
#5095=PLANE('',#5094);
#5096=ORIENTED_EDGE('',*,*,#1331,.F.);
#5097=CARTESIAN_POINT('',(-0.00849999999999999,0.000826,-0.01775));
#5098=DIRECTION('',(0.,-1.,0.));
#5099=VECTOR('',#5098,1.);
#5100=LINE('',#5097,#5099);
#5101=CARTESIAN_POINT('',(-0.00849999999999999,0.000826,-0.01775));
#5102=VERTEX_POINT('',#5101);
#5103=EDGE_CURVE('',#5102,#1324,#5100,.T.);
#5104=ORIENTED_EDGE('',*,*,#5103,.F.);
#5105=CARTESIAN_POINT('',(0.,0.000826,-0.01775));
#5106=DIRECTION('',(1.,0.,0.));
#5107=VECTOR('',#5106,1.);
#5108=LINE('',#5105,#5107);
#5109=EDGE_CURVE('',#5102,#5070,#5108,.T.);
#5110=ORIENTED_EDGE('',*,*,#5109,.T.);
#5111=ORIENTED_EDGE('',*,*,#5071,.T.);
#5112=EDGE_LOOP('',(#5096,#5104,#5110,#5111));
#5113=FACE_BOUND('',#5112,.T.);
#5114=ADVANCED_FACE('',(#5113),#5095,.T.);
#5115=CARTESIAN_POINT('',(-0.00849999999999999,0.000826,-0.0225));
#5116=DIRECTION('',(0.,-1.,0.));
#5117=DIRECTION('',(0.,0.,-1.));
#5118=AXIS2_PLACEMENT_3D('',#5115,#5116,#5117);
#5119=CYLINDRICAL_SURFACE('',#5118,0.00475);
#5120=ORIENTED_EDGE('',*,*,#1325,.F.);
#5121=CARTESIAN_POINT('',(-0.01325,0.000826,-0.0225));
#5122=DIRECTION('',(0.,-1.,0.));
#5123=VECTOR('',#5122,1.);
#5124=LINE('',#5121,#5123);
#5125=CARTESIAN_POINT('',(-0.01325,0.000826,-0.0225));
#5126=VERTEX_POINT('',#5125);
#5127=EDGE_CURVE('',#5126,#1315,#5124,.T.);
#5128=ORIENTED_EDGE('',*,*,#5127,.F.);
#5129=CARTESIAN_POINT('',(-0.00849999999999999,0.000826,-0.0225));
#5130=DIRECTION('',(0.,1.,0.));
#5131=DIRECTION('',(0.,0.,1.));
#5132=AXIS2_PLACEMENT_3D('',#5129,#5130,#5131);
#5133=CIRCLE('',#5132,0.00475);
#5134=EDGE_CURVE('',#5126,#5102,#5133,.T.);
#5135=ORIENTED_EDGE('',*,*,#5134,.T.);
#5136=ORIENTED_EDGE('',*,*,#5103,.T.);
#5137=EDGE_LOOP('',(#5120,#5128,#5135,#5136));
#5138=FACE_BOUND('',#5137,.T.);
#5139=ADVANCED_FACE('',(#5138),#5119,.F.);
#5140=CARTESIAN_POINT('',(-0.01325,0.000826,1.14925430283463E-17));
#5141=DIRECTION('',(-1.,0.,8.67361737988404E-16));
#5142=DIRECTION('',(8.67361737988404E-16,0.,1.));
#5143=AXIS2_PLACEMENT_3D('',#5140,#5141,#5142);
#5144=PLANE('',#5143);
#5145=ORIENTED_EDGE('',*,*,#1316,.T.);
#5146=CARTESIAN_POINT('',(-0.01325,0.000826,-0.0305));
#5147=DIRECTION('',(0.,-1.,0.));
#5148=VECTOR('',#5147,1.);
#5149=LINE('',#5146,#5148);
#5150=CARTESIAN_POINT('',(-0.01325,0.000826,-0.0305));
#5151=VERTEX_POINT('',#5150);
#5152=EDGE_CURVE('',#5151,#1307,#5149,.T.);
#5153=ORIENTED_EDGE('',*,*,#5152,.F.);
#5154=CARTESIAN_POINT('',(-0.01325,0.000826,1.14925430283463E-17));
#5155=DIRECTION('',(-8.67361737988404E-16,0.,-1.));
#5156=VECTOR('',#5155,1.);
#5157=LINE('',#5154,#5156);
#5158=EDGE_CURVE('',#5126,#5151,#5157,.T.);
#5159=ORIENTED_EDGE('',*,*,#5158,.F.);
#5160=ORIENTED_EDGE('',*,*,#5127,.T.);
#5161=EDGE_LOOP('',(#5145,#5153,#5159,#5160));
#5162=FACE_BOUND('',#5161,.T.);
#5163=ADVANCED_FACE('',(#5162),#5144,.F.);
#5164=CARTESIAN_POINT('',(-0.0085,0.000826,-0.0305));
#5165=DIRECTION('',(0.,-1.,0.));
#5166=DIRECTION('',(0.,0.,-1.));
#5167=AXIS2_PLACEMENT_3D('',#5164,#5165,#5166);
#5168=CYLINDRICAL_SURFACE('',#5167,0.00475);
#5169=ORIENTED_EDGE('',*,*,#1308,.F.);
#5170=CARTESIAN_POINT('',(-0.0085,0.000826,-0.03525));
#5171=DIRECTION('',(0.,-1.,0.));
#5172=VECTOR('',#5171,1.);
#5173=LINE('',#5170,#5172);
#5174=CARTESIAN_POINT('',(-0.0085,0.000826,-0.03525));
#5175=VERTEX_POINT('',#5174);
#5176=EDGE_CURVE('',#5175,#1298,#5173,.T.);
#5177=ORIENTED_EDGE('',*,*,#5176,.F.);
#5178=CARTESIAN_POINT('',(-0.0085,0.000826,-0.0305));
#5179=DIRECTION('',(0.,1.,0.));
#5180=DIRECTION('',(0.,0.,1.));
#5181=AXIS2_PLACEMENT_3D('',#5178,#5179,#5180);
#5182=CIRCLE('',#5181,0.00475);
#5183=EDGE_CURVE('',#5175,#5151,#5182,.T.);
#5184=ORIENTED_EDGE('',*,*,#5183,.T.);
#5185=ORIENTED_EDGE('',*,*,#5152,.T.);
#5186=EDGE_LOOP('',(#5169,#5177,#5184,#5185));
#5187=FACE_BOUND('',#5186,.T.);
#5188=ADVANCED_FACE('',(#5187),#5168,.F.);
#5189=CARTESIAN_POINT('',(-2.87760011897329E-17,0.000826,-0.03525));
#5190=DIRECTION('',(-8.16340459283204E-16,0.,-1.));
#5191=DIRECTION('',(-1.,0.,8.16340459283204E-16));
#5192=AXIS2_PLACEMENT_3D('',#5189,#5190,#5191);
#5193=PLANE('',#5192);
#5194=ORIENTED_EDGE('',*,*,#1299,.T.);
#5195=CARTESIAN_POINT('',(0.00849999999999999,0.000826,-0.03525));
#5196=DIRECTION('',(0.,-1.,0.));
#5197=VECTOR('',#5196,1.);
#5198=LINE('',#5195,#5197);
#5199=CARTESIAN_POINT('',(0.00849999999999999,0.000826,-0.03525));
#5200=VERTEX_POINT('',#5199);
#5201=EDGE_CURVE('',#5200,#1290,#5198,.T.);
#5202=ORIENTED_EDGE('',*,*,#5201,.F.);
#5203=CARTESIAN_POINT('',(-2.87760011897329E-17,0.000826,-0.03525));
#5204=DIRECTION('',(1.,0.,-8.16340459283204E-16));
#5205=VECTOR('',#5204,1.);
#5206=LINE('',#5203,#5205);
#5207=EDGE_CURVE('',#5175,#5200,#5206,.T.);
#5208=ORIENTED_EDGE('',*,*,#5207,.F.);
#5209=ORIENTED_EDGE('',*,*,#5176,.T.);
#5210=EDGE_LOOP('',(#5194,#5202,#5208,#5209));
#5211=FACE_BOUND('',#5210,.T.);
#5212=ADVANCED_FACE('',(#5211),#5193,.F.);
#5213=CARTESIAN_POINT('',(0.00849999999999999,0.000826,-0.0305));
#5214=DIRECTION('',(0.,-1.,0.));
#5215=DIRECTION('',(0.,0.,-1.));
#5216=AXIS2_PLACEMENT_3D('',#5213,#5214,#5215);
#5217=CYLINDRICAL_SURFACE('',#5216,0.00475000000000001);
#5218=ORIENTED_EDGE('',*,*,#1291,.F.);
#5219=CARTESIAN_POINT('',(0.01325,0.000826,-0.0305));
#5220=DIRECTION('',(0.,-1.,0.));
#5221=VECTOR('',#5220,1.);
#5222=LINE('',#5219,#5221);
#5223=CARTESIAN_POINT('',(0.01325,0.000826,-0.0305));
#5224=VERTEX_POINT('',#5223);
#5225=EDGE_CURVE('',#5224,#1281,#5222,.T.);
#5226=ORIENTED_EDGE('',*,*,#5225,.F.);
#5227=CARTESIAN_POINT('',(0.00849999999999999,0.000826,-0.0305));
#5228=DIRECTION('',(0.,1.,0.));
#5229=DIRECTION('',(0.,0.,1.));
#5230=AXIS2_PLACEMENT_3D('',#5227,#5228,#5229);
#5231=CIRCLE('',#5230,0.00475000000000001);
#5232=EDGE_CURVE('',#5224,#5200,#5231,.T.);
#5233=ORIENTED_EDGE('',*,*,#5232,.T.);
#5234=ORIENTED_EDGE('',*,*,#5201,.T.);
#5235=EDGE_LOOP('',(#5218,#5226,#5233,#5234));
#5236=FACE_BOUND('',#5235,.T.);
#5237=ADVANCED_FACE('',(#5236),#5217,.F.);
#5238=CARTESIAN_POINT('',(0.01325,0.000826,-5.74627151417318E-18));
#5239=DIRECTION('',(1.,0.,-4.33680868994202E-16));
#5240=DIRECTION('',(-4.33680868994202E-16,0.,-1.));
#5241=AXIS2_PLACEMENT_3D('',#5238,#5239,#5240);
#5242=PLANE('',#5241);
#5243=ORIENTED_EDGE('',*,*,#1282,.T.);
#5244=ORIENTED_EDGE('',*,*,#5086,.F.);
#5245=CARTESIAN_POINT('',(0.01325,0.000826,-5.74627151417318E-18));
#5246=DIRECTION('',(4.33680868994202E-16,0.,1.));
#5247=VECTOR('',#5246,1.);
#5248=LINE('',#5245,#5247);
#5249=EDGE_CURVE('',#5224,#5079,#5248,.T.);
#5250=ORIENTED_EDGE('',*,*,#5249,.F.);
#5251=ORIENTED_EDGE('',*,*,#5225,.T.);
#5252=EDGE_LOOP('',(#5243,#5244,#5250,#5251));
#5253=FACE_BOUND('',#5252,.T.);
#5254=ADVANCED_FACE('',(#5253),#5242,.F.);
#5255=CARTESIAN_POINT('',(0.0085,0.000826,-0.0225));
#5256=DIRECTION('',(0.,-1.,0.));
#5257=DIRECTION('',(0.,0.,-1.));
#5258=AXIS2_PLACEMENT_3D('',#5255,#5256,#5257);
#5259=CYLINDRICAL_SURFACE('',#5258,0.00655);
#5260=ORIENTED_EDGE('',*,*,#1885,.T.);
#5261=ORIENTED_EDGE('',*,*,#4907,.F.);
#5262=CARTESIAN_POINT('',(0.0085,0.000826,-0.0225));
#5263=DIRECTION('',(0.,1.,0.));
#5264=DIRECTION('',(0.,0.,1.));
#5265=AXIS2_PLACEMENT_3D('',#5262,#5263,#5264);
#5266=CIRCLE('',#5265,0.00655);
#5267=EDGE_CURVE('',#5046,#4900,#5266,.T.);
#5268=ORIENTED_EDGE('',*,*,#5267,.F.);
#5269=ORIENTED_EDGE('',*,*,#5047,.T.);
#5270=EDGE_LOOP('',(#5260,#5261,#5268,#5269));
#5271=FACE_BOUND('',#5270,.T.);
#5272=ADVANCED_FACE('',(#5271),#5259,.T.);
#5273=CARTESIAN_POINT('',(0.,0.000826,0.));
#5274=DIRECTION('',(0.,1.,0.));
#5275=DIRECTION('',(0.,0.,1.));
#5276=AXIS2_PLACEMENT_3D('',#5273,#5274,#5275);
#5277=PLANE('',#5276);
#5278=ORIENTED_EDGE('',*,*,#5080,.F.);
#5279=ORIENTED_EDGE('',*,*,#5109,.F.);
#5280=ORIENTED_EDGE('',*,*,#5134,.F.);
#5281=ORIENTED_EDGE('',*,*,#5158,.T.);
#5282=ORIENTED_EDGE('',*,*,#5183,.F.);
#5283=ORIENTED_EDGE('',*,*,#5207,.T.);
#5284=ORIENTED_EDGE('',*,*,#5232,.F.);
#5285=ORIENTED_EDGE('',*,*,#5249,.T.);
#5286=EDGE_LOOP('',(#5278,#5279,#5280,#5281,#5282,#5283,#5284,#5285));
#5287=FACE_BOUND('',#5286,.T.);
#5288=ORIENTED_EDGE('',*,*,#4901,.F.);
#5289=ORIENTED_EDGE('',*,*,#4931,.T.);
#5290=ORIENTED_EDGE('',*,*,#4955,.F.);
#5291=ORIENTED_EDGE('',*,*,#4980,.T.);
#5292=ORIENTED_EDGE('',*,*,#5004,.F.);
#5293=ORIENTED_EDGE('',*,*,#5029,.T.);
#5294=ORIENTED_EDGE('',*,*,#5053,.T.);
#5295=ORIENTED_EDGE('',*,*,#5267,.T.);
#5296=EDGE_LOOP('',(#5288,#5289,#5290,#5291,#5292,#5293,#5294,#5295));
#5297=FACE_BOUND('',#5296,.T.);
#5298=ADVANCED_FACE('',(#5287,#5297),#5277,.T.);
#5299=CARTESIAN_POINT('',(-0.0480832611206852,0.000826,0.0337162517628015));
#5300=DIRECTION('',(0.,-1.,0.));
#5301=DIRECTION('',(0.,0.,-1.));
#5302=AXIS2_PLACEMENT_3D('',#5299,#5300,#5301);
#5303=CYLINDRICAL_SURFACE('',#5302,0.00025);
#5304=CARTESIAN_POINT('',(-0.0480832611206852,0.000826,0.0337162517628015));
#5305=DIRECTION('',(0.,1.,0.));
#5306=DIRECTION('',(0.,0.,1.));
#5307=AXIS2_PLACEMENT_3D('',#5304,#5305,#5306);
#5308=CIRCLE('',#5307,0.00025);
#5309=CARTESIAN_POINT('',(-0.0480832611206852,0.000826,0.0334662517628015));
#5310=VERTEX_POINT('',#5309);
#5311=EDGE_CURVE('',#5310,#5310,#5308,.T.);
#5312=ORIENTED_EDGE('',*,*,#5311,.T.);
#5313=EDGE_LOOP('',(#5312));
#5314=FACE_BOUND('',#5313,.T.);
#5315=CARTESIAN_POINT('',(-0.0480832611206852,-0.000826,0.0337162517628015));
#5316=DIRECTION('',(0.,1.,0.));
#5317=DIRECTION('',(0.,0.,1.));
#5318=AXIS2_PLACEMENT_3D('',#5315,#5316,#5317);
#5319=CIRCLE('',#5318,0.00025);
#5320=CARTESIAN_POINT('',(-0.0480832611206852,-0.000826,0.0334662517628015));
#5321=VERTEX_POINT('',#5320);
#5322=EDGE_CURVE('',#5321,#5321,#5319,.T.);
#5323=ORIENTED_EDGE('',*,*,#5322,.F.);
#5324=EDGE_LOOP('',(#5323));
#5325=FACE_BOUND('',#5324,.T.);
#5326=ADVANCED_FACE('',(#5314,#5325),#5303,.F.);
#5327=CARTESIAN_POINT('',(-0.0461347039621702,0.000826,0.0325912517628015));
#5328=DIRECTION('',(0.,-1.,0.));
#5329=DIRECTION('',(0.,0.,-1.));
#5330=AXIS2_PLACEMENT_3D('',#5327,#5328,#5329);
#5331=CYLINDRICAL_SURFACE('',#5330,0.00025);
#5332=CARTESIAN_POINT('',(-0.0461347039621702,0.000826,0.0325912517628015));
#5333=DIRECTION('',(0.,1.,0.));
#5334=DIRECTION('',(0.,0.,1.));
#5335=AXIS2_PLACEMENT_3D('',#5332,#5333,#5334);
#5336=CIRCLE('',#5335,0.00025);
#5337=CARTESIAN_POINT('',(-0.0461347039621702,0.000826,0.0323412517628015));
#5338=VERTEX_POINT('',#5337);
#5339=EDGE_CURVE('',#5338,#5338,#5336,.T.);
#5340=ORIENTED_EDGE('',*,*,#5339,.T.);
#5341=EDGE_LOOP('',(#5340));
#5342=FACE_BOUND('',#5341,.T.);
#5343=CARTESIAN_POINT('',(-0.0461347039621702,-0.000826,0.0325912517628015));
#5344=DIRECTION('',(0.,1.,0.));
#5345=DIRECTION('',(0.,0.,1.));
#5346=AXIS2_PLACEMENT_3D('',#5343,#5344,#5345);
#5347=CIRCLE('',#5346,0.00025);
#5348=CARTESIAN_POINT('',(-0.0461347039621702,-0.000826,0.0323412517628015));
#5349=VERTEX_POINT('',#5348);
#5350=EDGE_CURVE('',#5349,#5349,#5347,.T.);
#5351=ORIENTED_EDGE('',*,*,#5350,.F.);
#5352=EDGE_LOOP('',(#5351));
#5353=FACE_BOUND('',#5352,.T.);
#5354=ADVANCED_FACE('',(#5342,#5353),#5331,.F.);
#5355=CARTESIAN_POINT('',(-0.0461347039621702,0.000826,0.0303412517628015));
#5356=DIRECTION('',(0.,-1.,0.));
#5357=DIRECTION('',(0.,0.,-1.));
#5358=AXIS2_PLACEMENT_3D('',#5355,#5356,#5357);
#5359=CYLINDRICAL_SURFACE('',#5358,0.00025);
#5360=CARTESIAN_POINT('',(-0.0461347039621702,0.000826,0.0303412517628015));
#5361=DIRECTION('',(0.,1.,0.));
#5362=DIRECTION('',(0.,0.,1.));
#5363=AXIS2_PLACEMENT_3D('',#5360,#5361,#5362);
#5364=CIRCLE('',#5363,0.00025);
#5365=CARTESIAN_POINT('',(-0.0461347039621702,0.000826,0.0300912517628015));
#5366=VERTEX_POINT('',#5365);
#5367=EDGE_CURVE('',#5366,#5366,#5364,.T.);
#5368=ORIENTED_EDGE('',*,*,#5367,.T.);
#5369=EDGE_LOOP('',(#5368));
#5370=FACE_BOUND('',#5369,.T.);
#5371=CARTESIAN_POINT('',(-0.0461347039621702,-0.000826,0.0303412517628015));
#5372=DIRECTION('',(0.,1.,0.));
#5373=DIRECTION('',(0.,0.,1.));
#5374=AXIS2_PLACEMENT_3D('',#5371,#5372,#5373);
#5375=CIRCLE('',#5374,0.00025);
#5376=CARTESIAN_POINT('',(-0.0461347039621702,-0.000826,0.0300912517628015));
#5377=VERTEX_POINT('',#5376);
#5378=EDGE_CURVE('',#5377,#5377,#5375,.T.);
#5379=ORIENTED_EDGE('',*,*,#5378,.F.);
#5380=EDGE_LOOP('',(#5379));
#5381=FACE_BOUND('',#5380,.T.);
#5382=ADVANCED_FACE('',(#5370,#5381),#5359,.F.);
#5383=CARTESIAN_POINT('',(-0.0480832611206852,0.000826,0.0292162517628015));
#5384=DIRECTION('',(0.,-1.,0.));
#5385=DIRECTION('',(0.,0.,-1.));
#5386=AXIS2_PLACEMENT_3D('',#5383,#5384,#5385);
#5387=CYLINDRICAL_SURFACE('',#5386,0.00025);
#5388=CARTESIAN_POINT('',(-0.0480832611206852,0.000826,0.0292162517628015));
#5389=DIRECTION('',(0.,1.,0.));
#5390=DIRECTION('',(0.,0.,1.));
#5391=AXIS2_PLACEMENT_3D('',#5388,#5389,#5390);
#5392=CIRCLE('',#5391,0.00025);
#5393=CARTESIAN_POINT('',(-0.0480832611206852,0.000826,0.0289662517628015));
#5394=VERTEX_POINT('',#5393);
#5395=EDGE_CURVE('',#5394,#5394,#5392,.T.);
#5396=ORIENTED_EDGE('',*,*,#5395,.T.);
#5397=EDGE_LOOP('',(#5396));
#5398=FACE_BOUND('',#5397,.T.);
#5399=CARTESIAN_POINT('',(-0.0480832611206852,-0.000826,0.0292162517628015));
#5400=DIRECTION('',(0.,1.,0.));
#5401=DIRECTION('',(0.,0.,1.));
#5402=AXIS2_PLACEMENT_3D('',#5399,#5400,#5401);
#5403=CIRCLE('',#5402,0.00025);
#5404=CARTESIAN_POINT('',(-0.0480832611206852,-0.000826,0.0289662517628015));
#5405=VERTEX_POINT('',#5404);
#5406=EDGE_CURVE('',#5405,#5405,#5403,.T.);
#5407=ORIENTED_EDGE('',*,*,#5406,.F.);
#5408=EDGE_LOOP('',(#5407));
#5409=FACE_BOUND('',#5408,.T.);
#5410=ADVANCED_FACE('',(#5398,#5409),#5387,.F.);
#5411=CARTESIAN_POINT('',(-0.0500318182792001,0.000826,0.0303412517628015));
#5412=DIRECTION('',(0.,-1.,0.));
#5413=DIRECTION('',(0.,0.,-1.));
#5414=AXIS2_PLACEMENT_3D('',#5411,#5412,#5413);
#5415=CYLINDRICAL_SURFACE('',#5414,0.00025);
#5416=CARTESIAN_POINT('',(-0.0500318182792001,0.000826,0.0303412517628015));
#5417=DIRECTION('',(0.,1.,0.));
#5418=DIRECTION('',(0.,0.,1.));
#5419=AXIS2_PLACEMENT_3D('',#5416,#5417,#5418);
#5420=CIRCLE('',#5419,0.00025);
#5421=CARTESIAN_POINT('',(-0.0500318182792001,0.000826,0.0300912517628015));
#5422=VERTEX_POINT('',#5421);
#5423=EDGE_CURVE('',#5422,#5422,#5420,.T.);
#5424=ORIENTED_EDGE('',*,*,#5423,.T.);
#5425=EDGE_LOOP('',(#5424));
#5426=FACE_BOUND('',#5425,.T.);
#5427=CARTESIAN_POINT('',(-0.0500318182792001,-0.000826,0.0303412517628015));
#5428=DIRECTION('',(0.,1.,0.));
#5429=DIRECTION('',(0.,0.,1.));
#5430=AXIS2_PLACEMENT_3D('',#5427,#5428,#5429);
#5431=CIRCLE('',#5430,0.00025);
#5432=CARTESIAN_POINT('',(-0.0500318182792001,-0.000826,0.0300912517628015));
#5433=VERTEX_POINT('',#5432);
#5434=EDGE_CURVE('',#5433,#5433,#5431,.T.);
#5435=ORIENTED_EDGE('',*,*,#5434,.F.);
#5436=EDGE_LOOP('',(#5435));
#5437=FACE_BOUND('',#5436,.T.);
#5438=ADVANCED_FACE('',(#5426,#5437),#5415,.F.);
#5439=CARTESIAN_POINT('',(-0.0500318182792001,0.000826,0.0325912517628014));
#5440=DIRECTION('',(0.,-1.,0.));
#5441=DIRECTION('',(0.,0.,-1.));
#5442=AXIS2_PLACEMENT_3D('',#5439,#5440,#5441);
#5443=CYLINDRICAL_SURFACE('',#5442,0.00025);
#5444=CARTESIAN_POINT('',(-0.0500318182792001,0.000826,0.0325912517628014));
#5445=DIRECTION('',(0.,1.,0.));
#5446=DIRECTION('',(0.,0.,1.));
#5447=AXIS2_PLACEMENT_3D('',#5444,#5445,#5446);
#5448=CIRCLE('',#5447,0.00025);
#5449=CARTESIAN_POINT('',(-0.0500318182792001,0.000826,0.0323412517628014));
#5450=VERTEX_POINT('',#5449);
#5451=EDGE_CURVE('',#5450,#5450,#5448,.T.);
#5452=ORIENTED_EDGE('',*,*,#5451,.T.);
#5453=EDGE_LOOP('',(#5452));
#5454=FACE_BOUND('',#5453,.T.);
#5455=CARTESIAN_POINT('',(-0.0500318182792001,-0.000826,0.0325912517628014));
#5456=DIRECTION('',(0.,1.,0.));
#5457=DIRECTION('',(0.,0.,1.));
#5458=AXIS2_PLACEMENT_3D('',#5455,#5456,#5457);
#5459=CIRCLE('',#5458,0.00025);
#5460=CARTESIAN_POINT('',(-0.0500318182792001,-0.000826,0.0323412517628014));
#5461=VERTEX_POINT('',#5460);
#5462=EDGE_CURVE('',#5461,#5461,#5459,.T.);
#5463=ORIENTED_EDGE('',*,*,#5462,.F.);
#5464=EDGE_LOOP('',(#5463));
#5465=FACE_BOUND('',#5464,.T.);
#5466=ADVANCED_FACE('',(#5454,#5465),#5443,.F.);
#5467=CARTESIAN_POINT('',(-0.0480832611206852,0.000826,0.0314662517628015));
#5468=DIRECTION('',(0.,-1.,0.));
#5469=DIRECTION('',(0.,0.,-1.));
#5470=AXIS2_PLACEMENT_3D('',#5467,#5468,#5469);
#5471=CYLINDRICAL_SURFACE('',#5470,0.003);
#5472=CARTESIAN_POINT('',(-0.0480832611206852,0.000826,0.0314662517628015));
#5473=DIRECTION('',(0.,1.,0.));
#5474=DIRECTION('',(0.,0.,1.));
#5475=AXIS2_PLACEMENT_3D('',#5472,#5473,#5474);
#5476=CIRCLE('',#5475,0.003);
#5477=CARTESIAN_POINT('',(-0.0480832611206852,0.000826,0.0284662517628015));
#5478=VERTEX_POINT('',#5477);
#5479=EDGE_CURVE('',#5478,#5478,#5476,.T.);
#5480=ORIENTED_EDGE('',*,*,#5479,.F.);
#5481=EDGE_LOOP('',(#5480));
#5482=FACE_BOUND('',#5481,.T.);
#5483=ORIENTED_EDGE('',*,*,#1508,.T.);
#5484=EDGE_LOOP('',(#5483));
#5485=FACE_BOUND('',#5484,.T.);
#5486=ADVANCED_FACE('',(#5482,#5485),#5471,.T.);
#5487=CARTESIAN_POINT('',(0.,0.000826,0.));
#5488=DIRECTION('',(0.,1.,0.));
#5489=DIRECTION('',(0.,0.,1.));
#5490=AXIS2_PLACEMENT_3D('',#5487,#5488,#5489);
#5491=PLANE('',#5490);
#5492=ORIENTED_EDGE('',*,*,#5451,.F.);
#5493=EDGE_LOOP('',(#5492));
#5494=FACE_BOUND('',#5493,.T.);
#5495=ORIENTED_EDGE('',*,*,#5423,.F.);
#5496=EDGE_LOOP('',(#5495));
#5497=FACE_BOUND('',#5496,.T.);
#5498=ORIENTED_EDGE('',*,*,#5395,.F.);
#5499=EDGE_LOOP('',(#5498));
#5500=FACE_BOUND('',#5499,.T.);
#5501=ORIENTED_EDGE('',*,*,#5367,.F.);
#5502=EDGE_LOOP('',(#5501));
#5503=FACE_BOUND('',#5502,.T.);
#5504=ORIENTED_EDGE('',*,*,#5339,.F.);
#5505=EDGE_LOOP('',(#5504));
#5506=FACE_BOUND('',#5505,.T.);
#5507=ORIENTED_EDGE('',*,*,#5311,.F.);
#5508=EDGE_LOOP('',(#5507));
#5509=FACE_BOUND('',#5508,.T.);
#5510=ORIENTED_EDGE('',*,*,#3193,.F.);
#5511=EDGE_LOOP('',(#5510));
#5512=FACE_BOUND('',#5511,.T.);
#5513=ORIENTED_EDGE('',*,*,#5479,.T.);
#5514=EDGE_LOOP('',(#5513));
#5515=FACE_BOUND('',#5514,.T.);
#5516=ADVANCED_FACE('',(#5494,#5497,#5500,#5503,#5506,#5509,#5512,#5515),#5491,.T.);
#5517=CARTESIAN_POINT('',(-0.0314662517628013,0.000826,0.0503332611206853));
#5518=DIRECTION('',(0.,-1.,0.));
#5519=DIRECTION('',(0.,0.,-1.));
#5520=AXIS2_PLACEMENT_3D('',#5517,#5518,#5519);
#5521=CYLINDRICAL_SURFACE('',#5520,0.00025);
#5522=CARTESIAN_POINT('',(-0.0314662517628013,0.000826,0.0503332611206853));
#5523=DIRECTION('',(0.,1.,0.));
#5524=DIRECTION('',(0.,0.,1.));
#5525=AXIS2_PLACEMENT_3D('',#5522,#5523,#5524);
#5526=CIRCLE('',#5525,0.00025);
#5527=CARTESIAN_POINT('',(-0.0314662517628013,0.000826,0.0500832611206853));
#5528=VERTEX_POINT('',#5527);
#5529=EDGE_CURVE('',#5528,#5528,#5526,.T.);
#5530=ORIENTED_EDGE('',*,*,#5529,.T.);
#5531=EDGE_LOOP('',(#5530));
#5532=FACE_BOUND('',#5531,.T.);
#5533=CARTESIAN_POINT('',(-0.0314662517628013,-0.000826,0.0503332611206853));
#5534=DIRECTION('',(0.,1.,0.));
#5535=DIRECTION('',(0.,0.,1.));
#5536=AXIS2_PLACEMENT_3D('',#5533,#5534,#5535);
#5537=CIRCLE('',#5536,0.00025);
#5538=CARTESIAN_POINT('',(-0.0314662517628013,-0.000826,0.0500832611206853));
#5539=VERTEX_POINT('',#5538);
#5540=EDGE_CURVE('',#5539,#5539,#5537,.T.);
#5541=ORIENTED_EDGE('',*,*,#5540,.F.);
#5542=EDGE_LOOP('',(#5541));
#5543=FACE_BOUND('',#5542,.T.);
#5544=ADVANCED_FACE('',(#5532,#5543),#5521,.F.);
#5545=CARTESIAN_POINT('',(-0.0295176946042863,0.000826,0.0492082611206853));
#5546=DIRECTION('',(0.,-1.,0.));
#5547=DIRECTION('',(0.,0.,-1.));
#5548=AXIS2_PLACEMENT_3D('',#5545,#5546,#5547);
#5549=CYLINDRICAL_SURFACE('',#5548,0.00025);
#5550=CARTESIAN_POINT('',(-0.0295176946042863,0.000826,0.0492082611206853));
#5551=DIRECTION('',(0.,1.,0.));
#5552=DIRECTION('',(0.,0.,1.));
#5553=AXIS2_PLACEMENT_3D('',#5550,#5551,#5552);
#5554=CIRCLE('',#5553,0.00025);
#5555=CARTESIAN_POINT('',(-0.0295176946042863,0.000826,0.0489582611206853));
#5556=VERTEX_POINT('',#5555);
#5557=EDGE_CURVE('',#5556,#5556,#5554,.T.);
#5558=ORIENTED_EDGE('',*,*,#5557,.T.);
#5559=EDGE_LOOP('',(#5558));
#5560=FACE_BOUND('',#5559,.T.);
#5561=CARTESIAN_POINT('',(-0.0295176946042863,-0.000826,0.0492082611206853));
#5562=DIRECTION('',(0.,1.,0.));
#5563=DIRECTION('',(0.,0.,1.));
#5564=AXIS2_PLACEMENT_3D('',#5561,#5562,#5563);
#5565=CIRCLE('',#5564,0.00025);
#5566=CARTESIAN_POINT('',(-0.0295176946042863,-0.000826,0.0489582611206853));
#5567=VERTEX_POINT('',#5566);
#5568=EDGE_CURVE('',#5567,#5567,#5565,.T.);
#5569=ORIENTED_EDGE('',*,*,#5568,.F.);
#5570=EDGE_LOOP('',(#5569));
#5571=FACE_BOUND('',#5570,.T.);
#5572=ADVANCED_FACE('',(#5560,#5571),#5549,.F.);
#5573=CARTESIAN_POINT('',(-0.0295176946042863,0.000826,0.0469582611206853));
#5574=DIRECTION('',(0.,-1.,0.));
#5575=DIRECTION('',(0.,0.,-1.));
#5576=AXIS2_PLACEMENT_3D('',#5573,#5574,#5575);
#5577=CYLINDRICAL_SURFACE('',#5576,0.00025);
#5578=CARTESIAN_POINT('',(-0.0295176946042863,0.000826,0.0469582611206853));
#5579=DIRECTION('',(0.,1.,0.));
#5580=DIRECTION('',(0.,0.,1.));
#5581=AXIS2_PLACEMENT_3D('',#5578,#5579,#5580);
#5582=CIRCLE('',#5581,0.00025);
#5583=CARTESIAN_POINT('',(-0.0295176946042863,0.000826,0.0467082611206853));
#5584=VERTEX_POINT('',#5583);
#5585=EDGE_CURVE('',#5584,#5584,#5582,.T.);
#5586=ORIENTED_EDGE('',*,*,#5585,.T.);
#5587=EDGE_LOOP('',(#5586));
#5588=FACE_BOUND('',#5587,.T.);
#5589=CARTESIAN_POINT('',(-0.0295176946042863,-0.000826,0.0469582611206853));
#5590=DIRECTION('',(0.,1.,0.));
#5591=DIRECTION('',(0.,0.,1.));
#5592=AXIS2_PLACEMENT_3D('',#5589,#5590,#5591);
#5593=CIRCLE('',#5592,0.00025);
#5594=CARTESIAN_POINT('',(-0.0295176946042863,-0.000826,0.0467082611206853));
#5595=VERTEX_POINT('',#5594);
#5596=EDGE_CURVE('',#5595,#5595,#5593,.T.);
#5597=ORIENTED_EDGE('',*,*,#5596,.F.);
#5598=EDGE_LOOP('',(#5597));
#5599=FACE_BOUND('',#5598,.T.);
#5600=ADVANCED_FACE('',(#5588,#5599),#5577,.F.);
#5601=CARTESIAN_POINT('',(-0.0314662517628013,0.000826,0.0458332611206853));
#5602=DIRECTION('',(0.,-1.,0.));
#5603=DIRECTION('',(0.,0.,-1.));
#5604=AXIS2_PLACEMENT_3D('',#5601,#5602,#5603);
#5605=CYLINDRICAL_SURFACE('',#5604,0.00025);
#5606=CARTESIAN_POINT('',(-0.0314662517628013,0.000826,0.0458332611206853));
#5607=DIRECTION('',(0.,1.,0.));
#5608=DIRECTION('',(0.,0.,1.));
#5609=AXIS2_PLACEMENT_3D('',#5606,#5607,#5608);
#5610=CIRCLE('',#5609,0.00025);
#5611=CARTESIAN_POINT('',(-0.0314662517628013,0.000826,0.0455832611206853));
#5612=VERTEX_POINT('',#5611);
#5613=EDGE_CURVE('',#5612,#5612,#5610,.T.);
#5614=ORIENTED_EDGE('',*,*,#5613,.T.);
#5615=EDGE_LOOP('',(#5614));
#5616=FACE_BOUND('',#5615,.T.);
#5617=CARTESIAN_POINT('',(-0.0314662517628013,-0.000826,0.0458332611206853));
#5618=DIRECTION('',(0.,1.,0.));
#5619=DIRECTION('',(0.,0.,1.));
#5620=AXIS2_PLACEMENT_3D('',#5617,#5618,#5619);
#5621=CIRCLE('',#5620,0.00025);
#5622=CARTESIAN_POINT('',(-0.0314662517628013,-0.000826,0.0455832611206853));
#5623=VERTEX_POINT('',#5622);
#5624=EDGE_CURVE('',#5623,#5623,#5621,.T.);
#5625=ORIENTED_EDGE('',*,*,#5624,.F.);
#5626=EDGE_LOOP('',(#5625));
#5627=FACE_BOUND('',#5626,.T.);
#5628=ADVANCED_FACE('',(#5616,#5627),#5605,.F.);
#5629=CARTESIAN_POINT('',(-0.0334148089213163,0.000826,0.0469582611206853));
#5630=DIRECTION('',(0.,-1.,0.));
#5631=DIRECTION('',(0.,0.,-1.));
#5632=AXIS2_PLACEMENT_3D('',#5629,#5630,#5631);
#5633=CYLINDRICAL_SURFACE('',#5632,0.00025);
#5634=CARTESIAN_POINT('',(-0.0334148089213163,0.000826,0.0469582611206853));
#5635=DIRECTION('',(0.,1.,0.));
#5636=DIRECTION('',(0.,0.,1.));
#5637=AXIS2_PLACEMENT_3D('',#5634,#5635,#5636);
#5638=CIRCLE('',#5637,0.00025);
#5639=CARTESIAN_POINT('',(-0.0334148089213163,0.000826,0.0467082611206853));
#5640=VERTEX_POINT('',#5639);
#5641=EDGE_CURVE('',#5640,#5640,#5638,.T.);
#5642=ORIENTED_EDGE('',*,*,#5641,.T.);
#5643=EDGE_LOOP('',(#5642));
#5644=FACE_BOUND('',#5643,.T.);
#5645=CARTESIAN_POINT('',(-0.0334148089213163,-0.000826,0.0469582611206853));
#5646=DIRECTION('',(0.,1.,0.));
#5647=DIRECTION('',(0.,0.,1.));
#5648=AXIS2_PLACEMENT_3D('',#5645,#5646,#5647);
#5649=CIRCLE('',#5648,0.00025);
#5650=CARTESIAN_POINT('',(-0.0334148089213163,-0.000826,0.0467082611206853));
#5651=VERTEX_POINT('',#5650);
#5652=EDGE_CURVE('',#5651,#5651,#5649,.T.);
#5653=ORIENTED_EDGE('',*,*,#5652,.F.);
#5654=EDGE_LOOP('',(#5653));
#5655=FACE_BOUND('',#5654,.T.);
#5656=ADVANCED_FACE('',(#5644,#5655),#5633,.F.);
#5657=CARTESIAN_POINT('',(-0.0334148089213163,0.000826,0.0492082611206853));
#5658=DIRECTION('',(0.,-1.,0.));
#5659=DIRECTION('',(0.,0.,-1.));
#5660=AXIS2_PLACEMENT_3D('',#5657,#5658,#5659);
#5661=CYLINDRICAL_SURFACE('',#5660,0.00025);
#5662=CARTESIAN_POINT('',(-0.0334148089213163,0.000826,0.0492082611206853));
#5663=DIRECTION('',(0.,1.,0.));
#5664=DIRECTION('',(0.,0.,1.));
#5665=AXIS2_PLACEMENT_3D('',#5662,#5663,#5664);
#5666=CIRCLE('',#5665,0.00025);
#5667=CARTESIAN_POINT('',(-0.0334148089213163,0.000826,0.0489582611206853));
#5668=VERTEX_POINT('',#5667);
#5669=EDGE_CURVE('',#5668,#5668,#5666,.T.);
#5670=ORIENTED_EDGE('',*,*,#5669,.T.);
#5671=EDGE_LOOP('',(#5670));
#5672=FACE_BOUND('',#5671,.T.);
#5673=CARTESIAN_POINT('',(-0.0334148089213163,-0.000826,0.0492082611206853));
#5674=DIRECTION('',(0.,1.,0.));
#5675=DIRECTION('',(0.,0.,1.));
#5676=AXIS2_PLACEMENT_3D('',#5673,#5674,#5675);
#5677=CIRCLE('',#5676,0.00025);
#5678=CARTESIAN_POINT('',(-0.0334148089213163,-0.000826,0.0489582611206853));
#5679=VERTEX_POINT('',#5678);
#5680=EDGE_CURVE('',#5679,#5679,#5677,.T.);
#5681=ORIENTED_EDGE('',*,*,#5680,.F.);
#5682=EDGE_LOOP('',(#5681));
#5683=FACE_BOUND('',#5682,.T.);
#5684=ADVANCED_FACE('',(#5672,#5683),#5661,.F.);
#5685=CARTESIAN_POINT('',(-0.0314662517628013,0.000826,0.0480832611206853));
#5686=DIRECTION('',(0.,-1.,0.));
#5687=DIRECTION('',(0.,0.,-1.));
#5688=AXIS2_PLACEMENT_3D('',#5685,#5686,#5687);
#5689=CYLINDRICAL_SURFACE('',#5688,0.003);
#5690=CARTESIAN_POINT('',(-0.0314662517628013,0.000826,0.0480832611206853));
#5691=DIRECTION('',(0.,1.,0.));
#5692=DIRECTION('',(0.,0.,1.));
#5693=AXIS2_PLACEMENT_3D('',#5690,#5691,#5692);
#5694=CIRCLE('',#5693,0.003);
#5695=CARTESIAN_POINT('',(-0.0314662517628013,0.000826,0.0450832611206853));
#5696=VERTEX_POINT('',#5695);
#5697=EDGE_CURVE('',#5696,#5696,#5694,.T.);
#5698=ORIENTED_EDGE('',*,*,#5697,.F.);
#5699=EDGE_LOOP('',(#5698));
#5700=FACE_BOUND('',#5699,.T.);
#5701=ORIENTED_EDGE('',*,*,#1497,.T.);
#5702=EDGE_LOOP('',(#5701));
#5703=FACE_BOUND('',#5702,.T.);
#5704=ADVANCED_FACE('',(#5700,#5703),#5689,.T.);
#5705=CARTESIAN_POINT('',(0.,0.000826,0.));
#5706=DIRECTION('',(0.,1.,0.));
#5707=DIRECTION('',(0.,0.,1.));
#5708=AXIS2_PLACEMENT_3D('',#5705,#5706,#5707);
#5709=PLANE('',#5708);
#5710=ORIENTED_EDGE('',*,*,#5669,.F.);
#5711=EDGE_LOOP('',(#5710));
#5712=FACE_BOUND('',#5711,.T.);
#5713=ORIENTED_EDGE('',*,*,#5641,.F.);
#5714=EDGE_LOOP('',(#5713));
#5715=FACE_BOUND('',#5714,.T.);
#5716=ORIENTED_EDGE('',*,*,#5613,.F.);
#5717=EDGE_LOOP('',(#5716));
#5718=FACE_BOUND('',#5717,.T.);
#5719=ORIENTED_EDGE('',*,*,#5585,.F.);
#5720=EDGE_LOOP('',(#5719));
#5721=FACE_BOUND('',#5720,.T.);
#5722=ORIENTED_EDGE('',*,*,#5557,.F.);
#5723=EDGE_LOOP('',(#5722));
#5724=FACE_BOUND('',#5723,.T.);
#5725=ORIENTED_EDGE('',*,*,#5529,.F.);
#5726=EDGE_LOOP('',(#5725));
#5727=FACE_BOUND('',#5726,.T.);
#5728=ORIENTED_EDGE('',*,*,#3389,.F.);
#5729=EDGE_LOOP('',(#5728));
#5730=FACE_BOUND('',#5729,.T.);
#5731=ORIENTED_EDGE('',*,*,#5697,.T.);
#5732=EDGE_LOOP('',(#5731));
#5733=FACE_BOUND('',#5732,.T.);
#5734=ADVANCED_FACE('',(#5712,#5715,#5718,#5721,#5724,#5727,#5730,#5733),#5709,.T.);
#5735=CARTESIAN_POINT('',(-0.0202265829604428,0.000826,0.0337902914594277));
#5736=DIRECTION('',(0.,-1.,0.));
#5737=DIRECTION('',(0.,0.,-1.));
#5738=AXIS2_PLACEMENT_3D('',#5735,#5736,#5737);
#5739=CYLINDRICAL_SURFACE('',#5738,0.00025);
#5740=CARTESIAN_POINT('',(-0.0202265829604428,0.000826,0.0337902914594277));
#5741=DIRECTION('',(0.,1.,0.));
#5742=DIRECTION('',(0.,0.,1.));
#5743=AXIS2_PLACEMENT_3D('',#5740,#5741,#5742);
#5744=CIRCLE('',#5743,0.00025);
#5745=CARTESIAN_POINT('',(-0.0202265829604428,0.000826,0.0335402914594277));
#5746=VERTEX_POINT('',#5745);
#5747=EDGE_CURVE('',#5746,#5746,#5744,.T.);
#5748=ORIENTED_EDGE('',*,*,#5747,.T.);
#5749=EDGE_LOOP('',(#5748));
#5750=FACE_BOUND('',#5749,.T.);
#5751=CARTESIAN_POINT('',(-0.0202265829604428,-0.000826,0.0337902914594277));
#5752=DIRECTION('',(0.,1.,0.));
#5753=DIRECTION('',(0.,0.,1.));
#5754=AXIS2_PLACEMENT_3D('',#5751,#5752,#5753);
#5755=CIRCLE('',#5754,0.00025);
#5756=CARTESIAN_POINT('',(-0.0202265829604428,-0.000826,0.0335402914594277));
#5757=VERTEX_POINT('',#5756);
#5758=EDGE_CURVE('',#5757,#5757,#5755,.T.);
#5759=ORIENTED_EDGE('',*,*,#5758,.F.);
#5760=EDGE_LOOP('',(#5759));
#5761=FACE_BOUND('',#5760,.T.);
#5762=ADVANCED_FACE('',(#5750,#5761),#5739,.F.);
#5763=CARTESIAN_POINT('',(-0.0182780258019278,0.000826,0.0326652914594277));
#5764=DIRECTION('',(0.,-1.,0.));
#5765=DIRECTION('',(0.,0.,-1.));
#5766=AXIS2_PLACEMENT_3D('',#5763,#5764,#5765);
#5767=CYLINDRICAL_SURFACE('',#5766,0.00025);
#5768=CARTESIAN_POINT('',(-0.0182780258019278,0.000826,0.0326652914594277));
#5769=DIRECTION('',(0.,1.,0.));
#5770=DIRECTION('',(0.,0.,1.));
#5771=AXIS2_PLACEMENT_3D('',#5768,#5769,#5770);
#5772=CIRCLE('',#5771,0.00025);
#5773=CARTESIAN_POINT('',(-0.0182780258019278,0.000826,0.0324152914594277));
#5774=VERTEX_POINT('',#5773);
#5775=EDGE_CURVE('',#5774,#5774,#5772,.T.);
#5776=ORIENTED_EDGE('',*,*,#5775,.T.);
#5777=EDGE_LOOP('',(#5776));
#5778=FACE_BOUND('',#5777,.T.);
#5779=CARTESIAN_POINT('',(-0.0182780258019278,-0.000826,0.0326652914594277));
#5780=DIRECTION('',(0.,1.,0.));
#5781=DIRECTION('',(0.,0.,1.));
#5782=AXIS2_PLACEMENT_3D('',#5779,#5780,#5781);
#5783=CIRCLE('',#5782,0.00025);
#5784=CARTESIAN_POINT('',(-0.0182780258019278,-0.000826,0.0324152914594277));
#5785=VERTEX_POINT('',#5784);
#5786=EDGE_CURVE('',#5785,#5785,#5783,.T.);
#5787=ORIENTED_EDGE('',*,*,#5786,.F.);
#5788=EDGE_LOOP('',(#5787));
#5789=FACE_BOUND('',#5788,.T.);
#5790=ADVANCED_FACE('',(#5778,#5789),#5767,.F.);
#5791=CARTESIAN_POINT('',(-0.0182780258019278,0.000826,0.0304152914594277));
#5792=DIRECTION('',(0.,-1.,0.));
#5793=DIRECTION('',(0.,0.,-1.));
#5794=AXIS2_PLACEMENT_3D('',#5791,#5792,#5793);
#5795=CYLINDRICAL_SURFACE('',#5794,0.00025);
#5796=CARTESIAN_POINT('',(-0.0182780258019278,0.000826,0.0304152914594277));
#5797=DIRECTION('',(0.,1.,0.));
#5798=DIRECTION('',(0.,0.,1.));
#5799=AXIS2_PLACEMENT_3D('',#5796,#5797,#5798);
#5800=CIRCLE('',#5799,0.00025);
#5801=CARTESIAN_POINT('',(-0.0182780258019278,0.000826,0.0301652914594277));
#5802=VERTEX_POINT('',#5801);
#5803=EDGE_CURVE('',#5802,#5802,#5800,.T.);
#5804=ORIENTED_EDGE('',*,*,#5803,.T.);
#5805=EDGE_LOOP('',(#5804));
#5806=FACE_BOUND('',#5805,.T.);
#5807=CARTESIAN_POINT('',(-0.0182780258019278,-0.000826,0.0304152914594277));
#5808=DIRECTION('',(0.,1.,0.));
#5809=DIRECTION('',(0.,0.,1.));
#5810=AXIS2_PLACEMENT_3D('',#5807,#5808,#5809);
#5811=CIRCLE('',#5810,0.00025);
#5812=CARTESIAN_POINT('',(-0.0182780258019278,-0.000826,0.0301652914594277));
#5813=VERTEX_POINT('',#5812);
#5814=EDGE_CURVE('',#5813,#5813,#5811,.T.);
#5815=ORIENTED_EDGE('',*,*,#5814,.F.);
#5816=EDGE_LOOP('',(#5815));
#5817=FACE_BOUND('',#5816,.T.);
#5818=ADVANCED_FACE('',(#5806,#5817),#5795,.F.);
#5819=CARTESIAN_POINT('',(-0.0202265829604428,0.000826,0.0292902914594277));
#5820=DIRECTION('',(0.,-1.,0.));
#5821=DIRECTION('',(0.,0.,-1.));
#5822=AXIS2_PLACEMENT_3D('',#5819,#5820,#5821);
#5823=CYLINDRICAL_SURFACE('',#5822,0.00025);
#5824=CARTESIAN_POINT('',(-0.0202265829604428,0.000826,0.0292902914594277));
#5825=DIRECTION('',(0.,1.,0.));
#5826=DIRECTION('',(0.,0.,1.));
#5827=AXIS2_PLACEMENT_3D('',#5824,#5825,#5826);
#5828=CIRCLE('',#5827,0.00025);
#5829=CARTESIAN_POINT('',(-0.0202265829604428,0.000826,0.0290402914594277));
#5830=VERTEX_POINT('',#5829);
#5831=EDGE_CURVE('',#5830,#5830,#5828,.T.);
#5832=ORIENTED_EDGE('',*,*,#5831,.T.);
#5833=EDGE_LOOP('',(#5832));
#5834=FACE_BOUND('',#5833,.T.);
#5835=CARTESIAN_POINT('',(-0.0202265829604428,-0.000826,0.0292902914594277));
#5836=DIRECTION('',(0.,1.,0.));
#5837=DIRECTION('',(0.,0.,1.));
#5838=AXIS2_PLACEMENT_3D('',#5835,#5836,#5837);
#5839=CIRCLE('',#5838,0.00025);
#5840=CARTESIAN_POINT('',(-0.0202265829604428,-0.000826,0.0290402914594277));
#5841=VERTEX_POINT('',#5840);
#5842=EDGE_CURVE('',#5841,#5841,#5839,.T.);
#5843=ORIENTED_EDGE('',*,*,#5842,.F.);
#5844=EDGE_LOOP('',(#5843));
#5845=FACE_BOUND('',#5844,.T.);
#5846=ADVANCED_FACE('',(#5834,#5845),#5823,.F.);
#5847=CARTESIAN_POINT('',(-0.0221751401189578,0.000826,0.0304152914594277));
#5848=DIRECTION('',(0.,-1.,0.));
#5849=DIRECTION('',(0.,0.,-1.));
#5850=AXIS2_PLACEMENT_3D('',#5847,#5848,#5849);
#5851=CYLINDRICAL_SURFACE('',#5850,0.00025);
#5852=CARTESIAN_POINT('',(-0.0221751401189578,0.000826,0.0304152914594277));
#5853=DIRECTION('',(0.,1.,0.));
#5854=DIRECTION('',(0.,0.,1.));
#5855=AXIS2_PLACEMENT_3D('',#5852,#5853,#5854);
#5856=CIRCLE('',#5855,0.00025);
#5857=CARTESIAN_POINT('',(-0.0221751401189578,0.000826,0.0301652914594277));
#5858=VERTEX_POINT('',#5857);
#5859=EDGE_CURVE('',#5858,#5858,#5856,.T.);
#5860=ORIENTED_EDGE('',*,*,#5859,.T.);
#5861=EDGE_LOOP('',(#5860));
#5862=FACE_BOUND('',#5861,.T.);
#5863=CARTESIAN_POINT('',(-0.0221751401189578,-0.000826,0.0304152914594277));
#5864=DIRECTION('',(0.,1.,0.));
#5865=DIRECTION('',(0.,0.,1.));
#5866=AXIS2_PLACEMENT_3D('',#5863,#5864,#5865);
#5867=CIRCLE('',#5866,0.00025);
#5868=CARTESIAN_POINT('',(-0.0221751401189578,-0.000826,0.0301652914594277));
#5869=VERTEX_POINT('',#5868);
#5870=EDGE_CURVE('',#5869,#5869,#5867,.T.);
#5871=ORIENTED_EDGE('',*,*,#5870,.F.);
#5872=EDGE_LOOP('',(#5871));
#5873=FACE_BOUND('',#5872,.T.);
#5874=ADVANCED_FACE('',(#5862,#5873),#5851,.F.);
#5875=CARTESIAN_POINT('',(-0.0221751401189578,0.000826,0.0326652914594277));
#5876=DIRECTION('',(0.,-1.,0.));
#5877=DIRECTION('',(0.,0.,-1.));
#5878=AXIS2_PLACEMENT_3D('',#5875,#5876,#5877);
#5879=CYLINDRICAL_SURFACE('',#5878,0.00025);
#5880=CARTESIAN_POINT('',(-0.0221751401189578,0.000826,0.0326652914594277));
#5881=DIRECTION('',(0.,1.,0.));
#5882=DIRECTION('',(0.,0.,1.));
#5883=AXIS2_PLACEMENT_3D('',#5880,#5881,#5882);
#5884=CIRCLE('',#5883,0.00025);
#5885=CARTESIAN_POINT('',(-0.0221751401189578,0.000826,0.0324152914594277));
#5886=VERTEX_POINT('',#5885);
#5887=EDGE_CURVE('',#5886,#5886,#5884,.T.);
#5888=ORIENTED_EDGE('',*,*,#5887,.T.);
#5889=EDGE_LOOP('',(#5888));
#5890=FACE_BOUND('',#5889,.T.);
#5891=CARTESIAN_POINT('',(-0.0221751401189578,-0.000826,0.0326652914594277));
#5892=DIRECTION('',(0.,1.,0.));
#5893=DIRECTION('',(0.,0.,1.));
#5894=AXIS2_PLACEMENT_3D('',#5891,#5892,#5893);
#5895=CIRCLE('',#5894,0.00025);
#5896=CARTESIAN_POINT('',(-0.0221751401189578,-0.000826,0.0324152914594277));
#5897=VERTEX_POINT('',#5896);
#5898=EDGE_CURVE('',#5897,#5897,#5895,.T.);
#5899=ORIENTED_EDGE('',*,*,#5898,.F.);
#5900=EDGE_LOOP('',(#5899));
#5901=FACE_BOUND('',#5900,.T.);
#5902=ADVANCED_FACE('',(#5890,#5901),#5879,.F.);
#5903=CARTESIAN_POINT('',(-0.0202265829604428,0.000826,0.0315402914594277));
#5904=DIRECTION('',(0.,-1.,0.));
#5905=DIRECTION('',(0.,0.,-1.));
#5906=AXIS2_PLACEMENT_3D('',#5903,#5904,#5905);
#5907=CYLINDRICAL_SURFACE('',#5906,0.003);
#5908=CARTESIAN_POINT('',(-0.0202265829604428,0.000826,0.0315402914594277));
#5909=DIRECTION('',(0.,1.,0.));
#5910=DIRECTION('',(0.,0.,1.));
#5911=AXIS2_PLACEMENT_3D('',#5908,#5909,#5910);
#5912=CIRCLE('',#5911,0.003);
#5913=CARTESIAN_POINT('',(-0.0202265829604428,0.000826,0.0285402914594277));
#5914=VERTEX_POINT('',#5913);
#5915=EDGE_CURVE('',#5914,#5914,#5912,.T.);
#5916=ORIENTED_EDGE('',*,*,#5915,.F.);
#5917=EDGE_LOOP('',(#5916));
#5918=FACE_BOUND('',#5917,.T.);
#5919=ORIENTED_EDGE('',*,*,#1486,.T.);
#5920=EDGE_LOOP('',(#5919));
#5921=FACE_BOUND('',#5920,.T.);
#5922=ADVANCED_FACE('',(#5918,#5921),#5907,.T.);
#5923=CARTESIAN_POINT('',(0.,0.000826,0.));
#5924=DIRECTION('',(0.,1.,0.));
#5925=DIRECTION('',(0.,0.,1.));
#5926=AXIS2_PLACEMENT_3D('',#5923,#5924,#5925);
#5927=PLANE('',#5926);
#5928=ORIENTED_EDGE('',*,*,#5887,.F.);
#5929=EDGE_LOOP('',(#5928));
#5930=FACE_BOUND('',#5929,.T.);
#5931=ORIENTED_EDGE('',*,*,#5859,.F.);
#5932=EDGE_LOOP('',(#5931));
#5933=FACE_BOUND('',#5932,.T.);
#5934=ORIENTED_EDGE('',*,*,#5831,.F.);
#5935=EDGE_LOOP('',(#5934));
#5936=FACE_BOUND('',#5935,.T.);
#5937=ORIENTED_EDGE('',*,*,#5803,.F.);
#5938=EDGE_LOOP('',(#5937));
#5939=FACE_BOUND('',#5938,.T.);
#5940=ORIENTED_EDGE('',*,*,#5775,.F.);
#5941=EDGE_LOOP('',(#5940));
#5942=FACE_BOUND('',#5941,.T.);
#5943=ORIENTED_EDGE('',*,*,#5747,.F.);
#5944=EDGE_LOOP('',(#5943));
#5945=FACE_BOUND('',#5944,.T.);
#5946=ORIENTED_EDGE('',*,*,#3361,.F.);
#5947=EDGE_LOOP('',(#5946));
#5948=FACE_BOUND('',#5947,.T.);
#5949=ORIENTED_EDGE('',*,*,#5915,.T.);
#5950=EDGE_LOOP('',(#5949));
#5951=FACE_BOUND('',#5950,.T.);
#5952=ADVANCED_FACE('',(#5930,#5933,#5936,#5939,#5942,#5945,#5948,#5951),#5927,.T.);
#5953=CARTESIAN_POINT('',(-0.0315402914594276,0.000826,0.0224765829604429));
#5954=DIRECTION('',(0.,-1.,0.));
#5955=DIRECTION('',(0.,0.,-1.));
#5956=AXIS2_PLACEMENT_3D('',#5953,#5954,#5955);
#5957=CYLINDRICAL_SURFACE('',#5956,0.00025);
#5958=CARTESIAN_POINT('',(-0.0315402914594276,0.000826,0.0224765829604429));
#5959=DIRECTION('',(0.,1.,0.));
#5960=DIRECTION('',(0.,0.,1.));
#5961=AXIS2_PLACEMENT_3D('',#5958,#5959,#5960);
#5962=CIRCLE('',#5961,0.00025);
#5963=CARTESIAN_POINT('',(-0.0315402914594276,0.000826,0.0222265829604429));
#5964=VERTEX_POINT('',#5963);
#5965=EDGE_CURVE('',#5964,#5964,#5962,.T.);
#5966=ORIENTED_EDGE('',*,*,#5965,.T.);
#5967=EDGE_LOOP('',(#5966));
#5968=FACE_BOUND('',#5967,.T.);
#5969=CARTESIAN_POINT('',(-0.0315402914594276,-0.000826,0.0224765829604429));
#5970=DIRECTION('',(0.,1.,0.));
#5971=DIRECTION('',(0.,0.,1.));
#5972=AXIS2_PLACEMENT_3D('',#5969,#5970,#5971);
#5973=CIRCLE('',#5972,0.00025);
#5974=CARTESIAN_POINT('',(-0.0315402914594276,-0.000826,0.0222265829604429));
#5975=VERTEX_POINT('',#5974);
#5976=EDGE_CURVE('',#5975,#5975,#5973,.T.);
#5977=ORIENTED_EDGE('',*,*,#5976,.F.);
#5978=EDGE_LOOP('',(#5977));
#5979=FACE_BOUND('',#5978,.T.);
#5980=ADVANCED_FACE('',(#5968,#5979),#5957,.F.);
#5981=CARTESIAN_POINT('',(-0.0295917343009126,0.000826,0.0213515829604429));
#5982=DIRECTION('',(0.,-1.,0.));
#5983=DIRECTION('',(0.,0.,-1.));
#5984=AXIS2_PLACEMENT_3D('',#5981,#5982,#5983);
#5985=CYLINDRICAL_SURFACE('',#5984,0.00025);
#5986=CARTESIAN_POINT('',(-0.0295917343009126,0.000826,0.0213515829604429));
#5987=DIRECTION('',(0.,1.,0.));
#5988=DIRECTION('',(0.,0.,1.));
#5989=AXIS2_PLACEMENT_3D('',#5986,#5987,#5988);
#5990=CIRCLE('',#5989,0.00025);
#5991=CARTESIAN_POINT('',(-0.0295917343009126,0.000826,0.0211015829604429));
#5992=VERTEX_POINT('',#5991);
#5993=EDGE_CURVE('',#5992,#5992,#5990,.T.);
#5994=ORIENTED_EDGE('',*,*,#5993,.T.);
#5995=EDGE_LOOP('',(#5994));
#5996=FACE_BOUND('',#5995,.T.);
#5997=CARTESIAN_POINT('',(-0.0295917343009126,-0.000826,0.0213515829604429));
#5998=DIRECTION('',(0.,1.,0.));
#5999=DIRECTION('',(0.,0.,1.));
#6000=AXIS2_PLACEMENT_3D('',#5997,#5998,#5999);
#6001=CIRCLE('',#6000,0.00025);
#6002=CARTESIAN_POINT('',(-0.0295917343009126,-0.000826,0.0211015829604429));
#6003=VERTEX_POINT('',#6002);
#6004=EDGE_CURVE('',#6003,#6003,#6001,.T.);
#6005=ORIENTED_EDGE('',*,*,#6004,.F.);
#6006=EDGE_LOOP('',(#6005));
#6007=FACE_BOUND('',#6006,.T.);
#6008=ADVANCED_FACE('',(#5996,#6007),#5985,.F.);
#6009=CARTESIAN_POINT('',(-0.0295917343009126,0.000826,0.019101582960443));
#6010=DIRECTION('',(0.,-1.,0.));
#6011=DIRECTION('',(0.,0.,-1.));
#6012=AXIS2_PLACEMENT_3D('',#6009,#6010,#6011);
#6013=CYLINDRICAL_SURFACE('',#6012,0.00025);
#6014=CARTESIAN_POINT('',(-0.0295917343009126,0.000826,0.019101582960443));
#6015=DIRECTION('',(0.,1.,0.));
#6016=DIRECTION('',(0.,0.,1.));
#6017=AXIS2_PLACEMENT_3D('',#6014,#6015,#6016);
#6018=CIRCLE('',#6017,0.00025);
#6019=CARTESIAN_POINT('',(-0.0295917343009126,0.000826,0.018851582960443));
#6020=VERTEX_POINT('',#6019);
#6021=EDGE_CURVE('',#6020,#6020,#6018,.T.);
#6022=ORIENTED_EDGE('',*,*,#6021,.T.);
#6023=EDGE_LOOP('',(#6022));
#6024=FACE_BOUND('',#6023,.T.);
#6025=CARTESIAN_POINT('',(-0.0295917343009126,-0.000826,0.019101582960443));
#6026=DIRECTION('',(0.,1.,0.));
#6027=DIRECTION('',(0.,0.,1.));
#6028=AXIS2_PLACEMENT_3D('',#6025,#6026,#6027);
#6029=CIRCLE('',#6028,0.00025);
#6030=CARTESIAN_POINT('',(-0.0295917343009126,-0.000826,0.018851582960443));
#6031=VERTEX_POINT('',#6030);
#6032=EDGE_CURVE('',#6031,#6031,#6029,.T.);
#6033=ORIENTED_EDGE('',*,*,#6032,.F.);
#6034=EDGE_LOOP('',(#6033));
#6035=FACE_BOUND('',#6034,.T.);
#6036=ADVANCED_FACE('',(#6024,#6035),#6013,.F.);
#6037=CARTESIAN_POINT('',(-0.0315402914594276,0.000826,0.0179765829604429));
#6038=DIRECTION('',(0.,-1.,0.));
#6039=DIRECTION('',(0.,0.,-1.));
#6040=AXIS2_PLACEMENT_3D('',#6037,#6038,#6039);
#6041=CYLINDRICAL_SURFACE('',#6040,0.00025);
#6042=CARTESIAN_POINT('',(-0.0315402914594276,0.000826,0.0179765829604429));
#6043=DIRECTION('',(0.,1.,0.));
#6044=DIRECTION('',(0.,0.,1.));
#6045=AXIS2_PLACEMENT_3D('',#6042,#6043,#6044);
#6046=CIRCLE('',#6045,0.00025);
#6047=CARTESIAN_POINT('',(-0.0315402914594276,0.000826,0.0177265829604429));
#6048=VERTEX_POINT('',#6047);
#6049=EDGE_CURVE('',#6048,#6048,#6046,.T.);
#6050=ORIENTED_EDGE('',*,*,#6049,.T.);
#6051=EDGE_LOOP('',(#6050));
#6052=FACE_BOUND('',#6051,.T.);
#6053=CARTESIAN_POINT('',(-0.0315402914594276,-0.000826,0.0179765829604429));
#6054=DIRECTION('',(0.,1.,0.));
#6055=DIRECTION('',(0.,0.,1.));
#6056=AXIS2_PLACEMENT_3D('',#6053,#6054,#6055);
#6057=CIRCLE('',#6056,0.00025);
#6058=CARTESIAN_POINT('',(-0.0315402914594276,-0.000826,0.0177265829604429));
#6059=VERTEX_POINT('',#6058);
#6060=EDGE_CURVE('',#6059,#6059,#6057,.T.);
#6061=ORIENTED_EDGE('',*,*,#6060,.F.);
#6062=EDGE_LOOP('',(#6061));
#6063=FACE_BOUND('',#6062,.T.);
#6064=ADVANCED_FACE('',(#6052,#6063),#6041,.F.);
#6065=CARTESIAN_POINT('',(-0.0334888486179426,0.000826,0.0191015829604429));
#6066=DIRECTION('',(0.,-1.,0.));
#6067=DIRECTION('',(0.,0.,-1.));
#6068=AXIS2_PLACEMENT_3D('',#6065,#6066,#6067);
#6069=CYLINDRICAL_SURFACE('',#6068,0.00025);
#6070=CARTESIAN_POINT('',(-0.0334888486179426,0.000826,0.0191015829604429));
#6071=DIRECTION('',(0.,1.,0.));
#6072=DIRECTION('',(0.,0.,1.));
#6073=AXIS2_PLACEMENT_3D('',#6070,#6071,#6072);
#6074=CIRCLE('',#6073,0.00025);
#6075=CARTESIAN_POINT('',(-0.0334888486179426,0.000826,0.0188515829604429));
#6076=VERTEX_POINT('',#6075);
#6077=EDGE_CURVE('',#6076,#6076,#6074,.T.);
#6078=ORIENTED_EDGE('',*,*,#6077,.T.);
#6079=EDGE_LOOP('',(#6078));
#6080=FACE_BOUND('',#6079,.T.);
#6081=CARTESIAN_POINT('',(-0.0334888486179426,-0.000826,0.0191015829604429));
#6082=DIRECTION('',(0.,1.,0.));
#6083=DIRECTION('',(0.,0.,1.));
#6084=AXIS2_PLACEMENT_3D('',#6081,#6082,#6083);
#6085=CIRCLE('',#6084,0.00025);
#6086=CARTESIAN_POINT('',(-0.0334888486179426,-0.000826,0.0188515829604429));
#6087=VERTEX_POINT('',#6086);
#6088=EDGE_CURVE('',#6087,#6087,#6085,.T.);
#6089=ORIENTED_EDGE('',*,*,#6088,.F.);
#6090=EDGE_LOOP('',(#6089));
#6091=FACE_BOUND('',#6090,.T.);
#6092=ADVANCED_FACE('',(#6080,#6091),#6069,.F.);
#6093=CARTESIAN_POINT('',(-0.0334888486179426,0.000826,0.0213515829604429));
#6094=DIRECTION('',(0.,-1.,0.));
#6095=DIRECTION('',(0.,0.,-1.));
#6096=AXIS2_PLACEMENT_3D('',#6093,#6094,#6095);
#6097=CYLINDRICAL_SURFACE('',#6096,0.00025);
#6098=CARTESIAN_POINT('',(-0.0334888486179426,0.000826,0.0213515829604429));
#6099=DIRECTION('',(0.,1.,0.));
#6100=DIRECTION('',(0.,0.,1.));
#6101=AXIS2_PLACEMENT_3D('',#6098,#6099,#6100);
#6102=CIRCLE('',#6101,0.00025);
#6103=CARTESIAN_POINT('',(-0.0334888486179426,0.000826,0.0211015829604429));
#6104=VERTEX_POINT('',#6103);
#6105=EDGE_CURVE('',#6104,#6104,#6102,.T.);
#6106=ORIENTED_EDGE('',*,*,#6105,.T.);
#6107=EDGE_LOOP('',(#6106));
#6108=FACE_BOUND('',#6107,.T.);
#6109=CARTESIAN_POINT('',(-0.0334888486179426,-0.000826,0.0213515829604429));
#6110=DIRECTION('',(0.,1.,0.));
#6111=DIRECTION('',(0.,0.,1.));
#6112=AXIS2_PLACEMENT_3D('',#6109,#6110,#6111);
#6113=CIRCLE('',#6112,0.00025);
#6114=CARTESIAN_POINT('',(-0.0334888486179426,-0.000826,0.0211015829604429));
#6115=VERTEX_POINT('',#6114);
#6116=EDGE_CURVE('',#6115,#6115,#6113,.T.);
#6117=ORIENTED_EDGE('',*,*,#6116,.F.);
#6118=EDGE_LOOP('',(#6117));
#6119=FACE_BOUND('',#6118,.T.);
#6120=ADVANCED_FACE('',(#6108,#6119),#6097,.F.);
#6121=CARTESIAN_POINT('',(-0.0315402914594276,0.000826,0.0202265829604429));
#6122=DIRECTION('',(0.,-1.,0.));
#6123=DIRECTION('',(0.,0.,-1.));
#6124=AXIS2_PLACEMENT_3D('',#6121,#6122,#6123);
#6125=CYLINDRICAL_SURFACE('',#6124,0.003);
#6126=CARTESIAN_POINT('',(-0.0315402914594276,0.000826,0.0202265829604429));
#6127=DIRECTION('',(0.,1.,0.));
#6128=DIRECTION('',(0.,0.,1.));
#6129=AXIS2_PLACEMENT_3D('',#6126,#6127,#6128);
#6130=CIRCLE('',#6129,0.003);
#6131=CARTESIAN_POINT('',(-0.0315402914594276,0.000826,0.0172265829604429));
#6132=VERTEX_POINT('',#6131);
#6133=EDGE_CURVE('',#6132,#6132,#6130,.T.);
#6134=ORIENTED_EDGE('',*,*,#6133,.F.);
#6135=EDGE_LOOP('',(#6134));
#6136=FACE_BOUND('',#6135,.T.);
#6137=ORIENTED_EDGE('',*,*,#1475,.T.);
#6138=EDGE_LOOP('',(#6137));
#6139=FACE_BOUND('',#6138,.T.);
#6140=ADVANCED_FACE('',(#6136,#6139),#6125,.T.);
#6141=CARTESIAN_POINT('',(0.,0.000826,0.));
#6142=DIRECTION('',(0.,1.,0.));
#6143=DIRECTION('',(0.,0.,1.));
#6144=AXIS2_PLACEMENT_3D('',#6141,#6142,#6143);
#6145=PLANE('',#6144);
#6146=ORIENTED_EDGE('',*,*,#6105,.F.);
#6147=EDGE_LOOP('',(#6146));
#6148=FACE_BOUND('',#6147,.T.);
#6149=ORIENTED_EDGE('',*,*,#6077,.F.);
#6150=EDGE_LOOP('',(#6149));
#6151=FACE_BOUND('',#6150,.T.);
#6152=ORIENTED_EDGE('',*,*,#6049,.F.);
#6153=EDGE_LOOP('',(#6152));
#6154=FACE_BOUND('',#6153,.T.);
#6155=ORIENTED_EDGE('',*,*,#6021,.F.);
#6156=EDGE_LOOP('',(#6155));
#6157=FACE_BOUND('',#6156,.T.);
#6158=ORIENTED_EDGE('',*,*,#5993,.F.);
#6159=EDGE_LOOP('',(#6158));
#6160=FACE_BOUND('',#6159,.T.);
#6161=ORIENTED_EDGE('',*,*,#5965,.F.);
#6162=EDGE_LOOP('',(#6161));
#6163=FACE_BOUND('',#6162,.T.);
#6164=ORIENTED_EDGE('',*,*,#3445,.F.);
#6165=EDGE_LOOP('',(#6164));
#6166=FACE_BOUND('',#6165,.T.);
#6167=ORIENTED_EDGE('',*,*,#6133,.T.);
#6168=EDGE_LOOP('',(#6167));
#6169=FACE_BOUND('',#6168,.T.);
#6170=ADVANCED_FACE('',(#6148,#6151,#6154,#6157,#6160,#6163,#6166,#6169),#6145,.T.);
#6171=CARTESIAN_POINT('',(0.0303412517628014,0.000826,0.0500318182792001));
#6172=DIRECTION('',(0.,-1.,0.));
#6173=DIRECTION('',(0.,0.,-1.));
#6174=AXIS2_PLACEMENT_3D('',#6171,#6172,#6173);
#6175=CYLINDRICAL_SURFACE('',#6174,0.00025);
#6176=CARTESIAN_POINT('',(0.0303412517628014,0.000826,0.0500318182792001));
#6177=DIRECTION('',(0.,1.,0.));
#6178=DIRECTION('',(0.,0.,1.));
#6179=AXIS2_PLACEMENT_3D('',#6176,#6177,#6178);
#6180=CIRCLE('',#6179,0.00025);
#6181=CARTESIAN_POINT('',(0.0303412517628014,0.000826,0.0497818182792001));
#6182=VERTEX_POINT('',#6181);
#6183=EDGE_CURVE('',#6182,#6182,#6180,.T.);
#6184=ORIENTED_EDGE('',*,*,#6183,.T.);
#6185=EDGE_LOOP('',(#6184));
#6186=FACE_BOUND('',#6185,.T.);
#6187=CARTESIAN_POINT('',(0.0303412517628014,-0.000826,0.0500318182792001));
#6188=DIRECTION('',(0.,1.,0.));
#6189=DIRECTION('',(0.,0.,1.));
#6190=AXIS2_PLACEMENT_3D('',#6187,#6188,#6189);
#6191=CIRCLE('',#6190,0.00025);
#6192=CARTESIAN_POINT('',(0.0303412517628014,-0.000826,0.0497818182792001));
#6193=VERTEX_POINT('',#6192);
#6194=EDGE_CURVE('',#6193,#6193,#6191,.T.);
#6195=ORIENTED_EDGE('',*,*,#6194,.F.);
#6196=EDGE_LOOP('',(#6195));
#6197=FACE_BOUND('',#6196,.T.);
#6198=ADVANCED_FACE('',(#6186,#6197),#6175,.F.);
#6199=CARTESIAN_POINT('',(0.0292162517628014,0.000826,0.0480832611206851));
#6200=DIRECTION('',(0.,-1.,0.));
#6201=DIRECTION('',(0.,0.,-1.));
#6202=AXIS2_PLACEMENT_3D('',#6199,#6200,#6201);
#6203=CYLINDRICAL_SURFACE('',#6202,0.00025);
#6204=CARTESIAN_POINT('',(0.0292162517628014,0.000826,0.0480832611206851));
#6205=DIRECTION('',(0.,1.,0.));
#6206=DIRECTION('',(0.,0.,1.));
#6207=AXIS2_PLACEMENT_3D('',#6204,#6205,#6206);
#6208=CIRCLE('',#6207,0.00025);
#6209=CARTESIAN_POINT('',(0.0292162517628014,0.000826,0.0478332611206851));
#6210=VERTEX_POINT('',#6209);
#6211=EDGE_CURVE('',#6210,#6210,#6208,.T.);
#6212=ORIENTED_EDGE('',*,*,#6211,.T.);
#6213=EDGE_LOOP('',(#6212));
#6214=FACE_BOUND('',#6213,.T.);
#6215=CARTESIAN_POINT('',(0.0292162517628014,-0.000826,0.0480832611206851));
#6216=DIRECTION('',(0.,1.,0.));
#6217=DIRECTION('',(0.,0.,1.));
#6218=AXIS2_PLACEMENT_3D('',#6215,#6216,#6217);
#6219=CIRCLE('',#6218,0.00025);
#6220=CARTESIAN_POINT('',(0.0292162517628014,-0.000826,0.0478332611206851));
#6221=VERTEX_POINT('',#6220);
#6222=EDGE_CURVE('',#6221,#6221,#6219,.T.);
#6223=ORIENTED_EDGE('',*,*,#6222,.F.);
#6224=EDGE_LOOP('',(#6223));
#6225=FACE_BOUND('',#6224,.T.);
#6226=ADVANCED_FACE('',(#6214,#6225),#6203,.F.);
#6227=CARTESIAN_POINT('',(0.0303412517628014,0.000826,0.0461347039621702));
#6228=DIRECTION('',(0.,-1.,0.));
#6229=DIRECTION('',(0.,0.,-1.));
#6230=AXIS2_PLACEMENT_3D('',#6227,#6228,#6229);
#6231=CYLINDRICAL_SURFACE('',#6230,0.00025);
#6232=CARTESIAN_POINT('',(0.0303412517628014,0.000826,0.0461347039621702));
#6233=DIRECTION('',(0.,1.,0.));
#6234=DIRECTION('',(0.,0.,1.));
#6235=AXIS2_PLACEMENT_3D('',#6232,#6233,#6234);
#6236=CIRCLE('',#6235,0.00025);
#6237=CARTESIAN_POINT('',(0.0303412517628014,0.000826,0.0458847039621702));
#6238=VERTEX_POINT('',#6237);
#6239=EDGE_CURVE('',#6238,#6238,#6236,.T.);
#6240=ORIENTED_EDGE('',*,*,#6239,.T.);
#6241=EDGE_LOOP('',(#6240));
#6242=FACE_BOUND('',#6241,.T.);
#6243=CARTESIAN_POINT('',(0.0303412517628014,-0.000826,0.0461347039621702));
#6244=DIRECTION('',(0.,1.,0.));
#6245=DIRECTION('',(0.,0.,1.));
#6246=AXIS2_PLACEMENT_3D('',#6243,#6244,#6245);
#6247=CIRCLE('',#6246,0.00025);
#6248=CARTESIAN_POINT('',(0.0303412517628014,-0.000826,0.0458847039621702));
#6249=VERTEX_POINT('',#6248);
#6250=EDGE_CURVE('',#6249,#6249,#6247,.T.);
#6251=ORIENTED_EDGE('',*,*,#6250,.F.);
#6252=EDGE_LOOP('',(#6251));
#6253=FACE_BOUND('',#6252,.T.);
#6254=ADVANCED_FACE('',(#6242,#6253),#6231,.F.);
#6255=CARTESIAN_POINT('',(0.0325912517628014,0.000826,0.0461347039621702));
#6256=DIRECTION('',(0.,-1.,0.));
#6257=DIRECTION('',(0.,0.,-1.));
#6258=AXIS2_PLACEMENT_3D('',#6255,#6256,#6257);
#6259=CYLINDRICAL_SURFACE('',#6258,0.00025);
#6260=CARTESIAN_POINT('',(0.0325912517628014,0.000826,0.0461347039621702));
#6261=DIRECTION('',(0.,1.,0.));
#6262=DIRECTION('',(0.,0.,1.));
#6263=AXIS2_PLACEMENT_3D('',#6260,#6261,#6262);
#6264=CIRCLE('',#6263,0.00025);
#6265=CARTESIAN_POINT('',(0.0325912517628014,0.000826,0.0458847039621702));
#6266=VERTEX_POINT('',#6265);
#6267=EDGE_CURVE('',#6266,#6266,#6264,.T.);
#6268=ORIENTED_EDGE('',*,*,#6267,.T.);
#6269=EDGE_LOOP('',(#6268));
#6270=FACE_BOUND('',#6269,.T.);
#6271=CARTESIAN_POINT('',(0.0325912517628014,-0.000826,0.0461347039621702));
#6272=DIRECTION('',(0.,1.,0.));
#6273=DIRECTION('',(0.,0.,1.));
#6274=AXIS2_PLACEMENT_3D('',#6271,#6272,#6273);
#6275=CIRCLE('',#6274,0.00025);
#6276=CARTESIAN_POINT('',(0.0325912517628014,-0.000826,0.0458847039621702));
#6277=VERTEX_POINT('',#6276);
#6278=EDGE_CURVE('',#6277,#6277,#6275,.T.);
#6279=ORIENTED_EDGE('',*,*,#6278,.F.);
#6280=EDGE_LOOP('',(#6279));
#6281=FACE_BOUND('',#6280,.T.);
#6282=ADVANCED_FACE('',(#6270,#6281),#6259,.F.);
#6283=CARTESIAN_POINT('',(0.0337162517628014,0.000826,0.0480832611206851));
#6284=DIRECTION('',(0.,-1.,0.));
#6285=DIRECTION('',(0.,0.,-1.));
#6286=AXIS2_PLACEMENT_3D('',#6283,#6284,#6285);
#6287=CYLINDRICAL_SURFACE('',#6286,0.00025);
#6288=CARTESIAN_POINT('',(0.0337162517628014,0.000826,0.0480832611206851));
#6289=DIRECTION('',(0.,1.,0.));
#6290=DIRECTION('',(0.,0.,1.));
#6291=AXIS2_PLACEMENT_3D('',#6288,#6289,#6290);
#6292=CIRCLE('',#6291,0.00025);
#6293=CARTESIAN_POINT('',(0.0337162517628014,0.000826,0.0478332611206851));
#6294=VERTEX_POINT('',#6293);
#6295=EDGE_CURVE('',#6294,#6294,#6292,.T.);
#6296=ORIENTED_EDGE('',*,*,#6295,.T.);
#6297=EDGE_LOOP('',(#6296));
#6298=FACE_BOUND('',#6297,.T.);
#6299=CARTESIAN_POINT('',(0.0337162517628014,-0.000826,0.0480832611206851));
#6300=DIRECTION('',(0.,1.,0.));
#6301=DIRECTION('',(0.,0.,1.));
#6302=AXIS2_PLACEMENT_3D('',#6299,#6300,#6301);
#6303=CIRCLE('',#6302,0.00025);
#6304=CARTESIAN_POINT('',(0.0337162517628014,-0.000826,0.0478332611206851));
#6305=VERTEX_POINT('',#6304);
#6306=EDGE_CURVE('',#6305,#6305,#6303,.T.);
#6307=ORIENTED_EDGE('',*,*,#6306,.F.);
#6308=EDGE_LOOP('',(#6307));
#6309=FACE_BOUND('',#6308,.T.);
#6310=ADVANCED_FACE('',(#6298,#6309),#6287,.F.);
#6311=CARTESIAN_POINT('',(0.0325912517628014,0.000826,0.0500318182792001));
#6312=DIRECTION('',(0.,-1.,0.));
#6313=DIRECTION('',(0.,0.,-1.));
#6314=AXIS2_PLACEMENT_3D('',#6311,#6312,#6313);
#6315=CYLINDRICAL_SURFACE('',#6314,0.00025);
#6316=CARTESIAN_POINT('',(0.0325912517628014,0.000826,0.0500318182792001));
#6317=DIRECTION('',(0.,1.,0.));
#6318=DIRECTION('',(0.,0.,1.));
#6319=AXIS2_PLACEMENT_3D('',#6316,#6317,#6318);
#6320=CIRCLE('',#6319,0.00025);
#6321=CARTESIAN_POINT('',(0.0325912517628014,0.000826,0.0497818182792001));
#6322=VERTEX_POINT('',#6321);
#6323=EDGE_CURVE('',#6322,#6322,#6320,.T.);
#6324=ORIENTED_EDGE('',*,*,#6323,.T.);
#6325=EDGE_LOOP('',(#6324));
#6326=FACE_BOUND('',#6325,.T.);
#6327=CARTESIAN_POINT('',(0.0325912517628014,-0.000826,0.0500318182792001));
#6328=DIRECTION('',(0.,1.,0.));
#6329=DIRECTION('',(0.,0.,1.));
#6330=AXIS2_PLACEMENT_3D('',#6327,#6328,#6329);
#6331=CIRCLE('',#6330,0.00025);
#6332=CARTESIAN_POINT('',(0.0325912517628014,-0.000826,0.0497818182792001));
#6333=VERTEX_POINT('',#6332);
#6334=EDGE_CURVE('',#6333,#6333,#6331,.T.);
#6335=ORIENTED_EDGE('',*,*,#6334,.F.);
#6336=EDGE_LOOP('',(#6335));
#6337=FACE_BOUND('',#6336,.T.);
#6338=ADVANCED_FACE('',(#6326,#6337),#6315,.F.);
#6339=CARTESIAN_POINT('',(0.0314662517628014,0.000826,0.0480832611206851));
#6340=DIRECTION('',(0.,-1.,0.));
#6341=DIRECTION('',(0.,0.,-1.));
#6342=AXIS2_PLACEMENT_3D('',#6339,#6340,#6341);
#6343=CYLINDRICAL_SURFACE('',#6342,0.003);
#6344=CARTESIAN_POINT('',(0.0314662517628014,0.000826,0.0480832611206851));
#6345=DIRECTION('',(0.,1.,0.));
#6346=DIRECTION('',(0.,0.,1.));
#6347=AXIS2_PLACEMENT_3D('',#6344,#6345,#6346);
#6348=CIRCLE('',#6347,0.003);
#6349=CARTESIAN_POINT('',(0.0314662517628014,0.000826,0.0450832611206851));
#6350=VERTEX_POINT('',#6349);
#6351=EDGE_CURVE('',#6350,#6350,#6348,.T.);
#6352=ORIENTED_EDGE('',*,*,#6351,.F.);
#6353=EDGE_LOOP('',(#6352));
#6354=FACE_BOUND('',#6353,.T.);
#6355=ORIENTED_EDGE('',*,*,#1464,.T.);
#6356=EDGE_LOOP('',(#6355));
#6357=FACE_BOUND('',#6356,.T.);
#6358=ADVANCED_FACE('',(#6354,#6357),#6343,.T.);
#6359=CARTESIAN_POINT('',(0.,0.000826,0.));
#6360=DIRECTION('',(0.,1.,0.));
#6361=DIRECTION('',(0.,0.,1.));
#6362=AXIS2_PLACEMENT_3D('',#6359,#6360,#6361);
#6363=PLANE('',#6362);
#6364=ORIENTED_EDGE('',*,*,#6323,.F.);
#6365=EDGE_LOOP('',(#6364));
#6366=FACE_BOUND('',#6365,.T.);
#6367=ORIENTED_EDGE('',*,*,#6295,.F.);
#6368=EDGE_LOOP('',(#6367));
#6369=FACE_BOUND('',#6368,.T.);
#6370=ORIENTED_EDGE('',*,*,#6267,.F.);
#6371=EDGE_LOOP('',(#6370));
#6372=FACE_BOUND('',#6371,.T.);
#6373=ORIENTED_EDGE('',*,*,#6239,.F.);
#6374=EDGE_LOOP('',(#6373));
#6375=FACE_BOUND('',#6374,.T.);
#6376=ORIENTED_EDGE('',*,*,#6211,.F.);
#6377=EDGE_LOOP('',(#6376));
#6378=FACE_BOUND('',#6377,.T.);
#6379=ORIENTED_EDGE('',*,*,#6183,.F.);
#6380=EDGE_LOOP('',(#6379));
#6381=FACE_BOUND('',#6380,.T.);
#6382=ORIENTED_EDGE('',*,*,#3277,.F.);
#6383=EDGE_LOOP('',(#6382));
#6384=FACE_BOUND('',#6383,.T.);
#6385=ORIENTED_EDGE('',*,*,#6351,.T.);
#6386=EDGE_LOOP('',(#6385));
#6387=FACE_BOUND('',#6386,.T.);
#6388=ADVANCED_FACE('',(#6366,#6369,#6372,#6375,#6378,#6381,#6384,#6387),#6363,.T.);
#6389=CARTESIAN_POINT('',(0.0191015829604429,0.000826,0.0334888486179426));
#6390=DIRECTION('',(0.,-1.,0.));
#6391=DIRECTION('',(0.,0.,-1.));
#6392=AXIS2_PLACEMENT_3D('',#6389,#6390,#6391);
#6393=CYLINDRICAL_SURFACE('',#6392,0.00025);
#6394=CARTESIAN_POINT('',(0.0191015829604429,0.000826,0.0334888486179426));
#6395=DIRECTION('',(0.,1.,0.));
#6396=DIRECTION('',(0.,0.,1.));
#6397=AXIS2_PLACEMENT_3D('',#6394,#6395,#6396);
#6398=CIRCLE('',#6397,0.00025);
#6399=CARTESIAN_POINT('',(0.0191015829604429,0.000826,0.0332388486179426));
#6400=VERTEX_POINT('',#6399);
#6401=EDGE_CURVE('',#6400,#6400,#6398,.T.);
#6402=ORIENTED_EDGE('',*,*,#6401,.T.);
#6403=EDGE_LOOP('',(#6402));
#6404=FACE_BOUND('',#6403,.T.);
#6405=CARTESIAN_POINT('',(0.0191015829604429,-0.000826,0.0334888486179426));
#6406=DIRECTION('',(0.,1.,0.));
#6407=DIRECTION('',(0.,0.,1.));
#6408=AXIS2_PLACEMENT_3D('',#6405,#6406,#6407);
#6409=CIRCLE('',#6408,0.00025);
#6410=CARTESIAN_POINT('',(0.0191015829604429,-0.000826,0.0332388486179426));
#6411=VERTEX_POINT('',#6410);
#6412=EDGE_CURVE('',#6411,#6411,#6409,.T.);
#6413=ORIENTED_EDGE('',*,*,#6412,.F.);
#6414=EDGE_LOOP('',(#6413));
#6415=FACE_BOUND('',#6414,.T.);
#6416=ADVANCED_FACE('',(#6404,#6415),#6393,.F.);
#6417=CARTESIAN_POINT('',(0.0213515829604429,0.000826,0.0334888486179426));
#6418=DIRECTION('',(0.,-1.,0.));
#6419=DIRECTION('',(0.,0.,-1.));
#6420=AXIS2_PLACEMENT_3D('',#6417,#6418,#6419);
#6421=CYLINDRICAL_SURFACE('',#6420,0.00025);
#6422=CARTESIAN_POINT('',(0.0213515829604429,0.000826,0.0334888486179426));
#6423=DIRECTION('',(0.,1.,0.));
#6424=DIRECTION('',(0.,0.,1.));
#6425=AXIS2_PLACEMENT_3D('',#6422,#6423,#6424);
#6426=CIRCLE('',#6425,0.00025);
#6427=CARTESIAN_POINT('',(0.0213515829604429,0.000826,0.0332388486179426));
#6428=VERTEX_POINT('',#6427);
#6429=EDGE_CURVE('',#6428,#6428,#6426,.T.);
#6430=ORIENTED_EDGE('',*,*,#6429,.T.);
#6431=EDGE_LOOP('',(#6430));
#6432=FACE_BOUND('',#6431,.T.);
#6433=CARTESIAN_POINT('',(0.0213515829604429,-0.000826,0.0334888486179426));
#6434=DIRECTION('',(0.,1.,0.));
#6435=DIRECTION('',(0.,0.,1.));
#6436=AXIS2_PLACEMENT_3D('',#6433,#6434,#6435);
#6437=CIRCLE('',#6436,0.00025);
#6438=CARTESIAN_POINT('',(0.0213515829604429,-0.000826,0.0332388486179426));
#6439=VERTEX_POINT('',#6438);
#6440=EDGE_CURVE('',#6439,#6439,#6437,.T.);
#6441=ORIENTED_EDGE('',*,*,#6440,.F.);
#6442=EDGE_LOOP('',(#6441));
#6443=FACE_BOUND('',#6442,.T.);
#6444=ADVANCED_FACE('',(#6432,#6443),#6421,.F.);
#6445=CARTESIAN_POINT('',(0.0224765829604429,0.000826,0.0315402914594276));
#6446=DIRECTION('',(0.,-1.,0.));
#6447=DIRECTION('',(0.,0.,-1.));
#6448=AXIS2_PLACEMENT_3D('',#6445,#6446,#6447);
#6449=CYLINDRICAL_SURFACE('',#6448,0.00025);
#6450=CARTESIAN_POINT('',(0.0224765829604429,0.000826,0.0315402914594276));
#6451=DIRECTION('',(0.,1.,0.));
#6452=DIRECTION('',(0.,0.,1.));
#6453=AXIS2_PLACEMENT_3D('',#6450,#6451,#6452);
#6454=CIRCLE('',#6453,0.00025);
#6455=CARTESIAN_POINT('',(0.0224765829604429,0.000826,0.0312902914594276));
#6456=VERTEX_POINT('',#6455);
#6457=EDGE_CURVE('',#6456,#6456,#6454,.T.);
#6458=ORIENTED_EDGE('',*,*,#6457,.T.);
#6459=EDGE_LOOP('',(#6458));
#6460=FACE_BOUND('',#6459,.T.);
#6461=CARTESIAN_POINT('',(0.0224765829604429,-0.000826,0.0315402914594276));
#6462=DIRECTION('',(0.,1.,0.));
#6463=DIRECTION('',(0.,0.,1.));
#6464=AXIS2_PLACEMENT_3D('',#6461,#6462,#6463);
#6465=CIRCLE('',#6464,0.00025);
#6466=CARTESIAN_POINT('',(0.0224765829604429,-0.000826,0.0312902914594276));
#6467=VERTEX_POINT('',#6466);
#6468=EDGE_CURVE('',#6467,#6467,#6465,.T.);
#6469=ORIENTED_EDGE('',*,*,#6468,.F.);
#6470=EDGE_LOOP('',(#6469));
#6471=FACE_BOUND('',#6470,.T.);
#6472=ADVANCED_FACE('',(#6460,#6471),#6449,.F.);
#6473=CARTESIAN_POINT('',(0.0213515829604429,0.000826,0.0295917343009126));
#6474=DIRECTION('',(0.,-1.,0.));
#6475=DIRECTION('',(0.,0.,-1.));
#6476=AXIS2_PLACEMENT_3D('',#6473,#6474,#6475);
#6477=CYLINDRICAL_SURFACE('',#6476,0.00025);
#6478=CARTESIAN_POINT('',(0.0213515829604429,0.000826,0.0295917343009126));
#6479=DIRECTION('',(0.,1.,0.));
#6480=DIRECTION('',(0.,0.,1.));
#6481=AXIS2_PLACEMENT_3D('',#6478,#6479,#6480);
#6482=CIRCLE('',#6481,0.00025);
#6483=CARTESIAN_POINT('',(0.0213515829604429,0.000826,0.0293417343009126));
#6484=VERTEX_POINT('',#6483);
#6485=EDGE_CURVE('',#6484,#6484,#6482,.T.);
#6486=ORIENTED_EDGE('',*,*,#6485,.T.);
#6487=EDGE_LOOP('',(#6486));
#6488=FACE_BOUND('',#6487,.T.);
#6489=CARTESIAN_POINT('',(0.0213515829604429,-0.000826,0.0295917343009126));
#6490=DIRECTION('',(0.,1.,0.));
#6491=DIRECTION('',(0.,0.,1.));
#6492=AXIS2_PLACEMENT_3D('',#6489,#6490,#6491);
#6493=CIRCLE('',#6492,0.00025);
#6494=CARTESIAN_POINT('',(0.0213515829604429,-0.000826,0.0293417343009126));
#6495=VERTEX_POINT('',#6494);
#6496=EDGE_CURVE('',#6495,#6495,#6493,.T.);
#6497=ORIENTED_EDGE('',*,*,#6496,.F.);
#6498=EDGE_LOOP('',(#6497));
#6499=FACE_BOUND('',#6498,.T.);
#6500=ADVANCED_FACE('',(#6488,#6499),#6477,.F.);
#6501=CARTESIAN_POINT('',(0.0191015829604429,0.000826,0.0295917343009126));
#6502=DIRECTION('',(0.,-1.,0.));
#6503=DIRECTION('',(0.,0.,-1.));
#6504=AXIS2_PLACEMENT_3D('',#6501,#6502,#6503);
#6505=CYLINDRICAL_SURFACE('',#6504,0.00025);
#6506=CARTESIAN_POINT('',(0.0191015829604429,0.000826,0.0295917343009126));
#6507=DIRECTION('',(0.,1.,0.));
#6508=DIRECTION('',(0.,0.,1.));
#6509=AXIS2_PLACEMENT_3D('',#6506,#6507,#6508);
#6510=CIRCLE('',#6509,0.00025);
#6511=CARTESIAN_POINT('',(0.0191015829604429,0.000826,0.0293417343009126));
#6512=VERTEX_POINT('',#6511);
#6513=EDGE_CURVE('',#6512,#6512,#6510,.T.);
#6514=ORIENTED_EDGE('',*,*,#6513,.T.);
#6515=EDGE_LOOP('',(#6514));
#6516=FACE_BOUND('',#6515,.T.);
#6517=CARTESIAN_POINT('',(0.0191015829604429,-0.000826,0.0295917343009126));
#6518=DIRECTION('',(0.,1.,0.));
#6519=DIRECTION('',(0.,0.,1.));
#6520=AXIS2_PLACEMENT_3D('',#6517,#6518,#6519);
#6521=CIRCLE('',#6520,0.00025);
#6522=CARTESIAN_POINT('',(0.0191015829604429,-0.000826,0.0293417343009126));
#6523=VERTEX_POINT('',#6522);
#6524=EDGE_CURVE('',#6523,#6523,#6521,.T.);
#6525=ORIENTED_EDGE('',*,*,#6524,.F.);
#6526=EDGE_LOOP('',(#6525));
#6527=FACE_BOUND('',#6526,.T.);
#6528=ADVANCED_FACE('',(#6516,#6527),#6505,.F.);
#6529=CARTESIAN_POINT('',(0.0179765829604429,0.000826,0.0315402914594276));
#6530=DIRECTION('',(0.,-1.,0.));
#6531=DIRECTION('',(0.,0.,-1.));
#6532=AXIS2_PLACEMENT_3D('',#6529,#6530,#6531);
#6533=CYLINDRICAL_SURFACE('',#6532,0.00025);
#6534=CARTESIAN_POINT('',(0.0179765829604429,0.000826,0.0315402914594276));
#6535=DIRECTION('',(0.,1.,0.));
#6536=DIRECTION('',(0.,0.,1.));
#6537=AXIS2_PLACEMENT_3D('',#6534,#6535,#6536);
#6538=CIRCLE('',#6537,0.00025);
#6539=CARTESIAN_POINT('',(0.0179765829604429,0.000826,0.0312902914594276));
#6540=VERTEX_POINT('',#6539);
#6541=EDGE_CURVE('',#6540,#6540,#6538,.T.);
#6542=ORIENTED_EDGE('',*,*,#6541,.T.);
#6543=EDGE_LOOP('',(#6542));
#6544=FACE_BOUND('',#6543,.T.);
#6545=CARTESIAN_POINT('',(0.0179765829604429,-0.000826,0.0315402914594276));
#6546=DIRECTION('',(0.,1.,0.));
#6547=DIRECTION('',(0.,0.,1.));
#6548=AXIS2_PLACEMENT_3D('',#6545,#6546,#6547);
#6549=CIRCLE('',#6548,0.00025);
#6550=CARTESIAN_POINT('',(0.0179765829604429,-0.000826,0.0312902914594276));
#6551=VERTEX_POINT('',#6550);
#6552=EDGE_CURVE('',#6551,#6551,#6549,.T.);
#6553=ORIENTED_EDGE('',*,*,#6552,.F.);
#6554=EDGE_LOOP('',(#6553));
#6555=FACE_BOUND('',#6554,.T.);
#6556=ADVANCED_FACE('',(#6544,#6555),#6533,.F.);
#6557=CARTESIAN_POINT('',(0.0202265829604429,0.000826,0.0315402914594276));
#6558=DIRECTION('',(0.,-1.,0.));
#6559=DIRECTION('',(0.,0.,-1.));
#6560=AXIS2_PLACEMENT_3D('',#6557,#6558,#6559);
#6561=CYLINDRICAL_SURFACE('',#6560,0.00299999999999999);
#6562=CARTESIAN_POINT('',(0.0202265829604429,0.000826,0.0315402914594276));
#6563=DIRECTION('',(0.,1.,0.));
#6564=DIRECTION('',(0.,0.,1.));
#6565=AXIS2_PLACEMENT_3D('',#6562,#6563,#6564);
#6566=CIRCLE('',#6565,0.00299999999999999);
#6567=CARTESIAN_POINT('',(0.0202265829604429,0.000826,0.0285402914594276));
#6568=VERTEX_POINT('',#6567);
#6569=EDGE_CURVE('',#6568,#6568,#6566,.T.);
#6570=ORIENTED_EDGE('',*,*,#6569,.F.);
#6571=EDGE_LOOP('',(#6570));
#6572=FACE_BOUND('',#6571,.T.);
#6573=ORIENTED_EDGE('',*,*,#1453,.T.);
#6574=EDGE_LOOP('',(#6573));
#6575=FACE_BOUND('',#6574,.T.);
#6576=ADVANCED_FACE('',(#6572,#6575),#6561,.T.);
#6577=CARTESIAN_POINT('',(0.,0.000826,0.));
#6578=DIRECTION('',(0.,1.,0.));
#6579=DIRECTION('',(0.,0.,1.));
#6580=AXIS2_PLACEMENT_3D('',#6577,#6578,#6579);
#6581=PLANE('',#6580);
#6582=ORIENTED_EDGE('',*,*,#6541,.F.);
#6583=EDGE_LOOP('',(#6582));
#6584=FACE_BOUND('',#6583,.T.);
#6585=ORIENTED_EDGE('',*,*,#6513,.F.);
#6586=EDGE_LOOP('',(#6585));
#6587=FACE_BOUND('',#6586,.T.);
#6588=ORIENTED_EDGE('',*,*,#6485,.F.);
#6589=EDGE_LOOP('',(#6588));
#6590=FACE_BOUND('',#6589,.T.);
#6591=ORIENTED_EDGE('',*,*,#6457,.F.);
#6592=EDGE_LOOP('',(#6591));
#6593=FACE_BOUND('',#6592,.T.);
#6594=ORIENTED_EDGE('',*,*,#6429,.F.);
#6595=EDGE_LOOP('',(#6594));
#6596=FACE_BOUND('',#6595,.T.);
#6597=ORIENTED_EDGE('',*,*,#6401,.F.);
#6598=EDGE_LOOP('',(#6597));
#6599=FACE_BOUND('',#6598,.T.);
#6600=ORIENTED_EDGE('',*,*,#3613,.F.);
#6601=EDGE_LOOP('',(#6600));
#6602=FACE_BOUND('',#6601,.T.);
#6603=ORIENTED_EDGE('',*,*,#6569,.T.);
#6604=EDGE_LOOP('',(#6603));
#6605=FACE_BOUND('',#6604,.T.);
#6606=ADVANCED_FACE('',(#6584,#6587,#6590,#6593,#6596,#6599,#6602,#6605),#6581,.T.);
#6607=CARTESIAN_POINT('',(0.0304152914594277,0.000826,0.0221751401189578));
#6608=DIRECTION('',(0.,-1.,0.));
#6609=DIRECTION('',(0.,0.,-1.));
#6610=AXIS2_PLACEMENT_3D('',#6607,#6608,#6609);
#6611=CYLINDRICAL_SURFACE('',#6610,0.00025);
#6612=CARTESIAN_POINT('',(0.0304152914594277,0.000826,0.0221751401189578));
#6613=DIRECTION('',(0.,1.,0.));
#6614=DIRECTION('',(0.,0.,1.));
#6615=AXIS2_PLACEMENT_3D('',#6612,#6613,#6614);
#6616=CIRCLE('',#6615,0.00025);
#6617=CARTESIAN_POINT('',(0.0304152914594277,0.000826,0.0219251401189578));
#6618=VERTEX_POINT('',#6617);
#6619=EDGE_CURVE('',#6618,#6618,#6616,.T.);
#6620=ORIENTED_EDGE('',*,*,#6619,.T.);
#6621=EDGE_LOOP('',(#6620));
#6622=FACE_BOUND('',#6621,.T.);
#6623=CARTESIAN_POINT('',(0.0304152914594277,-0.000826,0.0221751401189578));
#6624=DIRECTION('',(0.,1.,0.));
#6625=DIRECTION('',(0.,0.,1.));
#6626=AXIS2_PLACEMENT_3D('',#6623,#6624,#6625);
#6627=CIRCLE('',#6626,0.00025);
#6628=CARTESIAN_POINT('',(0.0304152914594277,-0.000826,0.0219251401189578));
#6629=VERTEX_POINT('',#6628);
#6630=EDGE_CURVE('',#6629,#6629,#6627,.T.);
#6631=ORIENTED_EDGE('',*,*,#6630,.F.);
#6632=EDGE_LOOP('',(#6631));
#6633=FACE_BOUND('',#6632,.T.);
#6634=ADVANCED_FACE('',(#6622,#6633),#6611,.F.);
#6635=CARTESIAN_POINT('',(0.0292902914594277,0.000826,0.0202265829604428));
#6636=DIRECTION('',(0.,-1.,0.));
#6637=DIRECTION('',(0.,0.,-1.));
#6638=AXIS2_PLACEMENT_3D('',#6635,#6636,#6637);
#6639=CYLINDRICAL_SURFACE('',#6638,0.00025);
#6640=CARTESIAN_POINT('',(0.0292902914594277,0.000826,0.0202265829604428));
#6641=DIRECTION('',(0.,1.,0.));
#6642=DIRECTION('',(0.,0.,1.));
#6643=AXIS2_PLACEMENT_3D('',#6640,#6641,#6642);
#6644=CIRCLE('',#6643,0.00025);
#6645=CARTESIAN_POINT('',(0.0292902914594277,0.000826,0.0199765829604428));
#6646=VERTEX_POINT('',#6645);
#6647=EDGE_CURVE('',#6646,#6646,#6644,.T.);
#6648=ORIENTED_EDGE('',*,*,#6647,.T.);
#6649=EDGE_LOOP('',(#6648));
#6650=FACE_BOUND('',#6649,.T.);
#6651=CARTESIAN_POINT('',(0.0292902914594277,-0.000826,0.0202265829604428));
#6652=DIRECTION('',(0.,1.,0.));
#6653=DIRECTION('',(0.,0.,1.));
#6654=AXIS2_PLACEMENT_3D('',#6651,#6652,#6653);
#6655=CIRCLE('',#6654,0.00025);
#6656=CARTESIAN_POINT('',(0.0292902914594277,-0.000826,0.0199765829604428));
#6657=VERTEX_POINT('',#6656);
#6658=EDGE_CURVE('',#6657,#6657,#6655,.T.);
#6659=ORIENTED_EDGE('',*,*,#6658,.F.);
#6660=EDGE_LOOP('',(#6659));
#6661=FACE_BOUND('',#6660,.T.);
#6662=ADVANCED_FACE('',(#6650,#6661),#6639,.F.);
#6663=CARTESIAN_POINT('',(0.0304152914594277,0.000826,0.0182780258019278));
#6664=DIRECTION('',(0.,-1.,0.));
#6665=DIRECTION('',(0.,0.,-1.));
#6666=AXIS2_PLACEMENT_3D('',#6663,#6664,#6665);
#6667=CYLINDRICAL_SURFACE('',#6666,0.00025);
#6668=CARTESIAN_POINT('',(0.0304152914594277,0.000826,0.0182780258019278));
#6669=DIRECTION('',(0.,1.,0.));
#6670=DIRECTION('',(0.,0.,1.));
#6671=AXIS2_PLACEMENT_3D('',#6668,#6669,#6670);
#6672=CIRCLE('',#6671,0.00025);
#6673=CARTESIAN_POINT('',(0.0304152914594277,0.000826,0.0180280258019278));
#6674=VERTEX_POINT('',#6673);
#6675=EDGE_CURVE('',#6674,#6674,#6672,.T.);
#6676=ORIENTED_EDGE('',*,*,#6675,.T.);
#6677=EDGE_LOOP('',(#6676));
#6678=FACE_BOUND('',#6677,.T.);
#6679=CARTESIAN_POINT('',(0.0304152914594277,-0.000826,0.0182780258019278));
#6680=DIRECTION('',(0.,1.,0.));
#6681=DIRECTION('',(0.,0.,1.));
#6682=AXIS2_PLACEMENT_3D('',#6679,#6680,#6681);
#6683=CIRCLE('',#6682,0.00025);
#6684=CARTESIAN_POINT('',(0.0304152914594277,-0.000826,0.0180280258019278));
#6685=VERTEX_POINT('',#6684);
#6686=EDGE_CURVE('',#6685,#6685,#6683,.T.);
#6687=ORIENTED_EDGE('',*,*,#6686,.F.);
#6688=EDGE_LOOP('',(#6687));
#6689=FACE_BOUND('',#6688,.T.);
#6690=ADVANCED_FACE('',(#6678,#6689),#6667,.F.);
#6691=CARTESIAN_POINT('',(0.0326652914594277,0.000826,0.0182780258019278));
#6692=DIRECTION('',(0.,-1.,0.));
#6693=DIRECTION('',(0.,0.,-1.));
#6694=AXIS2_PLACEMENT_3D('',#6691,#6692,#6693);
#6695=CYLINDRICAL_SURFACE('',#6694,0.00025);
#6696=CARTESIAN_POINT('',(0.0326652914594277,0.000826,0.0182780258019278));
#6697=DIRECTION('',(0.,1.,0.));
#6698=DIRECTION('',(0.,0.,1.));
#6699=AXIS2_PLACEMENT_3D('',#6696,#6697,#6698);
#6700=CIRCLE('',#6699,0.00025);
#6701=CARTESIAN_POINT('',(0.0326652914594277,0.000826,0.0180280258019278));
#6702=VERTEX_POINT('',#6701);
#6703=EDGE_CURVE('',#6702,#6702,#6700,.T.);
#6704=ORIENTED_EDGE('',*,*,#6703,.T.);
#6705=EDGE_LOOP('',(#6704));
#6706=FACE_BOUND('',#6705,.T.);
#6707=CARTESIAN_POINT('',(0.0326652914594277,-0.000826,0.0182780258019278));
#6708=DIRECTION('',(0.,1.,0.));
#6709=DIRECTION('',(0.,0.,1.));
#6710=AXIS2_PLACEMENT_3D('',#6707,#6708,#6709);
#6711=CIRCLE('',#6710,0.00025);
#6712=CARTESIAN_POINT('',(0.0326652914594277,-0.000826,0.0180280258019278));
#6713=VERTEX_POINT('',#6712);
#6714=EDGE_CURVE('',#6713,#6713,#6711,.T.);
#6715=ORIENTED_EDGE('',*,*,#6714,.F.);
#6716=EDGE_LOOP('',(#6715));
#6717=FACE_BOUND('',#6716,.T.);
#6718=ADVANCED_FACE('',(#6706,#6717),#6695,.F.);
#6719=CARTESIAN_POINT('',(0.0337902914594277,0.000826,0.0202265829604428));
#6720=DIRECTION('',(0.,-1.,0.));
#6721=DIRECTION('',(0.,0.,-1.));
#6722=AXIS2_PLACEMENT_3D('',#6719,#6720,#6721);
#6723=CYLINDRICAL_SURFACE('',#6722,0.00025);
#6724=CARTESIAN_POINT('',(0.0337902914594277,0.000826,0.0202265829604428));
#6725=DIRECTION('',(0.,1.,0.));
#6726=DIRECTION('',(0.,0.,1.));
#6727=AXIS2_PLACEMENT_3D('',#6724,#6725,#6726);
#6728=CIRCLE('',#6727,0.00025);
#6729=CARTESIAN_POINT('',(0.0337902914594277,0.000826,0.0199765829604428));
#6730=VERTEX_POINT('',#6729);
#6731=EDGE_CURVE('',#6730,#6730,#6728,.T.);
#6732=ORIENTED_EDGE('',*,*,#6731,.T.);
#6733=EDGE_LOOP('',(#6732));
#6734=FACE_BOUND('',#6733,.T.);
#6735=CARTESIAN_POINT('',(0.0337902914594277,-0.000826,0.0202265829604428));
#6736=DIRECTION('',(0.,1.,0.));
#6737=DIRECTION('',(0.,0.,1.));
#6738=AXIS2_PLACEMENT_3D('',#6735,#6736,#6737);
#6739=CIRCLE('',#6738,0.00025);
#6740=CARTESIAN_POINT('',(0.0337902914594277,-0.000826,0.0199765829604428));
#6741=VERTEX_POINT('',#6740);
#6742=EDGE_CURVE('',#6741,#6741,#6739,.T.);
#6743=ORIENTED_EDGE('',*,*,#6742,.F.);
#6744=EDGE_LOOP('',(#6743));
#6745=FACE_BOUND('',#6744,.T.);
#6746=ADVANCED_FACE('',(#6734,#6745),#6723,.F.);
#6747=CARTESIAN_POINT('',(0.0326652914594277,0.000826,0.0221751401189578));
#6748=DIRECTION('',(0.,-1.,0.));
#6749=DIRECTION('',(0.,0.,-1.));
#6750=AXIS2_PLACEMENT_3D('',#6747,#6748,#6749);
#6751=CYLINDRICAL_SURFACE('',#6750,0.00025);
#6752=CARTESIAN_POINT('',(0.0326652914594277,0.000826,0.0221751401189578));
#6753=DIRECTION('',(0.,1.,0.));
#6754=DIRECTION('',(0.,0.,1.));
#6755=AXIS2_PLACEMENT_3D('',#6752,#6753,#6754);
#6756=CIRCLE('',#6755,0.00025);
#6757=CARTESIAN_POINT('',(0.0326652914594277,0.000826,0.0219251401189578));
#6758=VERTEX_POINT('',#6757);
#6759=EDGE_CURVE('',#6758,#6758,#6756,.T.);
#6760=ORIENTED_EDGE('',*,*,#6759,.T.);
#6761=EDGE_LOOP('',(#6760));
#6762=FACE_BOUND('',#6761,.T.);
#6763=CARTESIAN_POINT('',(0.0326652914594277,-0.000826,0.0221751401189578));
#6764=DIRECTION('',(0.,1.,0.));
#6765=DIRECTION('',(0.,0.,1.));
#6766=AXIS2_PLACEMENT_3D('',#6763,#6764,#6765);
#6767=CIRCLE('',#6766,0.00025);
#6768=CARTESIAN_POINT('',(0.0326652914594277,-0.000826,0.0219251401189578));
#6769=VERTEX_POINT('',#6768);
#6770=EDGE_CURVE('',#6769,#6769,#6767,.T.);
#6771=ORIENTED_EDGE('',*,*,#6770,.F.);
#6772=EDGE_LOOP('',(#6771));
#6773=FACE_BOUND('',#6772,.T.);
#6774=ADVANCED_FACE('',(#6762,#6773),#6751,.F.);
#6775=CARTESIAN_POINT('',(0.0315402914594277,0.000826,0.0202265829604428));
#6776=DIRECTION('',(0.,-1.,0.));
#6777=DIRECTION('',(0.,0.,-1.));
#6778=AXIS2_PLACEMENT_3D('',#6775,#6776,#6777);
#6779=CYLINDRICAL_SURFACE('',#6778,0.003);
#6780=CARTESIAN_POINT('',(0.0315402914594277,0.000826,0.0202265829604428));
#6781=DIRECTION('',(0.,1.,0.));
#6782=DIRECTION('',(0.,0.,1.));
#6783=AXIS2_PLACEMENT_3D('',#6780,#6781,#6782);
#6784=CIRCLE('',#6783,0.003);
#6785=CARTESIAN_POINT('',(0.0315402914594277,0.000826,0.0172265829604428));
#6786=VERTEX_POINT('',#6785);
#6787=EDGE_CURVE('',#6786,#6786,#6784,.T.);
#6788=ORIENTED_EDGE('',*,*,#6787,.F.);
#6789=EDGE_LOOP('',(#6788));
#6790=FACE_BOUND('',#6789,.T.);
#6791=ORIENTED_EDGE('',*,*,#1442,.T.);
#6792=EDGE_LOOP('',(#6791));
#6793=FACE_BOUND('',#6792,.T.);
#6794=ADVANCED_FACE('',(#6790,#6793),#6779,.T.);
#6795=CARTESIAN_POINT('',(0.,0.000826,0.));
#6796=DIRECTION('',(0.,1.,0.));
#6797=DIRECTION('',(0.,0.,1.));
#6798=AXIS2_PLACEMENT_3D('',#6795,#6796,#6797);
#6799=PLANE('',#6798);
#6800=ORIENTED_EDGE('',*,*,#6759,.F.);
#6801=EDGE_LOOP('',(#6800));
#6802=FACE_BOUND('',#6801,.T.);
#6803=ORIENTED_EDGE('',*,*,#6731,.F.);
#6804=EDGE_LOOP('',(#6803));
#6805=FACE_BOUND('',#6804,.T.);
#6806=ORIENTED_EDGE('',*,*,#6703,.F.);
#6807=EDGE_LOOP('',(#6806));
#6808=FACE_BOUND('',#6807,.T.);
#6809=ORIENTED_EDGE('',*,*,#6675,.F.);
#6810=EDGE_LOOP('',(#6809));
#6811=FACE_BOUND('',#6810,.T.);
#6812=ORIENTED_EDGE('',*,*,#6647,.F.);
#6813=EDGE_LOOP('',(#6812));
#6814=FACE_BOUND('',#6813,.T.);
#6815=ORIENTED_EDGE('',*,*,#6619,.F.);
#6816=EDGE_LOOP('',(#6815));
#6817=FACE_BOUND('',#6816,.T.);
#6818=ORIENTED_EDGE('',*,*,#3585,.F.);
#6819=EDGE_LOOP('',(#6818));
#6820=FACE_BOUND('',#6819,.T.);
#6821=ORIENTED_EDGE('',*,*,#6787,.T.);
#6822=EDGE_LOOP('',(#6821));
#6823=FACE_BOUND('',#6822,.T.);
#6824=ADVANCED_FACE('',(#6802,#6805,#6808,#6811,#6814,#6817,#6820,#6823),#6799,.T.);
#6825=CARTESIAN_POINT('',(0.0469582611206853,0.000826,0.0334148089213162));
#6826=DIRECTION('',(0.,-1.,0.));
#6827=DIRECTION('',(0.,0.,-1.));
#6828=AXIS2_PLACEMENT_3D('',#6825,#6826,#6827);
#6829=CYLINDRICAL_SURFACE('',#6828,0.00025);
#6830=CARTESIAN_POINT('',(0.0469582611206853,0.000826,0.0334148089213162));
#6831=DIRECTION('',(0.,1.,0.));
#6832=DIRECTION('',(0.,0.,1.));
#6833=AXIS2_PLACEMENT_3D('',#6830,#6831,#6832);
#6834=CIRCLE('',#6833,0.00025);
#6835=CARTESIAN_POINT('',(0.0469582611206853,0.000826,0.0331648089213162));
#6836=VERTEX_POINT('',#6835);
#6837=EDGE_CURVE('',#6836,#6836,#6834,.T.);
#6838=ORIENTED_EDGE('',*,*,#6837,.T.);
#6839=EDGE_LOOP('',(#6838));
#6840=FACE_BOUND('',#6839,.T.);
#6841=CARTESIAN_POINT('',(0.0469582611206853,-0.000826,0.0334148089213162));
#6842=DIRECTION('',(0.,1.,0.));
#6843=DIRECTION('',(0.,0.,1.));
#6844=AXIS2_PLACEMENT_3D('',#6841,#6842,#6843);
#6845=CIRCLE('',#6844,0.00025);
#6846=CARTESIAN_POINT('',(0.0469582611206853,-0.000826,0.0331648089213162));
#6847=VERTEX_POINT('',#6846);
#6848=EDGE_CURVE('',#6847,#6847,#6845,.T.);
#6849=ORIENTED_EDGE('',*,*,#6848,.F.);
#6850=EDGE_LOOP('',(#6849));
#6851=FACE_BOUND('',#6850,.T.);
#6852=ADVANCED_FACE('',(#6840,#6851),#6829,.F.);
#6853=CARTESIAN_POINT('',(0.0458332611206853,0.000826,0.0314662517628012));
#6854=DIRECTION('',(0.,-1.,0.));
#6855=DIRECTION('',(0.,0.,-1.));
#6856=AXIS2_PLACEMENT_3D('',#6853,#6854,#6855);
#6857=CYLINDRICAL_SURFACE('',#6856,0.00025);
#6858=CARTESIAN_POINT('',(0.0458332611206853,0.000826,0.0314662517628012));
#6859=DIRECTION('',(0.,1.,0.));
#6860=DIRECTION('',(0.,0.,1.));
#6861=AXIS2_PLACEMENT_3D('',#6858,#6859,#6860);
#6862=CIRCLE('',#6861,0.00025);
#6863=CARTESIAN_POINT('',(0.0458332611206853,0.000826,0.0312162517628012));
#6864=VERTEX_POINT('',#6863);
#6865=EDGE_CURVE('',#6864,#6864,#6862,.T.);
#6866=ORIENTED_EDGE('',*,*,#6865,.T.);
#6867=EDGE_LOOP('',(#6866));
#6868=FACE_BOUND('',#6867,.T.);
#6869=CARTESIAN_POINT('',(0.0458332611206853,-0.000826,0.0314662517628012));
#6870=DIRECTION('',(0.,1.,0.));
#6871=DIRECTION('',(0.,0.,1.));
#6872=AXIS2_PLACEMENT_3D('',#6869,#6870,#6871);
#6873=CIRCLE('',#6872,0.00025);
#6874=CARTESIAN_POINT('',(0.0458332611206853,-0.000826,0.0312162517628012));
#6875=VERTEX_POINT('',#6874);
#6876=EDGE_CURVE('',#6875,#6875,#6873,.T.);
#6877=ORIENTED_EDGE('',*,*,#6876,.F.);
#6878=EDGE_LOOP('',(#6877));
#6879=FACE_BOUND('',#6878,.T.);
#6880=ADVANCED_FACE('',(#6868,#6879),#6857,.F.);
#6881=CARTESIAN_POINT('',(0.0469582611206853,0.000826,0.0295176946042863));
#6882=DIRECTION('',(0.,-1.,0.));
#6883=DIRECTION('',(0.,0.,-1.));
#6884=AXIS2_PLACEMENT_3D('',#6881,#6882,#6883);
#6885=CYLINDRICAL_SURFACE('',#6884,0.00025);
#6886=CARTESIAN_POINT('',(0.0469582611206853,0.000826,0.0295176946042863));
#6887=DIRECTION('',(0.,1.,0.));
#6888=DIRECTION('',(0.,0.,1.));
#6889=AXIS2_PLACEMENT_3D('',#6886,#6887,#6888);
#6890=CIRCLE('',#6889,0.00025);
#6891=CARTESIAN_POINT('',(0.0469582611206853,0.000826,0.0292676946042863));
#6892=VERTEX_POINT('',#6891);
#6893=EDGE_CURVE('',#6892,#6892,#6890,.T.);
#6894=ORIENTED_EDGE('',*,*,#6893,.T.);
#6895=EDGE_LOOP('',(#6894));
#6896=FACE_BOUND('',#6895,.T.);
#6897=CARTESIAN_POINT('',(0.0469582611206853,-0.000826,0.0295176946042863));
#6898=DIRECTION('',(0.,1.,0.));
#6899=DIRECTION('',(0.,0.,1.));
#6900=AXIS2_PLACEMENT_3D('',#6897,#6898,#6899);
#6901=CIRCLE('',#6900,0.00025);
#6902=CARTESIAN_POINT('',(0.0469582611206853,-0.000826,0.0292676946042863));
#6903=VERTEX_POINT('',#6902);
#6904=EDGE_CURVE('',#6903,#6903,#6901,.T.);
#6905=ORIENTED_EDGE('',*,*,#6904,.F.);
#6906=EDGE_LOOP('',(#6905));
#6907=FACE_BOUND('',#6906,.T.);
#6908=ADVANCED_FACE('',(#6896,#6907),#6885,.F.);
#6909=CARTESIAN_POINT('',(0.0492082611206853,0.000826,0.0295176946042863));
#6910=DIRECTION('',(0.,-1.,0.));
#6911=DIRECTION('',(0.,0.,-1.));
#6912=AXIS2_PLACEMENT_3D('',#6909,#6910,#6911);
#6913=CYLINDRICAL_SURFACE('',#6912,0.00025);
#6914=CARTESIAN_POINT('',(0.0492082611206853,0.000826,0.0295176946042863));
#6915=DIRECTION('',(0.,1.,0.));
#6916=DIRECTION('',(0.,0.,1.));
#6917=AXIS2_PLACEMENT_3D('',#6914,#6915,#6916);
#6918=CIRCLE('',#6917,0.00025);
#6919=CARTESIAN_POINT('',(0.0492082611206853,0.000826,0.0292676946042863));
#6920=VERTEX_POINT('',#6919);
#6921=EDGE_CURVE('',#6920,#6920,#6918,.T.);
#6922=ORIENTED_EDGE('',*,*,#6921,.T.);
#6923=EDGE_LOOP('',(#6922));
#6924=FACE_BOUND('',#6923,.T.);
#6925=CARTESIAN_POINT('',(0.0492082611206853,-0.000826,0.0295176946042863));
#6926=DIRECTION('',(0.,1.,0.));
#6927=DIRECTION('',(0.,0.,1.));
#6928=AXIS2_PLACEMENT_3D('',#6925,#6926,#6927);
#6929=CIRCLE('',#6928,0.00025);
#6930=CARTESIAN_POINT('',(0.0492082611206853,-0.000826,0.0292676946042863));
#6931=VERTEX_POINT('',#6930);
#6932=EDGE_CURVE('',#6931,#6931,#6929,.T.);
#6933=ORIENTED_EDGE('',*,*,#6932,.F.);
#6934=EDGE_LOOP('',(#6933));
#6935=FACE_BOUND('',#6934,.T.);
#6936=ADVANCED_FACE('',(#6924,#6935),#6913,.F.);
#6937=CARTESIAN_POINT('',(0.0503332611206853,0.000826,0.0314662517628012));
#6938=DIRECTION('',(0.,-1.,0.));
#6939=DIRECTION('',(0.,0.,-1.));
#6940=AXIS2_PLACEMENT_3D('',#6937,#6938,#6939);
#6941=CYLINDRICAL_SURFACE('',#6940,0.00025);
#6942=CARTESIAN_POINT('',(0.0503332611206853,0.000826,0.0314662517628012));
#6943=DIRECTION('',(0.,1.,0.));
#6944=DIRECTION('',(0.,0.,1.));
#6945=AXIS2_PLACEMENT_3D('',#6942,#6943,#6944);
#6946=CIRCLE('',#6945,0.00025);
#6947=CARTESIAN_POINT('',(0.0503332611206853,0.000826,0.0312162517628012));
#6948=VERTEX_POINT('',#6947);
#6949=EDGE_CURVE('',#6948,#6948,#6946,.T.);
#6950=ORIENTED_EDGE('',*,*,#6949,.T.);
#6951=EDGE_LOOP('',(#6950));
#6952=FACE_BOUND('',#6951,.T.);
#6953=CARTESIAN_POINT('',(0.0503332611206853,-0.000826,0.0314662517628012));
#6954=DIRECTION('',(0.,1.,0.));
#6955=DIRECTION('',(0.,0.,1.));
#6956=AXIS2_PLACEMENT_3D('',#6953,#6954,#6955);
#6957=CIRCLE('',#6956,0.00025);
#6958=CARTESIAN_POINT('',(0.0503332611206853,-0.000826,0.0312162517628012));
#6959=VERTEX_POINT('',#6958);
#6960=EDGE_CURVE('',#6959,#6959,#6957,.T.);
#6961=ORIENTED_EDGE('',*,*,#6960,.F.);
#6962=EDGE_LOOP('',(#6961));
#6963=FACE_BOUND('',#6962,.T.);
#6964=ADVANCED_FACE('',(#6952,#6963),#6941,.F.);
#6965=CARTESIAN_POINT('',(0.0492082611206853,0.000826,0.0334148089213162));
#6966=DIRECTION('',(0.,-1.,0.));
#6967=DIRECTION('',(0.,0.,-1.));
#6968=AXIS2_PLACEMENT_3D('',#6965,#6966,#6967);
#6969=CYLINDRICAL_SURFACE('',#6968,0.00025);
#6970=CARTESIAN_POINT('',(0.0492082611206853,0.000826,0.0334148089213162));
#6971=DIRECTION('',(0.,1.,0.));
#6972=DIRECTION('',(0.,0.,1.));
#6973=AXIS2_PLACEMENT_3D('',#6970,#6971,#6972);
#6974=CIRCLE('',#6973,0.00025);
#6975=CARTESIAN_POINT('',(0.0492082611206853,0.000826,0.0331648089213162));
#6976=VERTEX_POINT('',#6975);
#6977=EDGE_CURVE('',#6976,#6976,#6974,.T.);
#6978=ORIENTED_EDGE('',*,*,#6977,.T.);
#6979=EDGE_LOOP('',(#6978));
#6980=FACE_BOUND('',#6979,.T.);
#6981=CARTESIAN_POINT('',(0.0492082611206853,-0.000826,0.0334148089213162));
#6982=DIRECTION('',(0.,1.,0.));
#6983=DIRECTION('',(0.,0.,1.));
#6984=AXIS2_PLACEMENT_3D('',#6981,#6982,#6983);
#6985=CIRCLE('',#6984,0.00025);
#6986=CARTESIAN_POINT('',(0.0492082611206853,-0.000826,0.0331648089213162));
#6987=VERTEX_POINT('',#6986);
#6988=EDGE_CURVE('',#6987,#6987,#6985,.T.);
#6989=ORIENTED_EDGE('',*,*,#6988,.F.);
#6990=EDGE_LOOP('',(#6989));
#6991=FACE_BOUND('',#6990,.T.);
#6992=ADVANCED_FACE('',(#6980,#6991),#6969,.F.);
#6993=CARTESIAN_POINT('',(0.0480832611206853,0.000826,0.0314662517628012));
#6994=DIRECTION('',(0.,-1.,0.));
#6995=DIRECTION('',(0.,0.,-1.));
#6996=AXIS2_PLACEMENT_3D('',#6993,#6994,#6995);
#6997=CYLINDRICAL_SURFACE('',#6996,0.003);
#6998=CARTESIAN_POINT('',(0.0480832611206853,0.000826,0.0314662517628012));
#6999=DIRECTION('',(0.,1.,0.));
#7000=DIRECTION('',(0.,0.,1.));
#7001=AXIS2_PLACEMENT_3D('',#6998,#6999,#7000);
#7002=CIRCLE('',#7001,0.003);
#7003=CARTESIAN_POINT('',(0.0480832611206853,0.000826,0.0284662517628012));
#7004=VERTEX_POINT('',#7003);
#7005=EDGE_CURVE('',#7004,#7004,#7002,.T.);
#7006=ORIENTED_EDGE('',*,*,#7005,.F.);
#7007=EDGE_LOOP('',(#7006));
#7008=FACE_BOUND('',#7007,.T.);
#7009=ORIENTED_EDGE('',*,*,#1431,.T.);
#7010=EDGE_LOOP('',(#7009));
#7011=FACE_BOUND('',#7010,.T.);
#7012=ADVANCED_FACE('',(#7008,#7011),#6997,.T.);
#7013=CARTESIAN_POINT('',(0.,0.000826,0.));
#7014=DIRECTION('',(0.,1.,0.));
#7015=DIRECTION('',(0.,0.,1.));
#7016=AXIS2_PLACEMENT_3D('',#7013,#7014,#7015);
#7017=PLANE('',#7016);
#7018=ORIENTED_EDGE('',*,*,#6977,.F.);
#7019=EDGE_LOOP('',(#7018));
#7020=FACE_BOUND('',#7019,.T.);
#7021=ORIENTED_EDGE('',*,*,#6949,.F.);
#7022=EDGE_LOOP('',(#7021));
#7023=FACE_BOUND('',#7022,.T.);
#7024=ORIENTED_EDGE('',*,*,#6921,.F.);
#7025=EDGE_LOOP('',(#7024));
#7026=FACE_BOUND('',#7025,.T.);
#7027=ORIENTED_EDGE('',*,*,#6893,.F.);
#7028=EDGE_LOOP('',(#7027));
#7029=FACE_BOUND('',#7028,.T.);
#7030=ORIENTED_EDGE('',*,*,#6865,.F.);
#7031=EDGE_LOOP('',(#7030));
#7032=FACE_BOUND('',#7031,.T.);
#7033=ORIENTED_EDGE('',*,*,#6837,.F.);
#7034=EDGE_LOOP('',(#7033));
#7035=FACE_BOUND('',#7034,.T.);
#7036=ORIENTED_EDGE('',*,*,#3333,.F.);
#7037=EDGE_LOOP('',(#7036));
#7038=FACE_BOUND('',#7037,.T.);
#7039=ORIENTED_EDGE('',*,*,#7005,.T.);
#7040=EDGE_LOOP('',(#7039));
#7041=FACE_BOUND('',#7040,.T.);
#7042=ADVANCED_FACE('',(#7020,#7023,#7026,#7029,#7032,#7035,#7038,#7041),#7017,.T.);
#7043=CARTESIAN_POINT('',(0.0295917343009126,0.000826,-0.0213515829604429));
#7044=DIRECTION('',(0.,-1.,0.));
#7045=DIRECTION('',(0.,0.,-1.));
#7046=AXIS2_PLACEMENT_3D('',#7043,#7044,#7045);
#7047=CYLINDRICAL_SURFACE('',#7046,0.00025);
#7048=CARTESIAN_POINT('',(0.0295917343009126,0.000826,-0.0213515829604429));
#7049=DIRECTION('',(0.,1.,0.));
#7050=DIRECTION('',(0.,0.,1.));
#7051=AXIS2_PLACEMENT_3D('',#7048,#7049,#7050);
#7052=CIRCLE('',#7051,0.00025);
#7053=CARTESIAN_POINT('',(0.0295917343009126,0.000826,-0.0216015829604429));
#7054=VERTEX_POINT('',#7053);
#7055=EDGE_CURVE('',#7054,#7054,#7052,.T.);
#7056=ORIENTED_EDGE('',*,*,#7055,.T.);
#7057=EDGE_LOOP('',(#7056));
#7058=FACE_BOUND('',#7057,.T.);
#7059=CARTESIAN_POINT('',(0.0295917343009126,-0.000826,-0.0213515829604429));
#7060=DIRECTION('',(0.,1.,0.));
#7061=DIRECTION('',(0.,0.,1.));
#7062=AXIS2_PLACEMENT_3D('',#7059,#7060,#7061);
#7063=CIRCLE('',#7062,0.00025);
#7064=CARTESIAN_POINT('',(0.0295917343009126,-0.000826,-0.0216015829604429));
#7065=VERTEX_POINT('',#7064);
#7066=EDGE_CURVE('',#7065,#7065,#7063,.T.);
#7067=ORIENTED_EDGE('',*,*,#7066,.F.);
#7068=EDGE_LOOP('',(#7067));
#7069=FACE_BOUND('',#7068,.T.);
#7070=ADVANCED_FACE('',(#7058,#7069),#7047,.F.);
#7071=CARTESIAN_POINT('',(0.0295917343009126,0.000826,-0.0191015829604429));
#7072=DIRECTION('',(0.,-1.,0.));
#7073=DIRECTION('',(0.,0.,-1.));
#7074=AXIS2_PLACEMENT_3D('',#7071,#7072,#7073);
#7075=CYLINDRICAL_SURFACE('',#7074,0.00025);
#7076=CARTESIAN_POINT('',(0.0295917343009126,0.000826,-0.0191015829604429));
#7077=DIRECTION('',(0.,1.,0.));
#7078=DIRECTION('',(0.,0.,1.));
#7079=AXIS2_PLACEMENT_3D('',#7076,#7077,#7078);
#7080=CIRCLE('',#7079,0.00025);
#7081=CARTESIAN_POINT('',(0.0295917343009126,0.000826,-0.0193515829604429));
#7082=VERTEX_POINT('',#7081);
#7083=EDGE_CURVE('',#7082,#7082,#7080,.T.);
#7084=ORIENTED_EDGE('',*,*,#7083,.T.);
#7085=EDGE_LOOP('',(#7084));
#7086=FACE_BOUND('',#7085,.T.);
#7087=CARTESIAN_POINT('',(0.0295917343009126,-0.000826,-0.0191015829604429));
#7088=DIRECTION('',(0.,1.,0.));
#7089=DIRECTION('',(0.,0.,1.));
#7090=AXIS2_PLACEMENT_3D('',#7087,#7088,#7089);
#7091=CIRCLE('',#7090,0.00025);
#7092=CARTESIAN_POINT('',(0.0295917343009126,-0.000826,-0.0193515829604429));
#7093=VERTEX_POINT('',#7092);
#7094=EDGE_CURVE('',#7093,#7093,#7091,.T.);
#7095=ORIENTED_EDGE('',*,*,#7094,.F.);
#7096=EDGE_LOOP('',(#7095));
#7097=FACE_BOUND('',#7096,.T.);
#7098=ADVANCED_FACE('',(#7086,#7097),#7075,.F.);
#7099=CARTESIAN_POINT('',(0.0315402914594276,0.000826,-0.0179765829604429));
#7100=DIRECTION('',(0.,-1.,0.));
#7101=DIRECTION('',(0.,0.,-1.));
#7102=AXIS2_PLACEMENT_3D('',#7099,#7100,#7101);
#7103=CYLINDRICAL_SURFACE('',#7102,0.00025);
#7104=CARTESIAN_POINT('',(0.0315402914594276,0.000826,-0.0179765829604429));
#7105=DIRECTION('',(0.,1.,0.));
#7106=DIRECTION('',(0.,0.,1.));
#7107=AXIS2_PLACEMENT_3D('',#7104,#7105,#7106);
#7108=CIRCLE('',#7107,0.00025);
#7109=CARTESIAN_POINT('',(0.0315402914594276,0.000826,-0.0182265829604429));
#7110=VERTEX_POINT('',#7109);
#7111=EDGE_CURVE('',#7110,#7110,#7108,.T.);
#7112=ORIENTED_EDGE('',*,*,#7111,.T.);
#7113=EDGE_LOOP('',(#7112));
#7114=FACE_BOUND('',#7113,.T.);
#7115=CARTESIAN_POINT('',(0.0315402914594276,-0.000826,-0.0179765829604429));
#7116=DIRECTION('',(0.,1.,0.));
#7117=DIRECTION('',(0.,0.,1.));
#7118=AXIS2_PLACEMENT_3D('',#7115,#7116,#7117);
#7119=CIRCLE('',#7118,0.00025);
#7120=CARTESIAN_POINT('',(0.0315402914594276,-0.000826,-0.0182265829604429));
#7121=VERTEX_POINT('',#7120);
#7122=EDGE_CURVE('',#7121,#7121,#7119,.T.);
#7123=ORIENTED_EDGE('',*,*,#7122,.F.);
#7124=EDGE_LOOP('',(#7123));
#7125=FACE_BOUND('',#7124,.T.);
#7126=ADVANCED_FACE('',(#7114,#7125),#7103,.F.);
#7127=CARTESIAN_POINT('',(0.0334888486179426,0.000826,-0.0191015829604429));
#7128=DIRECTION('',(0.,-1.,0.));
#7129=DIRECTION('',(0.,0.,-1.));
#7130=AXIS2_PLACEMENT_3D('',#7127,#7128,#7129);
#7131=CYLINDRICAL_SURFACE('',#7130,0.00025);
#7132=CARTESIAN_POINT('',(0.0334888486179426,0.000826,-0.0191015829604429));
#7133=DIRECTION('',(0.,1.,0.));
#7134=DIRECTION('',(0.,0.,1.));
#7135=AXIS2_PLACEMENT_3D('',#7132,#7133,#7134);
#7136=CIRCLE('',#7135,0.00025);
#7137=CARTESIAN_POINT('',(0.0334888486179426,0.000826,-0.0193515829604429));
#7138=VERTEX_POINT('',#7137);
#7139=EDGE_CURVE('',#7138,#7138,#7136,.T.);
#7140=ORIENTED_EDGE('',*,*,#7139,.T.);
#7141=EDGE_LOOP('',(#7140));
#7142=FACE_BOUND('',#7141,.T.);
#7143=CARTESIAN_POINT('',(0.0334888486179426,-0.000826,-0.0191015829604429));
#7144=DIRECTION('',(0.,1.,0.));
#7145=DIRECTION('',(0.,0.,1.));
#7146=AXIS2_PLACEMENT_3D('',#7143,#7144,#7145);
#7147=CIRCLE('',#7146,0.00025);
#7148=CARTESIAN_POINT('',(0.0334888486179426,-0.000826,-0.0193515829604429));
#7149=VERTEX_POINT('',#7148);
#7150=EDGE_CURVE('',#7149,#7149,#7147,.T.);
#7151=ORIENTED_EDGE('',*,*,#7150,.F.);
#7152=EDGE_LOOP('',(#7151));
#7153=FACE_BOUND('',#7152,.T.);
#7154=ADVANCED_FACE('',(#7142,#7153),#7131,.F.);
#7155=CARTESIAN_POINT('',(0.0334888486179426,0.000826,-0.0213515829604429));
#7156=DIRECTION('',(0.,-1.,0.));
#7157=DIRECTION('',(0.,0.,-1.));
#7158=AXIS2_PLACEMENT_3D('',#7155,#7156,#7157);
#7159=CYLINDRICAL_SURFACE('',#7158,0.00025);
#7160=CARTESIAN_POINT('',(0.0334888486179426,0.000826,-0.0213515829604429));
#7161=DIRECTION('',(0.,1.,0.));
#7162=DIRECTION('',(0.,0.,1.));
#7163=AXIS2_PLACEMENT_3D('',#7160,#7161,#7162);
#7164=CIRCLE('',#7163,0.00025);
#7165=CARTESIAN_POINT('',(0.0334888486179426,0.000826,-0.0216015829604429));
#7166=VERTEX_POINT('',#7165);
#7167=EDGE_CURVE('',#7166,#7166,#7164,.T.);
#7168=ORIENTED_EDGE('',*,*,#7167,.T.);
#7169=EDGE_LOOP('',(#7168));
#7170=FACE_BOUND('',#7169,.T.);
#7171=CARTESIAN_POINT('',(0.0334888486179426,-0.000826,-0.0213515829604429));
#7172=DIRECTION('',(0.,1.,0.));
#7173=DIRECTION('',(0.,0.,1.));
#7174=AXIS2_PLACEMENT_3D('',#7171,#7172,#7173);
#7175=CIRCLE('',#7174,0.00025);
#7176=CARTESIAN_POINT('',(0.0334888486179426,-0.000826,-0.0216015829604429));
#7177=VERTEX_POINT('',#7176);
#7178=EDGE_CURVE('',#7177,#7177,#7175,.T.);
#7179=ORIENTED_EDGE('',*,*,#7178,.F.);
#7180=EDGE_LOOP('',(#7179));
#7181=FACE_BOUND('',#7180,.T.);
#7182=ADVANCED_FACE('',(#7170,#7181),#7159,.F.);
#7183=CARTESIAN_POINT('',(0.0315402914594276,0.000826,-0.0224765829604429));
#7184=DIRECTION('',(0.,-1.,0.));
#7185=DIRECTION('',(0.,0.,-1.));
#7186=AXIS2_PLACEMENT_3D('',#7183,#7184,#7185);
#7187=CYLINDRICAL_SURFACE('',#7186,0.00025);
#7188=CARTESIAN_POINT('',(0.0315402914594276,0.000826,-0.0224765829604429));
#7189=DIRECTION('',(0.,1.,0.));
#7190=DIRECTION('',(0.,0.,1.));
#7191=AXIS2_PLACEMENT_3D('',#7188,#7189,#7190);
#7192=CIRCLE('',#7191,0.00025);
#7193=CARTESIAN_POINT('',(0.0315402914594276,0.000826,-0.0227265829604429));
#7194=VERTEX_POINT('',#7193);
#7195=EDGE_CURVE('',#7194,#7194,#7192,.T.);
#7196=ORIENTED_EDGE('',*,*,#7195,.T.);
#7197=EDGE_LOOP('',(#7196));
#7198=FACE_BOUND('',#7197,.T.);
#7199=CARTESIAN_POINT('',(0.0315402914594276,-0.000826,-0.0224765829604429));
#7200=DIRECTION('',(0.,1.,0.));
#7201=DIRECTION('',(0.,0.,1.));
#7202=AXIS2_PLACEMENT_3D('',#7199,#7200,#7201);
#7203=CIRCLE('',#7202,0.00025);
#7204=CARTESIAN_POINT('',(0.0315402914594276,-0.000826,-0.0227265829604429));
#7205=VERTEX_POINT('',#7204);
#7206=EDGE_CURVE('',#7205,#7205,#7203,.T.);
#7207=ORIENTED_EDGE('',*,*,#7206,.F.);
#7208=EDGE_LOOP('',(#7207));
#7209=FACE_BOUND('',#7208,.T.);
#7210=ADVANCED_FACE('',(#7198,#7209),#7187,.F.);
#7211=CARTESIAN_POINT('',(0.0315402914594276,0.000826,-0.0202265829604429));
#7212=DIRECTION('',(0.,-1.,0.));
#7213=DIRECTION('',(0.,0.,-1.));
#7214=AXIS2_PLACEMENT_3D('',#7211,#7212,#7213);
#7215=CYLINDRICAL_SURFACE('',#7214,0.003);
#7216=CARTESIAN_POINT('',(0.0315402914594276,0.000826,-0.0202265829604429));
#7217=DIRECTION('',(0.,1.,0.));
#7218=DIRECTION('',(0.,0.,1.));
#7219=AXIS2_PLACEMENT_3D('',#7216,#7217,#7218);
#7220=CIRCLE('',#7219,0.003);
#7221=CARTESIAN_POINT('',(0.0315402914594276,0.000826,-0.0232265829604429));
#7222=VERTEX_POINT('',#7221);
#7223=EDGE_CURVE('',#7222,#7222,#7220,.T.);
#7224=ORIENTED_EDGE('',*,*,#7223,.F.);
#7225=EDGE_LOOP('',(#7224));
#7226=FACE_BOUND('',#7225,.T.);
#7227=ORIENTED_EDGE('',*,*,#1420,.T.);
#7228=EDGE_LOOP('',(#7227));
#7229=FACE_BOUND('',#7228,.T.);
#7230=ADVANCED_FACE('',(#7226,#7229),#7215,.T.);
#7231=CARTESIAN_POINT('',(0.,0.000826,0.));
#7232=DIRECTION('',(0.,1.,0.));
#7233=DIRECTION('',(0.,0.,1.));
#7234=AXIS2_PLACEMENT_3D('',#7231,#7232,#7233);
#7235=PLANE('',#7234);
#7236=ORIENTED_EDGE('',*,*,#7195,.F.);
#7237=EDGE_LOOP('',(#7236));
#7238=FACE_BOUND('',#7237,.T.);
#7239=ORIENTED_EDGE('',*,*,#7167,.F.);
#7240=EDGE_LOOP('',(#7239));
#7241=FACE_BOUND('',#7240,.T.);
#7242=ORIENTED_EDGE('',*,*,#7139,.F.);
#7243=EDGE_LOOP('',(#7242));
#7244=FACE_BOUND('',#7243,.T.);
#7245=ORIENTED_EDGE('',*,*,#7111,.F.);
#7246=EDGE_LOOP('',(#7245));
#7247=FACE_BOUND('',#7246,.T.);
#7248=ORIENTED_EDGE('',*,*,#7083,.F.);
#7249=EDGE_LOOP('',(#7248));
#7250=FACE_BOUND('',#7249,.T.);
#7251=ORIENTED_EDGE('',*,*,#7055,.F.);
#7252=EDGE_LOOP('',(#7251));
#7253=FACE_BOUND('',#7252,.T.);
#7254=ORIENTED_EDGE('',*,*,#3557,.F.);
#7255=EDGE_LOOP('',(#7254));
#7256=FACE_BOUND('',#7255,.T.);
#7257=ORIENTED_EDGE('',*,*,#7223,.T.);
#7258=EDGE_LOOP('',(#7257));
#7259=FACE_BOUND('',#7258,.T.);
#7260=ADVANCED_FACE('',(#7238,#7241,#7244,#7247,#7250,#7253,#7256,#7259),#7235,.T.);
#7261=CARTESIAN_POINT('',(0.0480832611206852,0.000826,-0.0292162517628015));
#7262=DIRECTION('',(0.,-1.,0.));
#7263=DIRECTION('',(0.,0.,-1.));
#7264=AXIS2_PLACEMENT_3D('',#7261,#7262,#7263);
#7265=CYLINDRICAL_SURFACE('',#7264,0.00025);
#7266=CARTESIAN_POINT('',(0.0480832611206852,0.000826,-0.0292162517628015));
#7267=DIRECTION('',(0.,1.,0.));
#7268=DIRECTION('',(0.,0.,1.));
#7269=AXIS2_PLACEMENT_3D('',#7266,#7267,#7268);
#7270=CIRCLE('',#7269,0.00025);
#7271=CARTESIAN_POINT('',(0.0480832611206852,0.000826,-0.0294662517628015));
#7272=VERTEX_POINT('',#7271);
#7273=EDGE_CURVE('',#7272,#7272,#7270,.T.);
#7274=ORIENTED_EDGE('',*,*,#7273,.T.);
#7275=EDGE_LOOP('',(#7274));
#7276=FACE_BOUND('',#7275,.T.);
#7277=CARTESIAN_POINT('',(0.0480832611206852,-0.000826,-0.0292162517628015));
#7278=DIRECTION('',(0.,1.,0.));
#7279=DIRECTION('',(0.,0.,1.));
#7280=AXIS2_PLACEMENT_3D('',#7277,#7278,#7279);
#7281=CIRCLE('',#7280,0.00025);
#7282=CARTESIAN_POINT('',(0.0480832611206852,-0.000826,-0.0294662517628015));
#7283=VERTEX_POINT('',#7282);
#7284=EDGE_CURVE('',#7283,#7283,#7281,.T.);
#7285=ORIENTED_EDGE('',*,*,#7284,.F.);
#7286=EDGE_LOOP('',(#7285));
#7287=FACE_BOUND('',#7286,.T.);
#7288=ADVANCED_FACE('',(#7276,#7287),#7265,.F.);
#7289=CARTESIAN_POINT('',(0.0461347039621702,0.000826,-0.0303412517628015));
#7290=DIRECTION('',(0.,-1.,0.));
#7291=DIRECTION('',(0.,0.,-1.));
#7292=AXIS2_PLACEMENT_3D('',#7289,#7290,#7291);
#7293=CYLINDRICAL_SURFACE('',#7292,0.00025);
#7294=CARTESIAN_POINT('',(0.0461347039621702,0.000826,-0.0303412517628015));
#7295=DIRECTION('',(0.,1.,0.));
#7296=DIRECTION('',(0.,0.,1.));
#7297=AXIS2_PLACEMENT_3D('',#7294,#7295,#7296);
#7298=CIRCLE('',#7297,0.00025);
#7299=CARTESIAN_POINT('',(0.0461347039621702,0.000826,-0.0305912517628015));
#7300=VERTEX_POINT('',#7299);
#7301=EDGE_CURVE('',#7300,#7300,#7298,.T.);
#7302=ORIENTED_EDGE('',*,*,#7301,.T.);
#7303=EDGE_LOOP('',(#7302));
#7304=FACE_BOUND('',#7303,.T.);
#7305=CARTESIAN_POINT('',(0.0461347039621702,-0.000826,-0.0303412517628015));
#7306=DIRECTION('',(0.,1.,0.));
#7307=DIRECTION('',(0.,0.,1.));
#7308=AXIS2_PLACEMENT_3D('',#7305,#7306,#7307);
#7309=CIRCLE('',#7308,0.00025);
#7310=CARTESIAN_POINT('',(0.0461347039621702,-0.000826,-0.0305912517628015));
#7311=VERTEX_POINT('',#7310);
#7312=EDGE_CURVE('',#7311,#7311,#7309,.T.);
#7313=ORIENTED_EDGE('',*,*,#7312,.F.);
#7314=EDGE_LOOP('',(#7313));
#7315=FACE_BOUND('',#7314,.T.);
#7316=ADVANCED_FACE('',(#7304,#7315),#7293,.F.);
#7317=CARTESIAN_POINT('',(0.0500318182792002,0.000826,-0.0303412517628015));
#7318=DIRECTION('',(0.,-1.,0.));
#7319=DIRECTION('',(0.,0.,-1.));
#7320=AXIS2_PLACEMENT_3D('',#7317,#7318,#7319);
#7321=CYLINDRICAL_SURFACE('',#7320,0.00025);
#7322=CARTESIAN_POINT('',(0.0500318182792002,0.000826,-0.0303412517628015));
#7323=DIRECTION('',(0.,1.,0.));
#7324=DIRECTION('',(0.,0.,1.));
#7325=AXIS2_PLACEMENT_3D('',#7322,#7323,#7324);
#7326=CIRCLE('',#7325,0.00025);
#7327=CARTESIAN_POINT('',(0.0500318182792002,0.000826,-0.0305912517628015));
#7328=VERTEX_POINT('',#7327);
#7329=EDGE_CURVE('',#7328,#7328,#7326,.T.);
#7330=ORIENTED_EDGE('',*,*,#7329,.T.);
#7331=EDGE_LOOP('',(#7330));
#7332=FACE_BOUND('',#7331,.T.);
#7333=CARTESIAN_POINT('',(0.0500318182792002,-0.000826,-0.0303412517628015));
#7334=DIRECTION('',(0.,1.,0.));
#7335=DIRECTION('',(0.,0.,1.));
#7336=AXIS2_PLACEMENT_3D('',#7333,#7334,#7335);
#7337=CIRCLE('',#7336,0.00025);
#7338=CARTESIAN_POINT('',(0.0500318182792002,-0.000826,-0.0305912517628015));
#7339=VERTEX_POINT('',#7338);
#7340=EDGE_CURVE('',#7339,#7339,#7337,.T.);
#7341=ORIENTED_EDGE('',*,*,#7340,.F.);
#7342=EDGE_LOOP('',(#7341));
#7343=FACE_BOUND('',#7342,.T.);
#7344=ADVANCED_FACE('',(#7332,#7343),#7321,.F.);
#7345=CARTESIAN_POINT('',(0.0500318182792002,0.000826,-0.0325912517628015));
#7346=DIRECTION('',(0.,-1.,0.));
#7347=DIRECTION('',(0.,0.,-1.));
#7348=AXIS2_PLACEMENT_3D('',#7345,#7346,#7347);
#7349=CYLINDRICAL_SURFACE('',#7348,0.00025);
#7350=CARTESIAN_POINT('',(0.0500318182792002,0.000826,-0.0325912517628015));
#7351=DIRECTION('',(0.,1.,0.));
#7352=DIRECTION('',(0.,0.,1.));
#7353=AXIS2_PLACEMENT_3D('',#7350,#7351,#7352);
#7354=CIRCLE('',#7353,0.00025);
#7355=CARTESIAN_POINT('',(0.0500318182792002,0.000826,-0.0328412517628015));
#7356=VERTEX_POINT('',#7355);
#7357=EDGE_CURVE('',#7356,#7356,#7354,.T.);
#7358=ORIENTED_EDGE('',*,*,#7357,.T.);
#7359=EDGE_LOOP('',(#7358));
#7360=FACE_BOUND('',#7359,.T.);
#7361=CARTESIAN_POINT('',(0.0500318182792002,-0.000826,-0.0325912517628015));
#7362=DIRECTION('',(0.,1.,0.));
#7363=DIRECTION('',(0.,0.,1.));
#7364=AXIS2_PLACEMENT_3D('',#7361,#7362,#7363);
#7365=CIRCLE('',#7364,0.00025);
#7366=CARTESIAN_POINT('',(0.0500318182792002,-0.000826,-0.0328412517628015));
#7367=VERTEX_POINT('',#7366);
#7368=EDGE_CURVE('',#7367,#7367,#7365,.T.);
#7369=ORIENTED_EDGE('',*,*,#7368,.F.);
#7370=EDGE_LOOP('',(#7369));
#7371=FACE_BOUND('',#7370,.T.);
#7372=ADVANCED_FACE('',(#7360,#7371),#7349,.F.);
#7373=CARTESIAN_POINT('',(0.0480832611206852,0.000826,-0.0337162517628015));
#7374=DIRECTION('',(0.,-1.,0.));
#7375=DIRECTION('',(0.,0.,-1.));
#7376=AXIS2_PLACEMENT_3D('',#7373,#7374,#7375);
#7377=CYLINDRICAL_SURFACE('',#7376,0.00025);
#7378=CARTESIAN_POINT('',(0.0480832611206852,0.000826,-0.0337162517628015));
#7379=DIRECTION('',(0.,1.,0.));
#7380=DIRECTION('',(0.,0.,1.));
#7381=AXIS2_PLACEMENT_3D('',#7378,#7379,#7380);
#7382=CIRCLE('',#7381,0.00025);
#7383=CARTESIAN_POINT('',(0.0480832611206852,0.000826,-0.0339662517628015));
#7384=VERTEX_POINT('',#7383);
#7385=EDGE_CURVE('',#7384,#7384,#7382,.T.);
#7386=ORIENTED_EDGE('',*,*,#7385,.T.);
#7387=EDGE_LOOP('',(#7386));
#7388=FACE_BOUND('',#7387,.T.);
#7389=CARTESIAN_POINT('',(0.0480832611206852,-0.000826,-0.0337162517628015));
#7390=DIRECTION('',(0.,1.,0.));
#7391=DIRECTION('',(0.,0.,1.));
#7392=AXIS2_PLACEMENT_3D('',#7389,#7390,#7391);
#7393=CIRCLE('',#7392,0.00025);
#7394=CARTESIAN_POINT('',(0.0480832611206852,-0.000826,-0.0339662517628015));
#7395=VERTEX_POINT('',#7394);
#7396=EDGE_CURVE('',#7395,#7395,#7393,.T.);
#7397=ORIENTED_EDGE('',*,*,#7396,.F.);
#7398=EDGE_LOOP('',(#7397));
#7399=FACE_BOUND('',#7398,.T.);
#7400=ADVANCED_FACE('',(#7388,#7399),#7377,.F.);
#7401=CARTESIAN_POINT('',(0.0461347039621702,0.000826,-0.0325912517628015));
#7402=DIRECTION('',(0.,-1.,0.));
#7403=DIRECTION('',(0.,0.,-1.));
#7404=AXIS2_PLACEMENT_3D('',#7401,#7402,#7403);
#7405=CYLINDRICAL_SURFACE('',#7404,0.00025);
#7406=CARTESIAN_POINT('',(0.0461347039621702,0.000826,-0.0325912517628015));
#7407=DIRECTION('',(0.,1.,0.));
#7408=DIRECTION('',(0.,0.,1.));
#7409=AXIS2_PLACEMENT_3D('',#7406,#7407,#7408);
#7410=CIRCLE('',#7409,0.00025);
#7411=CARTESIAN_POINT('',(0.0461347039621702,0.000826,-0.0328412517628015));
#7412=VERTEX_POINT('',#7411);
#7413=EDGE_CURVE('',#7412,#7412,#7410,.T.);
#7414=ORIENTED_EDGE('',*,*,#7413,.T.);
#7415=EDGE_LOOP('',(#7414));
#7416=FACE_BOUND('',#7415,.T.);
#7417=CARTESIAN_POINT('',(0.0461347039621702,-0.000826,-0.0325912517628015));
#7418=DIRECTION('',(0.,1.,0.));
#7419=DIRECTION('',(0.,0.,1.));
#7420=AXIS2_PLACEMENT_3D('',#7417,#7418,#7419);
#7421=CIRCLE('',#7420,0.00025);
#7422=CARTESIAN_POINT('',(0.0461347039621702,-0.000826,-0.0328412517628015));
#7423=VERTEX_POINT('',#7422);
#7424=EDGE_CURVE('',#7423,#7423,#7421,.T.);
#7425=ORIENTED_EDGE('',*,*,#7424,.F.);
#7426=EDGE_LOOP('',(#7425));
#7427=FACE_BOUND('',#7426,.T.);
#7428=ADVANCED_FACE('',(#7416,#7427),#7405,.F.);
#7429=CARTESIAN_POINT('',(0.0480832611206852,0.000826,-0.0314662517628015));
#7430=DIRECTION('',(0.,-1.,0.));
#7431=DIRECTION('',(0.,0.,-1.));
#7432=AXIS2_PLACEMENT_3D('',#7429,#7430,#7431);
#7433=CYLINDRICAL_SURFACE('',#7432,0.003);
#7434=CARTESIAN_POINT('',(0.0480832611206852,0.000826,-0.0314662517628015));
#7435=DIRECTION('',(0.,1.,0.));
#7436=DIRECTION('',(0.,0.,1.));
#7437=AXIS2_PLACEMENT_3D('',#7434,#7435,#7436);
#7438=CIRCLE('',#7437,0.003);
#7439=CARTESIAN_POINT('',(0.0480832611206852,0.000826,-0.0344662517628015));
#7440=VERTEX_POINT('',#7439);
#7441=EDGE_CURVE('',#7440,#7440,#7438,.T.);
#7442=ORIENTED_EDGE('',*,*,#7441,.F.);
#7443=EDGE_LOOP('',(#7442));
#7444=FACE_BOUND('',#7443,.T.);
#7445=ORIENTED_EDGE('',*,*,#1409,.T.);
#7446=EDGE_LOOP('',(#7445));
#7447=FACE_BOUND('',#7446,.T.);
#7448=ADVANCED_FACE('',(#7444,#7447),#7433,.T.);
#7449=CARTESIAN_POINT('',(0.,0.000826,0.));
#7450=DIRECTION('',(0.,1.,0.));
#7451=DIRECTION('',(0.,0.,1.));
#7452=AXIS2_PLACEMENT_3D('',#7449,#7450,#7451);
#7453=PLANE('',#7452);
#7454=ORIENTED_EDGE('',*,*,#7413,.F.);
#7455=EDGE_LOOP('',(#7454));
#7456=FACE_BOUND('',#7455,.T.);
#7457=ORIENTED_EDGE('',*,*,#7385,.F.);
#7458=EDGE_LOOP('',(#7457));
#7459=FACE_BOUND('',#7458,.T.);
#7460=ORIENTED_EDGE('',*,*,#7357,.F.);
#7461=EDGE_LOOP('',(#7460));
#7462=FACE_BOUND('',#7461,.T.);
#7463=ORIENTED_EDGE('',*,*,#7329,.F.);
#7464=EDGE_LOOP('',(#7463));
#7465=FACE_BOUND('',#7464,.T.);
#7466=ORIENTED_EDGE('',*,*,#7301,.F.);
#7467=EDGE_LOOP('',(#7466));
#7468=FACE_BOUND('',#7467,.T.);
#7469=ORIENTED_EDGE('',*,*,#7273,.F.);
#7470=EDGE_LOOP('',(#7469));
#7471=FACE_BOUND('',#7470,.T.);
#7472=ORIENTED_EDGE('',*,*,#3221,.F.);
#7473=EDGE_LOOP('',(#7472));
#7474=FACE_BOUND('',#7473,.T.);
#7475=ORIENTED_EDGE('',*,*,#7441,.T.);
#7476=EDGE_LOOP('',(#7475));
#7477=FACE_BOUND('',#7476,.T.);
#7478=ADVANCED_FACE('',(#7456,#7459,#7462,#7465,#7468,#7471,#7474,#7477),#7453,.T.);
#7479=CARTESIAN_POINT('',(0.0202265829604428,0.000826,-0.0292902914594277));
#7480=DIRECTION('',(0.,-1.,0.));
#7481=DIRECTION('',(0.,0.,-1.));
#7482=AXIS2_PLACEMENT_3D('',#7479,#7480,#7481);
#7483=CYLINDRICAL_SURFACE('',#7482,0.00025);
#7484=CARTESIAN_POINT('',(0.0202265829604428,0.000826,-0.0292902914594277));
#7485=DIRECTION('',(0.,1.,0.));
#7486=DIRECTION('',(0.,0.,1.));
#7487=AXIS2_PLACEMENT_3D('',#7484,#7485,#7486);
#7488=CIRCLE('',#7487,0.00025);
#7489=CARTESIAN_POINT('',(0.0202265829604428,0.000826,-0.0295402914594277));
#7490=VERTEX_POINT('',#7489);
#7491=EDGE_CURVE('',#7490,#7490,#7488,.T.);
#7492=ORIENTED_EDGE('',*,*,#7491,.T.);
#7493=EDGE_LOOP('',(#7492));
#7494=FACE_BOUND('',#7493,.T.);
#7495=CARTESIAN_POINT('',(0.0202265829604428,-0.000826,-0.0292902914594277));
#7496=DIRECTION('',(0.,1.,0.));
#7497=DIRECTION('',(0.,0.,1.));
#7498=AXIS2_PLACEMENT_3D('',#7495,#7496,#7497);
#7499=CIRCLE('',#7498,0.00025);
#7500=CARTESIAN_POINT('',(0.0202265829604428,-0.000826,-0.0295402914594277));
#7501=VERTEX_POINT('',#7500);
#7502=EDGE_CURVE('',#7501,#7501,#7499,.T.);
#7503=ORIENTED_EDGE('',*,*,#7502,.F.);
#7504=EDGE_LOOP('',(#7503));
#7505=FACE_BOUND('',#7504,.T.);
#7506=ADVANCED_FACE('',(#7494,#7505),#7483,.F.);
#7507=CARTESIAN_POINT('',(0.0221751401189578,0.000826,-0.0304152914594277));
#7508=DIRECTION('',(0.,-1.,0.));
#7509=DIRECTION('',(0.,0.,-1.));
#7510=AXIS2_PLACEMENT_3D('',#7507,#7508,#7509);
#7511=CYLINDRICAL_SURFACE('',#7510,0.00025);
#7512=CARTESIAN_POINT('',(0.0221751401189578,0.000826,-0.0304152914594277));
#7513=DIRECTION('',(0.,1.,0.));
#7514=DIRECTION('',(0.,0.,1.));
#7515=AXIS2_PLACEMENT_3D('',#7512,#7513,#7514);
#7516=CIRCLE('',#7515,0.00025);
#7517=CARTESIAN_POINT('',(0.0221751401189578,0.000826,-0.0306652914594277));
#7518=VERTEX_POINT('',#7517);
#7519=EDGE_CURVE('',#7518,#7518,#7516,.T.);
#7520=ORIENTED_EDGE('',*,*,#7519,.T.);
#7521=EDGE_LOOP('',(#7520));
#7522=FACE_BOUND('',#7521,.T.);
#7523=CARTESIAN_POINT('',(0.0221751401189578,-0.000826,-0.0304152914594277));
#7524=DIRECTION('',(0.,1.,0.));
#7525=DIRECTION('',(0.,0.,1.));
#7526=AXIS2_PLACEMENT_3D('',#7523,#7524,#7525);
#7527=CIRCLE('',#7526,0.00025);
#7528=CARTESIAN_POINT('',(0.0221751401189578,-0.000826,-0.0306652914594277));
#7529=VERTEX_POINT('',#7528);
#7530=EDGE_CURVE('',#7529,#7529,#7527,.T.);
#7531=ORIENTED_EDGE('',*,*,#7530,.F.);
#7532=EDGE_LOOP('',(#7531));
#7533=FACE_BOUND('',#7532,.T.);
#7534=ADVANCED_FACE('',(#7522,#7533),#7511,.F.);
#7535=CARTESIAN_POINT('',(0.0221751401189578,0.000826,-0.0326652914594277));
#7536=DIRECTION('',(0.,-1.,0.));
#7537=DIRECTION('',(0.,0.,-1.));
#7538=AXIS2_PLACEMENT_3D('',#7535,#7536,#7537);
#7539=CYLINDRICAL_SURFACE('',#7538,0.00025);
#7540=CARTESIAN_POINT('',(0.0221751401189578,0.000826,-0.0326652914594277));
#7541=DIRECTION('',(0.,1.,0.));
#7542=DIRECTION('',(0.,0.,1.));
#7543=AXIS2_PLACEMENT_3D('',#7540,#7541,#7542);
#7544=CIRCLE('',#7543,0.00025);
#7545=CARTESIAN_POINT('',(0.0221751401189578,0.000826,-0.0329152914594277));
#7546=VERTEX_POINT('',#7545);
#7547=EDGE_CURVE('',#7546,#7546,#7544,.T.);
#7548=ORIENTED_EDGE('',*,*,#7547,.T.);
#7549=EDGE_LOOP('',(#7548));
#7550=FACE_BOUND('',#7549,.T.);
#7551=CARTESIAN_POINT('',(0.0221751401189578,-0.000826,-0.0326652914594277));
#7552=DIRECTION('',(0.,1.,0.));
#7553=DIRECTION('',(0.,0.,1.));
#7554=AXIS2_PLACEMENT_3D('',#7551,#7552,#7553);
#7555=CIRCLE('',#7554,0.00025);
#7556=CARTESIAN_POINT('',(0.0221751401189578,-0.000826,-0.0329152914594277));
#7557=VERTEX_POINT('',#7556);
#7558=EDGE_CURVE('',#7557,#7557,#7555,.T.);
#7559=ORIENTED_EDGE('',*,*,#7558,.F.);
#7560=EDGE_LOOP('',(#7559));
#7561=FACE_BOUND('',#7560,.T.);
#7562=ADVANCED_FACE('',(#7550,#7561),#7539,.F.);
#7563=CARTESIAN_POINT('',(0.0182780258019278,0.000826,-0.0304152914594277));
#7564=DIRECTION('',(0.,-1.,0.));
#7565=DIRECTION('',(0.,0.,-1.));
#7566=AXIS2_PLACEMENT_3D('',#7563,#7564,#7565);
#7567=CYLINDRICAL_SURFACE('',#7566,0.00025);
#7568=CARTESIAN_POINT('',(0.0182780258019278,0.000826,-0.0304152914594277));
#7569=DIRECTION('',(0.,1.,0.));
#7570=DIRECTION('',(0.,0.,1.));
#7571=AXIS2_PLACEMENT_3D('',#7568,#7569,#7570);
#7572=CIRCLE('',#7571,0.00025);
#7573=CARTESIAN_POINT('',(0.0182780258019278,0.000826,-0.0306652914594277));
#7574=VERTEX_POINT('',#7573);
#7575=EDGE_CURVE('',#7574,#7574,#7572,.T.);
#7576=ORIENTED_EDGE('',*,*,#7575,.T.);
#7577=EDGE_LOOP('',(#7576));
#7578=FACE_BOUND('',#7577,.T.);
#7579=CARTESIAN_POINT('',(0.0182780258019278,-0.000826,-0.0304152914594277));
#7580=DIRECTION('',(0.,1.,0.));
#7581=DIRECTION('',(0.,0.,1.));
#7582=AXIS2_PLACEMENT_3D('',#7579,#7580,#7581);
#7583=CIRCLE('',#7582,0.00025);
#7584=CARTESIAN_POINT('',(0.0182780258019278,-0.000826,-0.0306652914594277));
#7585=VERTEX_POINT('',#7584);
#7586=EDGE_CURVE('',#7585,#7585,#7583,.T.);
#7587=ORIENTED_EDGE('',*,*,#7586,.F.);
#7588=EDGE_LOOP('',(#7587));
#7589=FACE_BOUND('',#7588,.T.);
#7590=ADVANCED_FACE('',(#7578,#7589),#7567,.F.);
#7591=CARTESIAN_POINT('',(0.0182780258019278,0.000826,-0.0326652914594277));
#7592=DIRECTION('',(0.,-1.,0.));
#7593=DIRECTION('',(0.,0.,-1.));
#7594=AXIS2_PLACEMENT_3D('',#7591,#7592,#7593);
#7595=CYLINDRICAL_SURFACE('',#7594,0.00025);
#7596=CARTESIAN_POINT('',(0.0182780258019278,0.000826,-0.0326652914594277));
#7597=DIRECTION('',(0.,1.,0.));
#7598=DIRECTION('',(0.,0.,1.));
#7599=AXIS2_PLACEMENT_3D('',#7596,#7597,#7598);
#7600=CIRCLE('',#7599,0.00025);
#7601=CARTESIAN_POINT('',(0.0182780258019278,0.000826,-0.0329152914594277));
#7602=VERTEX_POINT('',#7601);
#7603=EDGE_CURVE('',#7602,#7602,#7600,.T.);
#7604=ORIENTED_EDGE('',*,*,#7603,.T.);
#7605=EDGE_LOOP('',(#7604));
#7606=FACE_BOUND('',#7605,.T.);
#7607=CARTESIAN_POINT('',(0.0182780258019278,-0.000826,-0.0326652914594277));
#7608=DIRECTION('',(0.,1.,0.));
#7609=DIRECTION('',(0.,0.,1.));
#7610=AXIS2_PLACEMENT_3D('',#7607,#7608,#7609);
#7611=CIRCLE('',#7610,0.00025);
#7612=CARTESIAN_POINT('',(0.0182780258019278,-0.000826,-0.0329152914594277));
#7613=VERTEX_POINT('',#7612);
#7614=EDGE_CURVE('',#7613,#7613,#7611,.T.);
#7615=ORIENTED_EDGE('',*,*,#7614,.F.);
#7616=EDGE_LOOP('',(#7615));
#7617=FACE_BOUND('',#7616,.T.);
#7618=ADVANCED_FACE('',(#7606,#7617),#7595,.F.);
#7619=CARTESIAN_POINT('',(0.0202265829604428,0.000826,-0.0337902914594277));
#7620=DIRECTION('',(0.,-1.,0.));
#7621=DIRECTION('',(0.,0.,-1.));
#7622=AXIS2_PLACEMENT_3D('',#7619,#7620,#7621);
#7623=CYLINDRICAL_SURFACE('',#7622,0.00025);
#7624=CARTESIAN_POINT('',(0.0202265829604428,0.000826,-0.0337902914594277));
#7625=DIRECTION('',(0.,1.,0.));
#7626=DIRECTION('',(0.,0.,1.));
#7627=AXIS2_PLACEMENT_3D('',#7624,#7625,#7626);
#7628=CIRCLE('',#7627,0.00025);
#7629=CARTESIAN_POINT('',(0.0202265829604428,0.000826,-0.0340402914594277));
#7630=VERTEX_POINT('',#7629);
#7631=EDGE_CURVE('',#7630,#7630,#7628,.T.);
#7632=ORIENTED_EDGE('',*,*,#7631,.T.);
#7633=EDGE_LOOP('',(#7632));
#7634=FACE_BOUND('',#7633,.T.);
#7635=CARTESIAN_POINT('',(0.0202265829604428,-0.000826,-0.0337902914594277));
#7636=DIRECTION('',(0.,1.,0.));
#7637=DIRECTION('',(0.,0.,1.));
#7638=AXIS2_PLACEMENT_3D('',#7635,#7636,#7637);
#7639=CIRCLE('',#7638,0.00025);
#7640=CARTESIAN_POINT('',(0.0202265829604428,-0.000826,-0.0340402914594277));
#7641=VERTEX_POINT('',#7640);
#7642=EDGE_CURVE('',#7641,#7641,#7639,.T.);
#7643=ORIENTED_EDGE('',*,*,#7642,.F.);
#7644=EDGE_LOOP('',(#7643));
#7645=FACE_BOUND('',#7644,.T.);
#7646=ADVANCED_FACE('',(#7634,#7645),#7623,.F.);
#7647=CARTESIAN_POINT('',(0.0202265829604428,0.000826,-0.0315402914594277));
#7648=DIRECTION('',(0.,-1.,0.));
#7649=DIRECTION('',(0.,0.,-1.));
#7650=AXIS2_PLACEMENT_3D('',#7647,#7648,#7649);
#7651=CYLINDRICAL_SURFACE('',#7650,0.003);
#7652=CARTESIAN_POINT('',(0.0202265829604428,0.000826,-0.0315402914594277));
#7653=DIRECTION('',(0.,1.,0.));
#7654=DIRECTION('',(0.,0.,1.));
#7655=AXIS2_PLACEMENT_3D('',#7652,#7653,#7654);
#7656=CIRCLE('',#7655,0.003);
#7657=CARTESIAN_POINT('',(0.0202265829604428,0.000826,-0.0345402914594277));
#7658=VERTEX_POINT('',#7657);
#7659=EDGE_CURVE('',#7658,#7658,#7656,.T.);
#7660=ORIENTED_EDGE('',*,*,#7659,.F.);
#7661=EDGE_LOOP('',(#7660));
#7662=FACE_BOUND('',#7661,.T.);
#7663=ORIENTED_EDGE('',*,*,#1398,.T.);
#7664=EDGE_LOOP('',(#7663));
#7665=FACE_BOUND('',#7664,.T.);
#7666=ADVANCED_FACE('',(#7662,#7665),#7651,.T.);
#7667=CARTESIAN_POINT('',(0.,0.000826,0.));
#7668=DIRECTION('',(0.,1.,0.));
#7669=DIRECTION('',(0.,0.,1.));
#7670=AXIS2_PLACEMENT_3D('',#7667,#7668,#7669);
#7671=PLANE('',#7670);
#7672=ORIENTED_EDGE('',*,*,#7631,.F.);
#7673=EDGE_LOOP('',(#7672));
#7674=FACE_BOUND('',#7673,.T.);
#7675=ORIENTED_EDGE('',*,*,#7603,.F.);
#7676=EDGE_LOOP('',(#7675));
#7677=FACE_BOUND('',#7676,.T.);
#7678=ORIENTED_EDGE('',*,*,#7575,.F.);
#7679=EDGE_LOOP('',(#7678));
#7680=FACE_BOUND('',#7679,.T.);
#7681=ORIENTED_EDGE('',*,*,#7547,.F.);
#7682=EDGE_LOOP('',(#7681));
#7683=FACE_BOUND('',#7682,.T.);
#7684=ORIENTED_EDGE('',*,*,#7519,.F.);
#7685=EDGE_LOOP('',(#7684));
#7686=FACE_BOUND('',#7685,.T.);
#7687=ORIENTED_EDGE('',*,*,#7491,.F.);
#7688=EDGE_LOOP('',(#7687));
#7689=FACE_BOUND('',#7688,.T.);
#7690=ORIENTED_EDGE('',*,*,#3529,.F.);
#7691=EDGE_LOOP('',(#7690));
#7692=FACE_BOUND('',#7691,.T.);
#7693=ORIENTED_EDGE('',*,*,#7659,.T.);
#7694=EDGE_LOOP('',(#7693));
#7695=FACE_BOUND('',#7694,.T.);
#7696=ADVANCED_FACE('',(#7674,#7677,#7680,#7683,#7686,#7689,#7692,#7695),#7671,.T.);
#7697=CARTESIAN_POINT('',(0.0314662517628013,0.000826,-0.0458332611206853));
#7698=DIRECTION('',(0.,-1.,0.));
#7699=DIRECTION('',(0.,0.,-1.));
#7700=AXIS2_PLACEMENT_3D('',#7697,#7698,#7699);
#7701=CYLINDRICAL_SURFACE('',#7700,0.00025);
#7702=CARTESIAN_POINT('',(0.0314662517628013,0.000826,-0.0458332611206853));
#7703=DIRECTION('',(0.,1.,0.));
#7704=DIRECTION('',(0.,0.,1.));
#7705=AXIS2_PLACEMENT_3D('',#7702,#7703,#7704);
#7706=CIRCLE('',#7705,0.00025);
#7707=CARTESIAN_POINT('',(0.0314662517628013,0.000826,-0.0460832611206853));
#7708=VERTEX_POINT('',#7707);
#7709=EDGE_CURVE('',#7708,#7708,#7706,.T.);
#7710=ORIENTED_EDGE('',*,*,#7709,.T.);
#7711=EDGE_LOOP('',(#7710));
#7712=FACE_BOUND('',#7711,.T.);
#7713=CARTESIAN_POINT('',(0.0314662517628013,-0.000826,-0.0458332611206853));
#7714=DIRECTION('',(0.,1.,0.));
#7715=DIRECTION('',(0.,0.,1.));
#7716=AXIS2_PLACEMENT_3D('',#7713,#7714,#7715);
#7717=CIRCLE('',#7716,0.00025);
#7718=CARTESIAN_POINT('',(0.0314662517628013,-0.000826,-0.0460832611206853));
#7719=VERTEX_POINT('',#7718);
#7720=EDGE_CURVE('',#7719,#7719,#7717,.T.);
#7721=ORIENTED_EDGE('',*,*,#7720,.F.);
#7722=EDGE_LOOP('',(#7721));
#7723=FACE_BOUND('',#7722,.T.);
#7724=ADVANCED_FACE('',(#7712,#7723),#7701,.F.);
#7725=CARTESIAN_POINT('',(0.0295176946042863,0.000826,-0.0469582611206853));
#7726=DIRECTION('',(0.,-1.,0.));
#7727=DIRECTION('',(0.,0.,-1.));
#7728=AXIS2_PLACEMENT_3D('',#7725,#7726,#7727);
#7729=CYLINDRICAL_SURFACE('',#7728,0.00025);
#7730=CARTESIAN_POINT('',(0.0295176946042863,0.000826,-0.0469582611206853));
#7731=DIRECTION('',(0.,1.,0.));
#7732=DIRECTION('',(0.,0.,1.));
#7733=AXIS2_PLACEMENT_3D('',#7730,#7731,#7732);
#7734=CIRCLE('',#7733,0.00025);
#7735=CARTESIAN_POINT('',(0.0295176946042863,0.000826,-0.0472082611206853));
#7736=VERTEX_POINT('',#7735);
#7737=EDGE_CURVE('',#7736,#7736,#7734,.T.);
#7738=ORIENTED_EDGE('',*,*,#7737,.T.);
#7739=EDGE_LOOP('',(#7738));
#7740=FACE_BOUND('',#7739,.T.);
#7741=CARTESIAN_POINT('',(0.0295176946042863,-0.000826,-0.0469582611206853));
#7742=DIRECTION('',(0.,1.,0.));
#7743=DIRECTION('',(0.,0.,1.));
#7744=AXIS2_PLACEMENT_3D('',#7741,#7742,#7743);
#7745=CIRCLE('',#7744,0.00025);
#7746=CARTESIAN_POINT('',(0.0295176946042863,-0.000826,-0.0472082611206853));
#7747=VERTEX_POINT('',#7746);
#7748=EDGE_CURVE('',#7747,#7747,#7745,.T.);
#7749=ORIENTED_EDGE('',*,*,#7748,.F.);
#7750=EDGE_LOOP('',(#7749));
#7751=FACE_BOUND('',#7750,.T.);
#7752=ADVANCED_FACE('',(#7740,#7751),#7729,.F.);
#7753=CARTESIAN_POINT('',(0.0295176946042863,0.000826,-0.0492082611206853));
#7754=DIRECTION('',(0.,-1.,0.));
#7755=DIRECTION('',(0.,0.,-1.));
#7756=AXIS2_PLACEMENT_3D('',#7753,#7754,#7755);
#7757=CYLINDRICAL_SURFACE('',#7756,0.00025);
#7758=CARTESIAN_POINT('',(0.0295176946042863,0.000826,-0.0492082611206853));
#7759=DIRECTION('',(0.,1.,0.));
#7760=DIRECTION('',(0.,0.,1.));
#7761=AXIS2_PLACEMENT_3D('',#7758,#7759,#7760);
#7762=CIRCLE('',#7761,0.00025);
#7763=CARTESIAN_POINT('',(0.0295176946042863,0.000826,-0.0494582611206853));
#7764=VERTEX_POINT('',#7763);
#7765=EDGE_CURVE('',#7764,#7764,#7762,.T.);
#7766=ORIENTED_EDGE('',*,*,#7765,.T.);
#7767=EDGE_LOOP('',(#7766));
#7768=FACE_BOUND('',#7767,.T.);
#7769=CARTESIAN_POINT('',(0.0295176946042863,-0.000826,-0.0492082611206853));
#7770=DIRECTION('',(0.,1.,0.));
#7771=DIRECTION('',(0.,0.,1.));
#7772=AXIS2_PLACEMENT_3D('',#7769,#7770,#7771);
#7773=CIRCLE('',#7772,0.00025);
#7774=CARTESIAN_POINT('',(0.0295176946042863,-0.000826,-0.0494582611206853));
#7775=VERTEX_POINT('',#7774);
#7776=EDGE_CURVE('',#7775,#7775,#7773,.T.);
#7777=ORIENTED_EDGE('',*,*,#7776,.F.);
#7778=EDGE_LOOP('',(#7777));
#7779=FACE_BOUND('',#7778,.T.);
#7780=ADVANCED_FACE('',(#7768,#7779),#7757,.F.);
#7781=CARTESIAN_POINT('',(0.0314662517628013,0.000826,-0.0503332611206853));
#7782=DIRECTION('',(0.,-1.,0.));
#7783=DIRECTION('',(0.,0.,-1.));
#7784=AXIS2_PLACEMENT_3D('',#7781,#7782,#7783);
#7785=CYLINDRICAL_SURFACE('',#7784,0.00025);
#7786=CARTESIAN_POINT('',(0.0314662517628013,0.000826,-0.0503332611206853));
#7787=DIRECTION('',(0.,1.,0.));
#7788=DIRECTION('',(0.,0.,1.));
#7789=AXIS2_PLACEMENT_3D('',#7786,#7787,#7788);
#7790=CIRCLE('',#7789,0.00025);
#7791=CARTESIAN_POINT('',(0.0314662517628013,0.000826,-0.0505832611206853));
#7792=VERTEX_POINT('',#7791);
#7793=EDGE_CURVE('',#7792,#7792,#7790,.T.);
#7794=ORIENTED_EDGE('',*,*,#7793,.T.);
#7795=EDGE_LOOP('',(#7794));
#7796=FACE_BOUND('',#7795,.T.);
#7797=CARTESIAN_POINT('',(0.0314662517628013,-0.000826,-0.0503332611206853));
#7798=DIRECTION('',(0.,1.,0.));
#7799=DIRECTION('',(0.,0.,1.));
#7800=AXIS2_PLACEMENT_3D('',#7797,#7798,#7799);
#7801=CIRCLE('',#7800,0.00025);
#7802=CARTESIAN_POINT('',(0.0314662517628013,-0.000826,-0.0505832611206853));
#7803=VERTEX_POINT('',#7802);
#7804=EDGE_CURVE('',#7803,#7803,#7801,.T.);
#7805=ORIENTED_EDGE('',*,*,#7804,.F.);
#7806=EDGE_LOOP('',(#7805));
#7807=FACE_BOUND('',#7806,.T.);
#7808=ADVANCED_FACE('',(#7796,#7807),#7785,.F.);
#7809=CARTESIAN_POINT('',(0.0334148089213163,0.000826,-0.0492082611206853));
#7810=DIRECTION('',(0.,-1.,0.));
#7811=DIRECTION('',(0.,0.,-1.));
#7812=AXIS2_PLACEMENT_3D('',#7809,#7810,#7811);
#7813=CYLINDRICAL_SURFACE('',#7812,0.00025);
#7814=CARTESIAN_POINT('',(0.0334148089213163,0.000826,-0.0492082611206853));
#7815=DIRECTION('',(0.,1.,0.));
#7816=DIRECTION('',(0.,0.,1.));
#7817=AXIS2_PLACEMENT_3D('',#7814,#7815,#7816);
#7818=CIRCLE('',#7817,0.00025);
#7819=CARTESIAN_POINT('',(0.0334148089213163,0.000826,-0.0494582611206853));
#7820=VERTEX_POINT('',#7819);
#7821=EDGE_CURVE('',#7820,#7820,#7818,.T.);
#7822=ORIENTED_EDGE('',*,*,#7821,.T.);
#7823=EDGE_LOOP('',(#7822));
#7824=FACE_BOUND('',#7823,.T.);
#7825=CARTESIAN_POINT('',(0.0334148089213163,-0.000826,-0.0492082611206853));
#7826=DIRECTION('',(0.,1.,0.));
#7827=DIRECTION('',(0.,0.,1.));
#7828=AXIS2_PLACEMENT_3D('',#7825,#7826,#7827);
#7829=CIRCLE('',#7828,0.00025);
#7830=CARTESIAN_POINT('',(0.0334148089213163,-0.000826,-0.0494582611206853));
#7831=VERTEX_POINT('',#7830);
#7832=EDGE_CURVE('',#7831,#7831,#7829,.T.);
#7833=ORIENTED_EDGE('',*,*,#7832,.F.);
#7834=EDGE_LOOP('',(#7833));
#7835=FACE_BOUND('',#7834,.T.);
#7836=ADVANCED_FACE('',(#7824,#7835),#7813,.F.);
#7837=CARTESIAN_POINT('',(0.0334148089213163,0.000826,-0.0469582611206853));
#7838=DIRECTION('',(0.,-1.,0.));
#7839=DIRECTION('',(0.,0.,-1.));
#7840=AXIS2_PLACEMENT_3D('',#7837,#7838,#7839);
#7841=CYLINDRICAL_SURFACE('',#7840,0.00025);
#7842=CARTESIAN_POINT('',(0.0334148089213163,0.000826,-0.0469582611206853));
#7843=DIRECTION('',(0.,1.,0.));
#7844=DIRECTION('',(0.,0.,1.));
#7845=AXIS2_PLACEMENT_3D('',#7842,#7843,#7844);
#7846=CIRCLE('',#7845,0.00025);
#7847=CARTESIAN_POINT('',(0.0334148089213163,0.000826,-0.0472082611206853));
#7848=VERTEX_POINT('',#7847);
#7849=EDGE_CURVE('',#7848,#7848,#7846,.T.);
#7850=ORIENTED_EDGE('',*,*,#7849,.T.);
#7851=EDGE_LOOP('',(#7850));
#7852=FACE_BOUND('',#7851,.T.);
#7853=CARTESIAN_POINT('',(0.0334148089213163,-0.000826,-0.0469582611206853));
#7854=DIRECTION('',(0.,1.,0.));
#7855=DIRECTION('',(0.,0.,1.));
#7856=AXIS2_PLACEMENT_3D('',#7853,#7854,#7855);
#7857=CIRCLE('',#7856,0.00025);
#7858=CARTESIAN_POINT('',(0.0334148089213163,-0.000826,-0.0472082611206853));
#7859=VERTEX_POINT('',#7858);
#7860=EDGE_CURVE('',#7859,#7859,#7857,.T.);
#7861=ORIENTED_EDGE('',*,*,#7860,.F.);
#7862=EDGE_LOOP('',(#7861));
#7863=FACE_BOUND('',#7862,.T.);
#7864=ADVANCED_FACE('',(#7852,#7863),#7841,.F.);
#7865=CARTESIAN_POINT('',(0.0314662517628013,0.000826,-0.0480832611206853));
#7866=DIRECTION('',(0.,-1.,0.));
#7867=DIRECTION('',(0.,0.,-1.));
#7868=AXIS2_PLACEMENT_3D('',#7865,#7866,#7867);
#7869=CYLINDRICAL_SURFACE('',#7868,0.003);
#7870=CARTESIAN_POINT('',(0.0314662517628013,0.000826,-0.0480832611206853));
#7871=DIRECTION('',(0.,1.,0.));
#7872=DIRECTION('',(0.,0.,1.));
#7873=AXIS2_PLACEMENT_3D('',#7870,#7871,#7872);
#7874=CIRCLE('',#7873,0.003);
#7875=CARTESIAN_POINT('',(0.0314662517628013,0.000826,-0.0510832611206853));
#7876=VERTEX_POINT('',#7875);
#7877=EDGE_CURVE('',#7876,#7876,#7874,.T.);
#7878=ORIENTED_EDGE('',*,*,#7877,.F.);
#7879=EDGE_LOOP('',(#7878));
#7880=FACE_BOUND('',#7879,.T.);
#7881=ORIENTED_EDGE('',*,*,#1387,.T.);
#7882=EDGE_LOOP('',(#7881));
#7883=FACE_BOUND('',#7882,.T.);
#7884=ADVANCED_FACE('',(#7880,#7883),#7869,.T.);
#7885=CARTESIAN_POINT('',(0.,0.000826,0.));
#7886=DIRECTION('',(0.,1.,0.));
#7887=DIRECTION('',(0.,0.,1.));
#7888=AXIS2_PLACEMENT_3D('',#7885,#7886,#7887);
#7889=PLANE('',#7888);
#7890=ORIENTED_EDGE('',*,*,#7849,.F.);
#7891=EDGE_LOOP('',(#7890));
#7892=FACE_BOUND('',#7891,.T.);
#7893=ORIENTED_EDGE('',*,*,#7821,.F.);
#7894=EDGE_LOOP('',(#7893));
#7895=FACE_BOUND('',#7894,.T.);
#7896=ORIENTED_EDGE('',*,*,#7793,.F.);
#7897=EDGE_LOOP('',(#7896));
#7898=FACE_BOUND('',#7897,.T.);
#7899=ORIENTED_EDGE('',*,*,#7765,.F.);
#7900=EDGE_LOOP('',(#7899));
#7901=FACE_BOUND('',#7900,.T.);
#7902=ORIENTED_EDGE('',*,*,#7737,.F.);
#7903=EDGE_LOOP('',(#7902));
#7904=FACE_BOUND('',#7903,.T.);
#7905=ORIENTED_EDGE('',*,*,#7709,.F.);
#7906=EDGE_LOOP('',(#7905));
#7907=FACE_BOUND('',#7906,.T.);
#7908=ORIENTED_EDGE('',*,*,#3249,.F.);
#7909=EDGE_LOOP('',(#7908));
#7910=FACE_BOUND('',#7909,.T.);
#7911=ORIENTED_EDGE('',*,*,#7877,.T.);
#7912=EDGE_LOOP('',(#7911));
#7913=FACE_BOUND('',#7912,.T.);
#7914=ADVANCED_FACE('',(#7892,#7895,#7898,#7901,#7904,#7907,#7910,#7913),#7889,.T.);
#7915=CARTESIAN_POINT('',(-0.0469582611206853,0.000826,-0.0295176946042863));
#7916=DIRECTION('',(0.,-1.,0.));
#7917=DIRECTION('',(0.,0.,-1.));
#7918=AXIS2_PLACEMENT_3D('',#7915,#7916,#7917);
#7919=CYLINDRICAL_SURFACE('',#7918,0.00025);
#7920=CARTESIAN_POINT('',(-0.0469582611206853,0.000826,-0.0295176946042863));
#7921=DIRECTION('',(0.,1.,0.));
#7922=DIRECTION('',(0.,0.,1.));
#7923=AXIS2_PLACEMENT_3D('',#7920,#7921,#7922);
#7924=CIRCLE('',#7923,0.00025);
#7925=CARTESIAN_POINT('',(-0.0469582611206853,0.000826,-0.0297676946042863));
#7926=VERTEX_POINT('',#7925);
#7927=EDGE_CURVE('',#7926,#7926,#7924,.T.);
#7928=ORIENTED_EDGE('',*,*,#7927,.T.);
#7929=EDGE_LOOP('',(#7928));
#7930=FACE_BOUND('',#7929,.T.);
#7931=CARTESIAN_POINT('',(-0.0469582611206853,-0.000826,-0.0295176946042863));
#7932=DIRECTION('',(0.,1.,0.));
#7933=DIRECTION('',(0.,0.,1.));
#7934=AXIS2_PLACEMENT_3D('',#7931,#7932,#7933);
#7935=CIRCLE('',#7934,0.00025);
#7936=CARTESIAN_POINT('',(-0.0469582611206853,-0.000826,-0.0297676946042863));
#7937=VERTEX_POINT('',#7936);
#7938=EDGE_CURVE('',#7937,#7937,#7935,.T.);
#7939=ORIENTED_EDGE('',*,*,#7938,.F.);
#7940=EDGE_LOOP('',(#7939));
#7941=FACE_BOUND('',#7940,.T.);
#7942=ADVANCED_FACE('',(#7930,#7941),#7919,.F.);
#7943=CARTESIAN_POINT('',(-0.0458332611206853,0.000826,-0.0314662517628012));
#7944=DIRECTION('',(0.,-1.,0.));
#7945=DIRECTION('',(0.,0.,-1.));
#7946=AXIS2_PLACEMENT_3D('',#7943,#7944,#7945);
#7947=CYLINDRICAL_SURFACE('',#7946,0.00025);
#7948=CARTESIAN_POINT('',(-0.0458332611206853,0.000826,-0.0314662517628012));
#7949=DIRECTION('',(0.,1.,0.));
#7950=DIRECTION('',(0.,0.,1.));
#7951=AXIS2_PLACEMENT_3D('',#7948,#7949,#7950);
#7952=CIRCLE('',#7951,0.00025);
#7953=CARTESIAN_POINT('',(-0.0458332611206853,0.000826,-0.0317162517628012));
#7954=VERTEX_POINT('',#7953);
#7955=EDGE_CURVE('',#7954,#7954,#7952,.T.);
#7956=ORIENTED_EDGE('',*,*,#7955,.T.);
#7957=EDGE_LOOP('',(#7956));
#7958=FACE_BOUND('',#7957,.T.);
#7959=CARTESIAN_POINT('',(-0.0458332611206853,-0.000826,-0.0314662517628012));
#7960=DIRECTION('',(0.,1.,0.));
#7961=DIRECTION('',(0.,0.,1.));
#7962=AXIS2_PLACEMENT_3D('',#7959,#7960,#7961);
#7963=CIRCLE('',#7962,0.00025);
#7964=CARTESIAN_POINT('',(-0.0458332611206853,-0.000826,-0.0317162517628012));
#7965=VERTEX_POINT('',#7964);
#7966=EDGE_CURVE('',#7965,#7965,#7963,.T.);
#7967=ORIENTED_EDGE('',*,*,#7966,.F.);
#7968=EDGE_LOOP('',(#7967));
#7969=FACE_BOUND('',#7968,.T.);
#7970=ADVANCED_FACE('',(#7958,#7969),#7947,.F.);
#7971=CARTESIAN_POINT('',(-0.0469582611206853,0.000826,-0.0334148089213162));
#7972=DIRECTION('',(0.,-1.,0.));
#7973=DIRECTION('',(0.,0.,-1.));
#7974=AXIS2_PLACEMENT_3D('',#7971,#7972,#7973);
#7975=CYLINDRICAL_SURFACE('',#7974,0.00025);
#7976=CARTESIAN_POINT('',(-0.0469582611206853,0.000826,-0.0334148089213162));
#7977=DIRECTION('',(0.,1.,0.));
#7978=DIRECTION('',(0.,0.,1.));
#7979=AXIS2_PLACEMENT_3D('',#7976,#7977,#7978);
#7980=CIRCLE('',#7979,0.00025);
#7981=CARTESIAN_POINT('',(-0.0469582611206853,0.000826,-0.0336648089213162));
#7982=VERTEX_POINT('',#7981);
#7983=EDGE_CURVE('',#7982,#7982,#7980,.T.);
#7984=ORIENTED_EDGE('',*,*,#7983,.T.);
#7985=EDGE_LOOP('',(#7984));
#7986=FACE_BOUND('',#7985,.T.);
#7987=CARTESIAN_POINT('',(-0.0469582611206853,-0.000826,-0.0334148089213162));
#7988=DIRECTION('',(0.,1.,0.));
#7989=DIRECTION('',(0.,0.,1.));
#7990=AXIS2_PLACEMENT_3D('',#7987,#7988,#7989);
#7991=CIRCLE('',#7990,0.00025);
#7992=CARTESIAN_POINT('',(-0.0469582611206853,-0.000826,-0.0336648089213162));
#7993=VERTEX_POINT('',#7992);
#7994=EDGE_CURVE('',#7993,#7993,#7991,.T.);
#7995=ORIENTED_EDGE('',*,*,#7994,.F.);
#7996=EDGE_LOOP('',(#7995));
#7997=FACE_BOUND('',#7996,.T.);
#7998=ADVANCED_FACE('',(#7986,#7997),#7975,.F.);
#7999=CARTESIAN_POINT('',(-0.0492082611206853,0.000826,-0.0334148089213162));
#8000=DIRECTION('',(0.,-1.,0.));
#8001=DIRECTION('',(0.,0.,-1.));
#8002=AXIS2_PLACEMENT_3D('',#7999,#8000,#8001);
#8003=CYLINDRICAL_SURFACE('',#8002,0.00025);
#8004=CARTESIAN_POINT('',(-0.0492082611206853,0.000826,-0.0334148089213162));
#8005=DIRECTION('',(0.,1.,0.));
#8006=DIRECTION('',(0.,0.,1.));
#8007=AXIS2_PLACEMENT_3D('',#8004,#8005,#8006);
#8008=CIRCLE('',#8007,0.00025);
#8009=CARTESIAN_POINT('',(-0.0492082611206853,0.000826,-0.0336648089213162));
#8010=VERTEX_POINT('',#8009);
#8011=EDGE_CURVE('',#8010,#8010,#8008,.T.);
#8012=ORIENTED_EDGE('',*,*,#8011,.T.);
#8013=EDGE_LOOP('',(#8012));
#8014=FACE_BOUND('',#8013,.T.);
#8015=CARTESIAN_POINT('',(-0.0492082611206853,-0.000826,-0.0334148089213162));
#8016=DIRECTION('',(0.,1.,0.));
#8017=DIRECTION('',(0.,0.,1.));
#8018=AXIS2_PLACEMENT_3D('',#8015,#8016,#8017);
#8019=CIRCLE('',#8018,0.00025);
#8020=CARTESIAN_POINT('',(-0.0492082611206853,-0.000826,-0.0336648089213162));
#8021=VERTEX_POINT('',#8020);
#8022=EDGE_CURVE('',#8021,#8021,#8019,.T.);
#8023=ORIENTED_EDGE('',*,*,#8022,.F.);
#8024=EDGE_LOOP('',(#8023));
#8025=FACE_BOUND('',#8024,.T.);
#8026=ADVANCED_FACE('',(#8014,#8025),#8003,.F.);
#8027=CARTESIAN_POINT('',(-0.0503332611206853,0.000826,-0.0314662517628013));
#8028=DIRECTION('',(0.,-1.,0.));
#8029=DIRECTION('',(0.,0.,-1.));
#8030=AXIS2_PLACEMENT_3D('',#8027,#8028,#8029);
#8031=CYLINDRICAL_SURFACE('',#8030,0.00025);
#8032=CARTESIAN_POINT('',(-0.0503332611206853,0.000826,-0.0314662517628013));
#8033=DIRECTION('',(0.,1.,0.));
#8034=DIRECTION('',(0.,0.,1.));
#8035=AXIS2_PLACEMENT_3D('',#8032,#8033,#8034);
#8036=CIRCLE('',#8035,0.00025);
#8037=CARTESIAN_POINT('',(-0.0503332611206853,0.000826,-0.0317162517628013));
#8038=VERTEX_POINT('',#8037);
#8039=EDGE_CURVE('',#8038,#8038,#8036,.T.);
#8040=ORIENTED_EDGE('',*,*,#8039,.T.);
#8041=EDGE_LOOP('',(#8040));
#8042=FACE_BOUND('',#8041,.T.);
#8043=CARTESIAN_POINT('',(-0.0503332611206853,-0.000826,-0.0314662517628013));
#8044=DIRECTION('',(0.,1.,0.));
#8045=DIRECTION('',(0.,0.,1.));
#8046=AXIS2_PLACEMENT_3D('',#8043,#8044,#8045);
#8047=CIRCLE('',#8046,0.00025);
#8048=CARTESIAN_POINT('',(-0.0503332611206853,-0.000826,-0.0317162517628013));
#8049=VERTEX_POINT('',#8048);
#8050=EDGE_CURVE('',#8049,#8049,#8047,.T.);
#8051=ORIENTED_EDGE('',*,*,#8050,.F.);
#8052=EDGE_LOOP('',(#8051));
#8053=FACE_BOUND('',#8052,.T.);
#8054=ADVANCED_FACE('',(#8042,#8053),#8031,.F.);
#8055=CARTESIAN_POINT('',(-0.0492082611206853,0.000826,-0.0295176946042863));
#8056=DIRECTION('',(0.,-1.,0.));
#8057=DIRECTION('',(0.,0.,-1.));
#8058=AXIS2_PLACEMENT_3D('',#8055,#8056,#8057);
#8059=CYLINDRICAL_SURFACE('',#8058,0.00025);
#8060=CARTESIAN_POINT('',(-0.0492082611206853,0.000826,-0.0295176946042863));
#8061=DIRECTION('',(0.,1.,0.));
#8062=DIRECTION('',(0.,0.,1.));
#8063=AXIS2_PLACEMENT_3D('',#8060,#8061,#8062);
#8064=CIRCLE('',#8063,0.00025);
#8065=CARTESIAN_POINT('',(-0.0492082611206853,0.000826,-0.0297676946042863));
#8066=VERTEX_POINT('',#8065);
#8067=EDGE_CURVE('',#8066,#8066,#8064,.T.);
#8068=ORIENTED_EDGE('',*,*,#8067,.T.);
#8069=EDGE_LOOP('',(#8068));
#8070=FACE_BOUND('',#8069,.T.);
#8071=CARTESIAN_POINT('',(-0.0492082611206853,-0.000826,-0.0295176946042863));
#8072=DIRECTION('',(0.,1.,0.));
#8073=DIRECTION('',(0.,0.,1.));
#8074=AXIS2_PLACEMENT_3D('',#8071,#8072,#8073);
#8075=CIRCLE('',#8074,0.00025);
#8076=CARTESIAN_POINT('',(-0.0492082611206853,-0.000826,-0.0297676946042863));
#8077=VERTEX_POINT('',#8076);
#8078=EDGE_CURVE('',#8077,#8077,#8075,.T.);
#8079=ORIENTED_EDGE('',*,*,#8078,.F.);
#8080=EDGE_LOOP('',(#8079));
#8081=FACE_BOUND('',#8080,.T.);
#8082=ADVANCED_FACE('',(#8070,#8081),#8059,.F.);
#8083=CARTESIAN_POINT('',(-0.0480832611206853,0.000826,-0.0314662517628012));
#8084=DIRECTION('',(0.,-1.,0.));
#8085=DIRECTION('',(0.,0.,-1.));
#8086=AXIS2_PLACEMENT_3D('',#8083,#8084,#8085);
#8087=CYLINDRICAL_SURFACE('',#8086,0.003);
#8088=CARTESIAN_POINT('',(-0.0480832611206853,0.000826,-0.0314662517628012));
#8089=DIRECTION('',(0.,1.,0.));
#8090=DIRECTION('',(0.,0.,1.));
#8091=AXIS2_PLACEMENT_3D('',#8088,#8089,#8090);
#8092=CIRCLE('',#8091,0.003);
#8093=CARTESIAN_POINT('',(-0.0480832611206853,0.000826,-0.0344662517628012));
#8094=VERTEX_POINT('',#8093);
#8095=EDGE_CURVE('',#8094,#8094,#8092,.T.);
#8096=ORIENTED_EDGE('',*,*,#8095,.F.);
#8097=EDGE_LOOP('',(#8096));
#8098=FACE_BOUND('',#8097,.T.);
#8099=ORIENTED_EDGE('',*,*,#1376,.T.);
#8100=EDGE_LOOP('',(#8099));
#8101=FACE_BOUND('',#8100,.T.);
#8102=ADVANCED_FACE('',(#8098,#8101),#8087,.T.);
#8103=CARTESIAN_POINT('',(0.,0.000826,0.));
#8104=DIRECTION('',(0.,1.,0.));
#8105=DIRECTION('',(0.,0.,1.));
#8106=AXIS2_PLACEMENT_3D('',#8103,#8104,#8105);
#8107=PLANE('',#8106);
#8108=ORIENTED_EDGE('',*,*,#8067,.F.);
#8109=EDGE_LOOP('',(#8108));
#8110=FACE_BOUND('',#8109,.T.);
#8111=ORIENTED_EDGE('',*,*,#8039,.F.);
#8112=EDGE_LOOP('',(#8111));
#8113=FACE_BOUND('',#8112,.T.);
#8114=ORIENTED_EDGE('',*,*,#8011,.F.);
#8115=EDGE_LOOP('',(#8114));
#8116=FACE_BOUND('',#8115,.T.);
#8117=ORIENTED_EDGE('',*,*,#7983,.F.);
#8118=EDGE_LOOP('',(#8117));
#8119=FACE_BOUND('',#8118,.T.);
#8120=ORIENTED_EDGE('',*,*,#7955,.F.);
#8121=EDGE_LOOP('',(#8120));
#8122=FACE_BOUND('',#8121,.T.);
#8123=ORIENTED_EDGE('',*,*,#7927,.F.);
#8124=EDGE_LOOP('',(#8123));
#8125=FACE_BOUND('',#8124,.T.);
#8126=ORIENTED_EDGE('',*,*,#3501,.F.);
#8127=EDGE_LOOP('',(#8126));
#8128=FACE_BOUND('',#8127,.T.);
#8129=ORIENTED_EDGE('',*,*,#8095,.T.);
#8130=EDGE_LOOP('',(#8129));
#8131=FACE_BOUND('',#8130,.T.);
#8132=ADVANCED_FACE('',(#8110,#8113,#8116,#8119,#8122,#8125,#8128,#8131),#8107,.T.);
#8133=CARTESIAN_POINT('',(-0.0326652914594277,0.000826,-0.0182780258019278));
#8134=DIRECTION('',(0.,-1.,0.));
#8135=DIRECTION('',(0.,0.,-1.));
#8136=AXIS2_PLACEMENT_3D('',#8133,#8134,#8135);
#8137=CYLINDRICAL_SURFACE('',#8136,0.00025);
#8138=CARTESIAN_POINT('',(-0.0326652914594277,0.000826,-0.0182780258019278));
#8139=DIRECTION('',(0.,1.,0.));
#8140=DIRECTION('',(0.,0.,1.));
#8141=AXIS2_PLACEMENT_3D('',#8138,#8139,#8140);
#8142=CIRCLE('',#8141,0.00025);
#8143=CARTESIAN_POINT('',(-0.0326652914594277,0.000826,-0.0185280258019278));
#8144=VERTEX_POINT('',#8143);
#8145=EDGE_CURVE('',#8144,#8144,#8142,.T.);
#8146=ORIENTED_EDGE('',*,*,#8145,.T.);
#8147=EDGE_LOOP('',(#8146));
#8148=FACE_BOUND('',#8147,.T.);
#8149=CARTESIAN_POINT('',(-0.0326652914594277,-0.000826,-0.0182780258019278));
#8150=DIRECTION('',(0.,1.,0.));
#8151=DIRECTION('',(0.,0.,1.));
#8152=AXIS2_PLACEMENT_3D('',#8149,#8150,#8151);
#8153=CIRCLE('',#8152,0.00025);
#8154=CARTESIAN_POINT('',(-0.0326652914594277,-0.000826,-0.0185280258019278));
#8155=VERTEX_POINT('',#8154);
#8156=EDGE_CURVE('',#8155,#8155,#8153,.T.);
#8157=ORIENTED_EDGE('',*,*,#8156,.F.);
#8158=EDGE_LOOP('',(#8157));
#8159=FACE_BOUND('',#8158,.T.);
#8160=ADVANCED_FACE('',(#8148,#8159),#8137,.F.);
#8161=CARTESIAN_POINT('',(-0.0337902914594277,0.000826,-0.0202265829604428));
#8162=DIRECTION('',(0.,-1.,0.));
#8163=DIRECTION('',(0.,0.,-1.));
#8164=AXIS2_PLACEMENT_3D('',#8161,#8162,#8163);
#8165=CYLINDRICAL_SURFACE('',#8164,0.00025);
#8166=CARTESIAN_POINT('',(-0.0337902914594277,0.000826,-0.0202265829604428));
#8167=DIRECTION('',(0.,1.,0.));
#8168=DIRECTION('',(0.,0.,1.));
#8169=AXIS2_PLACEMENT_3D('',#8166,#8167,#8168);
#8170=CIRCLE('',#8169,0.00025);
#8171=CARTESIAN_POINT('',(-0.0337902914594277,0.000826,-0.0204765829604428));
#8172=VERTEX_POINT('',#8171);
#8173=EDGE_CURVE('',#8172,#8172,#8170,.T.);
#8174=ORIENTED_EDGE('',*,*,#8173,.T.);
#8175=EDGE_LOOP('',(#8174));
#8176=FACE_BOUND('',#8175,.T.);
#8177=CARTESIAN_POINT('',(-0.0337902914594277,-0.000826,-0.0202265829604428));
#8178=DIRECTION('',(0.,1.,0.));
#8179=DIRECTION('',(0.,0.,1.));
#8180=AXIS2_PLACEMENT_3D('',#8177,#8178,#8179);
#8181=CIRCLE('',#8180,0.00025);
#8182=CARTESIAN_POINT('',(-0.0337902914594277,-0.000826,-0.0204765829604428));
#8183=VERTEX_POINT('',#8182);
#8184=EDGE_CURVE('',#8183,#8183,#8181,.T.);
#8185=ORIENTED_EDGE('',*,*,#8184,.F.);
#8186=EDGE_LOOP('',(#8185));
#8187=FACE_BOUND('',#8186,.T.);
#8188=ADVANCED_FACE('',(#8176,#8187),#8165,.F.);
#8189=CARTESIAN_POINT('',(-0.0326652914594277,0.000826,-0.0221751401189577));
#8190=DIRECTION('',(0.,-1.,0.));
#8191=DIRECTION('',(0.,0.,-1.));
#8192=AXIS2_PLACEMENT_3D('',#8189,#8190,#8191);
#8193=CYLINDRICAL_SURFACE('',#8192,0.00025);
#8194=CARTESIAN_POINT('',(-0.0326652914594277,0.000826,-0.0221751401189577));
#8195=DIRECTION('',(0.,1.,0.));
#8196=DIRECTION('',(0.,0.,1.));
#8197=AXIS2_PLACEMENT_3D('',#8194,#8195,#8196);
#8198=CIRCLE('',#8197,0.00025);
#8199=CARTESIAN_POINT('',(-0.0326652914594277,0.000826,-0.0224251401189577));
#8200=VERTEX_POINT('',#8199);
#8201=EDGE_CURVE('',#8200,#8200,#8198,.T.);
#8202=ORIENTED_EDGE('',*,*,#8201,.T.);
#8203=EDGE_LOOP('',(#8202));
#8204=FACE_BOUND('',#8203,.T.);
#8205=CARTESIAN_POINT('',(-0.0326652914594277,-0.000826,-0.0221751401189577));
#8206=DIRECTION('',(0.,1.,0.));
#8207=DIRECTION('',(0.,0.,1.));
#8208=AXIS2_PLACEMENT_3D('',#8205,#8206,#8207);
#8209=CIRCLE('',#8208,0.00025);
#8210=CARTESIAN_POINT('',(-0.0326652914594277,-0.000826,-0.0224251401189577));
#8211=VERTEX_POINT('',#8210);
#8212=EDGE_CURVE('',#8211,#8211,#8209,.T.);
#8213=ORIENTED_EDGE('',*,*,#8212,.F.);
#8214=EDGE_LOOP('',(#8213));
#8215=FACE_BOUND('',#8214,.T.);
#8216=ADVANCED_FACE('',(#8204,#8215),#8193,.F.);
#8217=CARTESIAN_POINT('',(-0.0304152914594277,0.000826,-0.0221751401189577));
#8218=DIRECTION('',(0.,-1.,0.));
#8219=DIRECTION('',(0.,0.,-1.));
#8220=AXIS2_PLACEMENT_3D('',#8217,#8218,#8219);
#8221=CYLINDRICAL_SURFACE('',#8220,0.00025);
#8222=CARTESIAN_POINT('',(-0.0304152914594277,0.000826,-0.0221751401189577));
#8223=DIRECTION('',(0.,1.,0.));
#8224=DIRECTION('',(0.,0.,1.));
#8225=AXIS2_PLACEMENT_3D('',#8222,#8223,#8224);
#8226=CIRCLE('',#8225,0.00025);
#8227=CARTESIAN_POINT('',(-0.0304152914594277,0.000826,-0.0224251401189577));
#8228=VERTEX_POINT('',#8227);
#8229=EDGE_CURVE('',#8228,#8228,#8226,.T.);
#8230=ORIENTED_EDGE('',*,*,#8229,.T.);
#8231=EDGE_LOOP('',(#8230));
#8232=FACE_BOUND('',#8231,.T.);
#8233=CARTESIAN_POINT('',(-0.0304152914594277,-0.000826,-0.0221751401189577));
#8234=DIRECTION('',(0.,1.,0.));
#8235=DIRECTION('',(0.,0.,1.));
#8236=AXIS2_PLACEMENT_3D('',#8233,#8234,#8235);
#8237=CIRCLE('',#8236,0.00025);
#8238=CARTESIAN_POINT('',(-0.0304152914594277,-0.000826,-0.0224251401189577));
#8239=VERTEX_POINT('',#8238);
#8240=EDGE_CURVE('',#8239,#8239,#8237,.T.);
#8241=ORIENTED_EDGE('',*,*,#8240,.F.);
#8242=EDGE_LOOP('',(#8241));
#8243=FACE_BOUND('',#8242,.T.);
#8244=ADVANCED_FACE('',(#8232,#8243),#8221,.F.);
#8245=CARTESIAN_POINT('',(-0.0292902914594277,0.000826,-0.0202265829604428));
#8246=DIRECTION('',(0.,-1.,0.));
#8247=DIRECTION('',(0.,0.,-1.));
#8248=AXIS2_PLACEMENT_3D('',#8245,#8246,#8247);
#8249=CYLINDRICAL_SURFACE('',#8248,0.00025);
#8250=CARTESIAN_POINT('',(-0.0292902914594277,0.000826,-0.0202265829604428));
#8251=DIRECTION('',(0.,1.,0.));
#8252=DIRECTION('',(0.,0.,1.));
#8253=AXIS2_PLACEMENT_3D('',#8250,#8251,#8252);
#8254=CIRCLE('',#8253,0.00025);
#8255=CARTESIAN_POINT('',(-0.0292902914594277,0.000826,-0.0204765829604428));
#8256=VERTEX_POINT('',#8255);
#8257=EDGE_CURVE('',#8256,#8256,#8254,.T.);
#8258=ORIENTED_EDGE('',*,*,#8257,.T.);
#8259=EDGE_LOOP('',(#8258));
#8260=FACE_BOUND('',#8259,.T.);
#8261=CARTESIAN_POINT('',(-0.0292902914594277,-0.000826,-0.0202265829604428));
#8262=DIRECTION('',(0.,1.,0.));
#8263=DIRECTION('',(0.,0.,1.));
#8264=AXIS2_PLACEMENT_3D('',#8261,#8262,#8263);
#8265=CIRCLE('',#8264,0.00025);
#8266=CARTESIAN_POINT('',(-0.0292902914594277,-0.000826,-0.0204765829604428));
#8267=VERTEX_POINT('',#8266);
#8268=EDGE_CURVE('',#8267,#8267,#8265,.T.);
#8269=ORIENTED_EDGE('',*,*,#8268,.F.);
#8270=EDGE_LOOP('',(#8269));
#8271=FACE_BOUND('',#8270,.T.);
#8272=ADVANCED_FACE('',(#8260,#8271),#8249,.F.);
#8273=CARTESIAN_POINT('',(-0.0304152914594277,0.000826,-0.0182780258019278));
#8274=DIRECTION('',(0.,-1.,0.));
#8275=DIRECTION('',(0.,0.,-1.));
#8276=AXIS2_PLACEMENT_3D('',#8273,#8274,#8275);
#8277=CYLINDRICAL_SURFACE('',#8276,0.00025);
#8278=CARTESIAN_POINT('',(-0.0304152914594277,0.000826,-0.0182780258019278));
#8279=DIRECTION('',(0.,1.,0.));
#8280=DIRECTION('',(0.,0.,1.));
#8281=AXIS2_PLACEMENT_3D('',#8278,#8279,#8280);
#8282=CIRCLE('',#8281,0.00025);
#8283=CARTESIAN_POINT('',(-0.0304152914594277,0.000826,-0.0185280258019278));
#8284=VERTEX_POINT('',#8283);
#8285=EDGE_CURVE('',#8284,#8284,#8282,.T.);
#8286=ORIENTED_EDGE('',*,*,#8285,.T.);
#8287=EDGE_LOOP('',(#8286));
#8288=FACE_BOUND('',#8287,.T.);
#8289=CARTESIAN_POINT('',(-0.0304152914594277,-0.000826,-0.0182780258019278));
#8290=DIRECTION('',(0.,1.,0.));
#8291=DIRECTION('',(0.,0.,1.));
#8292=AXIS2_PLACEMENT_3D('',#8289,#8290,#8291);
#8293=CIRCLE('',#8292,0.00025);
#8294=CARTESIAN_POINT('',(-0.0304152914594277,-0.000826,-0.0185280258019278));
#8295=VERTEX_POINT('',#8294);
#8296=EDGE_CURVE('',#8295,#8295,#8293,.T.);
#8297=ORIENTED_EDGE('',*,*,#8296,.F.);
#8298=EDGE_LOOP('',(#8297));
#8299=FACE_BOUND('',#8298,.T.);
#8300=ADVANCED_FACE('',(#8288,#8299),#8277,.F.);
#8301=CARTESIAN_POINT('',(-0.0315402914594277,0.000826,-0.0202265829604428));
#8302=DIRECTION('',(0.,-1.,0.));
#8303=DIRECTION('',(0.,0.,-1.));
#8304=AXIS2_PLACEMENT_3D('',#8301,#8302,#8303);
#8305=CYLINDRICAL_SURFACE('',#8304,0.003);
#8306=CARTESIAN_POINT('',(-0.0315402914594277,0.000826,-0.0202265829604428));
#8307=DIRECTION('',(0.,1.,0.));
#8308=DIRECTION('',(0.,0.,1.));
#8309=AXIS2_PLACEMENT_3D('',#8306,#8307,#8308);
#8310=CIRCLE('',#8309,0.003);
#8311=CARTESIAN_POINT('',(-0.0315402914594277,0.000826,-0.0232265829604428));
#8312=VERTEX_POINT('',#8311);
#8313=EDGE_CURVE('',#8312,#8312,#8310,.T.);
#8314=ORIENTED_EDGE('',*,*,#8313,.F.);
#8315=EDGE_LOOP('',(#8314));
#8316=FACE_BOUND('',#8315,.T.);
#8317=ORIENTED_EDGE('',*,*,#1365,.T.);
#8318=EDGE_LOOP('',(#8317));
#8319=FACE_BOUND('',#8318,.T.);
#8320=ADVANCED_FACE('',(#8316,#8319),#8305,.T.);
#8321=CARTESIAN_POINT('',(0.,0.000826,0.));
#8322=DIRECTION('',(0.,1.,0.));
#8323=DIRECTION('',(0.,0.,1.));
#8324=AXIS2_PLACEMENT_3D('',#8321,#8322,#8323);
#8325=PLANE('',#8324);
#8326=ORIENTED_EDGE('',*,*,#8285,.F.);
#8327=EDGE_LOOP('',(#8326));
#8328=FACE_BOUND('',#8327,.T.);
#8329=ORIENTED_EDGE('',*,*,#8257,.F.);
#8330=EDGE_LOOP('',(#8329));
#8331=FACE_BOUND('',#8330,.T.);
#8332=ORIENTED_EDGE('',*,*,#8229,.F.);
#8333=EDGE_LOOP('',(#8332));
#8334=FACE_BOUND('',#8333,.T.);
#8335=ORIENTED_EDGE('',*,*,#8201,.F.);
#8336=EDGE_LOOP('',(#8335));
#8337=FACE_BOUND('',#8336,.T.);
#8338=ORIENTED_EDGE('',*,*,#8173,.F.);
#8339=EDGE_LOOP('',(#8338));
#8340=FACE_BOUND('',#8339,.T.);
#8341=ORIENTED_EDGE('',*,*,#8145,.F.);
#8342=EDGE_LOOP('',(#8341));
#8343=FACE_BOUND('',#8342,.T.);
#8344=ORIENTED_EDGE('',*,*,#3473,.F.);
#8345=EDGE_LOOP('',(#8344));
#8346=FACE_BOUND('',#8345,.T.);
#8347=ORIENTED_EDGE('',*,*,#8313,.T.);
#8348=EDGE_LOOP('',(#8347));
#8349=FACE_BOUND('',#8348,.T.);
#8350=ADVANCED_FACE('',(#8328,#8331,#8334,#8337,#8340,#8343,#8346,#8349),#8325,.T.);
#8351=CARTESIAN_POINT('',(-0.0191015829604429,0.000826,-0.0295917343009126));
#8352=DIRECTION('',(0.,-1.,0.));
#8353=DIRECTION('',(0.,0.,-1.));
#8354=AXIS2_PLACEMENT_3D('',#8351,#8352,#8353);
#8355=CYLINDRICAL_SURFACE('',#8354,0.00025);
#8356=CARTESIAN_POINT('',(-0.0191015829604429,0.000826,-0.0295917343009126));
#8357=DIRECTION('',(0.,1.,0.));
#8358=DIRECTION('',(0.,0.,1.));
#8359=AXIS2_PLACEMENT_3D('',#8356,#8357,#8358);
#8360=CIRCLE('',#8359,0.00025);
#8361=CARTESIAN_POINT('',(-0.0191015829604429,0.000826,-0.0298417343009126));
#8362=VERTEX_POINT('',#8361);
#8363=EDGE_CURVE('',#8362,#8362,#8360,.T.);
#8364=ORIENTED_EDGE('',*,*,#8363,.T.);
#8365=EDGE_LOOP('',(#8364));
#8366=FACE_BOUND('',#8365,.T.);
#8367=CARTESIAN_POINT('',(-0.0191015829604429,-0.000826,-0.0295917343009126));
#8368=DIRECTION('',(0.,1.,0.));
#8369=DIRECTION('',(0.,0.,1.));
#8370=AXIS2_PLACEMENT_3D('',#8367,#8368,#8369);
#8371=CIRCLE('',#8370,0.00025);
#8372=CARTESIAN_POINT('',(-0.0191015829604429,-0.000826,-0.0298417343009126));
#8373=VERTEX_POINT('',#8372);
#8374=EDGE_CURVE('',#8373,#8373,#8371,.T.);
#8375=ORIENTED_EDGE('',*,*,#8374,.F.);
#8376=EDGE_LOOP('',(#8375));
#8377=FACE_BOUND('',#8376,.T.);
#8378=ADVANCED_FACE('',(#8366,#8377),#8355,.F.);
#8379=CARTESIAN_POINT('',(-0.0213515829604429,0.000826,-0.0295917343009126));
#8380=DIRECTION('',(0.,-1.,0.));
#8381=DIRECTION('',(0.,0.,-1.));
#8382=AXIS2_PLACEMENT_3D('',#8379,#8380,#8381);
#8383=CYLINDRICAL_SURFACE('',#8382,0.00025);
#8384=CARTESIAN_POINT('',(-0.0213515829604429,0.000826,-0.0295917343009126));
#8385=DIRECTION('',(0.,1.,0.));
#8386=DIRECTION('',(0.,0.,1.));
#8387=AXIS2_PLACEMENT_3D('',#8384,#8385,#8386);
#8388=CIRCLE('',#8387,0.00025);
#8389=CARTESIAN_POINT('',(-0.0213515829604429,0.000826,-0.0298417343009126));
#8390=VERTEX_POINT('',#8389);
#8391=EDGE_CURVE('',#8390,#8390,#8388,.T.);
#8392=ORIENTED_EDGE('',*,*,#8391,.T.);
#8393=EDGE_LOOP('',(#8392));
#8394=FACE_BOUND('',#8393,.T.);
#8395=CARTESIAN_POINT('',(-0.0213515829604429,-0.000826,-0.0295917343009126));
#8396=DIRECTION('',(0.,1.,0.));
#8397=DIRECTION('',(0.,0.,1.));
#8398=AXIS2_PLACEMENT_3D('',#8395,#8396,#8397);
#8399=CIRCLE('',#8398,0.00025);
#8400=CARTESIAN_POINT('',(-0.0213515829604429,-0.000826,-0.0298417343009126));
#8401=VERTEX_POINT('',#8400);
#8402=EDGE_CURVE('',#8401,#8401,#8399,.T.);
#8403=ORIENTED_EDGE('',*,*,#8402,.F.);
#8404=EDGE_LOOP('',(#8403));
#8405=FACE_BOUND('',#8404,.T.);
#8406=ADVANCED_FACE('',(#8394,#8405),#8383,.F.);
#8407=CARTESIAN_POINT('',(-0.0224765829604429,0.000826,-0.0315402914594276));
#8408=DIRECTION('',(0.,-1.,0.));
#8409=DIRECTION('',(0.,0.,-1.));
#8410=AXIS2_PLACEMENT_3D('',#8407,#8408,#8409);
#8411=CYLINDRICAL_SURFACE('',#8410,0.00025);
#8412=CARTESIAN_POINT('',(-0.0224765829604429,0.000826,-0.0315402914594276));
#8413=DIRECTION('',(0.,1.,0.));
#8414=DIRECTION('',(0.,0.,1.));
#8415=AXIS2_PLACEMENT_3D('',#8412,#8413,#8414);
#8416=CIRCLE('',#8415,0.00025);
#8417=CARTESIAN_POINT('',(-0.0224765829604429,0.000826,-0.0317902914594276));
#8418=VERTEX_POINT('',#8417);
#8419=EDGE_CURVE('',#8418,#8418,#8416,.T.);
#8420=ORIENTED_EDGE('',*,*,#8419,.T.);
#8421=EDGE_LOOP('',(#8420));
#8422=FACE_BOUND('',#8421,.T.);
#8423=CARTESIAN_POINT('',(-0.0224765829604429,-0.000826,-0.0315402914594276));
#8424=DIRECTION('',(0.,1.,0.));
#8425=DIRECTION('',(0.,0.,1.));
#8426=AXIS2_PLACEMENT_3D('',#8423,#8424,#8425);
#8427=CIRCLE('',#8426,0.00025);
#8428=CARTESIAN_POINT('',(-0.0224765829604429,-0.000826,-0.0317902914594276));
#8429=VERTEX_POINT('',#8428);
#8430=EDGE_CURVE('',#8429,#8429,#8427,.T.);
#8431=ORIENTED_EDGE('',*,*,#8430,.F.);
#8432=EDGE_LOOP('',(#8431));
#8433=FACE_BOUND('',#8432,.T.);
#8434=ADVANCED_FACE('',(#8422,#8433),#8411,.F.);
#8435=CARTESIAN_POINT('',(-0.0213515829604429,0.000826,-0.0334888486179425));
#8436=DIRECTION('',(0.,-1.,0.));
#8437=DIRECTION('',(0.,0.,-1.));
#8438=AXIS2_PLACEMENT_3D('',#8435,#8436,#8437);
#8439=CYLINDRICAL_SURFACE('',#8438,0.00025);
#8440=CARTESIAN_POINT('',(-0.0213515829604429,0.000826,-0.0334888486179425));
#8441=DIRECTION('',(0.,1.,0.));
#8442=DIRECTION('',(0.,0.,1.));
#8443=AXIS2_PLACEMENT_3D('',#8440,#8441,#8442);
#8444=CIRCLE('',#8443,0.00025);
#8445=CARTESIAN_POINT('',(-0.0213515829604429,0.000826,-0.0337388486179425));
#8446=VERTEX_POINT('',#8445);
#8447=EDGE_CURVE('',#8446,#8446,#8444,.T.);
#8448=ORIENTED_EDGE('',*,*,#8447,.T.);
#8449=EDGE_LOOP('',(#8448));
#8450=FACE_BOUND('',#8449,.T.);
#8451=CARTESIAN_POINT('',(-0.0213515829604429,-0.000826,-0.0334888486179425));
#8452=DIRECTION('',(0.,1.,0.));
#8453=DIRECTION('',(0.,0.,1.));
#8454=AXIS2_PLACEMENT_3D('',#8451,#8452,#8453);
#8455=CIRCLE('',#8454,0.00025);
#8456=CARTESIAN_POINT('',(-0.0213515829604429,-0.000826,-0.0337388486179425));
#8457=VERTEX_POINT('',#8456);
#8458=EDGE_CURVE('',#8457,#8457,#8455,.T.);
#8459=ORIENTED_EDGE('',*,*,#8458,.F.);
#8460=EDGE_LOOP('',(#8459));
#8461=FACE_BOUND('',#8460,.T.);
#8462=ADVANCED_FACE('',(#8450,#8461),#8439,.F.);
#8463=CARTESIAN_POINT('',(-0.0191015829604429,0.000826,-0.0334888486179425));
#8464=DIRECTION('',(0.,-1.,0.));
#8465=DIRECTION('',(0.,0.,-1.));
#8466=AXIS2_PLACEMENT_3D('',#8463,#8464,#8465);
#8467=CYLINDRICAL_SURFACE('',#8466,0.00025);
#8468=CARTESIAN_POINT('',(-0.0191015829604429,0.000826,-0.0334888486179425));
#8469=DIRECTION('',(0.,1.,0.));
#8470=DIRECTION('',(0.,0.,1.));
#8471=AXIS2_PLACEMENT_3D('',#8468,#8469,#8470);
#8472=CIRCLE('',#8471,0.00025);
#8473=CARTESIAN_POINT('',(-0.0191015829604429,0.000826,-0.0337388486179425));
#8474=VERTEX_POINT('',#8473);
#8475=EDGE_CURVE('',#8474,#8474,#8472,.T.);
#8476=ORIENTED_EDGE('',*,*,#8475,.T.);
#8477=EDGE_LOOP('',(#8476));
#8478=FACE_BOUND('',#8477,.T.);
#8479=CARTESIAN_POINT('',(-0.0191015829604429,-0.000826,-0.0334888486179425));
#8480=DIRECTION('',(0.,1.,0.));
#8481=DIRECTION('',(0.,0.,1.));
#8482=AXIS2_PLACEMENT_3D('',#8479,#8480,#8481);
#8483=CIRCLE('',#8482,0.00025);
#8484=CARTESIAN_POINT('',(-0.0191015829604429,-0.000826,-0.0337388486179425));
#8485=VERTEX_POINT('',#8484);
#8486=EDGE_CURVE('',#8485,#8485,#8483,.T.);
#8487=ORIENTED_EDGE('',*,*,#8486,.F.);
#8488=EDGE_LOOP('',(#8487));
#8489=FACE_BOUND('',#8488,.T.);
#8490=ADVANCED_FACE('',(#8478,#8489),#8467,.F.);
#8491=CARTESIAN_POINT('',(-0.0179765829604429,0.000826,-0.0315402914594276));
#8492=DIRECTION('',(0.,-1.,0.));
#8493=DIRECTION('',(0.,0.,-1.));
#8494=AXIS2_PLACEMENT_3D('',#8491,#8492,#8493);
#8495=CYLINDRICAL_SURFACE('',#8494,0.00025);
#8496=CARTESIAN_POINT('',(-0.0179765829604429,0.000826,-0.0315402914594276));
#8497=DIRECTION('',(0.,1.,0.));
#8498=DIRECTION('',(0.,0.,1.));
#8499=AXIS2_PLACEMENT_3D('',#8496,#8497,#8498);
#8500=CIRCLE('',#8499,0.00025);
#8501=CARTESIAN_POINT('',(-0.0179765829604429,0.000826,-0.0317902914594276));
#8502=VERTEX_POINT('',#8501);
#8503=EDGE_CURVE('',#8502,#8502,#8500,.T.);
#8504=ORIENTED_EDGE('',*,*,#8503,.T.);
#8505=EDGE_LOOP('',(#8504));
#8506=FACE_BOUND('',#8505,.T.);
#8507=CARTESIAN_POINT('',(-0.0179765829604429,-0.000826,-0.0315402914594276));
#8508=DIRECTION('',(0.,1.,0.));
#8509=DIRECTION('',(0.,0.,1.));
#8510=AXIS2_PLACEMENT_3D('',#8507,#8508,#8509);
#8511=CIRCLE('',#8510,0.00025);
#8512=CARTESIAN_POINT('',(-0.0179765829604429,-0.000826,-0.0317902914594276));
#8513=VERTEX_POINT('',#8512);
#8514=EDGE_CURVE('',#8513,#8513,#8511,.T.);
#8515=ORIENTED_EDGE('',*,*,#8514,.F.);
#8516=EDGE_LOOP('',(#8515));
#8517=FACE_BOUND('',#8516,.T.);
#8518=ADVANCED_FACE('',(#8506,#8517),#8495,.F.);
#8519=CARTESIAN_POINT('',(-0.0202265829604429,0.000826,-0.0315402914594276));
#8520=DIRECTION('',(0.,-1.,0.));
#8521=DIRECTION('',(0.,0.,-1.));
#8522=AXIS2_PLACEMENT_3D('',#8519,#8520,#8521);
#8523=CYLINDRICAL_SURFACE('',#8522,0.003);
#8524=CARTESIAN_POINT('',(-0.0202265829604429,0.000826,-0.0315402914594276));
#8525=DIRECTION('',(0.,1.,0.));
#8526=DIRECTION('',(0.,0.,1.));
#8527=AXIS2_PLACEMENT_3D('',#8524,#8525,#8526);
#8528=CIRCLE('',#8527,0.003);
#8529=CARTESIAN_POINT('',(-0.0202265829604429,0.000826,-0.0345402914594276));
#8530=VERTEX_POINT('',#8529);
#8531=EDGE_CURVE('',#8530,#8530,#8528,.T.);
#8532=ORIENTED_EDGE('',*,*,#8531,.F.);
#8533=EDGE_LOOP('',(#8532));
#8534=FACE_BOUND('',#8533,.T.);
#8535=ORIENTED_EDGE('',*,*,#1354,.T.);
#8536=EDGE_LOOP('',(#8535));
#8537=FACE_BOUND('',#8536,.T.);
#8538=ADVANCED_FACE('',(#8534,#8537),#8523,.T.);
#8539=CARTESIAN_POINT('',(0.,0.000826,0.));
#8540=DIRECTION('',(0.,1.,0.));
#8541=DIRECTION('',(0.,0.,1.));
#8542=AXIS2_PLACEMENT_3D('',#8539,#8540,#8541);
#8543=PLANE('',#8542);
#8544=ORIENTED_EDGE('',*,*,#8503,.F.);
#8545=EDGE_LOOP('',(#8544));
#8546=FACE_BOUND('',#8545,.T.);
#8547=ORIENTED_EDGE('',*,*,#8475,.F.);
#8548=EDGE_LOOP('',(#8547));
#8549=FACE_BOUND('',#8548,.T.);
#8550=ORIENTED_EDGE('',*,*,#8447,.F.);
#8551=EDGE_LOOP('',(#8550));
#8552=FACE_BOUND('',#8551,.T.);
#8553=ORIENTED_EDGE('',*,*,#8419,.F.);
#8554=EDGE_LOOP('',(#8553));
#8555=FACE_BOUND('',#8554,.T.);
#8556=ORIENTED_EDGE('',*,*,#8391,.F.);
#8557=EDGE_LOOP('',(#8556));
#8558=FACE_BOUND('',#8557,.T.);
#8559=ORIENTED_EDGE('',*,*,#8363,.F.);
#8560=EDGE_LOOP('',(#8559));
#8561=FACE_BOUND('',#8560,.T.);
#8562=ORIENTED_EDGE('',*,*,#3417,.F.);
#8563=EDGE_LOOP('',(#8562));
#8564=FACE_BOUND('',#8563,.T.);
#8565=ORIENTED_EDGE('',*,*,#8531,.T.);
#8566=EDGE_LOOP('',(#8565));
#8567=FACE_BOUND('',#8566,.T.);
#8568=ADVANCED_FACE('',(#8546,#8549,#8552,#8555,#8558,#8561,#8564,#8567),#8543,.T.);
#8569=CARTESIAN_POINT('',(-0.0325912517628015,0.000826,-0.0461347039621702));
#8570=DIRECTION('',(0.,-1.,0.));
#8571=DIRECTION('',(0.,0.,-1.));
#8572=AXIS2_PLACEMENT_3D('',#8569,#8570,#8571);
#8573=CYLINDRICAL_SURFACE('',#8572,0.00025);
#8574=CARTESIAN_POINT('',(-0.0325912517628015,0.000826,-0.0461347039621702));
#8575=DIRECTION('',(0.,1.,0.));
#8576=DIRECTION('',(0.,0.,1.));
#8577=AXIS2_PLACEMENT_3D('',#8574,#8575,#8576);
#8578=CIRCLE('',#8577,0.00025);
#8579=CARTESIAN_POINT('',(-0.0325912517628015,0.000826,-0.0463847039621702));
#8580=VERTEX_POINT('',#8579);
#8581=EDGE_CURVE('',#8580,#8580,#8578,.T.);
#8582=ORIENTED_EDGE('',*,*,#8581,.T.);
#8583=EDGE_LOOP('',(#8582));
#8584=FACE_BOUND('',#8583,.T.);
#8585=CARTESIAN_POINT('',(-0.0325912517628015,-0.000826,-0.0461347039621702));
#8586=DIRECTION('',(0.,1.,0.));
#8587=DIRECTION('',(0.,0.,1.));
#8588=AXIS2_PLACEMENT_3D('',#8585,#8586,#8587);
#8589=CIRCLE('',#8588,0.00025);
#8590=CARTESIAN_POINT('',(-0.0325912517628015,-0.000826,-0.0463847039621702));
#8591=VERTEX_POINT('',#8590);
#8592=EDGE_CURVE('',#8591,#8591,#8589,.T.);
#8593=ORIENTED_EDGE('',*,*,#8592,.F.);
#8594=EDGE_LOOP('',(#8593));
#8595=FACE_BOUND('',#8594,.T.);
#8596=ADVANCED_FACE('',(#8584,#8595),#8573,.F.);
#8597=CARTESIAN_POINT('',(-0.0337162517628015,0.000826,-0.0480832611206851));
#8598=DIRECTION('',(0.,-1.,0.));
#8599=DIRECTION('',(0.,0.,-1.));
#8600=AXIS2_PLACEMENT_3D('',#8597,#8598,#8599);
#8601=CYLINDRICAL_SURFACE('',#8600,0.00025);
#8602=CARTESIAN_POINT('',(-0.0337162517628015,0.000826,-0.0480832611206851));
#8603=DIRECTION('',(0.,1.,0.));
#8604=DIRECTION('',(0.,0.,1.));
#8605=AXIS2_PLACEMENT_3D('',#8602,#8603,#8604);
#8606=CIRCLE('',#8605,0.00025);
#8607=CARTESIAN_POINT('',(-0.0337162517628015,0.000826,-0.0483332611206851));
#8608=VERTEX_POINT('',#8607);
#8609=EDGE_CURVE('',#8608,#8608,#8606,.T.);
#8610=ORIENTED_EDGE('',*,*,#8609,.T.);
#8611=EDGE_LOOP('',(#8610));
#8612=FACE_BOUND('',#8611,.T.);
#8613=CARTESIAN_POINT('',(-0.0337162517628015,-0.000826,-0.0480832611206851));
#8614=DIRECTION('',(0.,1.,0.));
#8615=DIRECTION('',(0.,0.,1.));
#8616=AXIS2_PLACEMENT_3D('',#8613,#8614,#8615);
#8617=CIRCLE('',#8616,0.00025);
#8618=CARTESIAN_POINT('',(-0.0337162517628015,-0.000826,-0.0483332611206851));
#8619=VERTEX_POINT('',#8618);
#8620=EDGE_CURVE('',#8619,#8619,#8617,.T.);
#8621=ORIENTED_EDGE('',*,*,#8620,.F.);
#8622=EDGE_LOOP('',(#8621));
#8623=FACE_BOUND('',#8622,.T.);
#8624=ADVANCED_FACE('',(#8612,#8623),#8601,.F.);
#8625=CARTESIAN_POINT('',(-0.0325912517628015,0.000826,-0.0500318182792001));
#8626=DIRECTION('',(0.,-1.,0.));
#8627=DIRECTION('',(0.,0.,-1.));
#8628=AXIS2_PLACEMENT_3D('',#8625,#8626,#8627);
#8629=CYLINDRICAL_SURFACE('',#8628,0.00025);
#8630=CARTESIAN_POINT('',(-0.0325912517628015,0.000826,-0.0500318182792001));
#8631=DIRECTION('',(0.,1.,0.));
#8632=DIRECTION('',(0.,0.,1.));
#8633=AXIS2_PLACEMENT_3D('',#8630,#8631,#8632);
#8634=CIRCLE('',#8633,0.00025);
#8635=CARTESIAN_POINT('',(-0.0325912517628015,0.000826,-0.0502818182792001));
#8636=VERTEX_POINT('',#8635);
#8637=EDGE_CURVE('',#8636,#8636,#8634,.T.);
#8638=ORIENTED_EDGE('',*,*,#8637,.T.);
#8639=EDGE_LOOP('',(#8638));
#8640=FACE_BOUND('',#8639,.T.);
#8641=CARTESIAN_POINT('',(-0.0325912517628015,-0.000826,-0.0500318182792001));
#8642=DIRECTION('',(0.,1.,0.));
#8643=DIRECTION('',(0.,0.,1.));
#8644=AXIS2_PLACEMENT_3D('',#8641,#8642,#8643);
#8645=CIRCLE('',#8644,0.00025);
#8646=CARTESIAN_POINT('',(-0.0325912517628015,-0.000826,-0.0502818182792001));
#8647=VERTEX_POINT('',#8646);
#8648=EDGE_CURVE('',#8647,#8647,#8645,.T.);
#8649=ORIENTED_EDGE('',*,*,#8648,.F.);
#8650=EDGE_LOOP('',(#8649));
#8651=FACE_BOUND('',#8650,.T.);
#8652=ADVANCED_FACE('',(#8640,#8651),#8629,.F.);
#8653=CARTESIAN_POINT('',(-0.0303412517628015,0.000826,-0.0500318182792001));
#8654=DIRECTION('',(0.,-1.,0.));
#8655=DIRECTION('',(0.,0.,-1.));
#8656=AXIS2_PLACEMENT_3D('',#8653,#8654,#8655);
#8657=CYLINDRICAL_SURFACE('',#8656,0.00025);
#8658=CARTESIAN_POINT('',(-0.0303412517628015,0.000826,-0.0500318182792001));
#8659=DIRECTION('',(0.,1.,0.));
#8660=DIRECTION('',(0.,0.,1.));
#8661=AXIS2_PLACEMENT_3D('',#8658,#8659,#8660);
#8662=CIRCLE('',#8661,0.00025);
#8663=CARTESIAN_POINT('',(-0.0303412517628015,0.000826,-0.0502818182792001));
#8664=VERTEX_POINT('',#8663);
#8665=EDGE_CURVE('',#8664,#8664,#8662,.T.);
#8666=ORIENTED_EDGE('',*,*,#8665,.T.);
#8667=EDGE_LOOP('',(#8666));
#8668=FACE_BOUND('',#8667,.T.);
#8669=CARTESIAN_POINT('',(-0.0303412517628015,-0.000826,-0.0500318182792001));
#8670=DIRECTION('',(0.,1.,0.));
#8671=DIRECTION('',(0.,0.,1.));
#8672=AXIS2_PLACEMENT_3D('',#8669,#8670,#8671);
#8673=CIRCLE('',#8672,0.00025);
#8674=CARTESIAN_POINT('',(-0.0303412517628015,-0.000826,-0.0502818182792001));
#8675=VERTEX_POINT('',#8674);
#8676=EDGE_CURVE('',#8675,#8675,#8673,.T.);
#8677=ORIENTED_EDGE('',*,*,#8676,.F.);
#8678=EDGE_LOOP('',(#8677));
#8679=FACE_BOUND('',#8678,.T.);
#8680=ADVANCED_FACE('',(#8668,#8679),#8657,.F.);
#8681=CARTESIAN_POINT('',(-0.0292162517628015,0.000826,-0.0480832611206851));
#8682=DIRECTION('',(0.,-1.,0.));
#8683=DIRECTION('',(0.,0.,-1.));
#8684=AXIS2_PLACEMENT_3D('',#8681,#8682,#8683);
#8685=CYLINDRICAL_SURFACE('',#8684,0.00025);
#8686=CARTESIAN_POINT('',(-0.0292162517628015,0.000826,-0.0480832611206851));
#8687=DIRECTION('',(0.,1.,0.));
#8688=DIRECTION('',(0.,0.,1.));
#8689=AXIS2_PLACEMENT_3D('',#8686,#8687,#8688);
#8690=CIRCLE('',#8689,0.00025);
#8691=CARTESIAN_POINT('',(-0.0292162517628015,0.000826,-0.0483332611206851));
#8692=VERTEX_POINT('',#8691);
#8693=EDGE_CURVE('',#8692,#8692,#8690,.T.);
#8694=ORIENTED_EDGE('',*,*,#8693,.T.);
#8695=EDGE_LOOP('',(#8694));
#8696=FACE_BOUND('',#8695,.T.);
#8697=CARTESIAN_POINT('',(-0.0292162517628015,-0.000826,-0.0480832611206851));
#8698=DIRECTION('',(0.,1.,0.));
#8699=DIRECTION('',(0.,0.,1.));
#8700=AXIS2_PLACEMENT_3D('',#8697,#8698,#8699);
#8701=CIRCLE('',#8700,0.00025);
#8702=CARTESIAN_POINT('',(-0.0292162517628015,-0.000826,-0.0483332611206851));
#8703=VERTEX_POINT('',#8702);
#8704=EDGE_CURVE('',#8703,#8703,#8701,.T.);
#8705=ORIENTED_EDGE('',*,*,#8704,.F.);
#8706=EDGE_LOOP('',(#8705));
#8707=FACE_BOUND('',#8706,.T.);
#8708=ADVANCED_FACE('',(#8696,#8707),#8685,.F.);
#8709=CARTESIAN_POINT('',(-0.0303412517628015,0.000826,-0.0461347039621702));
#8710=DIRECTION('',(0.,-1.,0.));
#8711=DIRECTION('',(0.,0.,-1.));
#8712=AXIS2_PLACEMENT_3D('',#8709,#8710,#8711);
#8713=CYLINDRICAL_SURFACE('',#8712,0.00025);
#8714=CARTESIAN_POINT('',(-0.0303412517628015,0.000826,-0.0461347039621702));
#8715=DIRECTION('',(0.,1.,0.));
#8716=DIRECTION('',(0.,0.,1.));
#8717=AXIS2_PLACEMENT_3D('',#8714,#8715,#8716);
#8718=CIRCLE('',#8717,0.00025);
#8719=CARTESIAN_POINT('',(-0.0303412517628015,0.000826,-0.0463847039621702));
#8720=VERTEX_POINT('',#8719);
#8721=EDGE_CURVE('',#8720,#8720,#8718,.T.);
#8722=ORIENTED_EDGE('',*,*,#8721,.T.);
#8723=EDGE_LOOP('',(#8722));
#8724=FACE_BOUND('',#8723,.T.);
#8725=CARTESIAN_POINT('',(-0.0303412517628015,-0.000826,-0.0461347039621702));
#8726=DIRECTION('',(0.,1.,0.));
#8727=DIRECTION('',(0.,0.,1.));
#8728=AXIS2_PLACEMENT_3D('',#8725,#8726,#8727);
#8729=CIRCLE('',#8728,0.00025);
#8730=CARTESIAN_POINT('',(-0.0303412517628015,-0.000826,-0.0463847039621702));
#8731=VERTEX_POINT('',#8730);
#8732=EDGE_CURVE('',#8731,#8731,#8729,.T.);
#8733=ORIENTED_EDGE('',*,*,#8732,.F.);
#8734=EDGE_LOOP('',(#8733));
#8735=FACE_BOUND('',#8734,.T.);
#8736=ADVANCED_FACE('',(#8724,#8735),#8713,.F.);
#8737=CARTESIAN_POINT('',(-0.0314662517628015,0.000826,-0.0480832611206851));
#8738=DIRECTION('',(0.,-1.,0.));
#8739=DIRECTION('',(0.,0.,-1.));
#8740=AXIS2_PLACEMENT_3D('',#8737,#8738,#8739);
#8741=CYLINDRICAL_SURFACE('',#8740,0.003);
#8742=CARTESIAN_POINT('',(-0.0314662517628015,0.000826,-0.0480832611206851));
#8743=DIRECTION('',(0.,1.,0.));
#8744=DIRECTION('',(0.,0.,1.));
#8745=AXIS2_PLACEMENT_3D('',#8742,#8743,#8744);
#8746=CIRCLE('',#8745,0.003);
#8747=CARTESIAN_POINT('',(-0.0314662517628015,0.000826,-0.0510832611206851));
#8748=VERTEX_POINT('',#8747);
#8749=EDGE_CURVE('',#8748,#8748,#8746,.T.);
#8750=ORIENTED_EDGE('',*,*,#8749,.F.);
#8751=EDGE_LOOP('',(#8750));
#8752=FACE_BOUND('',#8751,.T.);
#8753=ORIENTED_EDGE('',*,*,#1343,.T.);
#8754=EDGE_LOOP('',(#8753));
#8755=FACE_BOUND('',#8754,.T.);
#8756=ADVANCED_FACE('',(#8752,#8755),#8741,.T.);
#8757=CARTESIAN_POINT('',(0.,0.000826,0.));
#8758=DIRECTION('',(0.,1.,0.));
#8759=DIRECTION('',(0.,0.,1.));
#8760=AXIS2_PLACEMENT_3D('',#8757,#8758,#8759);
#8761=PLANE('',#8760);
#8762=ORIENTED_EDGE('',*,*,#8721,.F.);
#8763=EDGE_LOOP('',(#8762));
#8764=FACE_BOUND('',#8763,.T.);
#8765=ORIENTED_EDGE('',*,*,#8693,.F.);
#8766=EDGE_LOOP('',(#8765));
#8767=FACE_BOUND('',#8766,.T.);
#8768=ORIENTED_EDGE('',*,*,#8665,.F.);
#8769=EDGE_LOOP('',(#8768));
#8770=FACE_BOUND('',#8769,.T.);
#8771=ORIENTED_EDGE('',*,*,#8637,.F.);
#8772=EDGE_LOOP('',(#8771));
#8773=FACE_BOUND('',#8772,.T.);
#8774=ORIENTED_EDGE('',*,*,#8609,.F.);
#8775=EDGE_LOOP('',(#8774));
#8776=FACE_BOUND('',#8775,.T.);
#8777=ORIENTED_EDGE('',*,*,#8581,.F.);
#8778=EDGE_LOOP('',(#8777));
#8779=FACE_BOUND('',#8778,.T.);
#8780=ORIENTED_EDGE('',*,*,#3305,.F.);
#8781=EDGE_LOOP('',(#8780));
#8782=FACE_BOUND('',#8781,.T.);
#8783=ORIENTED_EDGE('',*,*,#8749,.T.);
#8784=EDGE_LOOP('',(#8783));
#8785=FACE_BOUND('',#8784,.T.);
#8786=ADVANCED_FACE('',(#8764,#8767,#8770,#8773,#8776,#8779,#8782,#8785),#8761,.T.);
#8787=CARTESIAN_POINT('',(0.,-0.000826,-0.137808758524574));
#8788=DIRECTION('',(0.,1.,0.));
#8789=DIRECTION('',(0.,0.,1.));
#8790=AXIS2_PLACEMENT_3D('',#8787,#8788,#8789);
#8791=CYLINDRICAL_SURFACE('',#8790,0.0895087585245745);
#8792=ORIENTED_EDGE('',*,*,#1056,.T.);
#8793=CARTESIAN_POINT('',(0.0302449533624064,-0.000826,-0.0535647044393368));
#8794=DIRECTION('',(0.,1.,0.));
#8795=VECTOR('',#8794,1.);
#8796=LINE('',#8793,#8795);
#8797=CARTESIAN_POINT('',(0.0302449533624064,-0.000826,-0.0535647044393368));
#8798=VERTEX_POINT('',#8797);
#8799=EDGE_CURVE('',#8798,#1055,#8796,.T.);
#8800=ORIENTED_EDGE('',*,*,#8799,.F.);
#8801=CARTESIAN_POINT('',(0.,-0.000826,-0.137808758524574));
#8802=DIRECTION('',(0.,1.,0.));
#8803=DIRECTION('',(0.,0.,1.));
#8804=AXIS2_PLACEMENT_3D('',#8801,#8802,#8803);
#8805=CIRCLE('',#8804,0.0895087585245745);
#8806=CARTESIAN_POINT('',(-0.0302449533624063,-0.000826,-0.0535647044393368));
#8807=VERTEX_POINT('',#8806);
#8808=EDGE_CURVE('',#8807,#8798,#8805,.T.);
#8809=ORIENTED_EDGE('',*,*,#8808,.F.);
#8810=CARTESIAN_POINT('',(-0.0302449533624063,-0.000826,-0.0535647044393368));
#8811=DIRECTION('',(0.,1.,0.));
#8812=VECTOR('',#8811,1.);
#8813=LINE('',#8810,#8812);
#8814=EDGE_CURVE('',#8807,#1053,#8813,.T.);
#8815=ORIENTED_EDGE('',*,*,#8814,.T.);
#8816=EDGE_LOOP('',(#8792,#8800,#8809,#8815));
#8817=FACE_BOUND('',#8816,.T.);
#8818=ADVANCED_FACE('',(#8817),#8791,.F.);
#8819=CARTESIAN_POINT('',(0.0317403131083168,-0.000826,-0.0493995412201418));
#8820=DIRECTION('',(0.,1.,0.));
#8821=DIRECTION('',(0.,0.,1.));
#8822=AXIS2_PLACEMENT_3D('',#8819,#8820,#8821);
#8823=CYLINDRICAL_SURFACE('',#8822,0.00442545877985828);
#8824=ORIENTED_EDGE('',*,*,#1185,.F.);
#8825=CARTESIAN_POINT('',(0.0348695850214162,-0.000826,-0.0525288131332411));
#8826=DIRECTION('',(0.,1.,0.));
#8827=VECTOR('',#8826,1.);
#8828=LINE('',#8825,#8827);
#8829=CARTESIAN_POINT('',(0.0348695850214162,-0.000826,-0.0525288131332411));
#8830=VERTEX_POINT('',#8829);
#8831=EDGE_CURVE('',#8830,#1177,#8828,.T.);
#8832=ORIENTED_EDGE('',*,*,#8831,.F.);
#8833=CARTESIAN_POINT('',(0.0317403131083168,-0.000826,-0.0493995412201418));
#8834=DIRECTION('',(0.,1.,0.));
#8835=DIRECTION('',(0.,0.,1.));
#8836=AXIS2_PLACEMENT_3D('',#8833,#8834,#8835);
#8837=CIRCLE('',#8836,0.00442545877985828);
#8838=EDGE_CURVE('',#8830,#8798,#8837,.T.);
#8839=ORIENTED_EDGE('',*,*,#8838,.T.);
#8840=ORIENTED_EDGE('',*,*,#8799,.T.);
#8841=EDGE_LOOP('',(#8824,#8832,#8839,#8840));
#8842=FACE_BOUND('',#8841,.T.);
#8843=ADVANCED_FACE('',(#8842),#8823,.T.);
#8844=CARTESIAN_POINT('',(0.0436991990773287,-0.000826,-0.0436991990773287));
#8845=DIRECTION('',(-0.707106781186547,0.,0.707106781186548));
#8846=DIRECTION('',(0.707106781186548,0.,0.707106781186547));
#8847=AXIS2_PLACEMENT_3D('',#8844,#8845,#8846);
#8848=PLANE('',#8847);
#8849=ORIENTED_EDGE('',*,*,#1178,.T.);
#8850=CARTESIAN_POINT('',(0.052528813133241,-0.000826,-0.0348695850214164));
#8851=DIRECTION('',(0.,1.,0.));
#8852=VECTOR('',#8851,1.);
#8853=LINE('',#8850,#8852);
#8854=CARTESIAN_POINT('',(0.052528813133241,-0.000826,-0.0348695850214164));
#8855=VERTEX_POINT('',#8854);
#8856=EDGE_CURVE('',#8855,#1169,#8853,.T.);
#8857=ORIENTED_EDGE('',*,*,#8856,.F.);
#8858=CARTESIAN_POINT('',(0.0436991990773287,-0.000826,-0.0436991990773287));
#8859=DIRECTION('',(0.707106781186548,0.,0.707106781186547));
#8860=VECTOR('',#8859,1.);
#8861=LINE('',#8858,#8860);
#8862=EDGE_CURVE('',#8830,#8855,#8861,.T.);
#8863=ORIENTED_EDGE('',*,*,#8862,.F.);
#8864=ORIENTED_EDGE('',*,*,#8831,.T.);
#8865=EDGE_LOOP('',(#8849,#8857,#8863,#8864));
#8866=FACE_BOUND('',#8865,.T.);
#8867=ADVANCED_FACE('',(#8866),#8848,.F.);
#8868=CARTESIAN_POINT('',(0.0493995412201414,-0.000826,-0.0317403131083168));
#8869=DIRECTION('',(0.,1.,0.));
#8870=DIRECTION('',(0.,0.,1.));
#8871=AXIS2_PLACEMENT_3D('',#8868,#8869,#8870);
#8872=CYLINDRICAL_SURFACE('',#8871,0.00442545877985862);
#8873=ORIENTED_EDGE('',*,*,#1170,.F.);
#8874=CARTESIAN_POINT('',(0.0535647044393368,-0.000826,-0.0302449533624063));
#8875=DIRECTION('',(0.,1.,0.));
#8876=VECTOR('',#8875,1.);
#8877=LINE('',#8874,#8876);
#8878=CARTESIAN_POINT('',(0.0535647044393368,-0.000826,-0.0302449533624063));
#8879=VERTEX_POINT('',#8878);
#8880=EDGE_CURVE('',#8879,#1160,#8877,.T.);
#8881=ORIENTED_EDGE('',*,*,#8880,.F.);
#8882=CARTESIAN_POINT('',(0.0493995412201414,-0.000826,-0.0317403131083168));
#8883=DIRECTION('',(0.,1.,0.));
#8884=DIRECTION('',(0.,0.,1.));
#8885=AXIS2_PLACEMENT_3D('',#8882,#8883,#8884);
#8886=CIRCLE('',#8885,0.00442545877985862);
#8887=EDGE_CURVE('',#8879,#8855,#8886,.T.);
#8888=ORIENTED_EDGE('',*,*,#8887,.T.);
#8889=ORIENTED_EDGE('',*,*,#8856,.T.);
#8890=EDGE_LOOP('',(#8873,#8881,#8888,#8889));
#8891=FACE_BOUND('',#8890,.T.);
#8892=ADVANCED_FACE('',(#8891),#8872,.T.);
#8893=CARTESIAN_POINT('',(0.137808758524575,-0.000826,0.));
#8894=DIRECTION('',(0.,1.,0.));
#8895=DIRECTION('',(0.,0.,1.));
#8896=AXIS2_PLACEMENT_3D('',#8893,#8894,#8895);
#8897=CYLINDRICAL_SURFACE('',#8896,0.0895087585245745);
#8898=ORIENTED_EDGE('',*,*,#1161,.T.);
#8899=CARTESIAN_POINT('',(0.0535647044393368,-0.000826,0.0302449533624064));
#8900=DIRECTION('',(0.,1.,0.));
#8901=VECTOR('',#8900,1.);
#8902=LINE('',#8899,#8901);
#8903=CARTESIAN_POINT('',(0.0535647044393368,-0.000826,0.0302449533624064));
#8904=VERTEX_POINT('',#8903);
#8905=EDGE_CURVE('',#8904,#1151,#8902,.T.);
#8906=ORIENTED_EDGE('',*,*,#8905,.F.);
#8907=CARTESIAN_POINT('',(0.137808758524575,-0.000826,0.));
#8908=DIRECTION('',(0.,1.,0.));
#8909=DIRECTION('',(0.,0.,1.));
#8910=AXIS2_PLACEMENT_3D('',#8907,#8908,#8909);
#8911=CIRCLE('',#8910,0.0895087585245745);
#8912=EDGE_CURVE('',#8879,#8904,#8911,.T.);
#8913=ORIENTED_EDGE('',*,*,#8912,.F.);
#8914=ORIENTED_EDGE('',*,*,#8880,.T.);
#8915=EDGE_LOOP('',(#8898,#8906,#8913,#8914));
#8916=FACE_BOUND('',#8915,.T.);
#8917=ADVANCED_FACE('',(#8916),#8897,.F.);
#8918=CARTESIAN_POINT('',(0.0493995412201418,-0.000826,0.0317403131083168));
#8919=DIRECTION('',(0.,1.,0.));
#8920=DIRECTION('',(0.,0.,1.));
#8921=AXIS2_PLACEMENT_3D('',#8918,#8919,#8920);
#8922=CYLINDRICAL_SURFACE('',#8921,0.00442545877985825);
#8923=ORIENTED_EDGE('',*,*,#1152,.F.);
#8924=CARTESIAN_POINT('',(0.0525288131332411,-0.000826,0.0348695850214161));
#8925=DIRECTION('',(0.,1.,0.));
#8926=VECTOR('',#8925,1.);
#8927=LINE('',#8924,#8926);
#8928=CARTESIAN_POINT('',(0.0525288131332411,-0.000826,0.0348695850214161));
#8929=VERTEX_POINT('',#8928);
#8930=EDGE_CURVE('',#8929,#1142,#8927,.T.);
#8931=ORIENTED_EDGE('',*,*,#8930,.F.);
#8932=CARTESIAN_POINT('',(0.0493995412201418,-0.000826,0.0317403131083168));
#8933=DIRECTION('',(0.,1.,0.));
#8934=DIRECTION('',(0.,0.,1.));
#8935=AXIS2_PLACEMENT_3D('',#8932,#8933,#8934);
#8936=CIRCLE('',#8935,0.00442545877985825);
#8937=EDGE_CURVE('',#8929,#8904,#8936,.T.);
#8938=ORIENTED_EDGE('',*,*,#8937,.T.);
#8939=ORIENTED_EDGE('',*,*,#8905,.T.);
#8940=EDGE_LOOP('',(#8923,#8931,#8938,#8939));
#8941=FACE_BOUND('',#8940,.T.);
#8942=ADVANCED_FACE('',(#8941),#8922,.T.);
#8943=CARTESIAN_POINT('',(0.0436991990773286,-0.000826,0.0436991990773286));
#8944=DIRECTION('',(0.707106781186547,0.,0.707106781186548));
#8945=DIRECTION('',(0.707106781186548,0.,-0.707106781186547));
#8946=AXIS2_PLACEMENT_3D('',#8943,#8944,#8945);
#8947=PLANE('',#8946);
#8948=ORIENTED_EDGE('',*,*,#1143,.F.);
#8949=CARTESIAN_POINT('',(0.0348695850214163,-0.000826,0.0525288131332409));
#8950=DIRECTION('',(0.,1.,0.));
#8951=VECTOR('',#8950,1.);
#8952=LINE('',#8949,#8951);
#8953=CARTESIAN_POINT('',(0.0348695850214163,-0.000826,0.0525288131332409));
#8954=VERTEX_POINT('',#8953);
#8955=EDGE_CURVE('',#8954,#1134,#8952,.T.);
#8956=ORIENTED_EDGE('',*,*,#8955,.F.);
#8957=CARTESIAN_POINT('',(0.0436991990773286,-0.000826,0.0436991990773286));
#8958=DIRECTION('',(0.707106781186548,0.,-0.707106781186547));
#8959=VECTOR('',#8958,1.);
#8960=LINE('',#8957,#8959);
#8961=EDGE_CURVE('',#8954,#8929,#8960,.T.);
#8962=ORIENTED_EDGE('',*,*,#8961,.T.);
#8963=ORIENTED_EDGE('',*,*,#8930,.T.);
#8964=EDGE_LOOP('',(#8948,#8956,#8962,#8963));
#8965=FACE_BOUND('',#8964,.T.);
#8966=ADVANCED_FACE('',(#8965),#8947,.T.);
#8967=CARTESIAN_POINT('',(0.0317403131083168,-0.000826,0.0493995412201414));
#8968=DIRECTION('',(0.,1.,0.));
#8969=DIRECTION('',(0.,0.,1.));
#8970=AXIS2_PLACEMENT_3D('',#8967,#8968,#8969);
#8971=CYLINDRICAL_SURFACE('',#8970,0.00442545877985853);
#8972=ORIENTED_EDGE('',*,*,#1135,.F.);
#8973=CARTESIAN_POINT('',(0.0302449533624063,-0.000826,0.0535647044393368));
#8974=DIRECTION('',(0.,1.,0.));
#8975=VECTOR('',#8974,1.);
#8976=LINE('',#8973,#8975);
#8977=CARTESIAN_POINT('',(0.0302449533624063,-0.000826,0.0535647044393368));
#8978=VERTEX_POINT('',#8977);
#8979=EDGE_CURVE('',#8978,#1125,#8976,.T.);
#8980=ORIENTED_EDGE('',*,*,#8979,.F.);
#8981=CARTESIAN_POINT('',(0.0317403131083168,-0.000826,0.0493995412201414));
#8982=DIRECTION('',(0.,1.,0.));
#8983=DIRECTION('',(0.,0.,1.));
#8984=AXIS2_PLACEMENT_3D('',#8981,#8982,#8983);
#8985=CIRCLE('',#8984,0.00442545877985853);
#8986=EDGE_CURVE('',#8978,#8954,#8985,.T.);
#8987=ORIENTED_EDGE('',*,*,#8986,.T.);
#8988=ORIENTED_EDGE('',*,*,#8955,.T.);
#8989=EDGE_LOOP('',(#8972,#8980,#8987,#8988));
#8990=FACE_BOUND('',#8989,.T.);
#8991=ADVANCED_FACE('',(#8990),#8971,.T.);
#8992=CARTESIAN_POINT('',(0.,-0.000826,0.137808758524574));
#8993=DIRECTION('',(0.,1.,0.));
#8994=DIRECTION('',(0.,0.,1.));
#8995=AXIS2_PLACEMENT_3D('',#8992,#8993,#8994);
#8996=CYLINDRICAL_SURFACE('',#8995,0.0895087585245745);
#8997=ORIENTED_EDGE('',*,*,#1126,.T.);
#8998=CARTESIAN_POINT('',(-0.0302449533624064,-0.000826,0.0535647044393368));
#8999=DIRECTION('',(0.,1.,0.));
#9000=VECTOR('',#8999,1.);
#9001=LINE('',#8998,#9000);
#9002=CARTESIAN_POINT('',(-0.0302449533624064,-0.000826,0.0535647044393368));
#9003=VERTEX_POINT('',#9002);
#9004=EDGE_CURVE('',#9003,#1116,#9001,.T.);
#9005=ORIENTED_EDGE('',*,*,#9004,.F.);
#9006=CARTESIAN_POINT('',(0.,-0.000826,0.137808758524574));
#9007=DIRECTION('',(0.,1.,0.));
#9008=DIRECTION('',(0.,0.,1.));
#9009=AXIS2_PLACEMENT_3D('',#9006,#9007,#9008);
#9010=CIRCLE('',#9009,0.0895087585245745);
#9011=EDGE_CURVE('',#8978,#9003,#9010,.T.);
#9012=ORIENTED_EDGE('',*,*,#9011,.F.);
#9013=ORIENTED_EDGE('',*,*,#8979,.T.);
#9014=EDGE_LOOP('',(#8997,#9005,#9012,#9013));
#9015=FACE_BOUND('',#9014,.T.);
#9016=ADVANCED_FACE('',(#9015),#8996,.F.);
#9017=CARTESIAN_POINT('',(-0.0317403131083169,-0.000826,0.0493995412201418));
#9018=DIRECTION('',(0.,1.,0.));
#9019=DIRECTION('',(0.,0.,1.));
#9020=AXIS2_PLACEMENT_3D('',#9017,#9018,#9019);
#9021=CYLINDRICAL_SURFACE('',#9020,0.00442545877985821);
#9022=ORIENTED_EDGE('',*,*,#1117,.F.);
#9023=CARTESIAN_POINT('',(-0.0348695850214161,-0.000826,0.0525288131332411));
#9024=DIRECTION('',(0.,1.,0.));
#9025=VECTOR('',#9024,1.);
#9026=LINE('',#9023,#9025);
#9027=CARTESIAN_POINT('',(-0.0348695850214161,-0.000826,0.0525288131332411));
#9028=VERTEX_POINT('',#9027);
#9029=EDGE_CURVE('',#9028,#1107,#9026,.T.);
#9030=ORIENTED_EDGE('',*,*,#9029,.F.);
#9031=CARTESIAN_POINT('',(-0.0317403131083169,-0.000826,0.0493995412201418));
#9032=DIRECTION('',(0.,1.,0.));
#9033=DIRECTION('',(0.,0.,1.));
#9034=AXIS2_PLACEMENT_3D('',#9031,#9032,#9033);
#9035=CIRCLE('',#9034,0.00442545877985821);
#9036=EDGE_CURVE('',#9028,#9003,#9035,.T.);
#9037=ORIENTED_EDGE('',*,*,#9036,.T.);
#9038=ORIENTED_EDGE('',*,*,#9004,.T.);
#9039=EDGE_LOOP('',(#9022,#9030,#9037,#9038));
#9040=FACE_BOUND('',#9039,.T.);
#9041=ADVANCED_FACE('',(#9040),#9021,.T.);
#9042=CARTESIAN_POINT('',(-0.0436991990773286,-0.000826,0.0436991990773286));
#9043=DIRECTION('',(-0.707106781186548,0.,0.707106781186548));
#9044=DIRECTION('',(0.707106781186548,0.,0.707106781186548));
#9045=AXIS2_PLACEMENT_3D('',#9042,#9043,#9044);
#9046=PLANE('',#9045);
#9047=ORIENTED_EDGE('',*,*,#1108,.F.);
#9048=CARTESIAN_POINT('',(-0.0525288131332409,-0.000826,0.0348695850214163));
#9049=DIRECTION('',(0.,1.,0.));
#9050=VECTOR('',#9049,1.);
#9051=LINE('',#9048,#9050);
#9052=CARTESIAN_POINT('',(-0.0525288131332409,-0.000826,0.0348695850214163));
#9053=VERTEX_POINT('',#9052);
#9054=EDGE_CURVE('',#9053,#1099,#9051,.T.);
#9055=ORIENTED_EDGE('',*,*,#9054,.F.);
#9056=CARTESIAN_POINT('',(-0.0436991990773286,-0.000826,0.0436991990773286));
#9057=DIRECTION('',(0.707106781186548,0.,0.707106781186548));
#9058=VECTOR('',#9057,1.);
#9059=LINE('',#9056,#9058);
#9060=EDGE_CURVE('',#9053,#9028,#9059,.T.);
#9061=ORIENTED_EDGE('',*,*,#9060,.T.);
#9062=ORIENTED_EDGE('',*,*,#9029,.T.);
#9063=EDGE_LOOP('',(#9047,#9055,#9061,#9062));
#9064=FACE_BOUND('',#9063,.T.);
#9065=ADVANCED_FACE('',(#9064),#9046,.T.);
#9066=CARTESIAN_POINT('',(-0.0493995412201414,-0.000826,0.0317403131083168));
#9067=DIRECTION('',(0.,1.,0.));
#9068=DIRECTION('',(0.,0.,1.));
#9069=AXIS2_PLACEMENT_3D('',#9066,#9067,#9068);
#9070=CYLINDRICAL_SURFACE('',#9069,0.00442545877985853);
#9071=ORIENTED_EDGE('',*,*,#1100,.F.);
#9072=CARTESIAN_POINT('',(-0.0535647044393368,-0.000826,0.0302449533624063));
#9073=DIRECTION('',(0.,1.,0.));
#9074=VECTOR('',#9073,1.);
#9075=LINE('',#9072,#9074);
#9076=CARTESIAN_POINT('',(-0.0535647044393368,-0.000826,0.0302449533624063));
#9077=VERTEX_POINT('',#9076);
#9078=EDGE_CURVE('',#9077,#1090,#9075,.T.);
#9079=ORIENTED_EDGE('',*,*,#9078,.F.);
#9080=CARTESIAN_POINT('',(-0.0493995412201414,-0.000826,0.0317403131083168));
#9081=DIRECTION('',(0.,1.,0.));
#9082=DIRECTION('',(0.,0.,1.));
#9083=AXIS2_PLACEMENT_3D('',#9080,#9081,#9082);
#9084=CIRCLE('',#9083,0.00442545877985853);
#9085=EDGE_CURVE('',#9077,#9053,#9084,.T.);
#9086=ORIENTED_EDGE('',*,*,#9085,.T.);
#9087=ORIENTED_EDGE('',*,*,#9054,.T.);
#9088=EDGE_LOOP('',(#9071,#9079,#9086,#9087));
#9089=FACE_BOUND('',#9088,.T.);
#9090=ADVANCED_FACE('',(#9089),#9070,.T.);
#9091=CARTESIAN_POINT('',(-0.137808758524574,-0.000826,0.));
#9092=DIRECTION('',(0.,1.,0.));
#9093=DIRECTION('',(0.,0.,1.));
#9094=AXIS2_PLACEMENT_3D('',#9091,#9092,#9093);
#9095=CYLINDRICAL_SURFACE('',#9094,0.0895087585245745);
#9096=ORIENTED_EDGE('',*,*,#1091,.T.);
#9097=CARTESIAN_POINT('',(-0.0535647044393368,-0.000826,-0.0302449533624063));
#9098=DIRECTION('',(0.,1.,0.));
#9099=VECTOR('',#9098,1.);
#9100=LINE('',#9097,#9099);
#9101=CARTESIAN_POINT('',(-0.0535647044393368,-0.000826,-0.0302449533624063));
#9102=VERTEX_POINT('',#9101);
#9103=EDGE_CURVE('',#9102,#1081,#9100,.T.);
#9104=ORIENTED_EDGE('',*,*,#9103,.F.);
#9105=CARTESIAN_POINT('',(-0.137808758524574,-0.000826,0.));
#9106=DIRECTION('',(0.,1.,0.));
#9107=DIRECTION('',(0.,0.,1.));
#9108=AXIS2_PLACEMENT_3D('',#9105,#9106,#9107);
#9109=CIRCLE('',#9108,0.0895087585245745);
#9110=EDGE_CURVE('',#9077,#9102,#9109,.T.);
#9111=ORIENTED_EDGE('',*,*,#9110,.F.);
#9112=ORIENTED_EDGE('',*,*,#9078,.T.);
#9113=EDGE_LOOP('',(#9096,#9104,#9111,#9112));
#9114=FACE_BOUND('',#9113,.T.);
#9115=ADVANCED_FACE('',(#9114),#9095,.F.);
#9116=CARTESIAN_POINT('',(-0.0493995412201417,-0.000826,-0.0317403131083168));
#9117=DIRECTION('',(0.,1.,0.));
#9118=DIRECTION('',(0.,0.,1.));
#9119=AXIS2_PLACEMENT_3D('',#9116,#9117,#9118);
#9120=CYLINDRICAL_SURFACE('',#9119,0.00442545877985828);
#9121=ORIENTED_EDGE('',*,*,#1082,.F.);
#9122=CARTESIAN_POINT('',(-0.0525288131332411,-0.000826,-0.0348695850214161));
#9123=DIRECTION('',(0.,1.,0.));
#9124=VECTOR('',#9123,1.);
#9125=LINE('',#9122,#9124);
#9126=CARTESIAN_POINT('',(-0.0525288131332411,-0.000826,-0.0348695850214161));
#9127=VERTEX_POINT('',#9126);
#9128=EDGE_CURVE('',#9127,#1072,#9125,.T.);
#9129=ORIENTED_EDGE('',*,*,#9128,.F.);
#9130=CARTESIAN_POINT('',(-0.0493995412201417,-0.000826,-0.0317403131083168));
#9131=DIRECTION('',(0.,1.,0.));
#9132=DIRECTION('',(0.,0.,1.));
#9133=AXIS2_PLACEMENT_3D('',#9130,#9131,#9132);
#9134=CIRCLE('',#9133,0.00442545877985828);
#9135=EDGE_CURVE('',#9127,#9102,#9134,.T.);
#9136=ORIENTED_EDGE('',*,*,#9135,.T.);
#9137=ORIENTED_EDGE('',*,*,#9103,.T.);
#9138=EDGE_LOOP('',(#9121,#9129,#9136,#9137));
#9139=FACE_BOUND('',#9138,.T.);
#9140=ADVANCED_FACE('',(#9139),#9120,.T.);
#9141=CARTESIAN_POINT('',(-0.0436991990773286,-0.000826,-0.0436991990773286));
#9142=DIRECTION('',(0.707106781186548,0.,0.707106781186547));
#9143=DIRECTION('',(0.707106781186547,0.,-0.707106781186548));
#9144=AXIS2_PLACEMENT_3D('',#9141,#9142,#9143);
#9145=PLANE('',#9144);
#9146=ORIENTED_EDGE('',*,*,#1073,.T.);
#9147=CARTESIAN_POINT('',(-0.0348695850214163,-0.000826,-0.052528813133241));
#9148=DIRECTION('',(0.,1.,0.));
#9149=VECTOR('',#9148,1.);
#9150=LINE('',#9147,#9149);
#9151=CARTESIAN_POINT('',(-0.0348695850214163,-0.000826,-0.052528813133241));
#9152=VERTEX_POINT('',#9151);
#9153=EDGE_CURVE('',#9152,#1064,#9150,.T.);
#9154=ORIENTED_EDGE('',*,*,#9153,.F.);
#9155=CARTESIAN_POINT('',(-0.0436991990773286,-0.000826,-0.0436991990773286));
#9156=DIRECTION('',(0.707106781186547,0.,-0.707106781186548));
#9157=VECTOR('',#9156,1.);
#9158=LINE('',#9155,#9157);
#9159=EDGE_CURVE('',#9127,#9152,#9158,.T.);
#9160=ORIENTED_EDGE('',*,*,#9159,.F.);
#9161=ORIENTED_EDGE('',*,*,#9128,.T.);
#9162=EDGE_LOOP('',(#9146,#9154,#9160,#9161));
#9163=FACE_BOUND('',#9162,.T.);
#9164=ADVANCED_FACE('',(#9163),#9145,.F.);
#9165=CARTESIAN_POINT('',(-0.0493995412201414,-0.000826,0.0317403131083168));
#9166=DIRECTION('',(0.,1.,0.));
#9167=DIRECTION('',(0.,0.,1.));
#9168=AXIS2_PLACEMENT_3D('',#9165,#9166,#9167);
#9169=CYLINDRICAL_SURFACE('',#9168,0.00262545877985854);
#9170=ORIENTED_EDGE('',*,*,#346,.T.);
#9171=CARTESIAN_POINT('',(-0.0512560209271052,-0.000826,0.0335967928152805));
#9172=DIRECTION('',(0.,1.,0.));
#9173=VECTOR('',#9172,1.);
#9174=LINE('',#9171,#9173);
#9175=CARTESIAN_POINT('',(-0.0512560209271052,-0.000826,0.0335967928152805));
#9176=VERTEX_POINT('',#9175);
#9177=EDGE_CURVE('',#9176,#345,#9174,.T.);
#9178=ORIENTED_EDGE('',*,*,#9177,.F.);
#9179=CARTESIAN_POINT('',(-0.0493995412201414,-0.000826,0.0317403131083168));
#9180=DIRECTION('',(0.,1.,0.));
#9181=DIRECTION('',(0.,0.,1.));
#9182=AXIS2_PLACEMENT_3D('',#9179,#9180,#9181);
#9183=CIRCLE('',#9182,0.00262545877985854);
#9184=CARTESIAN_POINT('',(-0.0518705764025615,-0.000826,0.0308531722333828));
#9185=VERTEX_POINT('',#9184);
#9186=EDGE_CURVE('',#9185,#9176,#9183,.T.);
#9187=ORIENTED_EDGE('',*,*,#9186,.F.);
#9188=CARTESIAN_POINT('',(-0.0518705764025615,-0.000826,0.0308531722333828));
#9189=DIRECTION('',(0.,1.,0.));
#9190=VECTOR('',#9189,1.);
#9191=LINE('',#9188,#9190);
#9192=EDGE_CURVE('',#9185,#343,#9191,.T.);
#9193=ORIENTED_EDGE('',*,*,#9192,.T.);
#9194=EDGE_LOOP('',(#9170,#9178,#9187,#9193));
#9195=FACE_BOUND('',#9194,.T.);
#9196=ADVANCED_FACE('',(#9195),#9169,.F.);
#9197=CARTESIAN_POINT('',(-0.0424264068711929,-0.000826,0.0424264068711928));
#9198=DIRECTION('',(-0.707106781186548,0.,0.707106781186547));
#9199=DIRECTION('',(0.707106781186547,0.,0.707106781186548));
#9200=AXIS2_PLACEMENT_3D('',#9197,#9198,#9199);
#9201=PLANE('',#9200);
#9202=ORIENTED_EDGE('',*,*,#475,.T.);
#9203=CARTESIAN_POINT('',(-0.0335967928152804,-0.000826,0.0512560209271053));
#9204=DIRECTION('',(0.,1.,0.));
#9205=VECTOR('',#9204,1.);
#9206=LINE('',#9203,#9205);
#9207=CARTESIAN_POINT('',(-0.0335967928152804,-0.000826,0.0512560209271053));
#9208=VERTEX_POINT('',#9207);
#9209=EDGE_CURVE('',#9208,#468,#9206,.T.);
#9210=ORIENTED_EDGE('',*,*,#9209,.F.);
#9211=CARTESIAN_POINT('',(-0.0424264068711929,-0.000826,0.0424264068711928));
#9212=DIRECTION('',(0.707106781186547,0.,0.707106781186548));
#9213=VECTOR('',#9212,1.);
#9214=LINE('',#9211,#9213);
#9215=EDGE_CURVE('',#9176,#9208,#9214,.T.);
#9216=ORIENTED_EDGE('',*,*,#9215,.F.);
#9217=ORIENTED_EDGE('',*,*,#9177,.T.);
#9218=EDGE_LOOP('',(#9202,#9210,#9216,#9217));
#9219=FACE_BOUND('',#9218,.T.);
#9220=ADVANCED_FACE('',(#9219),#9201,.F.);
#9221=CARTESIAN_POINT('',(-0.0317403131083169,-0.000826,0.0493995412201418));
#9222=DIRECTION('',(0.,1.,0.));
#9223=DIRECTION('',(0.,0.,1.));
#9224=AXIS2_PLACEMENT_3D('',#9221,#9222,#9223);
#9225=CYLINDRICAL_SURFACE('',#9224,0.00262545877985821);
#9226=ORIENTED_EDGE('',*,*,#469,.T.);
#9227=CARTESIAN_POINT('',(-0.030853172233383,-0.000826,0.0518705764025616));
#9228=DIRECTION('',(0.,1.,0.));
#9229=VECTOR('',#9228,1.);
#9230=LINE('',#9227,#9229);
#9231=CARTESIAN_POINT('',(-0.030853172233383,-0.000826,0.0518705764025616));
#9232=VERTEX_POINT('',#9231);
#9233=EDGE_CURVE('',#9232,#459,#9230,.T.);
#9234=ORIENTED_EDGE('',*,*,#9233,.F.);
#9235=CARTESIAN_POINT('',(-0.0317403131083169,-0.000826,0.0493995412201418));
#9236=DIRECTION('',(0.,1.,0.));
#9237=DIRECTION('',(0.,0.,1.));
#9238=AXIS2_PLACEMENT_3D('',#9235,#9236,#9237);
#9239=CIRCLE('',#9238,0.00262545877985821);
#9240=EDGE_CURVE('',#9208,#9232,#9239,.T.);
#9241=ORIENTED_EDGE('',*,*,#9240,.F.);
#9242=ORIENTED_EDGE('',*,*,#9209,.T.);
#9243=EDGE_LOOP('',(#9226,#9234,#9241,#9242));
#9244=FACE_BOUND('',#9243,.T.);
#9245=ADVANCED_FACE('',(#9244),#9225,.F.);
#9246=CARTESIAN_POINT('',(0.,-0.000826,0.137808758524574));
#9247=DIRECTION('',(0.,1.,0.));
#9248=DIRECTION('',(0.,0.,1.));
#9249=AXIS2_PLACEMENT_3D('',#9246,#9247,#9248);
#9250=CYLINDRICAL_SURFACE('',#9249,0.0913087585245745);
#9251=ORIENTED_EDGE('',*,*,#460,.F.);
#9252=CARTESIAN_POINT('',(0.0308531722333828,-0.000826,0.0518705764025615));
#9253=DIRECTION('',(0.,1.,0.));
#9254=VECTOR('',#9253,1.);
#9255=LINE('',#9252,#9254);
#9256=CARTESIAN_POINT('',(0.0308531722333828,-0.000826,0.0518705764025615));
#9257=VERTEX_POINT('',#9256);
#9258=EDGE_CURVE('',#9257,#450,#9255,.T.);
#9259=ORIENTED_EDGE('',*,*,#9258,.F.);
#9260=CARTESIAN_POINT('',(0.,-0.000826,0.137808758524574));
#9261=DIRECTION('',(0.,1.,0.));
#9262=DIRECTION('',(0.,0.,1.));
#9263=AXIS2_PLACEMENT_3D('',#9260,#9261,#9262);
#9264=CIRCLE('',#9263,0.0913087585245745);
#9265=EDGE_CURVE('',#9257,#9232,#9264,.T.);
#9266=ORIENTED_EDGE('',*,*,#9265,.T.);
#9267=ORIENTED_EDGE('',*,*,#9233,.T.);
#9268=EDGE_LOOP('',(#9251,#9259,#9266,#9267));
#9269=FACE_BOUND('',#9268,.T.);
#9270=ADVANCED_FACE('',(#9269),#9250,.T.);
#9271=CARTESIAN_POINT('',(0.0317403131083168,-0.000826,0.0493995412201414));
#9272=DIRECTION('',(0.,1.,0.));
#9273=DIRECTION('',(0.,0.,1.));
#9274=AXIS2_PLACEMENT_3D('',#9271,#9272,#9273);
#9275=CYLINDRICAL_SURFACE('',#9274,0.00262545877985852);
#9276=ORIENTED_EDGE('',*,*,#451,.T.);
#9277=CARTESIAN_POINT('',(0.0335967928152805,-0.000826,0.0512560209271052));
#9278=DIRECTION('',(0.,1.,0.));
#9279=VECTOR('',#9278,1.);
#9280=LINE('',#9277,#9279);
#9281=CARTESIAN_POINT('',(0.0335967928152805,-0.000826,0.0512560209271052));
#9282=VERTEX_POINT('',#9281);
#9283=EDGE_CURVE('',#9282,#441,#9280,.T.);
#9284=ORIENTED_EDGE('',*,*,#9283,.F.);
#9285=CARTESIAN_POINT('',(0.0317403131083168,-0.000826,0.0493995412201414));
#9286=DIRECTION('',(0.,1.,0.));
#9287=DIRECTION('',(0.,0.,1.));
#9288=AXIS2_PLACEMENT_3D('',#9285,#9286,#9287);
#9289=CIRCLE('',#9288,0.00262545877985852);
#9290=EDGE_CURVE('',#9257,#9282,#9289,.T.);
#9291=ORIENTED_EDGE('',*,*,#9290,.F.);
#9292=ORIENTED_EDGE('',*,*,#9258,.T.);
#9293=EDGE_LOOP('',(#9276,#9284,#9291,#9292));
#9294=FACE_BOUND('',#9293,.T.);
#9295=ADVANCED_FACE('',(#9294),#9275,.F.);
#9296=CARTESIAN_POINT('',(0.0424264068711928,-0.000826,0.0424264068711928));
#9297=DIRECTION('',(0.707106781186548,0.,0.707106781186547));
#9298=DIRECTION('',(0.707106781186547,0.,-0.707106781186548));
#9299=AXIS2_PLACEMENT_3D('',#9296,#9297,#9298);
#9300=PLANE('',#9299);
#9301=ORIENTED_EDGE('',*,*,#442,.T.);
#9302=CARTESIAN_POINT('',(0.0512560209271053,-0.000826,0.0335967928152803));
#9303=DIRECTION('',(0.,1.,0.));
#9304=VECTOR('',#9303,1.);
#9305=LINE('',#9302,#9304);
#9306=CARTESIAN_POINT('',(0.0512560209271053,-0.000826,0.0335967928152803));
#9307=VERTEX_POINT('',#9306);
#9308=EDGE_CURVE('',#9307,#433,#9305,.T.);
#9309=ORIENTED_EDGE('',*,*,#9308,.F.);
#9310=CARTESIAN_POINT('',(0.0424264068711928,-0.000826,0.0424264068711928));
#9311=DIRECTION('',(0.707106781186547,0.,-0.707106781186548));
#9312=VECTOR('',#9311,1.);
#9313=LINE('',#9310,#9312);
#9314=EDGE_CURVE('',#9282,#9307,#9313,.T.);
#9315=ORIENTED_EDGE('',*,*,#9314,.F.);
#9316=ORIENTED_EDGE('',*,*,#9283,.T.);
#9317=EDGE_LOOP('',(#9301,#9309,#9315,#9316));
#9318=FACE_BOUND('',#9317,.T.);
#9319=ADVANCED_FACE('',(#9318),#9300,.F.);
#9320=CARTESIAN_POINT('',(0.0493995412201418,-0.000826,0.0317403131083168));
#9321=DIRECTION('',(0.,1.,0.));
#9322=DIRECTION('',(0.,0.,1.));
#9323=AXIS2_PLACEMENT_3D('',#9320,#9321,#9322);
#9324=CYLINDRICAL_SURFACE('',#9323,0.00262545877985824);
#9325=ORIENTED_EDGE('',*,*,#434,.T.);
#9326=CARTESIAN_POINT('',(0.0518705764025616,-0.000826,0.0308531722333829));
#9327=DIRECTION('',(0.,1.,0.));
#9328=VECTOR('',#9327,1.);
#9329=LINE('',#9326,#9328);
#9330=CARTESIAN_POINT('',(0.0518705764025616,-0.000826,0.0308531722333829));
#9331=VERTEX_POINT('',#9330);
#9332=EDGE_CURVE('',#9331,#424,#9329,.T.);
#9333=ORIENTED_EDGE('',*,*,#9332,.F.);
#9334=CARTESIAN_POINT('',(0.0493995412201418,-0.000826,0.0317403131083168));
#9335=DIRECTION('',(0.,1.,0.));
#9336=DIRECTION('',(0.,0.,1.));
#9337=AXIS2_PLACEMENT_3D('',#9334,#9335,#9336);
#9338=CIRCLE('',#9337,0.00262545877985824);
#9339=EDGE_CURVE('',#9307,#9331,#9338,.T.);
#9340=ORIENTED_EDGE('',*,*,#9339,.F.);
#9341=ORIENTED_EDGE('',*,*,#9308,.T.);
#9342=EDGE_LOOP('',(#9325,#9333,#9340,#9341));
#9343=FACE_BOUND('',#9342,.T.);
#9344=ADVANCED_FACE('',(#9343),#9324,.F.);
#9345=CARTESIAN_POINT('',(0.137808758524575,-0.000826,0.));
#9346=DIRECTION('',(0.,1.,0.));
#9347=DIRECTION('',(0.,0.,1.));
#9348=AXIS2_PLACEMENT_3D('',#9345,#9346,#9347);
#9349=CYLINDRICAL_SURFACE('',#9348,0.0913087585245745);
#9350=ORIENTED_EDGE('',*,*,#425,.F.);
#9351=CARTESIAN_POINT('',(0.0518705764025615,-0.000826,-0.0308531722333828));
#9352=DIRECTION('',(0.,1.,0.));
#9353=VECTOR('',#9352,1.);
#9354=LINE('',#9351,#9353);
#9355=CARTESIAN_POINT('',(0.0518705764025615,-0.000826,-0.0308531722333828));
#9356=VERTEX_POINT('',#9355);
#9357=EDGE_CURVE('',#9356,#415,#9354,.T.);
#9358=ORIENTED_EDGE('',*,*,#9357,.F.);
#9359=CARTESIAN_POINT('',(0.137808758524575,-0.000826,0.));
#9360=DIRECTION('',(0.,1.,0.));
#9361=DIRECTION('',(0.,0.,1.));
#9362=AXIS2_PLACEMENT_3D('',#9359,#9360,#9361);
#9363=CIRCLE('',#9362,0.0913087585245745);
#9364=EDGE_CURVE('',#9356,#9331,#9363,.T.);
#9365=ORIENTED_EDGE('',*,*,#9364,.T.);
#9366=ORIENTED_EDGE('',*,*,#9332,.T.);
#9367=EDGE_LOOP('',(#9350,#9358,#9365,#9366));
#9368=FACE_BOUND('',#9367,.T.);
#9369=ADVANCED_FACE('',(#9368),#9349,.T.);
#9370=CARTESIAN_POINT('',(0.0493995412201414,-0.000826,-0.0317403131083168));
#9371=DIRECTION('',(0.,1.,0.));
#9372=DIRECTION('',(0.,0.,1.));
#9373=AXIS2_PLACEMENT_3D('',#9370,#9371,#9372);
#9374=CYLINDRICAL_SURFACE('',#9373,0.00262545877985862);
#9375=ORIENTED_EDGE('',*,*,#416,.T.);
#9376=CARTESIAN_POINT('',(0.0512560209271052,-0.000826,-0.0335967928152806));
#9377=DIRECTION('',(0.,1.,0.));
#9378=VECTOR('',#9377,1.);
#9379=LINE('',#9376,#9378);
#9380=CARTESIAN_POINT('',(0.0512560209271052,-0.000826,-0.0335967928152806));
#9381=VERTEX_POINT('',#9380);
#9382=EDGE_CURVE('',#9381,#406,#9379,.T.);
#9383=ORIENTED_EDGE('',*,*,#9382,.F.);
#9384=CARTESIAN_POINT('',(0.0493995412201414,-0.000826,-0.0317403131083168));
#9385=DIRECTION('',(0.,1.,0.));
#9386=DIRECTION('',(0.,0.,1.));
#9387=AXIS2_PLACEMENT_3D('',#9384,#9385,#9386);
#9388=CIRCLE('',#9387,0.00262545877985862);
#9389=EDGE_CURVE('',#9356,#9381,#9388,.T.);
#9390=ORIENTED_EDGE('',*,*,#9389,.F.);
#9391=ORIENTED_EDGE('',*,*,#9357,.T.);
#9392=EDGE_LOOP('',(#9375,#9383,#9390,#9391));
#9393=FACE_BOUND('',#9392,.T.);
#9394=ADVANCED_FACE('',(#9393),#9374,.F.);
#9395=CARTESIAN_POINT('',(0.0424264068711929,-0.000826,-0.0424264068711929));
#9396=DIRECTION('',(-0.707106781186547,0.,0.707106781186548));
#9397=DIRECTION('',(0.707106781186548,0.,0.707106781186547));
#9398=AXIS2_PLACEMENT_3D('',#9395,#9396,#9397);
#9399=PLANE('',#9398);
#9400=ORIENTED_EDGE('',*,*,#407,.F.);
#9401=CARTESIAN_POINT('',(0.0335967928152804,-0.000826,-0.0512560209271054));
#9402=DIRECTION('',(0.,1.,0.));
#9403=VECTOR('',#9402,1.);
#9404=LINE('',#9401,#9403);
#9405=CARTESIAN_POINT('',(0.0335967928152804,-0.000826,-0.0512560209271054));
#9406=VERTEX_POINT('',#9405);
#9407=EDGE_CURVE('',#9406,#398,#9404,.T.);
#9408=ORIENTED_EDGE('',*,*,#9407,.F.);
#9409=CARTESIAN_POINT('',(0.0424264068711929,-0.000826,-0.0424264068711929));
#9410=DIRECTION('',(0.707106781186548,0.,0.707106781186547));
#9411=VECTOR('',#9410,1.);
#9412=LINE('',#9409,#9411);
#9413=EDGE_CURVE('',#9406,#9381,#9412,.T.);
#9414=ORIENTED_EDGE('',*,*,#9413,.T.);
#9415=ORIENTED_EDGE('',*,*,#9382,.T.);
#9416=EDGE_LOOP('',(#9400,#9408,#9414,#9415));
#9417=FACE_BOUND('',#9416,.T.);
#9418=ADVANCED_FACE('',(#9417),#9399,.T.);
#9419=CARTESIAN_POINT('',(0.0317403131083168,-0.000826,-0.0493995412201418));
#9420=DIRECTION('',(0.,1.,0.));
#9421=DIRECTION('',(0.,0.,1.));
#9422=AXIS2_PLACEMENT_3D('',#9419,#9420,#9421);
#9423=CYLINDRICAL_SURFACE('',#9422,0.00262545877985829);
#9424=ORIENTED_EDGE('',*,*,#399,.T.);
#9425=CARTESIAN_POINT('',(0.030853172233383,-0.000826,-0.0518705764025615));
#9426=DIRECTION('',(0.,1.,0.));
#9427=VECTOR('',#9426,1.);
#9428=LINE('',#9425,#9427);
#9429=CARTESIAN_POINT('',(0.030853172233383,-0.000826,-0.0518705764025615));
#9430=VERTEX_POINT('',#9429);
#9431=EDGE_CURVE('',#9430,#389,#9428,.T.);
#9432=ORIENTED_EDGE('',*,*,#9431,.F.);
#9433=CARTESIAN_POINT('',(0.0317403131083168,-0.000826,-0.0493995412201418));
#9434=DIRECTION('',(0.,1.,0.));
#9435=DIRECTION('',(0.,0.,1.));
#9436=AXIS2_PLACEMENT_3D('',#9433,#9434,#9435);
#9437=CIRCLE('',#9436,0.00262545877985829);
#9438=EDGE_CURVE('',#9406,#9430,#9437,.T.);
#9439=ORIENTED_EDGE('',*,*,#9438,.F.);
#9440=ORIENTED_EDGE('',*,*,#9407,.T.);
#9441=EDGE_LOOP('',(#9424,#9432,#9439,#9440));
#9442=FACE_BOUND('',#9441,.T.);
#9443=ADVANCED_FACE('',(#9442),#9423,.F.);
#9444=CARTESIAN_POINT('',(0.,-0.000826,-0.137808758524574));
#9445=DIRECTION('',(0.,1.,0.));
#9446=DIRECTION('',(0.,0.,1.));
#9447=AXIS2_PLACEMENT_3D('',#9444,#9445,#9446);
#9448=CYLINDRICAL_SURFACE('',#9447,0.0913087585245745);
#9449=ORIENTED_EDGE('',*,*,#390,.F.);
#9450=CARTESIAN_POINT('',(-0.0308531722333828,-0.000826,-0.0518705764025615));
#9451=DIRECTION('',(0.,1.,0.));
#9452=VECTOR('',#9451,1.);
#9453=LINE('',#9450,#9452);
#9454=CARTESIAN_POINT('',(-0.0308531722333828,-0.000826,-0.0518705764025615));
#9455=VERTEX_POINT('',#9454);
#9456=EDGE_CURVE('',#9455,#380,#9453,.T.);
#9457=ORIENTED_EDGE('',*,*,#9456,.F.);
#9458=CARTESIAN_POINT('',(0.,-0.000826,-0.137808758524574));
#9459=DIRECTION('',(0.,1.,0.));
#9460=DIRECTION('',(0.,0.,1.));
#9461=AXIS2_PLACEMENT_3D('',#9458,#9459,#9460);
#9462=CIRCLE('',#9461,0.0913087585245745);
#9463=EDGE_CURVE('',#9455,#9430,#9462,.T.);
#9464=ORIENTED_EDGE('',*,*,#9463,.T.);
#9465=ORIENTED_EDGE('',*,*,#9431,.T.);
#9466=EDGE_LOOP('',(#9449,#9457,#9464,#9465));
#9467=FACE_BOUND('',#9466,.T.);
#9468=ADVANCED_FACE('',(#9467),#9448,.T.);
#9469=CARTESIAN_POINT('',(-0.0317403131083168,-0.000826,-0.0493995412201414));
#9470=DIRECTION('',(0.,1.,0.));
#9471=DIRECTION('',(0.,0.,1.));
#9472=AXIS2_PLACEMENT_3D('',#9469,#9470,#9471);
#9473=CYLINDRICAL_SURFACE('',#9472,0.00262545877985853);
#9474=ORIENTED_EDGE('',*,*,#381,.T.);
#9475=CARTESIAN_POINT('',(-0.0335967928152805,-0.000826,-0.0512560209271052));
#9476=DIRECTION('',(0.,1.,0.));
#9477=VECTOR('',#9476,1.);
#9478=LINE('',#9475,#9477);
#9479=CARTESIAN_POINT('',(-0.0335967928152805,-0.000826,-0.0512560209271052));
#9480=VERTEX_POINT('',#9479);
#9481=EDGE_CURVE('',#9480,#371,#9478,.T.);
#9482=ORIENTED_EDGE('',*,*,#9481,.F.);
#9483=CARTESIAN_POINT('',(-0.0317403131083168,-0.000826,-0.0493995412201414));
#9484=DIRECTION('',(0.,1.,0.));
#9485=DIRECTION('',(0.,0.,1.));
#9486=AXIS2_PLACEMENT_3D('',#9483,#9484,#9485);
#9487=CIRCLE('',#9486,0.00262545877985853);
#9488=EDGE_CURVE('',#9455,#9480,#9487,.T.);
#9489=ORIENTED_EDGE('',*,*,#9488,.F.);
#9490=ORIENTED_EDGE('',*,*,#9456,.T.);
#9491=EDGE_LOOP('',(#9474,#9482,#9489,#9490));
#9492=FACE_BOUND('',#9491,.T.);
#9493=ADVANCED_FACE('',(#9492),#9473,.F.);
#9494=CARTESIAN_POINT('',(-0.0424264068711928,-0.000826,-0.0424264068711928));
#9495=DIRECTION('',(0.707106781186548,0.,0.707106781186547));
#9496=DIRECTION('',(0.707106781186547,0.,-0.707106781186548));
#9497=AXIS2_PLACEMENT_3D('',#9494,#9495,#9496);
#9498=PLANE('',#9497);
#9499=ORIENTED_EDGE('',*,*,#372,.F.);
#9500=CARTESIAN_POINT('',(-0.0512560209271053,-0.000826,-0.0335967928152803));
#9501=DIRECTION('',(0.,1.,0.));
#9502=VECTOR('',#9501,1.);
#9503=LINE('',#9500,#9502);
#9504=CARTESIAN_POINT('',(-0.0512560209271053,-0.000826,-0.0335967928152803));
#9505=VERTEX_POINT('',#9504);
#9506=EDGE_CURVE('',#9505,#363,#9503,.T.);
#9507=ORIENTED_EDGE('',*,*,#9506,.F.);
#9508=CARTESIAN_POINT('',(-0.0424264068711928,-0.000826,-0.0424264068711928));
#9509=DIRECTION('',(0.707106781186547,0.,-0.707106781186548));
#9510=VECTOR('',#9509,1.);
#9511=LINE('',#9508,#9510);
#9512=EDGE_CURVE('',#9505,#9480,#9511,.T.);
#9513=ORIENTED_EDGE('',*,*,#9512,.T.);
#9514=ORIENTED_EDGE('',*,*,#9481,.T.);
#9515=EDGE_LOOP('',(#9499,#9507,#9513,#9514));
#9516=FACE_BOUND('',#9515,.T.);
#9517=ADVANCED_FACE('',(#9516),#9498,.T.);
#9518=CARTESIAN_POINT('',(-0.0493995412201417,-0.000826,-0.0317403131083168));
#9519=DIRECTION('',(0.,1.,0.));
#9520=DIRECTION('',(0.,0.,1.));
#9521=AXIS2_PLACEMENT_3D('',#9518,#9519,#9520);
#9522=CYLINDRICAL_SURFACE('',#9521,0.00262545877985829);
#9523=ORIENTED_EDGE('',*,*,#364,.T.);
#9524=CARTESIAN_POINT('',(-0.0518705764025615,-0.000826,-0.0308531722333829));
#9525=DIRECTION('',(0.,1.,0.));
#9526=VECTOR('',#9525,1.);
#9527=LINE('',#9524,#9526);
#9528=CARTESIAN_POINT('',(-0.0518705764025615,-0.000826,-0.0308531722333829));
#9529=VERTEX_POINT('',#9528);
#9530=EDGE_CURVE('',#9529,#354,#9527,.T.);
#9531=ORIENTED_EDGE('',*,*,#9530,.F.);
#9532=CARTESIAN_POINT('',(-0.0493995412201417,-0.000826,-0.0317403131083168));
#9533=DIRECTION('',(0.,1.,0.));
#9534=DIRECTION('',(0.,0.,1.));
#9535=AXIS2_PLACEMENT_3D('',#9532,#9533,#9534);
#9536=CIRCLE('',#9535,0.00262545877985829);
#9537=EDGE_CURVE('',#9505,#9529,#9536,.T.);
#9538=ORIENTED_EDGE('',*,*,#9537,.F.);
#9539=ORIENTED_EDGE('',*,*,#9506,.T.);
#9540=EDGE_LOOP('',(#9523,#9531,#9538,#9539));
#9541=FACE_BOUND('',#9540,.T.);
#9542=ADVANCED_FACE('',(#9541),#9522,.F.);
#9543=CARTESIAN_POINT('',(-0.137808758524574,-0.000826,0.));
#9544=DIRECTION('',(0.,1.,0.));
#9545=DIRECTION('',(0.,0.,1.));
#9546=AXIS2_PLACEMENT_3D('',#9543,#9544,#9545);
#9547=CYLINDRICAL_SURFACE('',#9546,0.0913087585245745);
#9548=ORIENTED_EDGE('',*,*,#355,.F.);
#9549=ORIENTED_EDGE('',*,*,#9192,.F.);
#9550=CARTESIAN_POINT('',(-0.137808758524574,-0.000826,0.));
#9551=DIRECTION('',(0.,1.,0.));
#9552=DIRECTION('',(0.,0.,1.));
#9553=AXIS2_PLACEMENT_3D('',#9550,#9551,#9552);
#9554=CIRCLE('',#9553,0.0913087585245745);
#9555=EDGE_CURVE('',#9185,#9529,#9554,.T.);
#9556=ORIENTED_EDGE('',*,*,#9555,.T.);
#9557=ORIENTED_EDGE('',*,*,#9530,.T.);
#9558=EDGE_LOOP('',(#9548,#9549,#9556,#9557));
#9559=FACE_BOUND('',#9558,.T.);
#9560=ADVANCED_FACE('',(#9559),#9547,.T.);
#9561=CARTESIAN_POINT('',(-0.0317403131083168,-0.000826,-0.0493995412201414));
#9562=DIRECTION('',(0.,1.,0.));
#9563=DIRECTION('',(0.,0.,1.));
#9564=AXIS2_PLACEMENT_3D('',#9561,#9562,#9563);
#9565=CYLINDRICAL_SURFACE('',#9564,0.00442545877985854);
#9566=ORIENTED_EDGE('',*,*,#1065,.F.);
#9567=ORIENTED_EDGE('',*,*,#8814,.F.);
#9568=CARTESIAN_POINT('',(-0.0317403131083168,-0.000826,-0.0493995412201414));
#9569=DIRECTION('',(0.,1.,0.));
#9570=DIRECTION('',(0.,0.,1.));
#9571=AXIS2_PLACEMENT_3D('',#9568,#9569,#9570);
#9572=CIRCLE('',#9571,0.00442545877985854);
#9573=EDGE_CURVE('',#8807,#9152,#9572,.T.);
#9574=ORIENTED_EDGE('',*,*,#9573,.T.);
#9575=ORIENTED_EDGE('',*,*,#9153,.T.);
#9576=EDGE_LOOP('',(#9566,#9567,#9574,#9575));
#9577=FACE_BOUND('',#9576,.T.);
#9578=ADVANCED_FACE('',(#9577),#9565,.T.);
#9579=CARTESIAN_POINT('',(0.,-0.000826,0.));
#9580=DIRECTION('',(0.,-1.,0.));
#9581=DIRECTION('',(0.,0.,1.));
#9582=AXIS2_PLACEMENT_3D('',#9579,#9580,#9581);
#9583=PLANE('',#9582);
#9584=ORIENTED_EDGE('',*,*,#9186,.T.);
#9585=ORIENTED_EDGE('',*,*,#9215,.T.);
#9586=ORIENTED_EDGE('',*,*,#9240,.T.);
#9587=ORIENTED_EDGE('',*,*,#9265,.F.);
#9588=ORIENTED_EDGE('',*,*,#9290,.T.);
#9589=ORIENTED_EDGE('',*,*,#9314,.T.);
#9590=ORIENTED_EDGE('',*,*,#9339,.T.);
#9591=ORIENTED_EDGE('',*,*,#9364,.F.);
#9592=ORIENTED_EDGE('',*,*,#9389,.T.);
#9593=ORIENTED_EDGE('',*,*,#9413,.F.);
#9594=ORIENTED_EDGE('',*,*,#9438,.T.);
#9595=ORIENTED_EDGE('',*,*,#9463,.F.);
#9596=ORIENTED_EDGE('',*,*,#9488,.T.);
#9597=ORIENTED_EDGE('',*,*,#9512,.F.);
#9598=ORIENTED_EDGE('',*,*,#9537,.T.);
#9599=ORIENTED_EDGE('',*,*,#9555,.F.);
#9600=EDGE_LOOP('',(#9584,#9585,#9586,#9587,#9588,#9589,#9590,#9591,#9592,#9593,#9594,#9595,#9596,#9597,#9598,#9599));
#9601=FACE_BOUND('',#9600,.T.);
#9602=ORIENTED_EDGE('',*,*,#8808,.T.);
#9603=ORIENTED_EDGE('',*,*,#8838,.F.);
#9604=ORIENTED_EDGE('',*,*,#8862,.T.);
#9605=ORIENTED_EDGE('',*,*,#8887,.F.);
#9606=ORIENTED_EDGE('',*,*,#8912,.T.);
#9607=ORIENTED_EDGE('',*,*,#8937,.F.);
#9608=ORIENTED_EDGE('',*,*,#8961,.F.);
#9609=ORIENTED_EDGE('',*,*,#8986,.F.);
#9610=ORIENTED_EDGE('',*,*,#9011,.T.);
#9611=ORIENTED_EDGE('',*,*,#9036,.F.);
#9612=ORIENTED_EDGE('',*,*,#9060,.F.);
#9613=ORIENTED_EDGE('',*,*,#9085,.F.);
#9614=ORIENTED_EDGE('',*,*,#9110,.T.);
#9615=ORIENTED_EDGE('',*,*,#9135,.F.);
#9616=ORIENTED_EDGE('',*,*,#9159,.T.);
#9617=ORIENTED_EDGE('',*,*,#9573,.F.);
#9618=EDGE_LOOP('',(#9602,#9603,#9604,#9605,#9606,#9607,#9608,#9609,#9610,#9611,#9612,#9613,#9614,#9615,#9616,#9617));
#9619=FACE_BOUND('',#9618,.T.);
#9620=ADVANCED_FACE('',(#9601,#9619),#9583,.T.);
#9621=CARTESIAN_POINT('',(0.,-0.000826,0.03705));
#9622=DIRECTION('',(0.,0.,1.));
#9623=DIRECTION('',(1.,0.,0.));
#9624=AXIS2_PLACEMENT_3D('',#9621,#9622,#9623);
#9625=PLANE('',#9624);
#9626=ORIENTED_EDGE('',*,*,#640,.F.);
#9627=CARTESIAN_POINT('',(-0.00850000000000001,-0.000826,0.03705));
#9628=DIRECTION('',(0.,1.,0.));
#9629=VECTOR('',#9628,1.);
#9630=LINE('',#9627,#9629);
#9631=CARTESIAN_POINT('',(-0.00850000000000001,-0.000826,0.03705));
#9632=VERTEX_POINT('',#9631);
#9633=EDGE_CURVE('',#9632,#631,#9630,.T.);
#9634=ORIENTED_EDGE('',*,*,#9633,.F.);
#9635=CARTESIAN_POINT('',(0.,-0.000826,0.03705));
#9636=DIRECTION('',(1.,0.,0.));
#9637=VECTOR('',#9636,1.);
#9638=LINE('',#9635,#9637);
#9639=CARTESIAN_POINT('',(0.0085,-0.000826,0.03705));
#9640=VERTEX_POINT('',#9639);
#9641=EDGE_CURVE('',#9632,#9640,#9638,.T.);
#9642=ORIENTED_EDGE('',*,*,#9641,.T.);
#9643=CARTESIAN_POINT('',(0.0085,-0.000826,0.03705));
#9644=DIRECTION('',(0.,1.,0.));
#9645=VECTOR('',#9644,1.);
#9646=LINE('',#9643,#9645);
#9647=EDGE_CURVE('',#9640,#639,#9646,.T.);
#9648=ORIENTED_EDGE('',*,*,#9647,.T.);
#9649=EDGE_LOOP('',(#9626,#9634,#9642,#9648));
#9650=FACE_BOUND('',#9649,.T.);
#9651=ADVANCED_FACE('',(#9650),#9625,.T.);
#9652=CARTESIAN_POINT('',(-0.00850000000000001,-0.000826,0.0305));
#9653=DIRECTION('',(0.,1.,0.));
#9654=DIRECTION('',(0.,0.,1.));
#9655=AXIS2_PLACEMENT_3D('',#9652,#9653,#9654);
#9656=CYLINDRICAL_SURFACE('',#9655,0.00654999999999999);
#9657=ORIENTED_EDGE('',*,*,#632,.F.);
#9658=CARTESIAN_POINT('',(-0.01505,-0.000826,0.0305));
#9659=DIRECTION('',(0.,1.,0.));
#9660=VECTOR('',#9659,1.);
#9661=LINE('',#9658,#9660);
#9662=CARTESIAN_POINT('',(-0.01505,-0.000826,0.0305));
#9663=VERTEX_POINT('',#9662);
#9664=EDGE_CURVE('',#9663,#629,#9661,.T.);
#9665=ORIENTED_EDGE('',*,*,#9664,.F.);
#9666=CARTESIAN_POINT('',(-0.00850000000000001,-0.000826,0.0305));
#9667=DIRECTION('',(0.,1.,0.));
#9668=DIRECTION('',(0.,0.,1.));
#9669=AXIS2_PLACEMENT_3D('',#9666,#9667,#9668);
#9670=CIRCLE('',#9669,0.00654999999999999);
#9671=EDGE_CURVE('',#9663,#9632,#9670,.T.);
#9672=ORIENTED_EDGE('',*,*,#9671,.T.);
#9673=ORIENTED_EDGE('',*,*,#9633,.T.);
#9674=EDGE_LOOP('',(#9657,#9665,#9672,#9673));
#9675=FACE_BOUND('',#9674,.T.);
#9676=ADVANCED_FACE('',(#9675),#9656,.T.);
#9677=CARTESIAN_POINT('',(-0.0150499999999999,-0.000826,-4.89517280877202E-17));
#9678=DIRECTION('',(1.,0.,3.25260651745651E-15));
#9679=DIRECTION('',(3.25260651745651E-15,0.,-1.));
#9680=AXIS2_PLACEMENT_3D('',#9677,#9678,#9679);
#9681=PLANE('',#9680);
#9682=ORIENTED_EDGE('',*,*,#689,.T.);
#9683=CARTESIAN_POINT('',(-0.01505,-0.000826,0.0225));
#9684=DIRECTION('',(0.,1.,0.));
#9685=VECTOR('',#9684,1.);
#9686=LINE('',#9683,#9685);
#9687=CARTESIAN_POINT('',(-0.01505,-0.000826,0.0225));
#9688=VERTEX_POINT('',#9687);
#9689=EDGE_CURVE('',#9688,#682,#9686,.T.);
#9690=ORIENTED_EDGE('',*,*,#9689,.F.);
#9691=CARTESIAN_POINT('',(-0.0150499999999999,-0.000826,-4.89517280877202E-17));
#9692=DIRECTION('',(3.25260651745651E-15,0.,-1.));
#9693=VECTOR('',#9692,1.);
#9694=LINE('',#9691,#9693);
#9695=EDGE_CURVE('',#9663,#9688,#9694,.T.);
#9696=ORIENTED_EDGE('',*,*,#9695,.F.);
#9697=ORIENTED_EDGE('',*,*,#9664,.T.);
#9698=EDGE_LOOP('',(#9682,#9690,#9696,#9697));
#9699=FACE_BOUND('',#9698,.T.);
#9700=ADVANCED_FACE('',(#9699),#9681,.F.);
#9701=CARTESIAN_POINT('',(-0.00849999999999998,-0.000826,0.0225));
#9702=DIRECTION('',(0.,1.,0.));
#9703=DIRECTION('',(0.,0.,1.));
#9704=AXIS2_PLACEMENT_3D('',#9701,#9702,#9703);
#9705=CYLINDRICAL_SURFACE('',#9704,0.00654999999999999);
#9706=ORIENTED_EDGE('',*,*,#683,.F.);
#9707=CARTESIAN_POINT('',(-0.00849999999999999,-0.000826,0.01595));
#9708=DIRECTION('',(0.,1.,0.));
#9709=VECTOR('',#9708,1.);
#9710=LINE('',#9707,#9709);
#9711=CARTESIAN_POINT('',(-0.00849999999999999,-0.000826,0.01595));
#9712=VERTEX_POINT('',#9711);
#9713=EDGE_CURVE('',#9712,#673,#9710,.T.);
#9714=ORIENTED_EDGE('',*,*,#9713,.F.);
#9715=CARTESIAN_POINT('',(-0.00849999999999998,-0.000826,0.0225));
#9716=DIRECTION('',(0.,1.,0.));
#9717=DIRECTION('',(0.,0.,1.));
#9718=AXIS2_PLACEMENT_3D('',#9715,#9716,#9717);
#9719=CIRCLE('',#9718,0.00654999999999999);
#9720=EDGE_CURVE('',#9712,#9688,#9719,.T.);
#9721=ORIENTED_EDGE('',*,*,#9720,.T.);
#9722=ORIENTED_EDGE('',*,*,#9689,.T.);
#9723=EDGE_LOOP('',(#9706,#9714,#9721,#9722));
#9724=FACE_BOUND('',#9723,.T.);
#9725=ADVANCED_FACE('',(#9724),#9705,.T.);
#9726=CARTESIAN_POINT('',(6.51031516278356E-18,-0.000826,0.01595));
#9727=DIRECTION('',(4.08170229641602E-16,0.,1.));
#9728=DIRECTION('',(1.,0.,-4.08170229641602E-16));
#9729=AXIS2_PLACEMENT_3D('',#9726,#9727,#9728);
#9730=PLANE('',#9729);
#9731=ORIENTED_EDGE('',*,*,#674,.T.);
#9732=CARTESIAN_POINT('',(0.00849999999999999,-0.000826,0.01595));
#9733=DIRECTION('',(0.,1.,0.));
#9734=VECTOR('',#9733,1.);
#9735=LINE('',#9732,#9734);
#9736=CARTESIAN_POINT('',(0.00849999999999999,-0.000826,0.01595));
#9737=VERTEX_POINT('',#9736);
#9738=EDGE_CURVE('',#9737,#665,#9735,.T.);
#9739=ORIENTED_EDGE('',*,*,#9738,.F.);
#9740=CARTESIAN_POINT('',(6.51031516278356E-18,-0.000826,0.01595));
#9741=DIRECTION('',(1.,0.,-4.08170229641602E-16));
#9742=VECTOR('',#9741,1.);
#9743=LINE('',#9740,#9742);
#9744=EDGE_CURVE('',#9712,#9737,#9743,.T.);
#9745=ORIENTED_EDGE('',*,*,#9744,.F.);
#9746=ORIENTED_EDGE('',*,*,#9713,.T.);
#9747=EDGE_LOOP('',(#9731,#9739,#9745,#9746));
#9748=FACE_BOUND('',#9747,.T.);
#9749=ADVANCED_FACE('',(#9748),#9730,.F.);
#9750=CARTESIAN_POINT('',(0.0085,-0.000826,0.0225));
#9751=DIRECTION('',(0.,1.,0.));
#9752=DIRECTION('',(0.,0.,1.));
#9753=AXIS2_PLACEMENT_3D('',#9750,#9751,#9752);
#9754=CYLINDRICAL_SURFACE('',#9753,0.00654999999999999);
#9755=ORIENTED_EDGE('',*,*,#666,.F.);
#9756=CARTESIAN_POINT('',(0.01505,-0.000826,0.0225));
#9757=DIRECTION('',(0.,1.,0.));
#9758=VECTOR('',#9757,1.);
#9759=LINE('',#9756,#9758);
#9760=CARTESIAN_POINT('',(0.01505,-0.000826,0.0225));
#9761=VERTEX_POINT('',#9760);
#9762=EDGE_CURVE('',#9761,#656,#9759,.T.);
#9763=ORIENTED_EDGE('',*,*,#9762,.F.);
#9764=CARTESIAN_POINT('',(0.0085,-0.000826,0.0225));
#9765=DIRECTION('',(0.,1.,0.));
#9766=DIRECTION('',(0.,0.,1.));
#9767=AXIS2_PLACEMENT_3D('',#9764,#9765,#9766);
#9768=CIRCLE('',#9767,0.00654999999999999);
#9769=EDGE_CURVE('',#9761,#9737,#9768,.T.);
#9770=ORIENTED_EDGE('',*,*,#9769,.T.);
#9771=ORIENTED_EDGE('',*,*,#9738,.T.);
#9772=EDGE_LOOP('',(#9755,#9763,#9770,#9771));
#9773=FACE_BOUND('',#9772,.T.);
#9774=ADVANCED_FACE('',(#9773),#9754,.T.);
#9775=CARTESIAN_POINT('',(0.01505,-0.000826,0.));
#9776=DIRECTION('',(1.,0.,0.));
#9777=DIRECTION('',(0.,0.,-1.));
#9778=AXIS2_PLACEMENT_3D('',#9775,#9776,#9777);
#9779=PLANE('',#9778);
#9780=ORIENTED_EDGE('',*,*,#657,.F.);
#9781=CARTESIAN_POINT('',(0.01505,-0.000826,0.0305));
#9782=DIRECTION('',(0.,1.,0.));
#9783=VECTOR('',#9782,1.);
#9784=LINE('',#9781,#9783);
#9785=CARTESIAN_POINT('',(0.01505,-0.000826,0.0305));
#9786=VERTEX_POINT('',#9785);
#9787=EDGE_CURVE('',#9786,#648,#9784,.T.);
#9788=ORIENTED_EDGE('',*,*,#9787,.F.);
#9789=CARTESIAN_POINT('',(0.01505,-0.000826,0.));
#9790=DIRECTION('',(0.,0.,-1.));
#9791=VECTOR('',#9790,1.);
#9792=LINE('',#9789,#9791);
#9793=EDGE_CURVE('',#9786,#9761,#9792,.T.);
#9794=ORIENTED_EDGE('',*,*,#9793,.T.);
#9795=ORIENTED_EDGE('',*,*,#9762,.T.);
#9796=EDGE_LOOP('',(#9780,#9788,#9794,#9795));
#9797=FACE_BOUND('',#9796,.T.);
#9798=ADVANCED_FACE('',(#9797),#9779,.T.);
#9799=CARTESIAN_POINT('',(0.0085,-0.000826,0.0305));
#9800=DIRECTION('',(0.,1.,0.));
#9801=DIRECTION('',(0.,0.,1.));
#9802=AXIS2_PLACEMENT_3D('',#9799,#9800,#9801);
#9803=CYLINDRICAL_SURFACE('',#9802,0.00474999999999999);
#9804=ORIENTED_EDGE('',*,*,#843,.T.);
#9805=CARTESIAN_POINT('',(0.01325,-0.000826,0.0305));
#9806=DIRECTION('',(0.,1.,0.));
#9807=VECTOR('',#9806,1.);
#9808=LINE('',#9805,#9807);
#9809=CARTESIAN_POINT('',(0.01325,-0.000826,0.0305));
#9810=VERTEX_POINT('',#9809);
#9811=EDGE_CURVE('',#9810,#842,#9808,.T.);
#9812=ORIENTED_EDGE('',*,*,#9811,.F.);
#9813=CARTESIAN_POINT('',(0.0085,-0.000826,0.0305));
#9814=DIRECTION('',(0.,1.,0.));
#9815=DIRECTION('',(0.,0.,1.));
#9816=AXIS2_PLACEMENT_3D('',#9813,#9814,#9815);
#9817=CIRCLE('',#9816,0.00474999999999999);
#9818=CARTESIAN_POINT('',(0.0085,-0.000826,0.03525));
#9819=VERTEX_POINT('',#9818);
#9820=EDGE_CURVE('',#9819,#9810,#9817,.T.);
#9821=ORIENTED_EDGE('',*,*,#9820,.F.);
#9822=CARTESIAN_POINT('',(0.0085,-0.000826,0.03525));
#9823=DIRECTION('',(0.,1.,0.));
#9824=VECTOR('',#9823,1.);
#9825=LINE('',#9822,#9824);
#9826=EDGE_CURVE('',#9819,#840,#9825,.T.);
#9827=ORIENTED_EDGE('',*,*,#9826,.T.);
#9828=EDGE_LOOP('',(#9804,#9812,#9821,#9827));
#9829=FACE_BOUND('',#9828,.T.);
#9830=ADVANCED_FACE('',(#9829),#9803,.F.);
#9831=CARTESIAN_POINT('',(0.01325,-0.000826,0.));
#9832=DIRECTION('',(1.,0.,0.));
#9833=DIRECTION('',(0.,0.,-1.));
#9834=AXIS2_PLACEMENT_3D('',#9831,#9832,#9833);
#9835=PLANE('',#9834);
#9836=ORIENTED_EDGE('',*,*,#900,.T.);
#9837=CARTESIAN_POINT('',(0.01325,-0.000826,0.0225));
#9838=DIRECTION('',(0.,1.,0.));
#9839=VECTOR('',#9838,1.);
#9840=LINE('',#9837,#9839);
#9841=CARTESIAN_POINT('',(0.01325,-0.000826,0.0225));
#9842=VERTEX_POINT('',#9841);
#9843=EDGE_CURVE('',#9842,#893,#9840,.T.);
#9844=ORIENTED_EDGE('',*,*,#9843,.F.);
#9845=CARTESIAN_POINT('',(0.01325,-0.000826,0.));
#9846=DIRECTION('',(0.,0.,-1.));
#9847=VECTOR('',#9846,1.);
#9848=LINE('',#9845,#9847);
#9849=EDGE_CURVE('',#9810,#9842,#9848,.T.);
#9850=ORIENTED_EDGE('',*,*,#9849,.F.);
#9851=ORIENTED_EDGE('',*,*,#9811,.T.);
#9852=EDGE_LOOP('',(#9836,#9844,#9850,#9851));
#9853=FACE_BOUND('',#9852,.T.);
#9854=ADVANCED_FACE('',(#9853),#9835,.F.);
#9855=CARTESIAN_POINT('',(0.0085,-0.000826,0.0225));
#9856=DIRECTION('',(0.,1.,0.));
#9857=DIRECTION('',(0.,0.,1.));
#9858=AXIS2_PLACEMENT_3D('',#9855,#9856,#9857);
#9859=CYLINDRICAL_SURFACE('',#9858,0.00474999999999999);
#9860=ORIENTED_EDGE('',*,*,#894,.T.);
#9861=CARTESIAN_POINT('',(0.0085,-0.000826,0.01775));
#9862=DIRECTION('',(0.,1.,0.));
#9863=VECTOR('',#9862,1.);
#9864=LINE('',#9861,#9863);
#9865=CARTESIAN_POINT('',(0.0085,-0.000826,0.01775));
#9866=VERTEX_POINT('',#9865);
#9867=EDGE_CURVE('',#9866,#884,#9864,.T.);
#9868=ORIENTED_EDGE('',*,*,#9867,.F.);
#9869=CARTESIAN_POINT('',(0.0085,-0.000826,0.0225));
#9870=DIRECTION('',(0.,1.,0.));
#9871=DIRECTION('',(0.,0.,1.));
#9872=AXIS2_PLACEMENT_3D('',#9869,#9870,#9871);
#9873=CIRCLE('',#9872,0.00474999999999999);
#9874=EDGE_CURVE('',#9842,#9866,#9873,.T.);
#9875=ORIENTED_EDGE('',*,*,#9874,.F.);
#9876=ORIENTED_EDGE('',*,*,#9843,.T.);
#9877=EDGE_LOOP('',(#9860,#9868,#9875,#9876));
#9878=FACE_BOUND('',#9877,.T.);
#9879=ADVANCED_FACE('',(#9878),#9859,.F.);
#9880=CARTESIAN_POINT('',(7.24502157613844E-18,-0.000826,0.01775));
#9881=DIRECTION('',(4.08170229641602E-16,0.,1.));
#9882=DIRECTION('',(1.,0.,-4.08170229641602E-16));
#9883=AXIS2_PLACEMENT_3D('',#9880,#9881,#9882);
#9884=PLANE('',#9883);
#9885=ORIENTED_EDGE('',*,*,#885,.F.);
#9886=CARTESIAN_POINT('',(-0.00849999999999999,-0.000826,0.01775));
#9887=DIRECTION('',(0.,1.,0.));
#9888=VECTOR('',#9887,1.);
#9889=LINE('',#9886,#9888);
#9890=CARTESIAN_POINT('',(-0.00849999999999999,-0.000826,0.01775));
#9891=VERTEX_POINT('',#9890);
#9892=EDGE_CURVE('',#9891,#876,#9889,.T.);
#9893=ORIENTED_EDGE('',*,*,#9892,.F.);
#9894=CARTESIAN_POINT('',(7.24502157613844E-18,-0.000826,0.01775));
#9895=DIRECTION('',(1.,0.,-4.08170229641602E-16));
#9896=VECTOR('',#9895,1.);
#9897=LINE('',#9894,#9896);
#9898=EDGE_CURVE('',#9891,#9866,#9897,.T.);
#9899=ORIENTED_EDGE('',*,*,#9898,.T.);
#9900=ORIENTED_EDGE('',*,*,#9867,.T.);
#9901=EDGE_LOOP('',(#9885,#9893,#9899,#9900));
#9902=FACE_BOUND('',#9901,.T.);
#9903=ADVANCED_FACE('',(#9902),#9884,.T.);
#9904=CARTESIAN_POINT('',(-0.00849999999999998,-0.000826,0.0225));
#9905=DIRECTION('',(0.,1.,0.));
#9906=DIRECTION('',(0.,0.,1.));
#9907=AXIS2_PLACEMENT_3D('',#9904,#9905,#9906);
#9908=CYLINDRICAL_SURFACE('',#9907,0.00474999999999999);
#9909=ORIENTED_EDGE('',*,*,#877,.T.);
#9910=CARTESIAN_POINT('',(-0.01325,-0.000826,0.0225));
#9911=DIRECTION('',(0.,1.,0.));
#9912=VECTOR('',#9911,1.);
#9913=LINE('',#9910,#9912);
#9914=CARTESIAN_POINT('',(-0.01325,-0.000826,0.0225));
#9915=VERTEX_POINT('',#9914);
#9916=EDGE_CURVE('',#9915,#867,#9913,.T.);
#9917=ORIENTED_EDGE('',*,*,#9916,.F.);
#9918=CARTESIAN_POINT('',(-0.00849999999999998,-0.000826,0.0225));
#9919=DIRECTION('',(0.,1.,0.));
#9920=DIRECTION('',(0.,0.,1.));
#9921=AXIS2_PLACEMENT_3D('',#9918,#9919,#9920);
#9922=CIRCLE('',#9921,0.00474999999999999);
#9923=EDGE_CURVE('',#9891,#9915,#9922,.T.);
#9924=ORIENTED_EDGE('',*,*,#9923,.F.);
#9925=ORIENTED_EDGE('',*,*,#9892,.T.);
#9926=EDGE_LOOP('',(#9909,#9917,#9924,#9925));
#9927=FACE_BOUND('',#9926,.T.);
#9928=ADVANCED_FACE('',(#9927),#9908,.F.);
#9929=CARTESIAN_POINT('',(-0.0132499999999999,-0.000826,-4.5970172113385E-17));
#9930=DIRECTION('',(1.,0.,3.46944695195361E-15));
#9931=DIRECTION('',(3.46944695195361E-15,0.,-1.));
#9932=AXIS2_PLACEMENT_3D('',#9929,#9930,#9931);
#9933=PLANE('',#9932);
#9934=ORIENTED_EDGE('',*,*,#868,.F.);
#9935=CARTESIAN_POINT('',(-0.01325,-0.000826,0.0305));
#9936=DIRECTION('',(0.,1.,0.));
#9937=VECTOR('',#9936,1.);
#9938=LINE('',#9935,#9937);
#9939=CARTESIAN_POINT('',(-0.01325,-0.000826,0.0305));
#9940=VERTEX_POINT('',#9939);
#9941=EDGE_CURVE('',#9940,#859,#9938,.T.);
#9942=ORIENTED_EDGE('',*,*,#9941,.F.);
#9943=CARTESIAN_POINT('',(-0.0132499999999999,-0.000826,-4.5970172113385E-17));
#9944=DIRECTION('',(3.46944695195361E-15,0.,-1.));
#9945=VECTOR('',#9944,1.);
#9946=LINE('',#9943,#9945);
#9947=EDGE_CURVE('',#9940,#9915,#9946,.T.);
#9948=ORIENTED_EDGE('',*,*,#9947,.T.);
#9949=ORIENTED_EDGE('',*,*,#9916,.T.);
#9950=EDGE_LOOP('',(#9934,#9942,#9948,#9949));
#9951=FACE_BOUND('',#9950,.T.);
#9952=ADVANCED_FACE('',(#9951),#9933,.T.);
#9953=CARTESIAN_POINT('',(-0.00850000000000001,-0.000826,0.0305));
#9954=DIRECTION('',(0.,1.,0.));
#9955=DIRECTION('',(0.,0.,1.));
#9956=AXIS2_PLACEMENT_3D('',#9953,#9954,#9955);
#9957=CYLINDRICAL_SURFACE('',#9956,0.00474999999999999);
#9958=ORIENTED_EDGE('',*,*,#860,.T.);
#9959=CARTESIAN_POINT('',(-0.00850000000000001,-0.000826,0.03525));
#9960=DIRECTION('',(0.,1.,0.));
#9961=VECTOR('',#9960,1.);
#9962=LINE('',#9959,#9961);
#9963=CARTESIAN_POINT('',(-0.00850000000000001,-0.000826,0.03525));
#9964=VERTEX_POINT('',#9963);
#9965=EDGE_CURVE('',#9964,#850,#9962,.T.);
#9966=ORIENTED_EDGE('',*,*,#9965,.F.);
#9967=CARTESIAN_POINT('',(-0.00850000000000001,-0.000826,0.0305));
#9968=DIRECTION('',(0.,1.,0.));
#9969=DIRECTION('',(0.,0.,1.));
#9970=AXIS2_PLACEMENT_3D('',#9967,#9968,#9969);
#9971=CIRCLE('',#9970,0.00474999999999999);
#9972=EDGE_CURVE('',#9940,#9964,#9971,.T.);
#9973=ORIENTED_EDGE('',*,*,#9972,.F.);
#9974=ORIENTED_EDGE('',*,*,#9941,.T.);
#9975=EDGE_LOOP('',(#9958,#9966,#9973,#9974));
#9976=FACE_BOUND('',#9975,.T.);
#9977=ADVANCED_FACE('',(#9976),#9957,.F.);
#9978=CARTESIAN_POINT('',(0.,-0.000826,0.03525));
#9979=DIRECTION('',(0.,0.,1.));
#9980=DIRECTION('',(1.,0.,0.));
#9981=AXIS2_PLACEMENT_3D('',#9978,#9979,#9980);
#9982=PLANE('',#9981);
#9983=ORIENTED_EDGE('',*,*,#851,.T.);
#9984=ORIENTED_EDGE('',*,*,#9826,.F.);
#9985=CARTESIAN_POINT('',(0.,-0.000826,0.03525));
#9986=DIRECTION('',(1.,0.,0.));
#9987=VECTOR('',#9986,1.);
#9988=LINE('',#9985,#9987);
#9989=EDGE_CURVE('',#9964,#9819,#9988,.T.);
#9990=ORIENTED_EDGE('',*,*,#9989,.F.);
#9991=ORIENTED_EDGE('',*,*,#9965,.T.);
#9992=EDGE_LOOP('',(#9983,#9984,#9990,#9991));
#9993=FACE_BOUND('',#9992,.T.);
#9994=ADVANCED_FACE('',(#9993),#9982,.F.);
#9995=CARTESIAN_POINT('',(0.0085,-0.000826,0.0305));
#9996=DIRECTION('',(0.,1.,0.));
#9997=DIRECTION('',(0.,0.,1.));
#9998=AXIS2_PLACEMENT_3D('',#9995,#9996,#9997);
#9999=CYLINDRICAL_SURFACE('',#9998,0.00654999999999999);
#10000=ORIENTED_EDGE('',*,*,#649,.F.);
#10001=ORIENTED_EDGE('',*,*,#9647,.F.);
#10002=CARTESIAN_POINT('',(0.0085,-0.000826,0.0305));
#10003=DIRECTION('',(0.,1.,0.));
#10004=DIRECTION('',(0.,0.,1.));
#10005=AXIS2_PLACEMENT_3D('',#10002,#10003,#10004);
#10006=CIRCLE('',#10005,0.00654999999999999);
#10007=EDGE_CURVE('',#9640,#9786,#10006,.T.);
#10008=ORIENTED_EDGE('',*,*,#10007,.T.);
#10009=ORIENTED_EDGE('',*,*,#9787,.T.);
#10010=EDGE_LOOP('',(#10000,#10001,#10008,#10009));
#10011=FACE_BOUND('',#10010,.T.);
#10012=ADVANCED_FACE('',(#10011),#9999,.T.);
#10013=CARTESIAN_POINT('',(0.,-0.000826,0.));
#10014=DIRECTION('',(0.,-1.,0.));
#10015=DIRECTION('',(0.,0.,1.));
#10016=AXIS2_PLACEMENT_3D('',#10013,#10014,#10015);
#10017=PLANE('',#10016);
#10018=ORIENTED_EDGE('',*,*,#9820,.T.);
#10019=ORIENTED_EDGE('',*,*,#9849,.T.);
#10020=ORIENTED_EDGE('',*,*,#9874,.T.);
#10021=ORIENTED_EDGE('',*,*,#9898,.F.);
#10022=ORIENTED_EDGE('',*,*,#9923,.T.);
#10023=ORIENTED_EDGE('',*,*,#9947,.F.);
#10024=ORIENTED_EDGE('',*,*,#9972,.T.);
#10025=ORIENTED_EDGE('',*,*,#9989,.T.);
#10026=EDGE_LOOP('',(#10018,#10019,#10020,#10021,#10022,#10023,#10024,#10025));
#10027=FACE_BOUND('',#10026,.T.);
#10028=ORIENTED_EDGE('',*,*,#9641,.F.);
#10029=ORIENTED_EDGE('',*,*,#9671,.F.);
#10030=ORIENTED_EDGE('',*,*,#9695,.T.);
#10031=ORIENTED_EDGE('',*,*,#9720,.F.);
#10032=ORIENTED_EDGE('',*,*,#9744,.T.);
#10033=ORIENTED_EDGE('',*,*,#9769,.F.);
#10034=ORIENTED_EDGE('',*,*,#9793,.F.);
#10035=ORIENTED_EDGE('',*,*,#10007,.F.);
#10036=EDGE_LOOP('',(#10028,#10029,#10030,#10031,#10032,#10033,#10034,#10035));
#10037=FACE_BOUND('',#10036,.T.);
#10038=ADVANCED_FACE('',(#10027,#10037),#10017,.T.);
#10039=CARTESIAN_POINT('',(0.01505,-0.000826,-3.26344853918137E-18));
#10040=DIRECTION('',(-1.,0.,2.16840434497101E-16));
#10041=DIRECTION('',(2.16840434497101E-16,0.,1.));
#10042=AXIS2_PLACEMENT_3D('',#10039,#10040,#10041);
#10043=PLANE('',#10042);
#10044=ORIENTED_EDGE('',*,*,#701,.T.);
#10045=CARTESIAN_POINT('',(0.01505,-0.000826,-0.0225));
#10046=DIRECTION('',(0.,1.,0.));
#10047=VECTOR('',#10046,1.);
#10048=LINE('',#10045,#10047);
#10049=CARTESIAN_POINT('',(0.01505,-0.000826,-0.0225));
#10050=VERTEX_POINT('',#10049);
#10051=EDGE_CURVE('',#10050,#700,#10048,.T.);
#10052=ORIENTED_EDGE('',*,*,#10051,.F.);
#10053=CARTESIAN_POINT('',(0.01505,-0.000826,-3.26344853918137E-18));
#10054=DIRECTION('',(2.16840434497101E-16,0.,1.));
#10055=VECTOR('',#10054,1.);
#10056=LINE('',#10053,#10055);
#10057=CARTESIAN_POINT('',(0.01505,-0.000826,-0.0305));
#10058=VERTEX_POINT('',#10057);
#10059=EDGE_CURVE('',#10058,#10050,#10056,.T.);
#10060=ORIENTED_EDGE('',*,*,#10059,.F.);
#10061=CARTESIAN_POINT('',(0.01505,-0.000826,-0.0305));
#10062=DIRECTION('',(0.,1.,0.));
#10063=VECTOR('',#10062,1.);
#10064=LINE('',#10061,#10063);
#10065=EDGE_CURVE('',#10058,#698,#10064,.T.);
#10066=ORIENTED_EDGE('',*,*,#10065,.T.);
#10067=EDGE_LOOP('',(#10044,#10052,#10060,#10066));
#10068=FACE_BOUND('',#10067,.T.);
#10069=ADVANCED_FACE('',(#10068),#10043,.F.);
#10070=CARTESIAN_POINT('',(0.0085,-0.000826,-0.0225));
#10071=DIRECTION('',(0.,1.,0.));
#10072=DIRECTION('',(0.,0.,1.));
#10073=AXIS2_PLACEMENT_3D('',#10070,#10071,#10072);
#10074=CYLINDRICAL_SURFACE('',#10073,0.00655);
#10075=ORIENTED_EDGE('',*,*,#759,.F.);
#10076=CARTESIAN_POINT('',(0.0085,-0.000826,-0.01595));
#10077=DIRECTION('',(0.,1.,0.));
#10078=VECTOR('',#10077,1.);
#10079=LINE('',#10076,#10078);
#10080=CARTESIAN_POINT('',(0.0085,-0.000826,-0.01595));
#10081=VERTEX_POINT('',#10080);
#10082=EDGE_CURVE('',#10081,#751,#10079,.T.);
#10083=ORIENTED_EDGE('',*,*,#10082,.F.);
#10084=CARTESIAN_POINT('',(0.0085,-0.000826,-0.0225));
#10085=DIRECTION('',(0.,1.,0.));
#10086=DIRECTION('',(0.,0.,1.));
#10087=AXIS2_PLACEMENT_3D('',#10084,#10085,#10086);
#10088=CIRCLE('',#10087,0.00655);
#10089=EDGE_CURVE('',#10081,#10050,#10088,.T.);
#10090=ORIENTED_EDGE('',*,*,#10089,.T.);
#10091=ORIENTED_EDGE('',*,*,#10051,.T.);
#10092=EDGE_LOOP('',(#10075,#10083,#10090,#10091));
#10093=FACE_BOUND('',#10092,.T.);
#10094=ADVANCED_FACE('',(#10093),#10074,.T.);
#10095=CARTESIAN_POINT('',(-3.25515758139178E-18,-0.000826,-0.01595));
#10096=DIRECTION('',(2.04085114820801E-16,0.,1.));
#10097=DIRECTION('',(1.,0.,-2.04085114820801E-16));
#10098=AXIS2_PLACEMENT_3D('',#10095,#10096,#10097);
#10099=PLANE('',#10098);
#10100=ORIENTED_EDGE('',*,*,#752,.F.);
#10101=CARTESIAN_POINT('',(-0.00849999999999999,-0.000826,-0.01595));
#10102=DIRECTION('',(0.,1.,0.));
#10103=VECTOR('',#10102,1.);
#10104=LINE('',#10101,#10103);
#10105=CARTESIAN_POINT('',(-0.00849999999999999,-0.000826,-0.01595));
#10106=VERTEX_POINT('',#10105);
#10107=EDGE_CURVE('',#10106,#743,#10104,.T.);
#10108=ORIENTED_EDGE('',*,*,#10107,.F.);
#10109=CARTESIAN_POINT('',(-3.25515758139178E-18,-0.000826,-0.01595));
#10110=DIRECTION('',(1.,0.,-2.04085114820801E-16));
#10111=VECTOR('',#10110,1.);
#10112=LINE('',#10109,#10111);
#10113=EDGE_CURVE('',#10106,#10081,#10112,.T.);
#10114=ORIENTED_EDGE('',*,*,#10113,.T.);
#10115=ORIENTED_EDGE('',*,*,#10082,.T.);
#10116=EDGE_LOOP('',(#10100,#10108,#10114,#10115));
#10117=FACE_BOUND('',#10116,.T.);
#10118=ADVANCED_FACE('',(#10117),#10099,.T.);
#10119=CARTESIAN_POINT('',(-0.00849999999999999,-0.000826,-0.0225));
#10120=DIRECTION('',(0.,1.,0.));
#10121=DIRECTION('',(0.,0.,1.));
#10122=AXIS2_PLACEMENT_3D('',#10119,#10120,#10121);
#10123=CYLINDRICAL_SURFACE('',#10122,0.00655);
#10124=ORIENTED_EDGE('',*,*,#744,.F.);
#10125=CARTESIAN_POINT('',(-0.01505,-0.000826,-0.0225));
#10126=DIRECTION('',(0.,1.,0.));
#10127=VECTOR('',#10126,1.);
#10128=LINE('',#10125,#10127);
#10129=CARTESIAN_POINT('',(-0.01505,-0.000826,-0.0225));
#10130=VERTEX_POINT('',#10129);
#10131=EDGE_CURVE('',#10130,#734,#10128,.T.);
#10132=ORIENTED_EDGE('',*,*,#10131,.F.);
#10133=CARTESIAN_POINT('',(-0.00849999999999999,-0.000826,-0.0225));
#10134=DIRECTION('',(0.,1.,0.));
#10135=DIRECTION('',(0.,0.,1.));
#10136=AXIS2_PLACEMENT_3D('',#10133,#10134,#10135);
#10137=CIRCLE('',#10136,0.00655);
#10138=EDGE_CURVE('',#10130,#10106,#10137,.T.);
#10139=ORIENTED_EDGE('',*,*,#10138,.T.);
#10140=ORIENTED_EDGE('',*,*,#10107,.T.);
#10141=EDGE_LOOP('',(#10124,#10132,#10139,#10140));
#10142=FACE_BOUND('',#10141,.T.);
#10143=ADVANCED_FACE('',(#10142),#10123,.T.);
#10144=CARTESIAN_POINT('',(-0.01505,-0.000826,1.30537941567255E-17));
#10145=DIRECTION('',(1.,0.,-8.67361737988404E-16));
#10146=DIRECTION('',(-8.67361737988404E-16,0.,-1.));
#10147=AXIS2_PLACEMENT_3D('',#10144,#10145,#10146);
#10148=PLANE('',#10147);
#10149=ORIENTED_EDGE('',*,*,#735,.T.);
#10150=CARTESIAN_POINT('',(-0.01505,-0.000826,-0.0305));
#10151=DIRECTION('',(0.,1.,0.));
#10152=VECTOR('',#10151,1.);
#10153=LINE('',#10150,#10152);
#10154=CARTESIAN_POINT('',(-0.01505,-0.000826,-0.0305));
#10155=VERTEX_POINT('',#10154);
#10156=EDGE_CURVE('',#10155,#726,#10153,.T.);
#10157=ORIENTED_EDGE('',*,*,#10156,.F.);
#10158=CARTESIAN_POINT('',(-0.01505,-0.000826,1.30537941567255E-17));
#10159=DIRECTION('',(-8.67361737988404E-16,0.,-1.));
#10160=VECTOR('',#10159,1.);
#10161=LINE('',#10158,#10160);
#10162=EDGE_CURVE('',#10130,#10155,#10161,.T.);
#10163=ORIENTED_EDGE('',*,*,#10162,.F.);
#10164=ORIENTED_EDGE('',*,*,#10131,.T.);
#10165=EDGE_LOOP('',(#10149,#10157,#10163,#10164));
#10166=FACE_BOUND('',#10165,.T.);
#10167=ADVANCED_FACE('',(#10166),#10148,.F.);
#10168=CARTESIAN_POINT('',(-0.0085,-0.000826,-0.0305));
#10169=DIRECTION('',(0.,1.,0.));
#10170=DIRECTION('',(0.,0.,1.));
#10171=AXIS2_PLACEMENT_3D('',#10168,#10169,#10170);
#10172=CYLINDRICAL_SURFACE('',#10171,0.00655);
#10173=ORIENTED_EDGE('',*,*,#727,.F.);
#10174=CARTESIAN_POINT('',(-0.0085,-0.000826,-0.03705));
#10175=DIRECTION('',(0.,1.,0.));
#10176=VECTOR('',#10175,1.);
#10177=LINE('',#10174,#10176);
#10178=CARTESIAN_POINT('',(-0.0085,-0.000826,-0.03705));
#10179=VERTEX_POINT('',#10178);
#10180=EDGE_CURVE('',#10179,#717,#10177,.T.);
#10181=ORIENTED_EDGE('',*,*,#10180,.F.);
#10182=CARTESIAN_POINT('',(-0.0085,-0.000826,-0.0305));
#10183=DIRECTION('',(0.,1.,0.));
#10184=DIRECTION('',(0.,0.,1.));
#10185=AXIS2_PLACEMENT_3D('',#10182,#10183,#10184);
#10186=CIRCLE('',#10185,0.00655);
#10187=EDGE_CURVE('',#10179,#10155,#10186,.T.);
#10188=ORIENTED_EDGE('',*,*,#10187,.T.);
#10189=ORIENTED_EDGE('',*,*,#10156,.T.);
#10190=EDGE_LOOP('',(#10173,#10181,#10188,#10189));
#10191=FACE_BOUND('',#10190,.T.);
#10192=ADVANCED_FACE('',(#10191),#10172,.T.);
#10193=CARTESIAN_POINT('',(-3.02454140164427E-17,-0.000826,-0.03705));
#10194=DIRECTION('',(8.16340459283204E-16,0.,1.));
#10195=DIRECTION('',(1.,0.,-8.16340459283204E-16));
#10196=AXIS2_PLACEMENT_3D('',#10193,#10194,#10195);
#10197=PLANE('',#10196);
#10198=ORIENTED_EDGE('',*,*,#718,.T.);
#10199=CARTESIAN_POINT('',(0.00849999999999999,-0.000826,-0.03705));
#10200=DIRECTION('',(0.,1.,0.));
#10201=VECTOR('',#10200,1.);
#10202=LINE('',#10199,#10201);
#10203=CARTESIAN_POINT('',(0.00849999999999999,-0.000826,-0.03705));
#10204=VERTEX_POINT('',#10203);
#10205=EDGE_CURVE('',#10204,#709,#10202,.T.);
#10206=ORIENTED_EDGE('',*,*,#10205,.F.);
#10207=CARTESIAN_POINT('',(-3.02454140164427E-17,-0.000826,-0.03705));
#10208=DIRECTION('',(1.,0.,-8.16340459283204E-16));
#10209=VECTOR('',#10208,1.);
#10210=LINE('',#10207,#10209);
#10211=EDGE_CURVE('',#10179,#10204,#10210,.T.);
#10212=ORIENTED_EDGE('',*,*,#10211,.F.);
#10213=ORIENTED_EDGE('',*,*,#10180,.T.);
#10214=EDGE_LOOP('',(#10198,#10206,#10212,#10213));
#10215=FACE_BOUND('',#10214,.T.);
#10216=ADVANCED_FACE('',(#10215),#10197,.F.);
#10217=CARTESIAN_POINT('',(0.0085,-0.000826,-0.0225));
#10218=DIRECTION('',(0.,1.,0.));
#10219=DIRECTION('',(0.,0.,1.));
#10220=AXIS2_PLACEMENT_3D('',#10217,#10218,#10219);
#10221=CYLINDRICAL_SURFACE('',#10220,0.00475000000000001);
#10222=ORIENTED_EDGE('',*,*,#99,.T.);
#10223=CARTESIAN_POINT('',(0.01325,-0.000826,-0.0225));
#10224=DIRECTION('',(0.,1.,0.));
#10225=VECTOR('',#10224,1.);
#10226=LINE('',#10223,#10225);
#10227=CARTESIAN_POINT('',(0.01325,-0.000826,-0.0225));
#10228=VERTEX_POINT('',#10227);
#10229=EDGE_CURVE('',#10228,#98,#10226,.T.);
#10230=ORIENTED_EDGE('',*,*,#10229,.F.);
#10231=CARTESIAN_POINT('',(0.0085,-0.000826,-0.0225));
#10232=DIRECTION('',(0.,1.,0.));
#10233=DIRECTION('',(0.,0.,1.));
#10234=AXIS2_PLACEMENT_3D('',#10231,#10232,#10233);
#10235=CIRCLE('',#10234,0.00475000000000001);
#10236=CARTESIAN_POINT('',(0.0085,-0.000826,-0.01775));
#10237=VERTEX_POINT('',#10236);
#10238=EDGE_CURVE('',#10237,#10228,#10235,.T.);
#10239=ORIENTED_EDGE('',*,*,#10238,.F.);
#10240=CARTESIAN_POINT('',(0.0085,-0.000826,-0.01775));
#10241=DIRECTION('',(0.,1.,0.));
#10242=VECTOR('',#10241,1.);
#10243=LINE('',#10240,#10242);
#10244=EDGE_CURVE('',#10237,#96,#10243,.T.);
#10245=ORIENTED_EDGE('',*,*,#10244,.T.);
#10246=EDGE_LOOP('',(#10222,#10230,#10239,#10245));
#10247=FACE_BOUND('',#10246,.T.);
#10248=ADVANCED_FACE('',(#10247),#10221,.F.);
#10249=CARTESIAN_POINT('',(0.01325,-0.000826,-5.74627151417318E-18));
#10250=DIRECTION('',(-1.,0.,4.33680868994202E-16));
#10251=DIRECTION('',(4.33680868994202E-16,0.,1.));
#10252=AXIS2_PLACEMENT_3D('',#10249,#10250,#10251);
#10253=PLANE('',#10252);
#10254=ORIENTED_EDGE('',*,*,#156,.F.);
#10255=CARTESIAN_POINT('',(0.01325,-0.000826,-0.0305));
#10256=DIRECTION('',(0.,1.,0.));
#10257=VECTOR('',#10256,1.);
#10258=LINE('',#10255,#10257);
#10259=CARTESIAN_POINT('',(0.01325,-0.000826,-0.0305));
#10260=VERTEX_POINT('',#10259);
#10261=EDGE_CURVE('',#10260,#149,#10258,.T.);
#10262=ORIENTED_EDGE('',*,*,#10261,.F.);
#10263=CARTESIAN_POINT('',(0.01325,-0.000826,-5.74627151417318E-18));
#10264=DIRECTION('',(4.33680868994202E-16,0.,1.));
#10265=VECTOR('',#10264,1.);
#10266=LINE('',#10263,#10265);
#10267=EDGE_CURVE('',#10260,#10228,#10266,.T.);
#10268=ORIENTED_EDGE('',*,*,#10267,.T.);
#10269=ORIENTED_EDGE('',*,*,#10229,.T.);
#10270=EDGE_LOOP('',(#10254,#10262,#10268,#10269));
#10271=FACE_BOUND('',#10270,.T.);
#10272=ADVANCED_FACE('',(#10271),#10253,.T.);
#10273=CARTESIAN_POINT('',(0.00849999999999999,-0.000826,-0.0305));
#10274=DIRECTION('',(0.,1.,0.));
#10275=DIRECTION('',(0.,0.,1.));
#10276=AXIS2_PLACEMENT_3D('',#10273,#10274,#10275);
#10277=CYLINDRICAL_SURFACE('',#10276,0.00475000000000001);
#10278=ORIENTED_EDGE('',*,*,#150,.T.);
#10279=CARTESIAN_POINT('',(0.00849999999999999,-0.000826,-0.03525));
#10280=DIRECTION('',(0.,1.,0.));
#10281=VECTOR('',#10280,1.);
#10282=LINE('',#10279,#10281);
#10283=CARTESIAN_POINT('',(0.00849999999999999,-0.000826,-0.03525));
#10284=VERTEX_POINT('',#10283);
#10285=EDGE_CURVE('',#10284,#140,#10282,.T.);
#10286=ORIENTED_EDGE('',*,*,#10285,.F.);
#10287=CARTESIAN_POINT('',(0.00849999999999999,-0.000826,-0.0305));
#10288=DIRECTION('',(0.,1.,0.));
#10289=DIRECTION('',(0.,0.,1.));
#10290=AXIS2_PLACEMENT_3D('',#10287,#10288,#10289);
#10291=CIRCLE('',#10290,0.00475000000000001);
#10292=EDGE_CURVE('',#10260,#10284,#10291,.T.);
#10293=ORIENTED_EDGE('',*,*,#10292,.F.);
#10294=ORIENTED_EDGE('',*,*,#10261,.T.);
#10295=EDGE_LOOP('',(#10278,#10286,#10293,#10294));
#10296=FACE_BOUND('',#10295,.T.);
#10297=ADVANCED_FACE('',(#10296),#10277,.F.);
#10298=CARTESIAN_POINT('',(-2.87760011897329E-17,-0.000826,-0.03525));
#10299=DIRECTION('',(8.16340459283204E-16,0.,1.));
#10300=DIRECTION('',(1.,0.,-8.16340459283204E-16));
#10301=AXIS2_PLACEMENT_3D('',#10298,#10299,#10300);
#10302=PLANE('',#10301);
#10303=ORIENTED_EDGE('',*,*,#141,.F.);
#10304=CARTESIAN_POINT('',(-0.0085,-0.000826,-0.03525));
#10305=DIRECTION('',(0.,1.,0.));
#10306=VECTOR('',#10305,1.);
#10307=LINE('',#10304,#10306);
#10308=CARTESIAN_POINT('',(-0.0085,-0.000826,-0.03525));
#10309=VERTEX_POINT('',#10308);
#10310=EDGE_CURVE('',#10309,#132,#10307,.T.);
#10311=ORIENTED_EDGE('',*,*,#10310,.F.);
#10312=CARTESIAN_POINT('',(-2.87760011897329E-17,-0.000826,-0.03525));
#10313=DIRECTION('',(1.,0.,-8.16340459283204E-16));
#10314=VECTOR('',#10313,1.);
#10315=LINE('',#10312,#10314);
#10316=EDGE_CURVE('',#10309,#10284,#10315,.T.);
#10317=ORIENTED_EDGE('',*,*,#10316,.T.);
#10318=ORIENTED_EDGE('',*,*,#10285,.T.);
#10319=EDGE_LOOP('',(#10303,#10311,#10317,#10318));
#10320=FACE_BOUND('',#10319,.T.);
#10321=ADVANCED_FACE('',(#10320),#10302,.T.);
#10322=CARTESIAN_POINT('',(-0.0085,-0.000826,-0.0305));
#10323=DIRECTION('',(0.,1.,0.));
#10324=DIRECTION('',(0.,0.,1.));
#10325=AXIS2_PLACEMENT_3D('',#10322,#10323,#10324);
#10326=CYLINDRICAL_SURFACE('',#10325,0.00475);
#10327=ORIENTED_EDGE('',*,*,#133,.T.);
#10328=CARTESIAN_POINT('',(-0.01325,-0.000826,-0.0305));
#10329=DIRECTION('',(0.,1.,0.));
#10330=VECTOR('',#10329,1.);
#10331=LINE('',#10328,#10330);
#10332=CARTESIAN_POINT('',(-0.01325,-0.000826,-0.0305));
#10333=VERTEX_POINT('',#10332);
#10334=EDGE_CURVE('',#10333,#123,#10331,.T.);
#10335=ORIENTED_EDGE('',*,*,#10334,.F.);
#10336=CARTESIAN_POINT('',(-0.0085,-0.000826,-0.0305));
#10337=DIRECTION('',(0.,1.,0.));
#10338=DIRECTION('',(0.,0.,1.));
#10339=AXIS2_PLACEMENT_3D('',#10336,#10337,#10338);
#10340=CIRCLE('',#10339,0.00475);
#10341=EDGE_CURVE('',#10309,#10333,#10340,.T.);
#10342=ORIENTED_EDGE('',*,*,#10341,.F.);
#10343=ORIENTED_EDGE('',*,*,#10310,.T.);
#10344=EDGE_LOOP('',(#10327,#10335,#10342,#10343));
#10345=FACE_BOUND('',#10344,.T.);
#10346=ADVANCED_FACE('',(#10345),#10326,.F.);
#10347=CARTESIAN_POINT('',(-0.01325,-0.000826,1.14925430283463E-17));
#10348=DIRECTION('',(1.,0.,-8.67361737988404E-16));
#10349=DIRECTION('',(-8.67361737988404E-16,0.,-1.));
#10350=AXIS2_PLACEMENT_3D('',#10347,#10348,#10349);
#10351=PLANE('',#10350);
#10352=ORIENTED_EDGE('',*,*,#124,.F.);
#10353=CARTESIAN_POINT('',(-0.01325,-0.000826,-0.0225));
#10354=DIRECTION('',(0.,1.,0.));
#10355=VECTOR('',#10354,1.);
#10356=LINE('',#10353,#10355);
#10357=CARTESIAN_POINT('',(-0.01325,-0.000826,-0.0225));
#10358=VERTEX_POINT('',#10357);
#10359=EDGE_CURVE('',#10358,#115,#10356,.T.);
#10360=ORIENTED_EDGE('',*,*,#10359,.F.);
#10361=CARTESIAN_POINT('',(-0.01325,-0.000826,1.14925430283463E-17));
#10362=DIRECTION('',(-8.67361737988404E-16,0.,-1.));
#10363=VECTOR('',#10362,1.);
#10364=LINE('',#10361,#10363);
#10365=EDGE_CURVE('',#10358,#10333,#10364,.T.);
#10366=ORIENTED_EDGE('',*,*,#10365,.T.);
#10367=ORIENTED_EDGE('',*,*,#10334,.T.);
#10368=EDGE_LOOP('',(#10352,#10360,#10366,#10367));
#10369=FACE_BOUND('',#10368,.T.);
#10370=ADVANCED_FACE('',(#10369),#10351,.T.);
#10371=CARTESIAN_POINT('',(-0.00849999999999999,-0.000826,-0.0225));
#10372=DIRECTION('',(0.,1.,0.));
#10373=DIRECTION('',(0.,0.,1.));
#10374=AXIS2_PLACEMENT_3D('',#10371,#10372,#10373);
#10375=CYLINDRICAL_SURFACE('',#10374,0.00475);
#10376=ORIENTED_EDGE('',*,*,#116,.T.);
#10377=CARTESIAN_POINT('',(-0.00849999999999999,-0.000826,-0.01775));
#10378=DIRECTION('',(0.,1.,0.));
#10379=VECTOR('',#10378,1.);
#10380=LINE('',#10377,#10379);
#10381=CARTESIAN_POINT('',(-0.00849999999999999,-0.000826,-0.01775));
#10382=VERTEX_POINT('',#10381);
#10383=EDGE_CURVE('',#10382,#106,#10380,.T.);
#10384=ORIENTED_EDGE('',*,*,#10383,.F.);
#10385=CARTESIAN_POINT('',(-0.00849999999999999,-0.000826,-0.0225));
#10386=DIRECTION('',(0.,1.,0.));
#10387=DIRECTION('',(0.,0.,1.));
#10388=AXIS2_PLACEMENT_3D('',#10385,#10386,#10387);
#10389=CIRCLE('',#10388,0.00475);
#10390=EDGE_CURVE('',#10358,#10382,#10389,.T.);
#10391=ORIENTED_EDGE('',*,*,#10390,.F.);
#10392=ORIENTED_EDGE('',*,*,#10359,.T.);
#10393=EDGE_LOOP('',(#10376,#10384,#10391,#10392));
#10394=FACE_BOUND('',#10393,.T.);
#10395=ADVANCED_FACE('',(#10394),#10375,.F.);
#10396=CARTESIAN_POINT('',(0.,-0.000826,-0.01775));
#10397=DIRECTION('',(0.,0.,1.));
#10398=DIRECTION('',(1.,0.,0.));
#10399=AXIS2_PLACEMENT_3D('',#10396,#10397,#10398);
#10400=PLANE('',#10399);
#10401=ORIENTED_EDGE('',*,*,#107,.T.);
#10402=ORIENTED_EDGE('',*,*,#10244,.F.);
#10403=CARTESIAN_POINT('',(0.,-0.000826,-0.01775));
#10404=DIRECTION('',(1.,0.,0.));
#10405=VECTOR('',#10404,1.);
#10406=LINE('',#10403,#10405);
#10407=EDGE_CURVE('',#10382,#10237,#10406,.T.);
#10408=ORIENTED_EDGE('',*,*,#10407,.F.);
#10409=ORIENTED_EDGE('',*,*,#10383,.T.);
#10410=EDGE_LOOP('',(#10401,#10402,#10408,#10409));
#10411=FACE_BOUND('',#10410,.T.);
#10412=ADVANCED_FACE('',(#10411),#10400,.F.);
#10413=CARTESIAN_POINT('',(0.00849999999999999,-0.000826,-0.0305));
#10414=DIRECTION('',(0.,1.,0.));
#10415=DIRECTION('',(0.,0.,1.));
#10416=AXIS2_PLACEMENT_3D('',#10413,#10414,#10415);
#10417=CYLINDRICAL_SURFACE('',#10416,0.00655000000000001);
#10418=ORIENTED_EDGE('',*,*,#710,.F.);
#10419=ORIENTED_EDGE('',*,*,#10065,.F.);
#10420=CARTESIAN_POINT('',(0.00849999999999999,-0.000826,-0.0305));
#10421=DIRECTION('',(0.,1.,0.));
#10422=DIRECTION('',(0.,0.,1.));
#10423=AXIS2_PLACEMENT_3D('',#10420,#10421,#10422);
#10424=CIRCLE('',#10423,0.00655000000000001);
#10425=EDGE_CURVE('',#10058,#10204,#10424,.T.);
#10426=ORIENTED_EDGE('',*,*,#10425,.T.);
#10427=ORIENTED_EDGE('',*,*,#10205,.T.);
#10428=EDGE_LOOP('',(#10418,#10419,#10426,#10427));
#10429=FACE_BOUND('',#10428,.T.);
#10430=ADVANCED_FACE('',(#10429),#10417,.T.);
#10431=CARTESIAN_POINT('',(0.,-0.000826,0.));
#10432=DIRECTION('',(0.,-1.,0.));
#10433=DIRECTION('',(0.,0.,1.));
#10434=AXIS2_PLACEMENT_3D('',#10431,#10432,#10433);
#10435=PLANE('',#10434);
#10436=ORIENTED_EDGE('',*,*,#10238,.T.);
#10437=ORIENTED_EDGE('',*,*,#10267,.F.);
#10438=ORIENTED_EDGE('',*,*,#10292,.T.);
#10439=ORIENTED_EDGE('',*,*,#10316,.F.);
#10440=ORIENTED_EDGE('',*,*,#10341,.T.);
#10441=ORIENTED_EDGE('',*,*,#10365,.F.);
#10442=ORIENTED_EDGE('',*,*,#10390,.T.);
#10443=ORIENTED_EDGE('',*,*,#10407,.T.);
#10444=EDGE_LOOP('',(#10436,#10437,#10438,#10439,#10440,#10441,#10442,#10443));
#10445=FACE_BOUND('',#10444,.T.);
#10446=ORIENTED_EDGE('',*,*,#10059,.T.);
#10447=ORIENTED_EDGE('',*,*,#10089,.F.);
#10448=ORIENTED_EDGE('',*,*,#10113,.F.);
#10449=ORIENTED_EDGE('',*,*,#10138,.F.);
#10450=ORIENTED_EDGE('',*,*,#10162,.T.);
#10451=ORIENTED_EDGE('',*,*,#10187,.F.);
#10452=ORIENTED_EDGE('',*,*,#10211,.T.);
#10453=ORIENTED_EDGE('',*,*,#10425,.F.);
#10454=EDGE_LOOP('',(#10446,#10447,#10448,#10449,#10450,#10451,#10452,#10453));
#10455=FACE_BOUND('',#10454,.T.);
#10456=ADVANCED_FACE('',(#10445,#10455),#10435,.T.);
#10457=CARTESIAN_POINT('',(-0.0480832611206852,-0.000826,0.0314662517628015));
#10458=DIRECTION('',(0.,1.,0.));
#10459=DIRECTION('',(0.,0.,1.));
#10460=AXIS2_PLACEMENT_3D('',#10457,#10458,#10459);
#10461=CYLINDRICAL_SURFACE('',#10460,0.003);
#10462=CARTESIAN_POINT('',(-0.0480832611206852,-0.000826,0.0314662517628015));
#10463=DIRECTION('',(0.,1.,0.));
#10464=DIRECTION('',(0.,0.,1.));
#10465=AXIS2_PLACEMENT_3D('',#10462,#10463,#10464);
#10466=CIRCLE('',#10465,0.003);
#10467=CARTESIAN_POINT('',(-0.0480832611206852,-0.000826,0.0284662517628015));
#10468=VERTEX_POINT('',#10467);
#10469=EDGE_CURVE('',#10468,#10468,#10466,.T.);
#10470=ORIENTED_EDGE('',*,*,#10469,.T.);
#10471=EDGE_LOOP('',(#10470));
#10472=FACE_BOUND('',#10471,.T.);
#10473=ORIENTED_EDGE('',*,*,#333,.F.);
#10474=EDGE_LOOP('',(#10473));
#10475=FACE_BOUND('',#10474,.T.);
#10476=ADVANCED_FACE('',(#10472,#10475),#10461,.T.);
#10477=CARTESIAN_POINT('',(0.,-0.000826,0.));
#10478=DIRECTION('',(0.,-1.,0.));
#10479=DIRECTION('',(0.,0.,1.));
#10480=AXIS2_PLACEMENT_3D('',#10477,#10478,#10479);
#10481=PLANE('',#10480);
#10482=ORIENTED_EDGE('',*,*,#5462,.T.);
#10483=EDGE_LOOP('',(#10482));
#10484=FACE_BOUND('',#10483,.T.);
#10485=ORIENTED_EDGE('',*,*,#5434,.T.);
#10486=EDGE_LOOP('',(#10485));
#10487=FACE_BOUND('',#10486,.T.);
#10488=ORIENTED_EDGE('',*,*,#5406,.T.);
#10489=EDGE_LOOP('',(#10488));
#10490=FACE_BOUND('',#10489,.T.);
#10491=ORIENTED_EDGE('',*,*,#5378,.T.);
#10492=EDGE_LOOP('',(#10491));
#10493=FACE_BOUND('',#10492,.T.);
#10494=ORIENTED_EDGE('',*,*,#5350,.T.);
#10495=EDGE_LOOP('',(#10494));
#10496=FACE_BOUND('',#10495,.T.);
#10497=ORIENTED_EDGE('',*,*,#5322,.T.);
#10498=EDGE_LOOP('',(#10497));
#10499=FACE_BOUND('',#10498,.T.);
#10500=ORIENTED_EDGE('',*,*,#3204,.T.);
#10501=EDGE_LOOP('',(#10500));
#10502=FACE_BOUND('',#10501,.T.);
#10503=ORIENTED_EDGE('',*,*,#10469,.F.);
#10504=EDGE_LOOP('',(#10503));
#10505=FACE_BOUND('',#10504,.T.);
#10506=ADVANCED_FACE('',(#10484,#10487,#10490,#10493,#10496,#10499,#10502,#10505),#10481,.T.);
#10507=CARTESIAN_POINT('',(-0.0314662517628013,-0.000826,0.0480832611206853));
#10508=DIRECTION('',(0.,1.,0.));
#10509=DIRECTION('',(0.,0.,1.));
#10510=AXIS2_PLACEMENT_3D('',#10507,#10508,#10509);
#10511=CYLINDRICAL_SURFACE('',#10510,0.003);
#10512=CARTESIAN_POINT('',(-0.0314662517628013,-0.000826,0.0480832611206853));
#10513=DIRECTION('',(0.,1.,0.));
#10514=DIRECTION('',(0.,0.,1.));
#10515=AXIS2_PLACEMENT_3D('',#10512,#10513,#10514);
#10516=CIRCLE('',#10515,0.003);
#10517=CARTESIAN_POINT('',(-0.0314662517628013,-0.000826,0.0450832611206853));
#10518=VERTEX_POINT('',#10517);
#10519=EDGE_CURVE('',#10518,#10518,#10516,.T.);
#10520=ORIENTED_EDGE('',*,*,#10519,.T.);
#10521=EDGE_LOOP('',(#10520));
#10522=FACE_BOUND('',#10521,.T.);
#10523=ORIENTED_EDGE('',*,*,#322,.F.);
#10524=EDGE_LOOP('',(#10523));
#10525=FACE_BOUND('',#10524,.T.);
#10526=ADVANCED_FACE('',(#10522,#10525),#10511,.T.);
#10527=CARTESIAN_POINT('',(0.,-0.000826,0.));
#10528=DIRECTION('',(0.,-1.,0.));
#10529=DIRECTION('',(0.,0.,1.));
#10530=AXIS2_PLACEMENT_3D('',#10527,#10528,#10529);
#10531=PLANE('',#10530);
#10532=ORIENTED_EDGE('',*,*,#5680,.T.);
#10533=EDGE_LOOP('',(#10532));
#10534=FACE_BOUND('',#10533,.T.);
#10535=ORIENTED_EDGE('',*,*,#5652,.T.);
#10536=EDGE_LOOP('',(#10535));
#10537=FACE_BOUND('',#10536,.T.);
#10538=ORIENTED_EDGE('',*,*,#5624,.T.);
#10539=EDGE_LOOP('',(#10538));
#10540=FACE_BOUND('',#10539,.T.);
#10541=ORIENTED_EDGE('',*,*,#5596,.T.);
#10542=EDGE_LOOP('',(#10541));
#10543=FACE_BOUND('',#10542,.T.);
#10544=ORIENTED_EDGE('',*,*,#5568,.T.);
#10545=EDGE_LOOP('',(#10544));
#10546=FACE_BOUND('',#10545,.T.);
#10547=ORIENTED_EDGE('',*,*,#5540,.T.);
#10548=EDGE_LOOP('',(#10547));
#10549=FACE_BOUND('',#10548,.T.);
#10550=ORIENTED_EDGE('',*,*,#3400,.T.);
#10551=EDGE_LOOP('',(#10550));
#10552=FACE_BOUND('',#10551,.T.);
#10553=ORIENTED_EDGE('',*,*,#10519,.F.);
#10554=EDGE_LOOP('',(#10553));
#10555=FACE_BOUND('',#10554,.T.);
#10556=ADVANCED_FACE('',(#10534,#10537,#10540,#10543,#10546,#10549,#10552,#10555),#10531,.T.);
#10557=CARTESIAN_POINT('',(-0.0202265829604428,-0.000826,0.0315402914594277));
#10558=DIRECTION('',(0.,1.,0.));
#10559=DIRECTION('',(0.,0.,1.));
#10560=AXIS2_PLACEMENT_3D('',#10557,#10558,#10559);
#10561=CYLINDRICAL_SURFACE('',#10560,0.003);
#10562=CARTESIAN_POINT('',(-0.0202265829604428,-0.000826,0.0315402914594277));
#10563=DIRECTION('',(0.,1.,0.));
#10564=DIRECTION('',(0.,0.,1.));
#10565=AXIS2_PLACEMENT_3D('',#10562,#10563,#10564);
#10566=CIRCLE('',#10565,0.003);
#10567=CARTESIAN_POINT('',(-0.0202265829604428,-0.000826,0.0285402914594277));
#10568=VERTEX_POINT('',#10567);
#10569=EDGE_CURVE('',#10568,#10568,#10566,.T.);
#10570=ORIENTED_EDGE('',*,*,#10569,.T.);
#10571=EDGE_LOOP('',(#10570));
#10572=FACE_BOUND('',#10571,.T.);
#10573=ORIENTED_EDGE('',*,*,#311,.F.);
#10574=EDGE_LOOP('',(#10573));
#10575=FACE_BOUND('',#10574,.T.);
#10576=ADVANCED_FACE('',(#10572,#10575),#10561,.T.);
#10577=CARTESIAN_POINT('',(0.,-0.000826,0.));
#10578=DIRECTION('',(0.,-1.,0.));
#10579=DIRECTION('',(0.,0.,1.));
#10580=AXIS2_PLACEMENT_3D('',#10577,#10578,#10579);
#10581=PLANE('',#10580);
#10582=ORIENTED_EDGE('',*,*,#5898,.T.);
#10583=EDGE_LOOP('',(#10582));
#10584=FACE_BOUND('',#10583,.T.);
#10585=ORIENTED_EDGE('',*,*,#5870,.T.);
#10586=EDGE_LOOP('',(#10585));
#10587=FACE_BOUND('',#10586,.T.);
#10588=ORIENTED_EDGE('',*,*,#5842,.T.);
#10589=EDGE_LOOP('',(#10588));
#10590=FACE_BOUND('',#10589,.T.);
#10591=ORIENTED_EDGE('',*,*,#5814,.T.);
#10592=EDGE_LOOP('',(#10591));
#10593=FACE_BOUND('',#10592,.T.);
#10594=ORIENTED_EDGE('',*,*,#5786,.T.);
#10595=EDGE_LOOP('',(#10594));
#10596=FACE_BOUND('',#10595,.T.);
#10597=ORIENTED_EDGE('',*,*,#5758,.T.);
#10598=EDGE_LOOP('',(#10597));
#10599=FACE_BOUND('',#10598,.T.);
#10600=ORIENTED_EDGE('',*,*,#3372,.T.);
#10601=EDGE_LOOP('',(#10600));
#10602=FACE_BOUND('',#10601,.T.);
#10603=ORIENTED_EDGE('',*,*,#10569,.F.);
#10604=EDGE_LOOP('',(#10603));
#10605=FACE_BOUND('',#10604,.T.);
#10606=ADVANCED_FACE('',(#10584,#10587,#10590,#10593,#10596,#10599,#10602,#10605),#10581,.T.);
#10607=CARTESIAN_POINT('',(-0.0315402914594276,-0.000826,0.0202265829604429));
#10608=DIRECTION('',(0.,1.,0.));
#10609=DIRECTION('',(0.,0.,1.));
#10610=AXIS2_PLACEMENT_3D('',#10607,#10608,#10609);
#10611=CYLINDRICAL_SURFACE('',#10610,0.003);
#10612=CARTESIAN_POINT('',(-0.0315402914594276,-0.000826,0.0202265829604429));
#10613=DIRECTION('',(0.,1.,0.));
#10614=DIRECTION('',(0.,0.,1.));
#10615=AXIS2_PLACEMENT_3D('',#10612,#10613,#10614);
#10616=CIRCLE('',#10615,0.003);
#10617=CARTESIAN_POINT('',(-0.0315402914594276,-0.000826,0.0172265829604429));
#10618=VERTEX_POINT('',#10617);
#10619=EDGE_CURVE('',#10618,#10618,#10616,.T.);
#10620=ORIENTED_EDGE('',*,*,#10619,.T.);
#10621=EDGE_LOOP('',(#10620));
#10622=FACE_BOUND('',#10621,.T.);
#10623=ORIENTED_EDGE('',*,*,#300,.F.);
#10624=EDGE_LOOP('',(#10623));
#10625=FACE_BOUND('',#10624,.T.);
#10626=ADVANCED_FACE('',(#10622,#10625),#10611,.T.);
#10627=CARTESIAN_POINT('',(0.,-0.000826,0.));
#10628=DIRECTION('',(0.,-1.,0.));
#10629=DIRECTION('',(0.,0.,1.));
#10630=AXIS2_PLACEMENT_3D('',#10627,#10628,#10629);
#10631=PLANE('',#10630);
#10632=ORIENTED_EDGE('',*,*,#6116,.T.);
#10633=EDGE_LOOP('',(#10632));
#10634=FACE_BOUND('',#10633,.T.);
#10635=ORIENTED_EDGE('',*,*,#6088,.T.);
#10636=EDGE_LOOP('',(#10635));
#10637=FACE_BOUND('',#10636,.T.);
#10638=ORIENTED_EDGE('',*,*,#6060,.T.);
#10639=EDGE_LOOP('',(#10638));
#10640=FACE_BOUND('',#10639,.T.);
#10641=ORIENTED_EDGE('',*,*,#6032,.T.);
#10642=EDGE_LOOP('',(#10641));
#10643=FACE_BOUND('',#10642,.T.);
#10644=ORIENTED_EDGE('',*,*,#6004,.T.);
#10645=EDGE_LOOP('',(#10644));
#10646=FACE_BOUND('',#10645,.T.);
#10647=ORIENTED_EDGE('',*,*,#5976,.T.);
#10648=EDGE_LOOP('',(#10647));
#10649=FACE_BOUND('',#10648,.T.);
#10650=ORIENTED_EDGE('',*,*,#3456,.T.);
#10651=EDGE_LOOP('',(#10650));
#10652=FACE_BOUND('',#10651,.T.);
#10653=ORIENTED_EDGE('',*,*,#10619,.F.);
#10654=EDGE_LOOP('',(#10653));
#10655=FACE_BOUND('',#10654,.T.);
#10656=ADVANCED_FACE('',(#10634,#10637,#10640,#10643,#10646,#10649,#10652,#10655),#10631,.T.);
#10657=CARTESIAN_POINT('',(0.0314662517628014,-0.000826,0.0480832611206851));
#10658=DIRECTION('',(0.,1.,0.));
#10659=DIRECTION('',(0.,0.,1.));
#10660=AXIS2_PLACEMENT_3D('',#10657,#10658,#10659);
#10661=CYLINDRICAL_SURFACE('',#10660,0.003);
#10662=CARTESIAN_POINT('',(0.0314662517628014,-0.000826,0.0480832611206851));
#10663=DIRECTION('',(0.,1.,0.));
#10664=DIRECTION('',(0.,0.,1.));
#10665=AXIS2_PLACEMENT_3D('',#10662,#10663,#10664);
#10666=CIRCLE('',#10665,0.003);
#10667=CARTESIAN_POINT('',(0.0314662517628014,-0.000826,0.0450832611206851));
#10668=VERTEX_POINT('',#10667);
#10669=EDGE_CURVE('',#10668,#10668,#10666,.T.);
#10670=ORIENTED_EDGE('',*,*,#10669,.T.);
#10671=EDGE_LOOP('',(#10670));
#10672=FACE_BOUND('',#10671,.T.);
#10673=ORIENTED_EDGE('',*,*,#289,.F.);
#10674=EDGE_LOOP('',(#10673));
#10675=FACE_BOUND('',#10674,.T.);
#10676=ADVANCED_FACE('',(#10672,#10675),#10661,.T.);
#10677=CARTESIAN_POINT('',(0.,-0.000826,0.));
#10678=DIRECTION('',(0.,-1.,0.));
#10679=DIRECTION('',(0.,0.,1.));
#10680=AXIS2_PLACEMENT_3D('',#10677,#10678,#10679);
#10681=PLANE('',#10680);
#10682=ORIENTED_EDGE('',*,*,#6334,.T.);
#10683=EDGE_LOOP('',(#10682));
#10684=FACE_BOUND('',#10683,.T.);
#10685=ORIENTED_EDGE('',*,*,#6306,.T.);
#10686=EDGE_LOOP('',(#10685));
#10687=FACE_BOUND('',#10686,.T.);
#10688=ORIENTED_EDGE('',*,*,#6278,.T.);
#10689=EDGE_LOOP('',(#10688));
#10690=FACE_BOUND('',#10689,.T.);
#10691=ORIENTED_EDGE('',*,*,#6250,.T.);
#10692=EDGE_LOOP('',(#10691));
#10693=FACE_BOUND('',#10692,.T.);
#10694=ORIENTED_EDGE('',*,*,#6222,.T.);
#10695=EDGE_LOOP('',(#10694));
#10696=FACE_BOUND('',#10695,.T.);
#10697=ORIENTED_EDGE('',*,*,#6194,.T.);
#10698=EDGE_LOOP('',(#10697));
#10699=FACE_BOUND('',#10698,.T.);
#10700=ORIENTED_EDGE('',*,*,#3288,.T.);
#10701=EDGE_LOOP('',(#10700));
#10702=FACE_BOUND('',#10701,.T.);
#10703=ORIENTED_EDGE('',*,*,#10669,.F.);
#10704=EDGE_LOOP('',(#10703));
#10705=FACE_BOUND('',#10704,.T.);
#10706=ADVANCED_FACE('',(#10684,#10687,#10690,#10693,#10696,#10699,#10702,#10705),#10681,.T.);
#10707=CARTESIAN_POINT('',(0.0202265829604429,-0.000826,0.0315402914594276));
#10708=DIRECTION('',(0.,1.,0.));
#10709=DIRECTION('',(0.,0.,1.));
#10710=AXIS2_PLACEMENT_3D('',#10707,#10708,#10709);
#10711=CYLINDRICAL_SURFACE('',#10710,0.00299999999999999);
#10712=CARTESIAN_POINT('',(0.0202265829604429,-0.000826,0.0315402914594276));
#10713=DIRECTION('',(0.,1.,0.));
#10714=DIRECTION('',(0.,0.,1.));
#10715=AXIS2_PLACEMENT_3D('',#10712,#10713,#10714);
#10716=CIRCLE('',#10715,0.00299999999999999);
#10717=CARTESIAN_POINT('',(0.0202265829604429,-0.000826,0.0285402914594276));
#10718=VERTEX_POINT('',#10717);
#10719=EDGE_CURVE('',#10718,#10718,#10716,.T.);
#10720=ORIENTED_EDGE('',*,*,#10719,.T.);
#10721=EDGE_LOOP('',(#10720));
#10722=FACE_BOUND('',#10721,.T.);
#10723=ORIENTED_EDGE('',*,*,#278,.F.);
#10724=EDGE_LOOP('',(#10723));
#10725=FACE_BOUND('',#10724,.T.);
#10726=ADVANCED_FACE('',(#10722,#10725),#10711,.T.);
#10727=CARTESIAN_POINT('',(0.,-0.000826,0.));
#10728=DIRECTION('',(0.,-1.,0.));
#10729=DIRECTION('',(0.,0.,1.));
#10730=AXIS2_PLACEMENT_3D('',#10727,#10728,#10729);
#10731=PLANE('',#10730);
#10732=ORIENTED_EDGE('',*,*,#6552,.T.);
#10733=EDGE_LOOP('',(#10732));
#10734=FACE_BOUND('',#10733,.T.);
#10735=ORIENTED_EDGE('',*,*,#6524,.T.);
#10736=EDGE_LOOP('',(#10735));
#10737=FACE_BOUND('',#10736,.T.);
#10738=ORIENTED_EDGE('',*,*,#6496,.T.);
#10739=EDGE_LOOP('',(#10738));
#10740=FACE_BOUND('',#10739,.T.);
#10741=ORIENTED_EDGE('',*,*,#6468,.T.);
#10742=EDGE_LOOP('',(#10741));
#10743=FACE_BOUND('',#10742,.T.);
#10744=ORIENTED_EDGE('',*,*,#6440,.T.);
#10745=EDGE_LOOP('',(#10744));
#10746=FACE_BOUND('',#10745,.T.);
#10747=ORIENTED_EDGE('',*,*,#6412,.T.);
#10748=EDGE_LOOP('',(#10747));
#10749=FACE_BOUND('',#10748,.T.);
#10750=ORIENTED_EDGE('',*,*,#3624,.T.);
#10751=EDGE_LOOP('',(#10750));
#10752=FACE_BOUND('',#10751,.T.);
#10753=ORIENTED_EDGE('',*,*,#10719,.F.);
#10754=EDGE_LOOP('',(#10753));
#10755=FACE_BOUND('',#10754,.T.);
#10756=ADVANCED_FACE('',(#10734,#10737,#10740,#10743,#10746,#10749,#10752,#10755),#10731,.T.);
#10757=CARTESIAN_POINT('',(0.0315402914594277,-0.000826,0.0202265829604428));
#10758=DIRECTION('',(0.,1.,0.));
#10759=DIRECTION('',(0.,0.,1.));
#10760=AXIS2_PLACEMENT_3D('',#10757,#10758,#10759);
#10761=CYLINDRICAL_SURFACE('',#10760,0.003);
#10762=CARTESIAN_POINT('',(0.0315402914594277,-0.000826,0.0202265829604428));
#10763=DIRECTION('',(0.,1.,0.));
#10764=DIRECTION('',(0.,0.,1.));
#10765=AXIS2_PLACEMENT_3D('',#10762,#10763,#10764);
#10766=CIRCLE('',#10765,0.003);
#10767=CARTESIAN_POINT('',(0.0315402914594277,-0.000826,0.0172265829604428));
#10768=VERTEX_POINT('',#10767);
#10769=EDGE_CURVE('',#10768,#10768,#10766,.T.);
#10770=ORIENTED_EDGE('',*,*,#10769,.T.);
#10771=EDGE_LOOP('',(#10770));
#10772=FACE_BOUND('',#10771,.T.);
#10773=ORIENTED_EDGE('',*,*,#267,.F.);
#10774=EDGE_LOOP('',(#10773));
#10775=FACE_BOUND('',#10774,.T.);
#10776=ADVANCED_FACE('',(#10772,#10775),#10761,.T.);
#10777=CARTESIAN_POINT('',(0.,-0.000826,0.));
#10778=DIRECTION('',(0.,-1.,0.));
#10779=DIRECTION('',(0.,0.,1.));
#10780=AXIS2_PLACEMENT_3D('',#10777,#10778,#10779);
#10781=PLANE('',#10780);
#10782=ORIENTED_EDGE('',*,*,#6770,.T.);
#10783=EDGE_LOOP('',(#10782));
#10784=FACE_BOUND('',#10783,.T.);
#10785=ORIENTED_EDGE('',*,*,#6742,.T.);
#10786=EDGE_LOOP('',(#10785));
#10787=FACE_BOUND('',#10786,.T.);
#10788=ORIENTED_EDGE('',*,*,#6714,.T.);
#10789=EDGE_LOOP('',(#10788));
#10790=FACE_BOUND('',#10789,.T.);
#10791=ORIENTED_EDGE('',*,*,#6686,.T.);
#10792=EDGE_LOOP('',(#10791));
#10793=FACE_BOUND('',#10792,.T.);
#10794=ORIENTED_EDGE('',*,*,#6658,.T.);
#10795=EDGE_LOOP('',(#10794));
#10796=FACE_BOUND('',#10795,.T.);
#10797=ORIENTED_EDGE('',*,*,#6630,.T.);
#10798=EDGE_LOOP('',(#10797));
#10799=FACE_BOUND('',#10798,.T.);
#10800=ORIENTED_EDGE('',*,*,#3596,.T.);
#10801=EDGE_LOOP('',(#10800));
#10802=FACE_BOUND('',#10801,.T.);
#10803=ORIENTED_EDGE('',*,*,#10769,.F.);
#10804=EDGE_LOOP('',(#10803));
#10805=FACE_BOUND('',#10804,.T.);
#10806=ADVANCED_FACE('',(#10784,#10787,#10790,#10793,#10796,#10799,#10802,#10805),#10781,.T.);
#10807=CARTESIAN_POINT('',(0.0480832611206853,-0.000826,0.0314662517628012));
#10808=DIRECTION('',(0.,1.,0.));
#10809=DIRECTION('',(0.,0.,1.));
#10810=AXIS2_PLACEMENT_3D('',#10807,#10808,#10809);
#10811=CYLINDRICAL_SURFACE('',#10810,0.003);
#10812=CARTESIAN_POINT('',(0.0480832611206853,-0.000826,0.0314662517628012));
#10813=DIRECTION('',(0.,1.,0.));
#10814=DIRECTION('',(0.,0.,1.));
#10815=AXIS2_PLACEMENT_3D('',#10812,#10813,#10814);
#10816=CIRCLE('',#10815,0.003);
#10817=CARTESIAN_POINT('',(0.0480832611206853,-0.000826,0.0284662517628012));
#10818=VERTEX_POINT('',#10817);
#10819=EDGE_CURVE('',#10818,#10818,#10816,.T.);
#10820=ORIENTED_EDGE('',*,*,#10819,.T.);
#10821=EDGE_LOOP('',(#10820));
#10822=FACE_BOUND('',#10821,.T.);
#10823=ORIENTED_EDGE('',*,*,#256,.F.);
#10824=EDGE_LOOP('',(#10823));
#10825=FACE_BOUND('',#10824,.T.);
#10826=ADVANCED_FACE('',(#10822,#10825),#10811,.T.);
#10827=CARTESIAN_POINT('',(0.,-0.000826,0.));
#10828=DIRECTION('',(0.,-1.,0.));
#10829=DIRECTION('',(0.,0.,1.));
#10830=AXIS2_PLACEMENT_3D('',#10827,#10828,#10829);
#10831=PLANE('',#10830);
#10832=ORIENTED_EDGE('',*,*,#6988,.T.);
#10833=EDGE_LOOP('',(#10832));
#10834=FACE_BOUND('',#10833,.T.);
#10835=ORIENTED_EDGE('',*,*,#6960,.T.);
#10836=EDGE_LOOP('',(#10835));
#10837=FACE_BOUND('',#10836,.T.);
#10838=ORIENTED_EDGE('',*,*,#6932,.T.);
#10839=EDGE_LOOP('',(#10838));
#10840=FACE_BOUND('',#10839,.T.);
#10841=ORIENTED_EDGE('',*,*,#6904,.T.);
#10842=EDGE_LOOP('',(#10841));
#10843=FACE_BOUND('',#10842,.T.);
#10844=ORIENTED_EDGE('',*,*,#6876,.T.);
#10845=EDGE_LOOP('',(#10844));
#10846=FACE_BOUND('',#10845,.T.);
#10847=ORIENTED_EDGE('',*,*,#6848,.T.);
#10848=EDGE_LOOP('',(#10847));
#10849=FACE_BOUND('',#10848,.T.);
#10850=ORIENTED_EDGE('',*,*,#3344,.T.);
#10851=EDGE_LOOP('',(#10850));
#10852=FACE_BOUND('',#10851,.T.);
#10853=ORIENTED_EDGE('',*,*,#10819,.F.);
#10854=EDGE_LOOP('',(#10853));
#10855=FACE_BOUND('',#10854,.T.);
#10856=ADVANCED_FACE('',(#10834,#10837,#10840,#10843,#10846,#10849,#10852,#10855),#10831,.T.);
#10857=CARTESIAN_POINT('',(0.0315402914594276,-0.000826,-0.0202265829604429));
#10858=DIRECTION('',(0.,1.,0.));
#10859=DIRECTION('',(0.,0.,1.));
#10860=AXIS2_PLACEMENT_3D('',#10857,#10858,#10859);
#10861=CYLINDRICAL_SURFACE('',#10860,0.003);
#10862=CARTESIAN_POINT('',(0.0315402914594276,-0.000826,-0.0202265829604429));
#10863=DIRECTION('',(0.,1.,0.));
#10864=DIRECTION('',(0.,0.,1.));
#10865=AXIS2_PLACEMENT_3D('',#10862,#10863,#10864);
#10866=CIRCLE('',#10865,0.003);
#10867=CARTESIAN_POINT('',(0.0315402914594276,-0.000826,-0.0232265829604429));
#10868=VERTEX_POINT('',#10867);
#10869=EDGE_CURVE('',#10868,#10868,#10866,.T.);
#10870=ORIENTED_EDGE('',*,*,#10869,.T.);
#10871=EDGE_LOOP('',(#10870));
#10872=FACE_BOUND('',#10871,.T.);
#10873=ORIENTED_EDGE('',*,*,#245,.F.);
#10874=EDGE_LOOP('',(#10873));
#10875=FACE_BOUND('',#10874,.T.);
#10876=ADVANCED_FACE('',(#10872,#10875),#10861,.T.);
#10877=CARTESIAN_POINT('',(0.,-0.000826,0.));
#10878=DIRECTION('',(0.,-1.,0.));
#10879=DIRECTION('',(0.,0.,1.));
#10880=AXIS2_PLACEMENT_3D('',#10877,#10878,#10879);
#10881=PLANE('',#10880);
#10882=ORIENTED_EDGE('',*,*,#7206,.T.);
#10883=EDGE_LOOP('',(#10882));
#10884=FACE_BOUND('',#10883,.T.);
#10885=ORIENTED_EDGE('',*,*,#7178,.T.);
#10886=EDGE_LOOP('',(#10885));
#10887=FACE_BOUND('',#10886,.T.);
#10888=ORIENTED_EDGE('',*,*,#7150,.T.);
#10889=EDGE_LOOP('',(#10888));
#10890=FACE_BOUND('',#10889,.T.);
#10891=ORIENTED_EDGE('',*,*,#7122,.T.);
#10892=EDGE_LOOP('',(#10891));
#10893=FACE_BOUND('',#10892,.T.);
#10894=ORIENTED_EDGE('',*,*,#7094,.T.);
#10895=EDGE_LOOP('',(#10894));
#10896=FACE_BOUND('',#10895,.T.);
#10897=ORIENTED_EDGE('',*,*,#7066,.T.);
#10898=EDGE_LOOP('',(#10897));
#10899=FACE_BOUND('',#10898,.T.);
#10900=ORIENTED_EDGE('',*,*,#3568,.T.);
#10901=EDGE_LOOP('',(#10900));
#10902=FACE_BOUND('',#10901,.T.);
#10903=ORIENTED_EDGE('',*,*,#10869,.F.);
#10904=EDGE_LOOP('',(#10903));
#10905=FACE_BOUND('',#10904,.T.);
#10906=ADVANCED_FACE('',(#10884,#10887,#10890,#10893,#10896,#10899,#10902,#10905),#10881,.T.);
#10907=CARTESIAN_POINT('',(0.0480832611206852,-0.000826,-0.0314662517628015));
#10908=DIRECTION('',(0.,1.,0.));
#10909=DIRECTION('',(0.,0.,1.));
#10910=AXIS2_PLACEMENT_3D('',#10907,#10908,#10909);
#10911=CYLINDRICAL_SURFACE('',#10910,0.003);
#10912=CARTESIAN_POINT('',(0.0480832611206852,-0.000826,-0.0314662517628015));
#10913=DIRECTION('',(0.,1.,0.));
#10914=DIRECTION('',(0.,0.,1.));
#10915=AXIS2_PLACEMENT_3D('',#10912,#10913,#10914);
#10916=CIRCLE('',#10915,0.003);
#10917=CARTESIAN_POINT('',(0.0480832611206852,-0.000826,-0.0344662517628015));
#10918=VERTEX_POINT('',#10917);
#10919=EDGE_CURVE('',#10918,#10918,#10916,.T.);
#10920=ORIENTED_EDGE('',*,*,#10919,.T.);
#10921=EDGE_LOOP('',(#10920));
#10922=FACE_BOUND('',#10921,.T.);
#10923=ORIENTED_EDGE('',*,*,#234,.F.);
#10924=EDGE_LOOP('',(#10923));
#10925=FACE_BOUND('',#10924,.T.);
#10926=ADVANCED_FACE('',(#10922,#10925),#10911,.T.);
#10927=CARTESIAN_POINT('',(0.,-0.000826,0.));
#10928=DIRECTION('',(0.,-1.,0.));
#10929=DIRECTION('',(0.,0.,1.));
#10930=AXIS2_PLACEMENT_3D('',#10927,#10928,#10929);
#10931=PLANE('',#10930);
#10932=ORIENTED_EDGE('',*,*,#7424,.T.);
#10933=EDGE_LOOP('',(#10932));
#10934=FACE_BOUND('',#10933,.T.);
#10935=ORIENTED_EDGE('',*,*,#7396,.T.);
#10936=EDGE_LOOP('',(#10935));
#10937=FACE_BOUND('',#10936,.T.);
#10938=ORIENTED_EDGE('',*,*,#7368,.T.);
#10939=EDGE_LOOP('',(#10938));
#10940=FACE_BOUND('',#10939,.T.);
#10941=ORIENTED_EDGE('',*,*,#7340,.T.);
#10942=EDGE_LOOP('',(#10941));
#10943=FACE_BOUND('',#10942,.T.);
#10944=ORIENTED_EDGE('',*,*,#7312,.T.);
#10945=EDGE_LOOP('',(#10944));
#10946=FACE_BOUND('',#10945,.T.);
#10947=ORIENTED_EDGE('',*,*,#7284,.T.);
#10948=EDGE_LOOP('',(#10947));
#10949=FACE_BOUND('',#10948,.T.);
#10950=ORIENTED_EDGE('',*,*,#3232,.T.);
#10951=EDGE_LOOP('',(#10950));
#10952=FACE_BOUND('',#10951,.T.);
#10953=ORIENTED_EDGE('',*,*,#10919,.F.);
#10954=EDGE_LOOP('',(#10953));
#10955=FACE_BOUND('',#10954,.T.);
#10956=ADVANCED_FACE('',(#10934,#10937,#10940,#10943,#10946,#10949,#10952,#10955),#10931,.T.);
#10957=CARTESIAN_POINT('',(0.0202265829604428,-0.000826,-0.0315402914594277));
#10958=DIRECTION('',(0.,1.,0.));
#10959=DIRECTION('',(0.,0.,1.));
#10960=AXIS2_PLACEMENT_3D('',#10957,#10958,#10959);
#10961=CYLINDRICAL_SURFACE('',#10960,0.003);
#10962=CARTESIAN_POINT('',(0.0202265829604428,-0.000826,-0.0315402914594277));
#10963=DIRECTION('',(0.,1.,0.));
#10964=DIRECTION('',(0.,0.,1.));
#10965=AXIS2_PLACEMENT_3D('',#10962,#10963,#10964);
#10966=CIRCLE('',#10965,0.003);
#10967=CARTESIAN_POINT('',(0.0202265829604428,-0.000826,-0.0345402914594277));
#10968=VERTEX_POINT('',#10967);
#10969=EDGE_CURVE('',#10968,#10968,#10966,.T.);
#10970=ORIENTED_EDGE('',*,*,#10969,.T.);
#10971=EDGE_LOOP('',(#10970));
#10972=FACE_BOUND('',#10971,.T.);
#10973=ORIENTED_EDGE('',*,*,#223,.F.);
#10974=EDGE_LOOP('',(#10973));
#10975=FACE_BOUND('',#10974,.T.);
#10976=ADVANCED_FACE('',(#10972,#10975),#10961,.T.);
#10977=CARTESIAN_POINT('',(0.,-0.000826,0.));
#10978=DIRECTION('',(0.,-1.,0.));
#10979=DIRECTION('',(0.,0.,1.));
#10980=AXIS2_PLACEMENT_3D('',#10977,#10978,#10979);
#10981=PLANE('',#10980);
#10982=ORIENTED_EDGE('',*,*,#7642,.T.);
#10983=EDGE_LOOP('',(#10982));
#10984=FACE_BOUND('',#10983,.T.);
#10985=ORIENTED_EDGE('',*,*,#7614,.T.);
#10986=EDGE_LOOP('',(#10985));
#10987=FACE_BOUND('',#10986,.T.);
#10988=ORIENTED_EDGE('',*,*,#7586,.T.);
#10989=EDGE_LOOP('',(#10988));
#10990=FACE_BOUND('',#10989,.T.);
#10991=ORIENTED_EDGE('',*,*,#7558,.T.);
#10992=EDGE_LOOP('',(#10991));
#10993=FACE_BOUND('',#10992,.T.);
#10994=ORIENTED_EDGE('',*,*,#7530,.T.);
#10995=EDGE_LOOP('',(#10994));
#10996=FACE_BOUND('',#10995,.T.);
#10997=ORIENTED_EDGE('',*,*,#7502,.T.);
#10998=EDGE_LOOP('',(#10997));
#10999=FACE_BOUND('',#10998,.T.);
#11000=ORIENTED_EDGE('',*,*,#3540,.T.);
#11001=EDGE_LOOP('',(#11000));
#11002=FACE_BOUND('',#11001,.T.);
#11003=ORIENTED_EDGE('',*,*,#10969,.F.);
#11004=EDGE_LOOP('',(#11003));
#11005=FACE_BOUND('',#11004,.T.);
#11006=ADVANCED_FACE('',(#10984,#10987,#10990,#10993,#10996,#10999,#11002,#11005),#10981,.T.);
#11007=CARTESIAN_POINT('',(0.0314662517628013,-0.000826,-0.0480832611206853));
#11008=DIRECTION('',(0.,1.,0.));
#11009=DIRECTION('',(0.,0.,1.));
#11010=AXIS2_PLACEMENT_3D('',#11007,#11008,#11009);
#11011=CYLINDRICAL_SURFACE('',#11010,0.003);
#11012=CARTESIAN_POINT('',(0.0314662517628013,-0.000826,-0.0480832611206853));
#11013=DIRECTION('',(0.,1.,0.));
#11014=DIRECTION('',(0.,0.,1.));
#11015=AXIS2_PLACEMENT_3D('',#11012,#11013,#11014);
#11016=CIRCLE('',#11015,0.003);
#11017=CARTESIAN_POINT('',(0.0314662517628013,-0.000826,-0.0510832611206853));
#11018=VERTEX_POINT('',#11017);
#11019=EDGE_CURVE('',#11018,#11018,#11016,.T.);
#11020=ORIENTED_EDGE('',*,*,#11019,.T.);
#11021=EDGE_LOOP('',(#11020));
#11022=FACE_BOUND('',#11021,.T.);
#11023=ORIENTED_EDGE('',*,*,#212,.F.);
#11024=EDGE_LOOP('',(#11023));
#11025=FACE_BOUND('',#11024,.T.);
#11026=ADVANCED_FACE('',(#11022,#11025),#11011,.T.);
#11027=CARTESIAN_POINT('',(0.,-0.000826,0.));
#11028=DIRECTION('',(0.,-1.,0.));
#11029=DIRECTION('',(0.,0.,1.));
#11030=AXIS2_PLACEMENT_3D('',#11027,#11028,#11029);
#11031=PLANE('',#11030);
#11032=ORIENTED_EDGE('',*,*,#7860,.T.);
#11033=EDGE_LOOP('',(#11032));
#11034=FACE_BOUND('',#11033,.T.);
#11035=ORIENTED_EDGE('',*,*,#7832,.T.);
#11036=EDGE_LOOP('',(#11035));
#11037=FACE_BOUND('',#11036,.T.);
#11038=ORIENTED_EDGE('',*,*,#7804,.T.);
#11039=EDGE_LOOP('',(#11038));
#11040=FACE_BOUND('',#11039,.T.);
#11041=ORIENTED_EDGE('',*,*,#7776,.T.);
#11042=EDGE_LOOP('',(#11041));
#11043=FACE_BOUND('',#11042,.T.);
#11044=ORIENTED_EDGE('',*,*,#7748,.T.);
#11045=EDGE_LOOP('',(#11044));
#11046=FACE_BOUND('',#11045,.T.);
#11047=ORIENTED_EDGE('',*,*,#7720,.T.);
#11048=EDGE_LOOP('',(#11047));
#11049=FACE_BOUND('',#11048,.T.);
#11050=ORIENTED_EDGE('',*,*,#3260,.T.);
#11051=EDGE_LOOP('',(#11050));
#11052=FACE_BOUND('',#11051,.T.);
#11053=ORIENTED_EDGE('',*,*,#11019,.F.);
#11054=EDGE_LOOP('',(#11053));
#11055=FACE_BOUND('',#11054,.T.);
#11056=ADVANCED_FACE('',(#11034,#11037,#11040,#11043,#11046,#11049,#11052,#11055),#11031,.T.);
#11057=CARTESIAN_POINT('',(-0.0480832611206853,-0.000826,-0.0314662517628012));
#11058=DIRECTION('',(0.,1.,0.));
#11059=DIRECTION('',(0.,0.,1.));
#11060=AXIS2_PLACEMENT_3D('',#11057,#11058,#11059);
#11061=CYLINDRICAL_SURFACE('',#11060,0.003);
#11062=CARTESIAN_POINT('',(-0.0480832611206853,-0.000826,-0.0314662517628012));
#11063=DIRECTION('',(0.,1.,0.));
#11064=DIRECTION('',(0.,0.,1.));
#11065=AXIS2_PLACEMENT_3D('',#11062,#11063,#11064);
#11066=CIRCLE('',#11065,0.003);
#11067=CARTESIAN_POINT('',(-0.0480832611206853,-0.000826,-0.0344662517628012));
#11068=VERTEX_POINT('',#11067);
#11069=EDGE_CURVE('',#11068,#11068,#11066,.T.);
#11070=ORIENTED_EDGE('',*,*,#11069,.T.);
#11071=EDGE_LOOP('',(#11070));
#11072=FACE_BOUND('',#11071,.T.);
#11073=ORIENTED_EDGE('',*,*,#201,.F.);
#11074=EDGE_LOOP('',(#11073));
#11075=FACE_BOUND('',#11074,.T.);
#11076=ADVANCED_FACE('',(#11072,#11075),#11061,.T.);
#11077=CARTESIAN_POINT('',(0.,-0.000826,0.));
#11078=DIRECTION('',(0.,-1.,0.));
#11079=DIRECTION('',(0.,0.,1.));
#11080=AXIS2_PLACEMENT_3D('',#11077,#11078,#11079);
#11081=PLANE('',#11080);
#11082=ORIENTED_EDGE('',*,*,#8078,.T.);
#11083=EDGE_LOOP('',(#11082));
#11084=FACE_BOUND('',#11083,.T.);
#11085=ORIENTED_EDGE('',*,*,#8050,.T.);
#11086=EDGE_LOOP('',(#11085));
#11087=FACE_BOUND('',#11086,.T.);
#11088=ORIENTED_EDGE('',*,*,#8022,.T.);
#11089=EDGE_LOOP('',(#11088));
#11090=FACE_BOUND('',#11089,.T.);
#11091=ORIENTED_EDGE('',*,*,#7994,.T.);
#11092=EDGE_LOOP('',(#11091));
#11093=FACE_BOUND('',#11092,.T.);
#11094=ORIENTED_EDGE('',*,*,#7966,.T.);
#11095=EDGE_LOOP('',(#11094));
#11096=FACE_BOUND('',#11095,.T.);
#11097=ORIENTED_EDGE('',*,*,#7938,.T.);
#11098=EDGE_LOOP('',(#11097));
#11099=FACE_BOUND('',#11098,.T.);
#11100=ORIENTED_EDGE('',*,*,#3512,.T.);
#11101=EDGE_LOOP('',(#11100));
#11102=FACE_BOUND('',#11101,.T.);
#11103=ORIENTED_EDGE('',*,*,#11069,.F.);
#11104=EDGE_LOOP('',(#11103));
#11105=FACE_BOUND('',#11104,.T.);
#11106=ADVANCED_FACE('',(#11084,#11087,#11090,#11093,#11096,#11099,#11102,#11105),#11081,.T.);
#11107=CARTESIAN_POINT('',(-0.0315402914594277,-0.000826,-0.0202265829604428));
#11108=DIRECTION('',(0.,1.,0.));
#11109=DIRECTION('',(0.,0.,1.));
#11110=AXIS2_PLACEMENT_3D('',#11107,#11108,#11109);
#11111=CYLINDRICAL_SURFACE('',#11110,0.003);
#11112=CARTESIAN_POINT('',(-0.0315402914594277,-0.000826,-0.0202265829604428));
#11113=DIRECTION('',(0.,1.,0.));
#11114=DIRECTION('',(0.,0.,1.));
#11115=AXIS2_PLACEMENT_3D('',#11112,#11113,#11114);
#11116=CIRCLE('',#11115,0.003);
#11117=CARTESIAN_POINT('',(-0.0315402914594277,-0.000826,-0.0232265829604428));
#11118=VERTEX_POINT('',#11117);
#11119=EDGE_CURVE('',#11118,#11118,#11116,.T.);
#11120=ORIENTED_EDGE('',*,*,#11119,.T.);
#11121=EDGE_LOOP('',(#11120));
#11122=FACE_BOUND('',#11121,.T.);
#11123=ORIENTED_EDGE('',*,*,#190,.F.);
#11124=EDGE_LOOP('',(#11123));
#11125=FACE_BOUND('',#11124,.T.);
#11126=ADVANCED_FACE('',(#11122,#11125),#11111,.T.);
#11127=CARTESIAN_POINT('',(0.,-0.000826,0.));
#11128=DIRECTION('',(0.,-1.,0.));
#11129=DIRECTION('',(0.,0.,1.));
#11130=AXIS2_PLACEMENT_3D('',#11127,#11128,#11129);
#11131=PLANE('',#11130);
#11132=ORIENTED_EDGE('',*,*,#8296,.T.);
#11133=EDGE_LOOP('',(#11132));
#11134=FACE_BOUND('',#11133,.T.);
#11135=ORIENTED_EDGE('',*,*,#8268,.T.);
#11136=EDGE_LOOP('',(#11135));
#11137=FACE_BOUND('',#11136,.T.);
#11138=ORIENTED_EDGE('',*,*,#8240,.T.);
#11139=EDGE_LOOP('',(#11138));
#11140=FACE_BOUND('',#11139,.T.);
#11141=ORIENTED_EDGE('',*,*,#8212,.T.);
#11142=EDGE_LOOP('',(#11141));
#11143=FACE_BOUND('',#11142,.T.);
#11144=ORIENTED_EDGE('',*,*,#8184,.T.);
#11145=EDGE_LOOP('',(#11144));
#11146=FACE_BOUND('',#11145,.T.);
#11147=ORIENTED_EDGE('',*,*,#8156,.T.);
#11148=EDGE_LOOP('',(#11147));
#11149=FACE_BOUND('',#11148,.T.);
#11150=ORIENTED_EDGE('',*,*,#3484,.T.);
#11151=EDGE_LOOP('',(#11150));
#11152=FACE_BOUND('',#11151,.T.);
#11153=ORIENTED_EDGE('',*,*,#11119,.F.);
#11154=EDGE_LOOP('',(#11153));
#11155=FACE_BOUND('',#11154,.T.);
#11156=ADVANCED_FACE('',(#11134,#11137,#11140,#11143,#11146,#11149,#11152,#11155),#11131,.T.);
#11157=CARTESIAN_POINT('',(-0.0202265829604429,-0.000826,-0.0315402914594276));
#11158=DIRECTION('',(0.,1.,0.));
#11159=DIRECTION('',(0.,0.,1.));
#11160=AXIS2_PLACEMENT_3D('',#11157,#11158,#11159);
#11161=CYLINDRICAL_SURFACE('',#11160,0.003);
#11162=CARTESIAN_POINT('',(-0.0202265829604429,-0.000826,-0.0315402914594276));
#11163=DIRECTION('',(0.,1.,0.));
#11164=DIRECTION('',(0.,0.,1.));
#11165=AXIS2_PLACEMENT_3D('',#11162,#11163,#11164);
#11166=CIRCLE('',#11165,0.003);
#11167=CARTESIAN_POINT('',(-0.0202265829604429,-0.000826,-0.0345402914594276));
#11168=VERTEX_POINT('',#11167);
#11169=EDGE_CURVE('',#11168,#11168,#11166,.T.);
#11170=ORIENTED_EDGE('',*,*,#11169,.T.);
#11171=EDGE_LOOP('',(#11170));
#11172=FACE_BOUND('',#11171,.T.);
#11173=ORIENTED_EDGE('',*,*,#179,.F.);
#11174=EDGE_LOOP('',(#11173));
#11175=FACE_BOUND('',#11174,.T.);
#11176=ADVANCED_FACE('',(#11172,#11175),#11161,.T.);
#11177=CARTESIAN_POINT('',(0.,-0.000826,0.));
#11178=DIRECTION('',(0.,-1.,0.));
#11179=DIRECTION('',(0.,0.,1.));
#11180=AXIS2_PLACEMENT_3D('',#11177,#11178,#11179);
#11181=PLANE('',#11180);
#11182=ORIENTED_EDGE('',*,*,#8514,.T.);
#11183=EDGE_LOOP('',(#11182));
#11184=FACE_BOUND('',#11183,.T.);
#11185=ORIENTED_EDGE('',*,*,#8486,.T.);
#11186=EDGE_LOOP('',(#11185));
#11187=FACE_BOUND('',#11186,.T.);
#11188=ORIENTED_EDGE('',*,*,#8458,.T.);
#11189=EDGE_LOOP('',(#11188));
#11190=FACE_BOUND('',#11189,.T.);
#11191=ORIENTED_EDGE('',*,*,#8430,.T.);
#11192=EDGE_LOOP('',(#11191));
#11193=FACE_BOUND('',#11192,.T.);
#11194=ORIENTED_EDGE('',*,*,#8402,.T.);
#11195=EDGE_LOOP('',(#11194));
#11196=FACE_BOUND('',#11195,.T.);
#11197=ORIENTED_EDGE('',*,*,#8374,.T.);
#11198=EDGE_LOOP('',(#11197));
#11199=FACE_BOUND('',#11198,.T.);
#11200=ORIENTED_EDGE('',*,*,#3428,.T.);
#11201=EDGE_LOOP('',(#11200));
#11202=FACE_BOUND('',#11201,.T.);
#11203=ORIENTED_EDGE('',*,*,#11169,.F.);
#11204=EDGE_LOOP('',(#11203));
#11205=FACE_BOUND('',#11204,.T.);
#11206=ADVANCED_FACE('',(#11184,#11187,#11190,#11193,#11196,#11199,#11202,#11205),#11181,.T.);
#11207=CARTESIAN_POINT('',(-0.0314662517628015,-0.000826,-0.0480832611206851));
#11208=DIRECTION('',(0.,1.,0.));
#11209=DIRECTION('',(0.,0.,1.));
#11210=AXIS2_PLACEMENT_3D('',#11207,#11208,#11209);
#11211=CYLINDRICAL_SURFACE('',#11210,0.003);
#11212=CARTESIAN_POINT('',(-0.0314662517628015,-0.000826,-0.0480832611206851));
#11213=DIRECTION('',(0.,1.,0.));
#11214=DIRECTION('',(0.,0.,1.));
#11215=AXIS2_PLACEMENT_3D('',#11212,#11213,#11214);
#11216=CIRCLE('',#11215,0.003);
#11217=CARTESIAN_POINT('',(-0.0314662517628015,-0.000826,-0.0510832611206851));
#11218=VERTEX_POINT('',#11217);
#11219=EDGE_CURVE('',#11218,#11218,#11216,.T.);
#11220=ORIENTED_EDGE('',*,*,#11219,.T.);
#11221=EDGE_LOOP('',(#11220));
#11222=FACE_BOUND('',#11221,.T.);
#11223=ORIENTED_EDGE('',*,*,#168,.F.);
#11224=EDGE_LOOP('',(#11223));
#11225=FACE_BOUND('',#11224,.T.);
#11226=ADVANCED_FACE('',(#11222,#11225),#11211,.T.);
#11227=CARTESIAN_POINT('',(0.,-0.000826,0.));
#11228=DIRECTION('',(0.,-1.,0.));
#11229=DIRECTION('',(0.,0.,1.));
#11230=AXIS2_PLACEMENT_3D('',#11227,#11228,#11229);
#11231=PLANE('',#11230);
#11232=ORIENTED_EDGE('',*,*,#8732,.T.);
#11233=EDGE_LOOP('',(#11232));
#11234=FACE_BOUND('',#11233,.T.);
#11235=ORIENTED_EDGE('',*,*,#8704,.T.);
#11236=EDGE_LOOP('',(#11235));
#11237=FACE_BOUND('',#11236,.T.);
#11238=ORIENTED_EDGE('',*,*,#8676,.T.);
#11239=EDGE_LOOP('',(#11238));
#11240=FACE_BOUND('',#11239,.T.);
#11241=ORIENTED_EDGE('',*,*,#8648,.T.);
#11242=EDGE_LOOP('',(#11241));
#11243=FACE_BOUND('',#11242,.T.);
#11244=ORIENTED_EDGE('',*,*,#8620,.T.);
#11245=EDGE_LOOP('',(#11244));
#11246=FACE_BOUND('',#11245,.T.);
#11247=ORIENTED_EDGE('',*,*,#8592,.T.);
#11248=EDGE_LOOP('',(#11247));
#11249=FACE_BOUND('',#11248,.T.);
#11250=ORIENTED_EDGE('',*,*,#3316,.T.);
#11251=EDGE_LOOP('',(#11250));
#11252=FACE_BOUND('',#11251,.T.);
#11253=ORIENTED_EDGE('',*,*,#11219,.F.);
#11254=EDGE_LOOP('',(#11253));
#11255=FACE_BOUND('',#11254,.T.);
#11256=ADVANCED_FACE('',(#11234,#11237,#11240,#11243,#11246,#11249,#11252,#11255),#11231,.T.);
#11257=CLOSED_SHELL('',(#160,#763,#904,#1189,#1335,#1938,#2079,#2364,#2386,#2403,#2420,#2437,#2454,#2471,#2488,#2505,#2522,#2539,#2556,#2573,#2590,#2607,#2624,#2636,#2658,#2675,#2692,#2709,#2726,#2743,#2760,#2772,#2794,#2811,#2828,#2845,#2862,#2879,#2896,#2908,#2930,#2947,#2964,#2976,#2998,#3015,#3032,#3044,#3066,#3083,#3100,#3112,#3134,#3151,#3168,#3180,#3208,#3236,#3264,#3292,#3320,#3348,#3376,#3404,#3432,#3460,#3488,#3516,#3544,#3572,#3600,#3628,#3660,#3685,#3709,#3734,#3759,#3784,#3808,#3833,#3858,#3883,#3907,#3932,#3957,#3982,#4006,#4038,#4063,#4088,#4112,#4137,#4162,#4187,#4211,#4236,#4261,#4286,#4310,#4335,#4360,#4385,#4402,#4420,#4462,#4493,#4518,#4542,#4567,#4591,#4616,#4640,#4672,#4696,#4721,#4745,#4770,#4794,#4819,#4836,#4854,#4880,#4911,#4936,#4960,#4985,#5009,#5034,#5058,#5090,#5114,#5139,#5163,#5188,#5212,#5237,#5254,#5272,#5298,#5326,#5354,#5382,#5410,#5438,#5466,#5486,#5516,#5544,#5572,#5600,#5628,#5656,#5684,#5704,#5734,#5762,#5790,#5818,#5846,#5874,#5902,#5922,#5952,#5980,#6008,#6036,#6064,#6092,#6120,#6140,#6170,#6198,#6226,#6254,#6282,#6310,#6338,#6358,#6388,#6416,#6444,#6472,#6500,#6528,#6556,#6576,#6606,#6634,#6662,#6690,#6718,#6746,#6774,#6794,#6824,#6852,#6880,#6908,#6936,#6964,#6992,#7012,#7042,#7070,#7098,#7126,#7154,#7182,#7210,#7230,#7260,#7288,#7316,#7344,#7372,#7400,#7428,#7448,#7478,#7506,#7534,#7562,#7590,#7618,#7646,#7666,#7696,#7724,#7752,#7780,#7808,#7836,#7864,#7884,#7914,#7942,#7970,#7998,#8026,#8054,#8082,#8102,#8132,#8160,#8188,#8216,#8244,#8272,#8300,#8320,#8350,#8378,#8406,#8434,#8462,#8490,#8518,#8538,#8568,#8596,#8624,#8652,#8680,#8708,#8736,#8756,#8786,#8818,#8843,#8867,#8892,#8917,#8942,#8966,#8991,#9016,#9041,#9065,#9090,#9115,#9140,#9164,#9196,#9220,#9245,#9270,#9295,#9319,#9344,#9369,#9394,#9418,#9443,#9468,#9493,#9517,#9542,#9560,#9578,#9620,#9651,#9676,#9700,#9725,#9749,#9774,#9798,#9830,#9854,#9879,#9903,#9928,#9952,#9977,#9994,#10012,#10038,#10069,#10094,#10118,#10143,#10167,#10192,#10216,#10248,#10272,#10297,#10321,#10346,#10370,#10395,#10412,#10430,#10456,#10476,#10506,#10526,#10556,#10576,#10606,#10626,#10656,#10676,#10706,#10726,#10756,#10776,#10806,#10826,#10856,#10876,#10906,#10926,#10956,#10976,#11006,#11026,#11056,#11076,#11106,#11126,#11156,#11176,#11206,#11226,#11256));
#11258=MANIFOLD_SOLID_BREP('',#11257);
#11259=SHAPE_DEFINITION_REPRESENTATION(#10,#3);
ENDSEC;
END-ISO-10303-21;
